{"type":"FeatureCollection","features":[{"type":"Feature","properties":{"地區號碼":"A","District":"Central & Western","地區":"中西區","Administrative District Boundary of Hong Kong":"Administrative District Boundary of Hong Kong"},"geometry":{"type":"MultiPolygon","coordinates":[[[[114.11858,22.27415],[114.11853,22.27424],[114.11773,22.27382],[114.11769842696623,22.27380279814022],[114.1172629,22.27394744],[114.11636153,22.27474834],[114.11655133,22.27677306],[114.11630726,22.27754356],[114.11739437,22.27997334],[114.11881858,22.28137211],[114.12193392,22.28240395],[114.12157903,22.28313594],[114.122938,22.28400405],[114.123104,22.28378069],[114.12199198,22.28306772],[114.12221255,22.28249446],[114.12400903,22.28307775],[114.12388878,22.2833986],[114.12410312,22.2831702],[114.12539481,22.28353111],[114.12543874,22.28401676],[114.12572196,22.28365331],[114.12755145,22.28396624],[114.13030539,22.28645262],[114.13208536,22.28803204],[114.13231618,22.28823685],[114.13472226,22.28788732],[114.13444838,22.28883705],[114.13172703,22.28923393],[114.1317641,22.28952536],[114.13435626,22.28914839],[114.13511045,22.28933996],[114.13501424,22.28968424],[114.13526155,22.28937798],[114.13595417,22.28955224],[114.13585813,22.28989825],[114.13610428,22.28958964],[114.13698058,22.28980912],[114.13688496,22.29015831],[114.1371281,22.2898465],[114.13831623,22.29014392],[114.13836423,22.29052889],[114.1384656,22.29018175],[114.13883589,22.29027545],[114.13882766,22.29064683],[114.13892957,22.29029931],[114.14040144,22.29066882],[114.14364878,22.29056588],[114.14557661,22.29050473],[114.14857569,22.28976238],[114.14986927,22.28944088],[114.15076749,22.28842149],[114.15059741,22.28770376],[114.15080969,22.28843818],[114.15150859,22.28829084],[114.15163719,22.28873657],[114.15105883,22.28917702],[114.1525082,22.28898595],[114.1526138,22.2894557],[114.15135236,22.28976948],[114.15134911,22.29003723],[114.15346369,22.28947539],[114.15275303,22.28939955],[114.152626,22.28894988],[114.15322647,22.28863614],[114.15250523,22.28852236],[114.15239466,22.28804541],[114.15422122,22.28739695],[114.1558224,22.28892665],[114.15574448,22.28829856],[114.1561237,22.28811345],[114.15638818,22.2880961],[114.15658468,22.28874202],[114.1568231,22.28867501],[114.15668885,22.28797768],[114.15725046,22.28784382],[114.15748426,22.28851082],[114.15773517,22.28847471],[114.15757472,22.28780555],[114.15817138,22.28762054],[114.15840851,22.28828692],[114.15864528,22.28824986],[114.15852736,22.28753266],[114.15907213,22.28738904],[114.15936051,22.2880413],[114.15959731,22.28799501],[114.1594122,22.28734861],[114.15996572,22.28711772],[114.16030048,22.28775926],[114.16053052,22.28769842],[114.16034162,22.28699893],[114.16095205817776,22.28677200265902],[114.16122559,22.28744548],[114.16147686,22.28735034],[114.16131437,22.28663068],[114.16175537,22.28645477],[114.16209435,22.28708903],[114.16233695,22.28701342],[114.16224742,22.28604755],[114.16297484,22.28616822],[114.16231835,22.28588785],[114.1624986,22.28534998],[114.16323795,22.28546067],[114.16257176,22.28517601],[114.16272934,22.28470285],[114.16436826,22.28370558],[114.16381613,22.2841185],[114.16591675,22.28341621],[114.16743081850194,22.283131171594388],[114.16743,22.28246],[114.16763,22.28125],[114.1677,22.28087],[114.16742,22.28056],[114.16728,22.28038],[114.16655,22.27956],[114.16747,22.27966],[114.16757,22.27968],[114.16776,22.2797],[114.16794,22.27971],[114.1682,22.2797],[114.16806,22.27952],[114.16723,22.27853],[114.16718,22.27794],[114.16756,22.27771],[114.16793,22.27752],[114.16807,22.27743],[114.16786,22.27713],[114.1677,22.277],[114.16754,22.27692],[114.16732,22.27686],[114.16717,22.27674],[114.16712,22.27669],[114.16708,22.2766],[114.16704,22.27639],[114.16711,22.27627],[114.16709,22.27617],[114.1671,22.27615],[114.16712,22.27615],[114.16716,22.2762],[114.16718,22.27621],[114.16724,22.27622],[114.16732,22.27622],[114.16737,22.2762],[114.16738,22.27617],[114.1674,22.27613],[114.16738,22.27592],[114.16731,22.27592],[114.16731,22.27582],[114.16729,22.27581],[114.16724,22.27577],[114.16719,22.27566],[114.16716,22.27562],[114.16709,22.27557],[114.16701,22.27554],[114.16706119028574,22.275476996571403],[114.16700558,22.27552968],[114.16698870429511,22.275538433582305],[114.16712152,22.27539584],[114.1669179154078,22.27545754491976],[114.16682,22.27554],[114.16674,22.27558],[114.16668,22.2756],[114.16662,22.27561],[114.16656,22.2756],[114.16651,22.27557],[114.16647,22.27553],[114.16641,22.27543],[114.1663,22.27528],[114.16628553352868,22.275222134114692],[114.16627331,22.27520786],[114.1661908465054,22.2740408465054],[114.16616,22.27401],[114.16613,22.27398],[114.16608,22.27385],[114.16607,22.27373],[114.16607,22.2737],[114.16615478014596,22.273530439708082],[114.16611804959638,22.27301063337154],[114.16612793,22.27301283],[114.16616739516596,22.273505209668087],[114.16618,22.27348],[114.1662,22.27341],[114.16619,22.27323],[114.16617,22.2731],[114.16611,22.27295],[114.16608,22.27289],[114.16604,22.27285],[114.16599,22.27283],[114.16546,22.27278],[114.16551581894787,22.270948123619785],[114.16499828,22.27152665],[114.16549135,22.27084149],[114.16551837875167,22.270864115513128],[114.16557,22.26917],[114.16575,22.269],[114.16579,22.26895],[114.16589,22.26891],[114.16598,22.26886],[114.16613,22.26873],[114.16623,22.2687],[114.1663,22.26871],[114.16643,22.26875],[114.16647,22.26875],[114.16673,22.26859],[114.16674,22.26858],[114.16674,22.26848],[114.16677,22.26843],[114.1668,22.26841],[114.16689,22.26839],[114.1671,22.26839],[114.16715,22.26838],[114.16719,22.26834],[114.1669,22.26814],[114.16678,22.2681],[114.16668,22.26804],[114.16661,22.26799],[114.16657,22.26794],[114.16654,22.26787],[114.16652,22.2678],[114.16653,22.26762],[114.16652,22.26751],[114.16647,22.2674],[114.16637,22.26727],[114.1662,22.26716],[114.16613,22.26712],[114.16607,22.2671],[114.16608,22.26707],[114.16606,22.26699],[114.16606,22.26692],[114.16602,22.26678],[114.16597,22.26672],[114.16592,22.26671],[114.16578,22.26669],[114.16577,22.26667],[114.16581,22.26656],[114.16581,22.26623],[114.16583,22.26615],[114.16601,22.26597],[114.16617,22.26586],[114.16625,22.26577],[114.16622,22.26537],[114.16631,22.26493],[114.1662,22.26485],[114.16609,22.26475],[114.16605,22.26465],[114.16605214126851,22.26464657397039],[114.16604078,22.26463414],[114.16607108660888,22.264600098379997],[114.16607111590085,22.264616214558643],[114.1661,22.26457],[114.16622,22.26449],[114.16624,22.26442],[114.16623,22.26437],[114.1662,22.26433],[114.16613,22.26429],[114.16607051698317,22.264286695387952],[114.1660705733853,22.26431772733761],[114.16599996749265,22.264282775971814],[114.16595,22.26428],[114.16591,22.26425],[114.1659,22.2642],[114.16594,22.26412],[114.16603665523105,22.263981921098488],[114.16606983596212,22.263912003682176],[114.16606987678077,22.263934461741744],[114.16608,22.26392],[114.16607,22.26386],[114.16604923834522,22.26385307944841],[114.16606976,22.26387021],[114.16606979346913,22.263888624415905],[114.16604373570118,22.263851245233724],[114.16595,22.26382],[114.16587,22.26378],[114.16584,22.26373],[114.16584,22.26364],[114.16575,22.26344],[114.16572,22.26341],[114.16565,22.2634],[114.16558,22.26344],[114.16553,22.26344],[114.16545,22.26337],[114.16539,22.26329],[114.16526,22.26321],[114.16523,22.26317],[114.1652,22.26312],[114.16521,22.26303],[114.16529,22.26281],[114.16529,22.26275],[114.16519,22.26275],[114.16513,22.26274],[114.1651,22.26271],[114.16511,22.26259],[114.16508,22.26251],[114.16512,22.26237],[114.16512,22.26229],[114.16504,22.26221],[114.16495,22.26216],[114.16488,22.26215],[114.16479,22.26215],[114.16476,22.26214],[114.16473,22.26211],[114.16475,22.26202],[114.1648,22.26186],[114.16486,22.26171],[114.16485,22.26166],[114.16457,22.26163],[114.16451,22.2616],[114.1645,22.26153],[114.16465,22.2614],[114.16468,22.26131],[114.16465,22.26126],[114.16458716603276,22.261228583016383],[114.16466493,22.26129445],[114.16457968950601,22.261224844753006],[114.16447,22.26117],[114.16445,22.26112],[114.16445009766873,22.26111902331275],[114.16402135047586,22.260768919120956],[114.16393,22.26079],[114.16389,22.26078],[114.16384,22.26073],[114.16384,22.26064],[114.16384427528243,22.260624323964386],[114.16361722070131,22.260438916894802],[114.16361,22.26044],[114.16357,22.2604],[114.16354,22.26032],[114.16362,22.26022],[114.16362,22.26007],[114.16356,22.25994],[114.16361,22.25972],[114.16361,22.25963],[114.16358,22.25956],[114.16349,22.2595],[114.16344,22.25943],[114.1634,22.25932],[114.16338,22.25888],[114.16338,22.25882],[114.16305,22.2587],[114.16283,22.25847],[114.16276,22.25844],[114.16268,22.25842],[114.16232,22.25847],[114.16225,22.2585],[114.16216,22.25856],[114.16206,22.25863],[114.16202,22.25867],[114.16195,22.25882],[114.16189,22.25895],[114.16178,22.25898],[114.15831,22.25787],[114.15524212645649,22.2593016743203],[114.1552418500356,22.259327516671927],[114.15517348,22.25935411],[114.15517482823829,22.259333080155464],[114.15516,22.25934],[114.15517977184783,22.2592559696467],[114.15519909352072,22.258954589852415],[114.15519,22.2588],[114.15515,22.25866],[114.15516,22.25862],[114.15519,22.25855],[114.15523,22.25842],[114.15524281352324,22.2582726444826],[114.15525,22.258160549691695],[114.15525,22.2581],[114.15523,22.25804],[114.15512,22.25788],[114.155,22.25772],[114.15479,22.25755],[114.15475,22.2575],[114.15467,22.25733],[114.15463,22.25729],[114.15449,22.25717],[114.15441,22.25708],[114.15424,22.25683],[114.15419,22.25673],[114.15419,22.25665],[114.1542,22.25663],[114.1543,22.25655],[114.15431,22.25653],[114.15429,22.2565],[114.15424,22.25642],[114.15422321597362,22.256344471881256],[114.15423137622031,22.25642580212991],[114.15404281950487,22.256121253113278],[114.15395,22.25608],[114.15392,22.25605],[114.15386,22.25599],[114.15383,22.25593],[114.15383,22.25616],[114.15381,22.25619],[114.15379,22.25623],[114.15376,22.25626],[114.1537,22.25627],[114.15365,22.25628],[114.15359,22.25627],[114.15352,22.25625],[114.15348,22.25621],[114.15336,22.25601],[114.15324,22.25587],[114.15322,22.25581],[114.1532,22.25579],[114.15303,22.25562],[114.15296,22.25555],[114.1529,22.25543],[114.15286,22.25538],[114.15271,22.25526],[114.15259,22.25518],[114.15248,22.25512],[114.15237,22.25509],[114.15232,22.25505],[114.15227,22.25495],[114.15225,22.25484],[114.15216,22.25465],[114.15214,22.25459],[114.15207,22.25451],[114.15203,22.25442],[114.15197,22.25432],[114.15193,22.25428],[114.15175,22.25413],[114.1517,22.25412],[114.15165,22.25411],[114.15148,22.25412],[114.15137,22.25413],[114.15129,22.25413],[114.15111,22.25409],[114.15103,22.25409],[114.15086,22.2541],[114.15082,22.25408],[114.15081,22.25406],[114.15078,22.25397],[114.15072,22.2539],[114.15048,22.25371],[114.15042,22.25369],[114.15024,22.25367],[114.15006,22.25356],[114.14997,22.25352],[114.1499,22.25351],[114.14981,22.2535],[114.14971,22.25344],[114.14959,22.25339],[114.14948,22.25336],[114.14942,22.25337],[114.14939,22.25337],[114.14931,22.25348],[114.14916,22.25356],[114.14907,22.25358],[114.14903,22.25358],[114.14897,22.25356],[114.14892,22.25353],[114.1489,22.25349],[114.14888,22.25345],[114.14887,22.25339],[114.14881,22.25329],[114.14862,22.25303],[114.14854,22.25297],[114.14849,22.25295],[114.14836,22.25287],[114.14826,22.25285],[114.14823,22.25283],[114.14818,22.25278],[114.14818,22.25264],[114.14818,22.25259],[114.14814,22.25248],[114.1481,22.25243],[114.148,22.25235],[114.14762,22.25234],[114.14743,22.25229],[114.14734,22.25226],[114.14726,22.25225],[114.1472,22.25223],[114.14716,22.25219],[114.14707,22.25213],[114.147,22.25209],[114.14694,22.25208],[114.14683,22.25209],[114.14676,22.25212],[114.14661,22.25223],[114.14657,22.25225],[114.14646,22.25234],[114.14645176119639,22.252389432821648],[114.14663579489475,22.252220721365],[114.14665964428987,22.252222730351157],[114.14644318445806,22.252413631083872],[114.1464,22.2525],[114.14634,22.25262],[114.14629,22.25264],[114.14616807440927,22.25265625674543],[114.14598843984882,22.25281468045354],[114.14596,22.2529],[114.14597,22.25315],[114.146,22.25324],[114.146,22.2533],[114.14591,22.25348],[114.14587,22.25352],[114.14577,22.25357],[114.14573,22.25363],[114.14566,22.25388],[114.14564,22.25392],[114.14562,22.25393],[114.1455,22.25397],[114.14546,22.254],[114.14543,22.25403],[114.14541,22.25409],[114.14541,22.25415],[114.14537,22.25431],[114.14531,22.25451],[114.1453,22.25473],[114.14532,22.25477],[114.14543,22.25485],[114.14547,22.25486],[114.1457,22.25485],[114.14599,22.25476],[114.14603,22.25476],[114.14606,22.25478],[114.14607,22.25482],[114.14608,22.25493],[114.14619,22.25522],[114.14619,22.25527],[114.14616,22.25545],[114.14617,22.25551],[114.14621,22.25555],[114.14632,22.25566],[114.14636,22.25571],[114.14636,22.25575],[114.14634,22.25578],[114.14621,22.25591],[114.14619,22.25596],[114.14619,22.25599],[114.1462,22.25604],[114.14625,22.2561],[114.14635,22.25616],[114.14649,22.25622],[114.14659,22.25625],[114.14679,22.25625],[114.14681,22.25626],[114.14684,22.25631],[114.14684,22.256315507113587],[114.14684092,22.25631387],[114.14684,22.256317322207096],[114.14684,22.25635],[114.14677,22.25663],[114.14674602287583,22.2566699618736],[114.14667731,22.2569278],[114.14667048385105,22.25693806459576],[114.14667,22.25694],[114.14651,22.25718],[114.1465,22.25721],[114.1465,22.25729],[114.14649,22.25731],[114.14645,22.25735],[114.14638587858525,22.257366030353687],[114.14624928814132,22.257571423717337],[114.1462,22.25767],[114.14607,22.25786],[114.14604064888773,22.257885158096233],[114.14570877,22.25838421],[114.14565084093283,22.25843158152439],[114.14565529120175,22.25842366239864],[114.14557,22.25849],[114.14545,22.25851],[114.1453,22.25858],[114.14529,22.2586],[114.14526,22.25871],[114.14521,22.25877],[114.14496,22.259],[114.14474,22.25918],[114.14469,22.25921],[114.14456,22.25924],[114.14451,22.25924],[114.14442,22.25921],[114.14431,22.25912],[114.14424,22.25909],[114.14418,22.25908],[114.14413,22.25909],[114.14409,22.25911],[114.14399,22.25917],[114.14389,22.25921],[114.14385,22.25923],[114.14368,22.25952],[114.14366,22.25955],[114.1436,22.25958],[114.14354,22.25963],[114.14349,22.25965],[114.14345,22.25966],[114.1434,22.25966],[114.14337,22.25967],[114.14334,22.25969],[114.14334,22.25971],[114.14331,22.25982],[114.1433,22.25984],[114.14327,22.25986],[114.14321,22.25986],[114.14317,22.25985],[114.14316,22.25994],[114.1432,22.26018],[114.14325,22.26037],[114.14333,22.26055],[114.14303,22.26183],[114.14014190485057,22.2663922113208],[114.14161568,22.26601628],[114.14182140031868,22.266076372769863],[114.1401169990733,22.266431554006243],[114.14008,22.26649],[114.13636,22.27207],[114.12968,22.27555],[114.12953875269699,22.27556681515512],[114.12929575,22.27569497],[114.12820124824562,22.27472603601791],[114.12825014555423,22.274737032463076],[114.12816,22.27469],[114.12786,22.27457],[114.12775,22.27456],[114.12687,22.27446],[114.12671,22.27444],[114.1265,22.27438],[114.12637,22.27434],[114.12619,22.27426],[114.12596,22.27409],[114.12574,22.27384],[114.12551,22.27357],[114.12542,22.2735],[114.12533,22.27343],[114.12518,22.27338],[114.12467,22.27316],[114.12423,22.27297],[114.12376,22.27274],[114.12366,22.27271],[114.12358,22.2727],[114.1235,22.2727],[114.12341,22.27271],[114.12326,22.27277],[114.12317375425646,22.272808331441574],[114.12366013,22.27271474],[114.12373435487775,22.27274667007429],[114.1231184021127,22.272832932394355],[114.12308,22.27285],[114.12297,22.27287],[114.1228537223061,22.27287],[114.12285208,22.27287023],[114.12285327526335,22.27287],[114.12285,22.27287],[114.12273,22.27285],[114.12247,22.2727],[114.12226,22.27256],[114.12216,22.2725],[114.12201,22.27247],[114.12178,22.27245],[114.1215792174847,22.272469122144315],[114.1216742892488,22.272499081414058],[114.12085291628706,22.27292111831207],[114.12064,22.27316],[114.12057,22.27321],[114.12046,22.27327],[114.12033,22.27333],[114.12024,22.27337],[114.12005,22.27341],[114.11994,22.27343],[114.11984789130501,22.27343751907714],[114.11869120208584,22.27403184778379],[114.11858,22.27415]],[[114.13091956063566,22.277972977068174],[114.13095273,22.27802265],[114.13164181,22.28098134],[114.13091956063566,22.277972977068174]],[[114.13283758501221,22.283405529342392],[114.13283776203885,22.283405684761433],[114.13283761,22.28340558],[114.13283758501221,22.283405529342392]],[[114.13405062179271,22.28424139833982],[114.13450562634185,22.284248115431225],[114.13420552,22.28434813],[114.13405062179271,22.28424139833982]],[[114.1355132654826,22.283912305819456],[114.1362559,22.28350677],[114.13637388825597,22.2836254914355],[114.1355132654826,22.283912305819456]],[[114.14397188236767,22.28424995627168],[114.14417093,22.28420875],[114.14418923718283,22.28422935918617],[114.14397188236767,22.28424995627168]],[[114.14565554,22.28489961],[114.14598489,22.28426891],[114.14607072403575,22.28418303333365],[114.14565554,22.28489961]],[[114.14583892,22.28340698],[114.14717229722037,22.28365953587846],[114.1465487846529,22.28370473528146],[114.14662919,22.28362429],[114.14583892,22.28340698]],[[114.14732277653009,22.283648627397515],[114.14835675,22.28300989],[114.14739737,22.28364322],[114.14732277653009,22.283648627397515]],[[114.15035343,22.28277547],[114.14908745,22.28307176],[114.14835675,22.28300989],[114.15035343,22.28277547]],[[114.15233369,22.28101452],[114.15406561,22.28004268],[114.15108256,22.28213494],[114.15035343,22.28277547],[114.15233369,22.28101452]],[[114.15446099,22.27891876],[114.15451339562951,22.278938591570554],[114.15406561,22.28004268],[114.15446099,22.27891876]],[[114.15586359111539,22.279139691031038],[114.15608700668383,22.279102630230966],[114.15602486,22.27916956],[114.15586359111539,22.279139691031038]],[[114.15735511,22.27658307],[114.15829548,22.2762635],[114.15890506040137,22.276290744891217],[114.15735511,22.27658307]],[[114.16116937592832,22.27591661334123],[114.16125459,22.27589244],[114.16279903,22.27707718],[114.16116937592832,22.27591661334123]],[[114.16590882275081,22.27564075386734],[114.16677161965731,22.275651037367183],[114.16655286,22.27576451],[114.16590882275081,22.27564075386734]],[[114.14267943152555,22.266634728065682],[114.14214504716462,22.26617091294731],[114.14263347425337,22.26631358692735],[114.14267943152555,22.266634728065682]],[[114.14272325,22.26667276],[114.14270035306207,22.266652886765016],[114.14384033,22.26680226],[114.14272325,22.26667276]],[[114.14537292228047,22.26728367522141],[114.14468346,22.26757405],[114.14525722,22.26720369],[114.14537292228047,22.26728367522141]],[[114.14898872366422,22.267286271012214],[114.14790223,22.26784336],[114.14891325,22.26726832],[114.14898872366422,22.267286271012214]],[[114.15053797189836,22.268770331273505],[114.15053789600036,22.26870151347127],[114.15056561,22.26874404],[114.15053797189836,22.268770331273505]],[[114.14940928,22.27141577],[114.1494306,22.26982374],[114.1495238674113,22.271650129529316],[114.14940928,22.27141577]],[[114.14955802,22.27171998],[114.14953971942299,22.27168255080455],[114.1497239,22.27142186],[114.14955802,22.27171998]],[[114.15037612,22.27193081],[114.1513198921235,22.271337482672358],[114.15135834,22.27133545],[114.15037612,22.27193081]],[[114.14998868,22.27348463],[114.15051883,22.27287098],[114.15005241199826,22.273449665870128],[114.14998868,22.27348463]],[[114.15193783,22.27531296],[114.15082895,22.2738957],[114.15192039061637,22.2752281313321],[114.15193783,22.27531296]],[[114.15166632941252,22.273923182368673],[114.1516589550153,22.273937109278496],[114.15165791,22.27393349],[114.15166632941252,22.273923182368673]],[[114.1558654,22.27317551],[114.15450375827686,22.272638420554955],[114.15481275,22.27258048],[114.1558654,22.27317551]],[[114.15669744,22.27301646],[114.15687428748535,22.273182229850377],[114.1558654,22.27317551],[114.15669744,22.27301646]],[[114.15793877,22.27318932],[114.15783708677415,22.273188642723223],[114.15794901375453,22.273178971802007],[114.15793877,22.27318932]],[[114.14181971576757,22.265032352599867],[114.14182702,22.26503307],[114.14256756,22.26585299],[114.14261475553637,22.26618278390537],[114.14181971576757,22.265032352599867]],[[114.13522096659874,22.273250709548623],[114.13546046,22.27322071],[114.13548750426085,22.273222955209118],[114.13522096659874,22.273250709548623]],[[114.13887681507407,22.273191197037686],[114.13894255,22.27316736],[114.13789843,22.27490665],[114.13887681507407,22.273191197037686]],[[114.1358984076367,22.278730958439624],[114.13580557702014,22.278964605916528],[114.13589245,22.27873345],[114.1358984076367,22.278730958439624]],[[114.13565469623846,22.27936607695421],[114.13600757,22.27907212],[114.13564663,22.27938754],[114.13565469623846,22.27936607695421]],[[114.14309253,22.27983854],[114.14458127,22.28030393],[114.14468867325964,22.280404017328628],[114.14309253,22.27983854]],[[114.14524999071322,22.280927099818264],[114.14394481689571,22.28079534026627],[114.14503672,22.28081824],[114.14472988225613,22.28044241931371],[114.14524999071322,22.280927099818264]],[[114.14553893488281,22.280956269231428],[114.14608276525173,22.28098392669682],[114.14605721,22.28100859],[114.14553893488281,22.280956269231428]],[[114.15435562,22.27540673],[114.15536565677398,22.27638349767847],[114.155336,22.27637041],[114.15435562,22.27540673]],[[114.14372639878792,22.280824692379415],[114.14366062,22.28078938],[114.14368982499035,22.280789992496203],[114.14372639878792,22.280824692379415]],[[114.13434345,22.28512396],[114.1343534,22.28557361],[114.13375242,22.28577531],[114.13431431,22.28541283],[114.1342607,22.28467732],[114.13434345,22.28512396]],[[114.13313379063872,22.284312631330064],[114.13363681,22.28437144],[114.1342607,22.28467732],[114.13313379063872,22.284312631330064]],[[114.14733595,22.28769672],[114.14818341,22.28840815],[114.14730683738988,22.287698304271842],[114.14733595,22.28769672]],[[114.15452719,22.28399266],[114.15264259878134,22.28215967919187],[114.15264591,22.28215679],[114.15452719,22.28399266]],[[114.15547867,22.28307727],[114.15470969,22.28382042],[114.15633732,22.28500006],[114.15570402,22.28456204],[114.15472426,22.28383133],[114.15452719,22.28399266],[114.15547867,22.28307727]],[[114.15508316,22.28078203],[114.15545823531455,22.279999826927828],[114.15675601,22.28155036],[114.15549687,22.28007995],[114.15508316,22.28078203]],[[114.1609267033945,22.286709575289976],[114.1589415,22.28359617],[114.16064654,22.28601977],[114.1609267033945,22.286709575289976]],[[114.16168223,22.27978377],[114.16265924571181,22.28261231789663],[114.16264739,22.28260514],[114.16168223,22.27978377]],[[114.1541238420862,22.286524069694682],[114.15396094,22.28663623],[114.15387848344301,22.28666240037704],[114.1541238420862,22.286524069694682]]],[[[114.11945,22.27347],[114.11925,22.27353],[114.11906,22.27364],[114.11870186099709,22.27402052269058],[114.11976209319263,22.273444523004684],[114.11945,22.27347]]],[[[114.12141,22.27251],[114.12125,22.27258],[114.12114,22.27265],[114.12105,22.2727],[114.12097252471493,22.272786923490557],[114.12154384368206,22.272476539079484],[114.12141,22.27251]]],[[[114.12926,22.2756],[114.12917,22.27545],[114.12901,22.27527],[114.12882,22.2751],[114.12851,22.27488],[114.12839,22.27481],[114.12827679633845,22.274750937220066],[114.12929575,22.27569497],[114.12953160749097,22.275567665774883],[114.12926,22.2756]]],[[[114.14577,22.25808],[114.14572,22.2581],[114.14568,22.25813],[114.14567,22.25818],[114.14567,22.25821],[114.14571485938576,22.25831766252583],[114.14585734147994,22.25806411973092],[114.14577,22.25808]]],[[[114.14614,22.25266],[114.1461,22.25268],[114.14599,22.25281],[114.14598868053078,22.25281395840768],[114.14615945020793,22.252657406638942],[114.14614,22.25266]]],[[[114.16387,22.26053],[114.16387,22.26047],[114.16385,22.26044],[114.16381,22.26041],[114.1636492051248,22.26043411923128],[114.16384980913796,22.260604033160792],[114.16387,22.26053]]],[[[114.16446,22.26102],[114.1644,22.26094],[114.16421,22.26081],[114.16406,22.26076],[114.16403952527851,22.26076472493573],[114.16445070048849,22.261112995115102],[114.16446,22.26102]]],[[[114.1664,22.27473],[114.1664,22.27465],[114.16641,22.27457],[114.16639,22.27443],[114.16637,22.27435],[114.16631,22.2742],[114.16622,22.27407],[114.16621202497042,22.274062024970426],[114.16629044423036,22.27504040801398],[114.1664,22.27473]]],[[[114.11092136,22.2852811],[114.11202677,22.28613767],[114.11267432,22.28620864],[114.11354325,22.28615304],[114.11476973,22.28555093],[114.11531418,22.28419426],[114.11427946,22.28350767],[114.11252088,22.2836239],[114.11253517,22.28307418],[114.11225571,22.28331745],[114.11133271,22.28283033],[114.11084083,22.28333941],[114.11092136,22.2852811]]],[[[114.11701922,22.28475668],[114.11610052,22.28552813],[114.11613305,22.28605491],[114.11627338,22.28598582],[114.11668473,22.28632421],[114.11681197,22.28636565],[114.11683017,22.28633465],[114.11740693,22.28556855],[114.11701922,22.28475668]]]]}},{"type":"Feature","properties":{"地區號碼":"B","District":"Wan Chai","地區":"灣仔","Administrative District Boundary of Hong Kong":"Administrative District Boundary of Hong Kong"},"geometry":{"type":"MultiPolygon","coordinates":[[[[114.19771,22.2579],[114.19762,22.25784],[114.19747,22.25781],[114.1974,22.25783],[114.19734,22.25785],[114.19728986157088,22.257881906273074],[114.1974351,22.25783519],[114.19753075563105,22.257859846238897],[114.19719750410225,22.25794843391054],[114.19707,22.25806],[114.19699,22.25812],[114.19684,22.25813],[114.19655,22.25813],[114.19647,22.25813],[114.19636,22.25807],[114.1963,22.25803],[114.1962385865681,22.257974272996982],[114.1943882918913,22.25705017471926],[114.19440813596245,22.25704937865415],[114.19438,22.25704],[114.19429141564709,22.257054061008397],[114.19432488698723,22.25705271827152],[114.19297699832453,22.257259139375414],[114.19286,22.25736],[114.19269,22.25745],[114.19256,22.2575],[114.19247021280421,22.257336750553126],[114.19241110635394,22.25734580235321],[114.19204218931297,22.257205343206106],[114.19196,22.25723],[114.19179,22.25721],[114.19148,22.25702],[114.19143,22.25702],[114.19137,22.25702],[114.19131,22.25702],[114.19112,22.25715],[114.19099,22.25722],[114.1909,22.25723],[114.19082,22.25723],[114.19038,22.25716],[114.1903,22.25716],[114.19025,22.25718],[114.19018,22.25721],[114.19003,22.2573],[114.18989,22.25733],[114.18982,22.25733],[114.18965,22.2573],[114.18898,22.25684],[114.18893,22.25678],[114.18835,22.25566],[114.18832,22.25559],[114.1883,22.25546],[114.18831,22.25467],[114.1883,22.25461],[114.18828,22.25457],[114.18823,22.2545],[114.18815,22.25444],[114.18783,22.25435],[114.18711,22.25404],[114.18558,22.2544],[114.18556,22.25452],[114.18547,22.2546],[114.18544,22.25461],[114.18531,22.25462],[114.18526,22.25465],[114.1852,22.2547],[114.18513,22.25478],[114.18509,22.25484],[114.18501,22.25504],[114.18498,22.25507],[114.18492,22.2551],[114.18485,22.25511],[114.1848,22.2551],[114.18475,22.25506],[114.1847,22.25504],[114.18466,22.25503],[114.18457,22.25505],[114.18451,22.25509],[114.18446,22.25516],[114.18443,22.25524],[114.18439,22.25526],[114.18423,22.25526],[114.1842,22.25526],[114.1841,22.25532],[114.18405,22.25532],[114.18374,22.25525],[114.18363,22.25525],[114.1835,22.25516],[114.18343,22.25515],[114.18336,22.25516],[114.1833,22.2552],[114.18321,22.25525],[114.18314,22.25526],[114.18311,22.25529],[114.18308,22.25532],[114.18307,22.25536],[114.18307,22.25558],[114.18306,22.25563],[114.18303,22.25567],[114.183,22.25569],[114.18285,22.25572],[114.18263,22.25577],[114.18246,22.25582],[114.1824,22.25582],[114.18193,22.25579],[114.18176,22.25579],[114.18144,22.25583],[114.18119,22.25581],[114.18113,22.25582],[114.18072,22.25593],[114.18059,22.25595],[114.1804,22.25594],[114.18032,22.25595],[114.18025,22.25598],[114.17989,22.25623],[114.17983,22.25624],[114.17977,22.25624],[114.17972,22.25626],[114.1796,22.25631],[114.1795,22.25637],[114.17948,22.25638],[114.17943,22.2565],[114.17938,22.25655],[114.17931,22.25658],[114.17918,22.25662],[114.1791,22.25665],[114.17901,22.2567],[114.1789,22.25682],[114.17881,22.25685],[114.17863,22.25692],[114.1786,22.25692],[114.17857,22.2569],[114.17826,22.2566],[114.17827,22.25658],[114.17831,22.25651],[114.17834,22.25644],[114.17834,22.25638],[114.17832,22.25631],[114.17827,22.2562],[114.1782,22.25612],[114.17815,22.25606],[114.17813,22.25602],[114.17812,22.2559],[114.1781,22.25582],[114.17806,22.25576],[114.17797,22.25568],[114.17794,22.25562],[114.17793,22.25518],[114.17792,22.25515],[114.17788,22.25508],[114.17746,22.25476],[114.17739,22.25472],[114.17732,22.25472],[114.17722,22.25474],[114.17718,22.25473],[114.17713,22.25471],[114.1771,22.25468],[114.17689,22.25433],[114.17686,22.2543],[114.1768,22.25424],[114.1765,22.25413],[114.17639,22.25411],[114.17611,22.25411],[114.17602,22.25414],[114.17474,22.25473],[114.17467,22.25479],[114.17444,22.25505],[114.17438,22.25509],[114.17433,22.2551],[114.17428,22.2551],[114.17416,22.25504],[114.17409,22.25502],[114.17402,22.25503],[114.17395,22.25507],[114.17301,22.25581],[114.17295,22.25582],[114.17289,22.25583],[114.17282,22.25582],[114.17275,22.25578],[114.1726457940592,22.255682741121934],[114.17215142211619,22.255465186387756],[114.17217841271126,22.255464332402646],[114.17216,22.25546],[114.17198,22.25546],[114.17142,22.25553],[114.17127,22.25556],[114.17115,22.25561],[114.17107,22.25565],[114.171,22.25572],[114.17094,22.25579],[114.1709,22.25587],[114.17085,22.25602],[114.17081,22.25609],[114.17076,22.25613],[114.17032,22.25637],[114.17005426525824,22.25647914105465],[114.16970987816063,22.256670243678737],[114.16967,22.25675],[114.16964,22.25677],[114.16961,22.25679],[114.16950649924905,22.256783099949935],[114.16867872,22.25724244],[114.16870184818437,22.257221887188926],[114.16864,22.25725],[114.16787,22.25738],[114.16768,22.25745],[114.16766,22.25736],[114.16762,22.2573],[114.16763,22.25729],[114.16761,22.25724],[114.1676,22.25724],[114.1676,22.25716],[114.1676,22.25715],[114.16759,22.25714],[114.16755,22.25714],[114.16755,22.25715],[114.16753,22.25715],[114.16744,22.25724],[114.16742,22.25725],[114.16742,22.25726],[114.1674,22.25726],[114.16739,22.25727],[114.16732,22.25729],[114.1672,22.2573],[114.16712,22.25731],[114.16707,22.2573],[114.16697,22.25723],[114.16691,22.25722],[114.16679,22.25722],[114.16664,22.25721],[114.16656,22.25721],[114.16648,22.25724],[114.16645,22.25727],[114.16633,22.25732],[114.16613,22.25739],[114.16601,22.25741],[114.16596,22.25741],[114.16584,22.25732],[114.16581,22.25731],[114.16562,22.25731],[114.16543,22.25727],[114.16527,22.25728],[114.16523,22.25726],[114.1652,22.25721],[114.16521,22.25709],[114.16525,22.25701],[114.1653,22.25694],[114.16538,22.25688],[114.16543,22.25686],[114.16558,22.25674],[114.16581,22.25664],[114.16588,22.25657],[114.1659,22.25652],[114.1659,22.25643],[114.16585,22.25637],[114.16577,22.2563],[114.1657,22.25627],[114.16562,22.25627],[114.1655,22.25628],[114.16535,22.25625],[114.16527,22.25625],[114.16521,22.25629],[114.1651,22.25644],[114.16504,22.25647],[114.16493,22.25648],[114.16479,22.25646],[114.16475,22.25649],[114.16473,22.25653],[114.16466,22.25659],[114.16458,22.25661],[114.1645,22.25661],[114.16443,22.25659],[114.16431,22.25654],[114.16419,22.2565],[114.16412,22.25649],[114.16387,22.25651],[114.1638,22.2565],[114.16368,22.25646],[114.16349,22.25647],[114.16334,22.25646],[114.16316,22.2577],[114.16317,22.25777],[114.16328,22.25795],[114.16335,22.25807],[114.16341,22.25849],[114.16338,22.25882],[114.16338,22.25888],[114.1634,22.25932],[114.16344,22.25943],[114.16349,22.2595],[114.16358,22.25956],[114.16361,22.25963],[114.16361,22.25972],[114.16356,22.25994],[114.16362,22.26007],[114.16362,22.26022],[114.16354,22.26032],[114.16357,22.2604],[114.16361,22.26044],[114.16361722070131,22.260438916894802],[114.16357533,22.26040471],[114.16357056239175,22.260367507922812],[114.1636492051248,22.26043411923128],[114.16381,22.26041],[114.16385,22.26044],[114.16387,22.26047],[114.16387,22.26053],[114.16384980913796,22.260604033160792],[114.16403952527851,22.26076472493573],[114.16406,22.26076],[114.16421,22.26081],[114.1644,22.26094],[114.16446,22.26102],[114.16445070048849,22.261112995115102],[114.16458716603276,22.261228583016383],[114.16465,22.26126],[114.16468,22.26131],[114.16465,22.2614],[114.1645,22.26153],[114.16451,22.2616],[114.16457,22.26163],[114.16485,22.26166],[114.16486,22.26171],[114.1648,22.26186],[114.16475,22.26202],[114.16473,22.26211],[114.16476,22.26214],[114.16479,22.26215],[114.16488,22.26215],[114.16495,22.26216],[114.16504,22.26221],[114.16512,22.26229],[114.16512,22.26237],[114.16508,22.26251],[114.16511,22.26259],[114.1651,22.26271],[114.16513,22.26274],[114.16519,22.26275],[114.16529,22.26275],[114.16529,22.26281],[114.16521,22.26303],[114.1652,22.26312],[114.16523,22.26317],[114.16526,22.26321],[114.16539,22.26329],[114.16545,22.26337],[114.16553,22.26344],[114.16558,22.26344],[114.16565,22.2634],[114.16572,22.26341],[114.16575,22.26344],[114.16584,22.26364],[114.16584,22.26373],[114.16587,22.26378],[114.16595,22.26382],[114.16604373570118,22.263851245233724],[114.16603913497102,22.26384464560742],[114.16604923834522,22.26385307944841],[114.16607,22.26386],[114.16608,22.26392],[114.16606987678077,22.263934461741744],[114.16607051698317,22.264286695387952],[114.16613,22.26429],[114.1662,22.26433],[114.16623,22.26437],[114.16624,22.26442],[114.16622,22.26449],[114.1661,22.26457],[114.16607111590085,22.264616214558643],[114.16607120900937,22.264667442038533],[114.16605214126851,22.26464657397039],[114.16605,22.26465],[114.16609,22.26475],[114.1662,22.26485],[114.16631,22.26493],[114.16622,22.26537],[114.16625,22.26577],[114.16617,22.26586],[114.16601,22.26597],[114.16583,22.26615],[114.16581,22.26623],[114.16581,22.26656],[114.16577,22.26667],[114.16578,22.26669],[114.16592,22.26671],[114.16597,22.26672],[114.16602,22.26678],[114.16606,22.26692],[114.16606,22.26699],[114.16608,22.26707],[114.16607,22.2671],[114.16613,22.26712],[114.1662,22.26716],[114.16637,22.26727],[114.16647,22.2674],[114.16652,22.26751],[114.16653,22.26762],[114.16652,22.2678],[114.16654,22.26787],[114.16657,22.26794],[114.16661,22.26799],[114.16668,22.26804],[114.16678,22.2681],[114.1669,22.26814],[114.16719,22.26834],[114.16715,22.26838],[114.1671,22.26839],[114.16689,22.26839],[114.1668,22.26841],[114.16677,22.26843],[114.16674,22.26848],[114.16674,22.26858],[114.16673,22.26859],[114.16647,22.26875],[114.16643,22.26875],[114.1663,22.26871],[114.16623,22.2687],[114.16613,22.26873],[114.16598,22.26886],[114.16589,22.26891],[114.16579,22.26895],[114.16575,22.269],[114.16557,22.26917],[114.16551837875167,22.270864115513128],[114.16555988743855,22.270898862043442],[114.16551581894787,22.270948123619785],[114.16546,22.27278],[114.16599,22.27283],[114.16604,22.27285],[114.16608,22.27289],[114.16611,22.27295],[114.16617,22.2731],[114.16619,22.27323],[114.1662,22.27341],[114.16618,22.27348],[114.16616739516596,22.273505209668087],[114.16621202497042,22.274062024970426],[114.16622,22.27407],[114.16631,22.2742],[114.16637,22.27435],[114.16639,22.27443],[114.16641,22.27457],[114.1664,22.27465],[114.1664,22.27473],[114.16629044423036,22.27504040801398],[114.16630702111719,22.275247226402765],[114.16628553352868,22.275222134114692],[114.1663,22.27528],[114.16641,22.27543],[114.16647,22.27553],[114.16651,22.27557],[114.16656,22.2756],[114.16662,22.27561],[114.16668,22.2756],[114.16674,22.27558],[114.16682,22.27554],[114.1669179154078,22.27545754491976],[114.16674014778789,22.27551141962171],[114.1670186,22.27536933],[114.16727254943869,22.275276761584397],[114.16706119028574,22.275476996571403],[114.16701,22.27554],[114.16709,22.27557],[114.16716,22.27562],[114.16719,22.27566],[114.16724,22.27577],[114.16729,22.27581],[114.16731,22.27582],[114.16731,22.27592],[114.16738,22.27592],[114.1674,22.27613],[114.16738,22.27617],[114.16737,22.2762],[114.16732,22.27622],[114.16724,22.27622],[114.16718,22.27621],[114.16716,22.2762],[114.16712,22.27615],[114.1671,22.27615],[114.16709,22.27617],[114.16711,22.27627],[114.16704,22.27639],[114.16708,22.2766],[114.16712,22.27669],[114.16717,22.27674],[114.16732,22.27686],[114.16754,22.27692],[114.1677,22.277],[114.16786,22.27713],[114.16807,22.27743],[114.16793,22.27752],[114.16756,22.27771],[114.16718,22.27794],[114.16723,22.27853],[114.16806,22.27952],[114.1682,22.2797],[114.16794,22.27971],[114.16776,22.2797],[114.16757,22.27968],[114.16747,22.27966],[114.16655,22.27956],[114.16728,22.28038],[114.16742,22.28056],[114.1677,22.28087],[114.16763,22.28125],[114.16743,22.28246],[114.16743081850194,22.283131171594388],[114.17027004,22.28259666],[114.17114268,22.28287045],[114.17190261,22.28380922],[114.17130209,22.28165537],[114.17228067,22.28467283],[114.17424492,22.28468685],[114.17429279,22.28518324],[114.17454639,22.2846864],[114.17440852403105,22.28320777074854],[114.17472893,22.28287462],[114.17608288,22.28299094],[114.17603743,22.28368974],[114.17627427,22.28373853],[114.17644969,22.28302687],[114.17815926,22.28324781],[114.17897918,22.28296341],[114.18095973,22.28426563],[114.17993055,22.28326713],[114.1802258,22.28249993],[114.18190790508908,22.283222310880298],[114.1818381,22.284342],[114.18142317,22.28453566],[114.18261698,22.2848066],[114.18234091,22.28559371],[114.18274132,22.28483539],[114.18333091,22.28497838],[114.18286181,22.28483307],[114.18336322,22.28447048],[114.18299086,22.28255571],[114.18312318854343,22.28238777109245],[114.18337520764996,22.282440660275153],[114.18561905,22.28405235],[114.18676842,22.28432873],[114.18653429,22.28445837],[114.18987281,22.28519405],[114.18980475,22.28576036],[114.18910471,22.28605071],[114.1888883,22.2870304],[114.1875132,22.288076],[114.18839125876197,22.287540574629706],[114.18837636,22.28755469],[114.18933472822948,22.288477607104877],[114.18949,22.2882],[114.19134,22.28676],[114.19149,22.2867],[114.1915,22.28679],[114.19151,22.28683],[114.19154,22.28692],[114.19157,22.28698],[114.19165,22.28709],[114.19194,22.28741],[114.19248,22.28699],[114.19249,22.28688],[114.1929,22.28691],[114.19292,22.28665],[114.19294,22.28643],[114.19296,22.28589],[114.19295,22.28555],[114.19293,22.28534],[114.1929,22.28519],[114.19282,22.28482],[114.19252,22.2834],[114.19246,22.28323],[114.19239,22.28306],[114.19314,22.28313],[114.19324,22.2834],[114.19331,22.28378],[114.19343,22.28512],[114.19345,22.28523],[114.19349,22.28533],[114.19354,22.28543],[114.19398,22.28604],[114.19404,22.28609],[114.19404097230627,22.286090486153135],[114.19403170337584,22.286076950936746],[114.19438571420241,22.286082142898792],[114.19451,22.28602],[114.19461,22.28599],[114.19467,22.28598],[114.19476,22.28598],[114.19485,22.28599],[114.1949,22.28601],[114.19501,22.28606],[114.19505101463115,22.286091900268673],[114.19505236,22.28609192],[114.19505389254635,22.28609413864716],[114.1951,22.28613],[114.19515,22.28619],[114.19519,22.28627],[114.19544,22.28664],[114.19584,22.28641],[114.19586,22.28637],[114.19589,22.28632],[114.19589,22.28627],[114.19588,22.28621],[114.19573,22.28588],[114.19568,22.2858],[114.19562,22.28575],[114.19557,22.28571],[114.19548,22.28566],[114.19539,22.28563],[114.19496,22.28552],[114.19486,22.28548],[114.19479,22.28543],[114.19473,22.28537],[114.19468,22.28531],[114.19464,22.28524],[114.19461,22.2851],[114.1946,22.28501],[114.1946,22.28493],[114.19462,22.28487],[114.19463,22.28482],[114.19468,22.28475],[114.19475,22.28467],[114.19485,22.2846],[114.19492,22.28458],[114.195,22.28456],[114.19515,22.28454],[114.19522,22.28455],[114.1952,22.28441],[114.19482,22.28263],[114.19478,22.28255],[114.19472,22.28245],[114.19465,22.28237],[114.19402,22.28182],[114.19388,22.28168],[114.1938,22.28157],[114.19372,22.28145],[114.1935,22.28104],[114.19346,22.28096],[114.19344,22.28087],[114.19344,22.28079],[114.19346,22.28072],[114.1935,22.28061],[114.19354,22.28054],[114.19395,22.28012],[114.19398,22.28007],[114.194,22.28002],[114.19401,22.27996],[114.19407,22.27997],[114.19413,22.27996],[114.19418,22.27994],[114.19425,22.27992],[114.1943,22.27988],[114.19438,22.27976],[114.19443376426041,22.279721596956854],[114.19365350581799,22.279715211159875],[114.19367939,22.2796746],[114.19444578349739,22.27971301178758],[114.19445,22.27971],[114.19465,22.27961],[114.19472,22.27956],[114.19482,22.27935],[114.19482,22.2792],[114.19471,22.27918],[114.19451,22.2792],[114.19438,22.27916],[114.19428,22.27908],[114.1945,22.27889],[114.19454,22.27882],[114.19464,22.2788],[114.19488,22.27849],[114.19499,22.27839],[114.19514,22.27838],[114.1953,22.27831],[114.19534,22.27825],[114.19527,22.27818],[114.19528,22.27803],[114.19527,22.27795],[114.19523,22.27786],[114.19518,22.27777],[114.19526,22.27765],[114.19527,22.27761],[114.19549,22.27725],[114.19559,22.27719],[114.19566,22.27711],[114.19576,22.27705],[114.1959,22.2769],[114.19593,22.27685],[114.19596,22.27677],[114.19602,22.27667],[114.19602,22.27664],[114.19601,22.2766],[114.19597,22.27657],[114.19594,22.27654],[114.19527,22.27629],[114.1953,22.2762],[114.1953,22.27609],[114.19528,22.276],[114.1953,22.27589],[114.19532,22.27584],[114.19537,22.27577],[114.19547,22.27569],[114.19562,22.27561],[114.19572,22.27555],[114.1958,22.27548],[114.1965,22.27472],[114.19678,22.27437],[114.1969,22.27426],[114.19723619578092,22.274033067847878],[114.197343308275,22.27383654137498],[114.19733,22.27377],[114.19734,22.2737],[114.19736,22.27368],[114.19742,22.27361],[114.19747,22.27357],[114.19757,22.27334],[114.19765,22.27323],[114.19778,22.27316],[114.20072,22.27437],[114.2022,22.27767],[114.20255,22.27777],[114.20342,22.2768],[114.20459,22.27522],[114.20717,22.27045],[114.20429102010556,22.268342558141775],[114.20314223,22.26753967],[114.20428919805974,22.268341224386152],[114.20314,22.2675],[114.19837,22.26635],[114.19755,22.25977],[114.19737,22.25915],[114.19743,22.25853],[114.19745,22.2585],[114.19766,22.25837],[114.19776,22.25825],[114.19778,22.2582],[114.19779,22.25816],[114.19778,22.25807],[114.19773408732208,22.257958497782177],[114.19771136,22.25795364],[114.19766144900143,22.258037925232085],[114.1975654731714,22.25786879504786],[114.19771278621626,22.2579067665252],[114.19771,22.2579]],[[114.19236415925937,22.279986187444095],[114.19234538,22.2800008],[114.19230858260607,22.280157930326094],[114.19221028,22.27945515],[114.19236415925937,22.279986187444095]],[[114.19268855,22.27876579],[114.1940472,22.27684816],[114.19221028,22.27945515],[114.19268855,22.27876579]],[[114.19506332327921,22.27663272587823],[114.19503653,22.27672139],[114.1940472,22.27684816],[114.19506332327921,22.27663272587823]],[[114.1953032379207,22.275838802118216],[114.19523211669463,22.276074155954333],[114.19526797,22.2758825],[114.1953032379207,22.275838802118216]],[[114.19370407424454,22.274414308111474],[114.19424862,22.27443744],[114.19657282594427,22.274246375634476],[114.19649478159799,22.27434408319537],[114.19376003,22.27448776],[114.19370407424454,22.274414308111474]],[[114.1930301,22.27358536],[114.19304764975358,22.273613297313172],[114.19207175,22.27375228],[114.1930301,22.27358536]],[[114.19057735621479,22.266863708805865],[114.19056858,22.26692743],[114.18983773529983,22.268581240510052],[114.18978027,22.26851778],[114.19057735621479,22.266863708805865]],[[114.19068586918304,22.266075832017215],[114.19058343893413,22.26681954419159],[114.19048369481389,22.266194451255647],[114.19068586918304,22.266075832017215]],[[114.19088241,22.26394412],[114.1902925,22.26499624],[114.1909041752955,22.263842956448816],[114.19088241,22.26394412]],[[114.19138915,22.26148102],[114.19117207340388,22.261923143722765],[114.19121397402974,22.26157756897718],[114.19138915,22.26148102]],[[114.18931521132318,22.262056704244067],[114.18922263,22.26213208],[114.19026979,22.26209796],[114.18880835088366,22.26235634196492],[114.18931521132318,22.262056704244067]],[[114.19195946,22.25990387],[114.19138078805489,22.260374999962337],[114.19218685771173,22.25950390047171],[114.19195946,22.25990387]],[[114.16915684,22.27945643],[114.17156837785804,22.279261902122663],[114.16822775,22.27965159],[114.16915684,22.27945643]],[[114.16657589,22.2755612],[114.16644937805711,22.275413464756756],[114.16660379264853,22.275552743753163],[114.16657589,22.2755612]],[[114.17191560070404,22.27923389322246],[114.17202932,22.27922472],[114.17456043,22.27946819],[114.17191560070404,22.27923389322246]],[[114.17439120073426,22.283021976287696],[114.17428482,22.28188103],[114.17456043,22.27946819],[114.17439120073426,22.283021976287696]],[[114.18351634004216,22.277981823337708],[114.1835394,22.2780026],[114.18357047609071,22.27798483255346],[114.18265310969291,22.280000500070265],[114.1826794,22.27991787],[114.18351634004216,22.277981823337708]],[[114.1840385,22.28257986],[114.18561424458346,22.28391642778328],[114.18556991,22.28392196],[114.1840385,22.28257986]],[[114.18592511172206,22.283877636748194],[114.18604372577495,22.283829871017076],[114.18603143,22.28386437],[114.18592511172206,22.283877636748194]],[[114.18611302301194,22.283635439661293],[114.18645912,22.28225857],[114.18764695,22.27933161],[114.18611302301194,22.283635439661293]],[[114.17073072,22.27462823],[114.16984174172782,22.274340252093307],[114.16989346,22.2743214],[114.17073072,22.27462823]],[[114.17322914626602,22.273603366546578],[114.17322065,22.27286226],[114.17338285409386,22.27277161642657],[114.17329423,22.27360495],[114.17322914626602,22.273603366546578]],[[114.17387396532526,22.27273513248412],[114.17352581632657,22.272691725670846],[114.17365746,22.27261816],[114.17387396532526,22.27273513248412]],[[114.1749742872808,22.27336178963636],[114.17488357529015,22.27328059983207],[114.17495776,22.27332068],[114.1749742872808,22.27336178963636]],[[114.17532000868643,22.27449836932977],[114.17507119276885,22.273602830459776],[114.17544787350008,22.274539778773466],[114.17532000868643,22.27449836932977]],[[114.17733299,22.27515028],[114.17630575503912,22.27481760655325],[114.17774528102082,22.275061905875738],[114.17733299,22.27515028]],[[114.17938611661765,22.27475572806696],[114.17943726,22.27474544],[114.18066564053811,22.276403281977267],[114.18060104,22.27637587],[114.17938611661765,22.27475572806696]],[[114.18204153863765,22.276987117476693],[114.18270539,22.27725117],[114.18306602280991,22.2775760945361],[114.18215999,22.27703738],[114.18204153863765,22.276987117476693]],[[114.1848776,22.27820335],[114.18373720531902,22.27788950677138],[114.18386042,22.27781906],[114.1848776,22.27820335]],[[114.18710439,22.27716019],[114.18608804,22.27779973],[114.18849242,22.27579703],[114.18710439,22.27716019]],[[114.18841689547918,22.27516701299727],[114.18846145,22.27522472],[114.18849242,22.27579703],[114.18841689547918,22.27516701299727]],[[114.18794756070935,22.27455913073648],[114.18831804791789,22.27503898566392],[114.18787495200746,22.27459592593098],[114.18794756070935,22.27455913073648]],[[114.18768563,22.26999258],[114.18730645639543,22.271523783148233],[114.18729406,22.27148755],[114.18768563,22.26999258]],[[114.165783207943,22.271071281795887],[114.16642038,22.27093073],[114.16590672,22.27120162],[114.165783207943,22.271071281795887]],[[114.16682039366323,22.272363569094328],[114.16681808,22.27236098],[114.16642038,22.27093073],[114.16682039366323,22.272363569094328]],[[114.16739536,22.27276231],[114.16864461,22.27249485],[114.16725892,22.2728543],[114.16682927788072,22.272373510937566],[114.16739536,22.27276231]],[[114.16916104365319,22.272728683020983],[114.16922805173917,22.272721756486128],[114.16920311,22.27274773],[114.16916104365319,22.272728683020983]],[[114.16972193410945,22.272207443490167],[114.16974528,22.2721777],[114.16974965050187,22.272178580542874],[114.16972193410945,22.272207443490167]],[[114.17049409746186,22.271986504321628],[114.17074800708858,22.271766310320853],[114.17066038,22.27194519],[114.17049409746186,22.271986504321628]],[[114.17025659,22.2701605],[114.17025859935639,22.270150917794666],[114.17095815,22.27133733],[114.17086698633068,22.2715234291639],[114.17025659,22.2701605]],[[114.17007417,22.26782381],[114.17312193,22.26820658],[114.17312846630367,22.268212437189298],[114.17007417,22.26782381]],[[114.1736707,22.26951209],[114.17588698802916,22.270168118409053],[114.17583072,22.27020577],[114.1736707,22.26951209]],[[114.17810667991321,22.26868281792696],[114.17845645,22.26821226],[114.17890943,22.26814566],[114.17810667991321,22.26868281792696]],[[114.17919843576239,22.267011952773395],[114.17920108,22.26700158],[114.18015919,22.2667583],[114.17919843576239,22.267011952773395]],[[114.18250714,22.2661814],[114.18283134,22.26613407],[114.18110214,22.26717482],[114.18107755368109,22.267163959727927],[114.18250714,22.2661814]],[[114.18287093,22.26642488],[114.18367026392751,22.26633003017449],[114.18281647232244,22.266457510633373],[114.18287093,22.26642488]],[[114.18440403787199,22.266220469669793],[114.1844844037218,22.266000714401084],[114.18443183,22.26621632],[114.18440403787199,22.266220469669793]],[[114.18528956355402,22.26379905641219],[114.18530298,22.26376237],[114.18532520277451,22.263749647690577],[114.18528956355402,22.26379905641219]],[[114.17689000640253,22.273824295899054],[114.1768309,22.27377057],[114.17734820408036,22.273439144024852],[114.17689000640253,22.273824295899054]],[[114.17749136,22.27331881],[114.17747275935335,22.273334445334413],[114.17738026979094,22.273041076169058],[114.17749136,22.27331881]],[[114.17725156301495,22.272632829027756],[114.17724563,22.27261401],[114.17833762,22.27194828],[114.17725156301495,22.272632829027756]],[[114.17814362,22.27100555],[114.17862533,22.26937601],[114.1786966524048,22.269332738532395],[114.17814362,22.27100555]],[[114.17966153590645,22.268747341485003],[114.17977568,22.26867809],[114.17978711380796,22.268683649323073],[114.17966153590645,22.268747341485003]],[[114.18215667,22.26791852],[114.18205852,22.26691167],[114.18209044545891,22.266892540503633],[114.18215667,22.26791852]],[[114.18826564816953,22.2743979366969],[114.18873543,22.27415987],[114.18878618489805,22.27419513834119],[114.18826564816953,22.2743979366969]],[[114.18935865653805,22.274592934926247],[114.1901637,22.27515234],[114.19013270699463,22.275197377006574],[114.18935865653805,22.274592934926247]],[[114.18904140341829,22.276783187925826],[114.18870827316755,22.27726727099913],[114.18871683,22.27722615],[114.18904140341829,22.276783187925826]],[[114.19822032,22.2729513],[114.20055219071202,22.274284811296674],[114.2005637870635,22.274304665080347],[114.19822032,22.2729513]],[[114.20242577598616,22.27718958625588],[114.20328771,22.27689666],[114.20251159,22.27733441],[114.20242577598616,22.27718958625588]],[[114.19075647162927,22.265563210996007],[114.19073078,22.26523955],[114.19080302606761,22.265225194609922],[114.19075647162927,22.265563210996007]],[[114.19085767487005,22.26521433581993],[114.19108961,22.26516825],[114.19577989282071,22.269063679671138],[114.19085767487005,22.26521433581993]],[[114.19595790412154,22.26921152374144],[114.19604547,22.26928425],[114.19725734,22.27090254],[114.19595790412154,22.26921152374144]],[[114.19992489,22.26896398],[114.20161743,22.26927338],[114.20163091413148,22.269345371822293],[114.19992489,22.26896398]],[[114.20170032675365,22.26971596603987],[114.20175147,22.26998902],[114.2017310556591,22.27001960148623],[114.20170032675365,22.26971596603987]],[[114.20094816,22.27119241],[114.20101928,22.27208362],[114.20067600916556,22.27332498788237],[114.20094816,22.27119241]],[[114.19285571108347,22.281335385918233],[114.19283003,22.28116718],[114.19286157433937,22.28110997950155],[114.19285571108347,22.281335385918233]]],[[[114.1941,22.28612],[114.19418,22.28614],[114.19423,22.28614],[114.19429,22.28613],[114.1943420970359,22.286103951482048],[114.19404773191502,22.286093865957508],[114.1941,22.28612]]],[[[114.16607,22.2737],[114.16607,22.27373],[114.16608,22.27385],[114.16613,22.27398],[114.16616,22.27401],[114.1661908465054,22.2740408465054],[114.16615478014596,22.273530439708082],[114.16607,22.2737]]],[[[114.16594,22.26412],[114.1659,22.2642],[114.16591,22.26425],[114.16595,22.26428],[114.16599996749265,22.264282775971814],[114.16591406,22.26424025],[114.16603665523105,22.263981921098488],[114.16594,22.26412]]],[[[114.16445,22.26112],[114.16447,22.26117],[114.16457968950601,22.261224844753006],[114.16445009766873,22.26111902331275],[114.16445,22.26112]]],[[[114.16384,22.26064],[114.16384,22.26073],[114.16389,22.26078],[114.16393,22.26079],[114.16402135047586,22.260768919120956],[114.16384427528243,22.260624323964386],[114.16384,22.26064]]],[[[114.16913,22.25684],[114.16905,22.2569],[114.16897,22.25697],[114.16894341429595,22.257007219985667],[114.16913274702374,22.2568389698661],[114.16913,22.25684]]],[[[114.17252,22.25558],[114.17245,22.25554],[114.17235942349011,22.255509807830038],[114.17258188688731,22.255626415165484],[114.17252,22.25558]]],[[[114.19210805160806,22.257185584517583],[114.19216114,22.2571885],[114.19217886688776,22.257164339933674],[114.19210805160806,22.257185584517583]]],[[[114.19236,22.25711],[114.1922822223526,22.257133333294217],[114.19226233,22.25716769],[114.19243479208589,22.25726789440357],[114.19236,22.25711]]],[[[114.19315,22.25711],[114.19309159968451,22.257160345099564],[114.19317602910473,22.257107997761175],[114.19315,22.25711]]],[[[114.19576,22.25754],[114.1957,22.2575],[114.19554,22.25743],[114.19509,22.25731],[114.19444128996948,22.257061963811857],[114.19623335969871,22.257969530096986],[114.19576,22.25754]]]]}},{"type":"Feature","properties":{"地區號碼":"C","District":"Eastern","地區":"東區","Administrative District Boundary of Hong Kong":"Administrative District Boundary of Hong Kong"},"geometry":{"type":"MultiPolygon","coordinates":[[[[114.19404,22.28609],[114.19398,22.28604],[114.19354,22.28543],[114.19349,22.28533],[114.19345,22.28523],[114.19343,22.28512],[114.19331,22.28378],[114.19324,22.2834],[114.19314,22.28313],[114.19239,22.28306],[114.19246,22.28323],[114.19252,22.2834],[114.19282,22.28482],[114.1929,22.28519],[114.19293,22.28534],[114.19295,22.28555],[114.19296,22.28589],[114.19294,22.28643],[114.19292,22.28665],[114.1929,22.28691],[114.19249,22.28688],[114.19248,22.28699],[114.19194,22.28741],[114.19165,22.28709],[114.19157,22.28698],[114.19154,22.28692],[114.19151,22.28683],[114.1915,22.28679],[114.19149,22.2867],[114.19134,22.28676],[114.18949,22.2882],[114.18933472822948,22.288477607104877],[114.19226513,22.29129961],[114.19304758,22.29087459],[114.19370787,22.2916058],[114.19477679,22.29209724],[114.19608328,22.29269788],[114.19838167,22.29317739],[114.19830034,22.29369964],[114.19871635,22.29368595],[114.19862052,22.29301681],[114.19990296,22.29328117],[114.1996292,22.29445816],[114.20006036,22.29331379],[114.2008442,22.29350247],[114.20063768,22.29480909],[114.201212,22.29355035],[114.20306424,22.29393112],[114.2032248,22.29512331],[114.20327837,22.29459989],[114.2034909,22.29462261],[114.20342606,22.29372873],[114.20451227,22.29353744],[114.20665416,22.29311133],[114.20680848,22.29371016],[114.2067358,22.29323316],[114.20713053,22.29296827],[114.20742037,22.29348068],[114.20728877,22.29292067],[114.20770369,22.29279606],[114.20801079,22.29365293],[114.20824609,22.29358311],[114.20776283,22.29277827],[114.20969915799358,22.292167571541324],[114.20987359,22.29235981],[114.2138224,22.29081072],[114.21539754,22.29009762],[114.21962213,22.2893385],[114.22085567,22.288805],[114.22221097,22.28821885],[114.2245255,22.28604823],[114.22511095,22.28649972],[114.22474757,22.28583998],[114.22530557,22.28531656],[114.22601723,22.2856357],[114.2247473504803,22.284168213544795],[114.22627522,22.28299653],[114.23033965,22.28306383],[114.23147409,22.28325172],[114.23150909,22.28351607],[114.23248249,22.28334421],[114.23381142,22.28403865],[114.23134224,22.28540176],[114.22785934,22.28646799],[114.22843309,22.2863865],[114.22969646,22.28624246],[114.23376365,22.28429838],[114.2345617,22.28449455],[114.2367634,22.28219222],[114.23907078,22.28105031],[114.23742959,22.27931841],[114.23867342,22.28060464],[114.23923276,22.28060218],[114.23916745,22.28024032],[114.24086634,22.27905321],[114.24166141,22.27588019],[114.24286036,22.27444781],[114.24304029,22.27423318],[114.24314158,22.27493606],[114.24323391,22.27431352],[114.24317872,22.27430596],[114.24433789,22.27268647],[114.24174687,22.26986279],[114.24312139,22.26822431],[114.24374513,22.26815487],[114.2455907,22.26950201],[114.24499432,22.27146069],[114.24561611,22.27213375],[114.24504966,22.27367099],[114.24551174,22.27292912],[114.24668088,22.2689339],[114.24749386,22.26795777],[114.24777119,22.26821722],[114.24885547,22.26924431],[114.25297671,22.26541108],[114.25693138,22.26230914],[114.25746986,22.26132165],[114.25575579,22.26118804],[114.25498088,22.2593388],[114.25565299,22.25800685],[114.25540463,22.25784605],[114.25611477,22.25786998],[114.25617645,22.25669303],[114.25661571,22.25638374],[114.25626479,22.25614306],[114.25631054,22.25541626],[114.25569667,22.25567025],[114.25556943,22.25540246],[114.25563174,22.25476629],[114.25529182,22.25445471],[114.2557159,22.25380339],[114.25559154,22.25330777],[114.25514869,22.25299471],[114.25498018,22.25352597],[114.25492655,22.25233061],[114.25435753,22.25228848],[114.25425016,22.25172126],[114.25376741,22.25153073],[114.25422952,22.25116772],[114.25473135,22.24974038],[114.25395908,22.24941001],[114.25450636,22.24914973],[114.25415566,22.24857453],[114.25336835,22.24846121],[114.25238417,22.2494637],[114.25155087,22.24950197],[114.25135021,22.24896213],[114.25094229,22.24896335],[114.25125473,22.24846491],[114.25077208,22.24876388],[114.25025293,22.24832504],[114.2506975,22.24773191],[114.24989886,22.24668598],[114.24985389341003,22.24665994588454],[114.24738,22.25339],[114.24733,22.25336],[114.24729,22.25334],[114.24696,22.25333],[114.24692,22.25335],[114.24689,22.25337],[114.24685616255027,22.25342413991957],[114.2474481,22.253403],[114.24684447589678,22.25344283856515],[114.24684,22.25345],[114.2468,22.25348],[114.24675,22.25348],[114.24672098859882,22.25345098859882],[114.24525206389315,22.253547936106845],[114.24518,22.25362],[114.24514,22.25363],[114.24485,22.25363],[114.24472898582545,22.25358245871714],[114.24428943744992,22.25361146845433],[114.24430085773557,22.25360397394515],[114.24411,22.25363],[114.24409,22.25364],[114.24405,22.25369],[114.24402,22.25375],[114.24399,22.25393],[114.24398,22.25395],[114.24393,22.25398],[114.24388,22.25398],[114.24376,22.25403],[114.24372,22.25406],[114.24368,22.25411],[114.24363,22.25413],[114.24351,22.25412],[114.24346,22.25412],[114.24342,22.25414],[114.24338,22.25417],[114.24309,22.25447],[114.24304,22.25448],[114.24294,22.2545],[114.24289975141251,22.254532198869992],[114.24270765269705,22.255201061078825],[114.24273,22.25521],[114.24275,22.25523],[114.24275,22.25527],[114.24268,22.25537],[114.24266,22.25539],[114.24261,22.2554],[114.24254,22.2554],[114.24251,22.2554],[114.24246813135606,22.255432896791667],[114.24256882759664,22.25541055854603],[114.24245845924091,22.25544049631072],[114.24237,22.25551],[114.24232,22.25554],[114.24213,22.2556],[114.24209,22.25561],[114.24198,22.2556],[114.24193,22.2556],[114.24168,22.25567],[114.24164,22.25567],[114.24162977330266,22.255665279985838],[114.24012627,22.25607311],[114.23993117564221,22.256099294614675],[114.23993,22.2561],[114.2397,22.25622],[114.23956,22.25626],[114.23947,22.25627],[114.23935,22.25625],[114.23926,22.25621],[114.2392133308173,22.256195640251473],[114.23874878,22.25625799],[114.23913646033752,22.256171987796158],[114.23913,22.25617],[114.23906,22.25617],[114.23876,22.25624],[114.23871,22.25625],[114.2383,22.25654],[114.23826,22.25658],[114.2382,22.25665],[114.23813,22.25669],[114.23807,22.25671],[114.23801,22.25674],[114.23796,22.25679],[114.23765,22.25714],[114.23756,22.25719],[114.23751,22.25722],[114.23745,22.25723],[114.23741,22.25722],[114.23736,22.2572],[114.23731,22.25717],[114.23719,22.25705],[114.23713,22.25697],[114.23706,22.25691],[114.23701,22.2569],[114.23695,22.2569],[114.23692,22.25691],[114.23689,22.25693],[114.23687,22.25696],[114.23684,22.25702],[114.2368331776311,22.257074578951155],[114.23695305,22.25691904],[114.2369701804261,22.256928842450513],[114.23683046861777,22.257096251057817],[114.23683,22.2571],[114.23681,22.25718],[114.23677,22.25723],[114.23674,22.25725],[114.2367,22.25726],[114.23669381100385,22.25726],[114.23664761,22.25731536],[114.23669027541784,22.25726],[114.23666,22.25726],[114.23659,22.25725],[114.23655,22.25721],[114.23652,22.25718],[114.23649,22.25712],[114.23648,22.25707],[114.23648,22.25671],[114.23646,22.25659],[114.23642,22.25653],[114.23638,22.25646],[114.23635,22.25644],[114.23629,22.25642],[114.23622,22.25643],[114.23614,22.25645],[114.23604,22.2565],[114.23602,22.25653],[114.23598,22.25658],[114.23591,22.25674],[114.23586,22.2568],[114.23584,22.25681],[114.23578,22.25681],[114.23573,22.25679],[114.23559,22.25669],[114.2355,22.2566],[114.23543,22.25649],[114.23536,22.25628],[114.23532,22.25618],[114.23527,22.25616],[114.23519,22.25615],[114.23499,22.25621],[114.2349,22.25621],[114.23483,22.25618],[114.23473582550795,22.256132912753976],[114.23473729944986,22.256137229636266],[114.23470497,22.25613361],[114.23468730436196,22.256075956542936],[114.23465,22.25602],[114.23458,22.25588],[114.23456,22.25578],[114.23454225862571,22.255602586257115],[114.23448227841008,22.25540683523026],[114.23447,22.25537],[114.23447,22.255366763493978],[114.23443296,22.25524588],[114.23436132006032,22.255183883358466],[114.23428,22.25515],[114.23418,22.25511],[114.23415,22.25506],[114.23411,22.25502],[114.23409703455052,22.254955172752563],[114.23373322314008,22.254640333213388],[114.23375422,22.25462866],[114.2340934237668,22.254937118833926],[114.23408,22.25487],[114.23403,22.2547],[114.23402,22.25469],[114.23398,22.25466],[114.23373,22.2546],[114.23364,22.25463],[114.23323,22.25491],[114.23315,22.25495],[114.23306,22.25497],[114.23299,22.25497],[114.23282,22.25496],[114.23263,22.25494],[114.23228,22.25495],[114.23214,22.25497],[114.23204,22.255],[114.23196,22.25506],[114.23188,22.25515],[114.23181,22.25525],[114.23159,22.2556],[114.23152,22.25568],[114.23145,22.25574],[114.23093886580389,22.25602890193693],[114.23071281,22.25623489],[114.23064961820388,22.256100547759402],[114.23072014335764,22.25608128632601],[114.23049,22.2558],[114.2302,22.25624],[114.23011,22.25635],[114.23004,22.25641],[114.22993,22.25646],[114.22968,22.25652],[114.22961,22.25654],[114.22945,22.25663],[114.22906982810565,22.25688884043871],[114.22998033,22.25656966],[114.2288462,22.25717581],[114.22797631162629,22.257405129102008],[114.2281504,22.25721115],[114.22819665812322,22.257194934011704],[114.22288,22.25669],[114.22192,22.25676],[114.22184,22.25675],[114.22174,22.25671],[114.22168,22.25669],[114.22162,22.25668],[114.22137,22.25669],[114.22131,22.25671],[114.22128,22.25672],[114.22123,22.25679],[114.22115,22.25686],[114.22086,22.25699],[114.22079,22.257],[114.22069,22.25699],[114.22062,22.25701],[114.22052,22.25706],[114.22037,22.25716],[114.22022,22.25728],[114.22015,22.25733],[114.22001,22.25738],[114.21983,22.25743],[114.21968,22.25744],[114.21938,22.25757],[114.21924,22.25765],[114.21917,22.25768],[114.21912,22.25768],[114.21889,22.25768],[114.21881,22.25768],[114.21873,22.2577],[114.21861,22.25775],[114.21856,22.25778],[114.21852,22.25781],[114.21845,22.25798],[114.21837,22.25809],[114.21829,22.25815],[114.2182,22.25818],[114.21816,22.25818],[114.21814,22.25815],[114.21806,22.25803],[114.21782,22.25778],[114.21781,22.25774],[114.2178,22.25767],[114.21776,22.25763],[114.21772,22.25762],[114.21766,22.25762],[114.21752,22.25772],[114.21749,22.25772],[114.21741,22.25768],[114.21737,22.25763],[114.21727,22.25745],[114.21725,22.25744],[114.21719,22.25741],[114.21714,22.25741],[114.21709,22.25744],[114.21705,22.25747],[114.21697,22.25772],[114.21694,22.25777],[114.2169,22.2578],[114.21678,22.25782],[114.21669,22.25783],[114.21663,22.25786],[114.21658,22.25791],[114.21651,22.25801],[114.21645,22.2581],[114.2164,22.25819],[114.21627,22.25824],[114.21622,22.25826],[114.21618,22.25828],[114.21613,22.25832],[114.21609,22.25839],[114.21605,22.25844],[114.21532,22.259],[114.21524,22.25903],[114.21522,22.25905],[114.21519,22.25909],[114.21517,22.25912],[114.21515,22.2592],[114.21506,22.25942],[114.215,22.25949],[114.21495,22.25951],[114.21479,22.25959],[114.21474,22.25962],[114.21471,22.25968],[114.21469,22.25978],[114.21467,22.25981],[114.21463,22.25986],[114.21457,22.25988],[114.21448,22.25989],[114.21429,22.25985],[114.2141,22.25978],[114.21406,22.25977],[114.21401,22.25977],[114.21377,22.25984],[114.21372,22.25987],[114.21345,22.26006],[114.21342,22.26006],[114.21329,22.26008],[114.21319,22.26007],[114.21317,22.26008],[114.21308,22.26019],[114.213,22.26025],[114.21294,22.26026],[114.21284,22.26027],[114.21269,22.26025],[114.21265,22.26026],[114.21247,22.2604],[114.21238,22.26043],[114.2121,22.26043],[114.21203,22.2604],[114.21201473983976,22.26036947967951],[114.21177928936638,22.260217859076317],[114.21167,22.26016],[114.21166,22.26012],[114.21167,22.26009],[114.2117,22.26004],[114.21179,22.25987],[114.21188,22.25977],[114.21189,22.25974],[114.21188,22.25971],[114.2118,22.25964],[114.21171,22.25952],[114.21169,22.25944],[114.21167,22.25941],[114.21161,22.25934],[114.2115,22.25922],[114.21141,22.25914],[114.21139,22.25911],[114.2114,22.25908],[114.21141,22.25886],[114.21164,22.25872],[114.21173,22.25863],[114.21176,22.25859],[114.21184,22.25854],[114.21207,22.25843],[114.21209,22.25839],[114.21191,22.25822],[114.21127,22.25768],[114.21126,22.25768],[114.21122,22.2577],[114.21119,22.25774],[114.21099,22.25793],[114.21091,22.25798],[114.2108,22.25803],[114.21074,22.25803],[114.21065,22.25802],[114.21061095292728,22.25800047646364],[114.21060821,22.25800182],[114.21060660861822,22.25799717384851],[114.21055,22.25795],[114.21048,22.25788],[114.21044,22.25777],[114.2104,22.2577],[114.21037,22.25758],[114.21037,22.25734],[114.2104444559795,22.25716130564921],[114.21059274164982,22.256764485070757],[114.21062,22.25665],[114.21064478453115,22.256625215468844],[114.21065198,22.25660596],[114.21064715177897,22.25662284822103],[114.21066,22.25661],[114.21077,22.25653],[114.21092,22.2565],[114.21107,22.25647],[114.21119,22.25643],[114.21133,22.25634],[114.21148,22.25625],[114.21158,22.25621],[114.21172,22.25617],[114.21181,22.25618],[114.21191,22.25624],[114.21195,22.25626],[114.21232,22.25615],[114.21241,22.25608],[114.21255,22.25596],[114.21272,22.25587],[114.21261,22.2558],[114.21231,22.2556],[114.21214,22.25561],[114.21206,22.25563],[114.21194,22.25564],[114.21178,22.25562],[114.21163,22.25557],[114.21148,22.25543],[114.21141,22.25524],[114.21133,22.25481],[114.21129,22.25467],[114.21123,22.25464],[114.2112,22.25465],[114.21103,22.25482],[114.21096,22.25483],[114.2109,22.25487],[114.21097,22.25504],[114.21109,22.25518],[114.21124,22.25539],[114.21131,22.25554],[114.21135,22.25568],[114.21135,22.25578],[114.21128,22.25591],[114.21114,22.25601],[114.2109,22.25613],[114.21086,22.25615],[114.21069,22.25624],[114.2106,22.25631],[114.21055,22.25634],[114.21051,22.2564],[114.21047,22.25654],[114.21043,22.25663],[114.21037,22.25674],[114.2102,22.2567],[114.21013,22.25692],[114.21009,22.257],[114.21002,22.25704],[114.20995,22.25703],[114.20982,22.25695],[114.20952,22.2569],[114.20942,22.25691],[114.20936,22.25696],[114.20925,22.25721],[114.20922,22.25725],[114.20914,22.25728],[114.209,22.25731],[114.20888,22.25736],[114.20883,22.25742],[114.20878,22.25763],[114.20874,22.25765],[114.20871,22.25765],[114.20868,22.25764],[114.20859,22.25752],[114.20853,22.25748],[114.20844,22.25746],[114.20824,22.25741],[114.20808,22.2574],[114.20772,22.2573],[114.20767,22.25729],[114.20762,22.25731],[114.20757,22.25734],[114.20751,22.25738],[114.20741,22.25745],[114.20735,22.25747],[114.20724,22.25749],[114.20711,22.25751],[114.20708,22.25753],[114.20686,22.25765],[114.2068,22.25766],[114.20675,22.25766],[114.20643,22.25756],[114.20636,22.25756],[114.20629,22.25756],[114.20623,22.25759],[114.20586,22.25784],[114.2058,22.2579],[114.20575,22.25798],[114.20569,22.25809],[114.20562,22.25833],[114.2054,22.25856],[114.20535,22.25864],[114.2052,22.25914],[114.20516,22.25925],[114.20512,22.25929],[114.20508,22.25931],[114.20502,22.25932],[114.20478,22.2593],[114.20472,22.2593],[114.20447,22.25938],[114.20441,22.25939],[114.20437,22.25938],[114.20416,22.25924],[114.20411,22.25923],[114.20404,22.25922],[114.20334,22.25922],[114.2023,22.25911],[114.20218,22.25906],[114.20208,22.25898],[114.20193,22.2589],[114.2018,22.25887],[114.20158,22.25888],[114.20148,22.2589],[114.20079,22.25924],[114.20071,22.25925],[114.20057650029683,22.259245550009894],[114.20052834,22.25926041],[114.20050017062817,22.259243005687605],[114.20041,22.25924],[114.20036,22.25922],[114.20003,22.25903],[114.19992,22.25899],[114.19976,22.25897],[114.19968,22.25895],[114.19965,22.25892],[114.19957,22.25879],[114.19952,22.25877],[114.19946,22.25874],[114.1993,22.2587],[114.19921,22.25865],[114.19897,22.25832],[114.19892,22.25826],[114.19884,22.25822],[114.19874,22.25818],[114.19866,22.25816],[114.19852,22.25814],[114.19824,22.25814],[114.19806,22.25812],[114.19797,22.25807],[114.19783121972634,22.25797925905184],[114.19773408732208,22.257958497782177],[114.19778,22.25807],[114.19779,22.25816],[114.19778,22.2582],[114.19776,22.25825],[114.19766,22.25837],[114.19745,22.2585],[114.19743,22.25853],[114.19737,22.25915],[114.19755,22.25977],[114.19837,22.26635],[114.20314,22.2675],[114.20428919805974,22.268341224386152],[114.20737037,22.27049449],[114.2067014,22.27002717],[114.20429102010556,22.268342558141775],[114.20717,22.27045],[114.20459,22.27522],[114.20342,22.2768],[114.20255,22.27777],[114.2022,22.27767],[114.20072,22.27437],[114.19778,22.27316],[114.19765,22.27323],[114.19757,22.27334],[114.19747,22.27357],[114.19742,22.27361],[114.19736,22.27368],[114.19734,22.2737],[114.19733,22.27377],[114.197343308275,22.27383654137498],[114.19762571,22.2733184],[114.19766033400522,22.273297023850393],[114.19730606,22.27404927],[114.19721814551802,22.274066185875178],[114.19723619578092,22.274033067847878],[114.1969,22.27426],[114.19678,22.27437],[114.1965,22.27472],[114.1958,22.27548],[114.19572,22.27555],[114.19562,22.27561],[114.19547,22.27569],[114.19537,22.27577],[114.19532,22.27584],[114.1953,22.27589],[114.19528,22.276],[114.1953,22.27609],[114.1953,22.2762],[114.19527,22.27629],[114.19594,22.27654],[114.19597,22.27657],[114.19601,22.2766],[114.19602,22.27664],[114.19602,22.27667],[114.19596,22.27677],[114.19593,22.27685],[114.1959,22.2769],[114.19576,22.27705],[114.19566,22.27711],[114.19559,22.27719],[114.19549,22.27725],[114.19527,22.27761],[114.19526,22.27765],[114.19518,22.27777],[114.19523,22.27786],[114.19527,22.27795],[114.19528,22.27803],[114.19527,22.27818],[114.19534,22.27825],[114.1953,22.27831],[114.19514,22.27838],[114.19499,22.27839],[114.19488,22.27849],[114.19464,22.2788],[114.19454,22.27882],[114.1945,22.27889],[114.19428,22.27908],[114.19438,22.27916],[114.19451,22.2792],[114.19471,22.27918],[114.19482,22.2792],[114.19482,22.27935],[114.19472,22.27956],[114.19465,22.27961],[114.19445,22.27971],[114.19444578349739,22.27971301178758],[114.19465285,22.27972339],[114.19443376426041,22.279721596956854],[114.19438,22.27976],[114.1943,22.27988],[114.19425,22.27992],[114.19418,22.27994],[114.19413,22.27996],[114.19407,22.27997],[114.19401,22.27996],[114.194,22.28002],[114.19398,22.28007],[114.19395,22.28012],[114.19354,22.28054],[114.1935,22.28061],[114.19346,22.28072],[114.19344,22.28079],[114.19344,22.28087],[114.19346,22.28096],[114.1935,22.28104],[114.19372,22.28145],[114.1938,22.28157],[114.19388,22.28168],[114.19402,22.28182],[114.19465,22.28237],[114.19472,22.28245],[114.19478,22.28255],[114.19482,22.28263],[114.1952,22.28441],[114.19522,22.28455],[114.19515,22.28454],[114.195,22.28456],[114.19492,22.28458],[114.19485,22.2846],[114.19475,22.28467],[114.19468,22.28475],[114.19463,22.28482],[114.19462,22.28487],[114.1946,22.28493],[114.1946,22.28501],[114.19461,22.2851],[114.19464,22.28524],[114.19468,22.28531],[114.19473,22.28537],[114.19479,22.28543],[114.19486,22.28548],[114.19496,22.28552],[114.19539,22.28563],[114.19548,22.28566],[114.19557,22.28571],[114.19562,22.28575],[114.19568,22.2858],[114.19573,22.28588],[114.19588,22.28621],[114.19589,22.28627],[114.19589,22.28632],[114.19586,22.28637],[114.19584,22.28641],[114.19544,22.28664],[114.19519,22.28627],[114.19515,22.28619],[114.1951,22.28613],[114.19505389254635,22.28609413864716],[114.19507808933332,22.286129168017066],[114.1943420970359,22.286103951482048],[114.19429,22.28613],[114.19423,22.28614],[114.19418,22.28614],[114.1941,22.28612],[114.19404773191502,22.286093865957508],[114.19404318,22.28609371],[114.19404097230627,22.286090486153135],[114.19404,22.28609]],[[114.23755833,22.25723376],[114.23754656582989,22.257227241500658],[114.23874878,22.25625799],[114.23755833,22.25723376]],[[114.23349985,22.26816496],[114.23366701351752,22.266602458872995],[114.23358367520284,22.268795499610995],[114.23349985,22.26816496]],[[114.23383032,22.26507601],[114.23395175250177,22.26497958401825],[114.23381080129184,22.265258454135807],[114.23383032,22.26507601]],[[114.23849761,22.26323123],[114.23854401175271,22.26323814698913],[114.23580658,22.26350672],[114.23849761,22.26323123]],[[114.2475735740205,22.265118225665184],[114.24497995,22.26117904],[114.2457209,22.26204742],[114.24763092,22.26509165],[114.2475735740205,22.265118225665184]],[[114.24216232,22.26127474],[114.24215747921127,22.261225995519233],[114.242229808273,22.261309276181823],[114.24216232,22.26127474]],[[114.24035443,22.25824916],[114.24034282363077,22.25813846557614],[114.24037049485894,22.258271219680598],[114.24035443,22.25824916]],[[114.20056941766003,22.27431430506457],[114.20063606162044,22.274428404294344],[114.19982029,22.27449269],[114.20056941766003,22.27431430506457]],[[114.2262744112229,22.257853782382135],[114.22561964052356,22.258026392378238],[114.22562008,22.25796523],[114.2262744112229,22.257853782382135]],[[114.2255963535305,22.26126726660256],[114.22560061,22.2620802],[114.2255903054887,22.2621089786603],[114.2255963535305,22.26126726660256]],[[114.22650892657681,22.264775356435695],[114.22725686,22.26459436],[114.22744988393892,22.264772753376487],[114.22650892657681,22.264775356435695]],[[114.2298819128719,22.274438043640927],[114.23001508,22.27438955],[114.2309045,22.27445626],[114.2298819128719,22.274438043640927]],[[114.23334522,22.27098332],[114.23355566825258,22.270361213299154],[114.23355058,22.27066547],[114.2325948,22.27284851],[114.23252010014123,22.27292109352592],[114.23334522,22.27098332]],[[114.22635902,22.26317526],[114.22725349,22.26222614],[114.22762939929427,22.262097745201302],[114.22635902,22.26317526]],[[114.22785737,22.26201988],[114.22971905,22.2625939],[114.22981460919935,22.26275249081553],[114.22774339523706,22.262058808983582],[114.22785737,22.26201988]],[[114.2319075180892,22.266225899236165],[114.23194989,22.26629622],[114.23195502214988,22.266335049991643],[114.2319075180892,22.266225899236165]],[[114.23302939,22.26935091],[114.23303228875353,22.269493055374543],[114.23222365,22.26822805],[114.23222267211747,22.268170941488872],[114.23302939,22.26935091]],[[114.20626039545432,22.285425510447276],[114.20595998,22.28538512],[114.20533113,22.28650558],[114.20591206,22.28540674],[114.20462286,22.28559029],[114.20621136,22.28533415],[114.20626039545432,22.285425510447276]],[[114.20772944,22.2845308],[114.20793594,22.28498734],[114.20791320688967,22.284992130965474],[114.20772944,22.2845308]],[[114.20818851010765,22.28426486828509],[114.20822432,22.28428612],[114.20772944,22.2845308],[114.20818851010765,22.28426486828509]],[[114.20950842,22.28360227],[114.20982989161105,22.283640857420266],[114.20940909608352,22.283620745418943],[114.20950842,22.28360227]],[[114.21049966953132,22.281428304834208],[114.2104449,22.28146634],[114.21037016,22.28084099],[114.21049966953132,22.281428304834208]],[[114.21548507,22.28568101],[114.21547745425522,22.285673883299093],[114.21604276156216,22.285815867340812],[114.21367959,22.28567869],[114.21548507,22.28568101]],[[114.21627055,22.28582909],[114.21617490014052,22.285823537718656],[114.21953101367652,22.284790440096348],[114.21946458,22.28486086],[114.21627055,22.28582909]],[[114.19523448196128,22.286355575565285],[114.19517666144323,22.2863971686952],[114.19510688145465,22.286170849991993],[114.19523448196128,22.286355575565285]],[[114.20497596,22.28808232],[114.20607342,22.28837216],[114.20492365525216,22.288084998518915],[114.20497596,22.28808232]],[[114.21959895,22.28396765],[114.22004549581963,22.284245087425134],[114.22001630728947,22.284276027357848],[114.21806375353239,22.28361899964684],[114.21969085822758,22.283848344112073],[114.21959895,22.28396765]],[[114.19751513,22.28036061],[114.19743661929684,22.280088582559397],[114.19755674941719,22.28035151332667],[114.19751513,22.28036061]],[[114.19761065,22.28087392],[114.19813503841972,22.280256393795074],[114.19817432,22.28024691],[114.19761065,22.28087392]],[[114.19799544,22.28183818],[114.19753749,22.28153082],[114.19802017598451,22.281784574300037],[114.19799544,22.28183818]],[[114.20295689,22.28342593],[114.20261062,22.28342277],[114.2030443366283,22.28314198416023],[114.20295689,22.28342593]],[[114.20363767,22.28332278],[114.20316098025889,22.283066469693804],[114.20324989,22.28300891],[114.20363767,22.28332278]],[[114.20376772858793,22.28424759155848],[114.20372314,22.28423809],[114.20363767,22.28332278],[114.20376772858793,22.28424759155848]],[[114.21013199,22.27898354],[114.20979380146109,22.279411682474855],[114.20979258596094,22.279399595107105],[114.21013199,22.27898354]],[[114.21035623,22.27820845],[114.20979103,22.27843557],[114.21047316757316,22.277910367298936],[114.21035623,22.27820845]],[[114.21065801,22.27743919],[114.21061361550207,22.277552354926378],[114.21050457736764,22.277320574005284],[114.21065801,22.27743919]],[[114.21044269,22.27727273],[114.21044902575909,22.277277628060837],[114.21026100097768,22.27733883077381],[114.21044269,22.27727273]],[[114.20922982,22.27719425],[114.20929812208645,22.277652251164273],[114.20927149,22.27766092],[114.20922982,22.27719425]],[[114.21173145261142,22.27305817278598],[114.21110541878848,22.272697523900824],[114.21107969,22.27265034],[114.21173145261142,22.27305817278598]],[[114.21204654,22.27323969],[114.21200537589019,22.273215975961286],[114.21234139,22.27307565],[114.21204654,22.27323969]],[[114.21201491809796,22.270856718784227],[114.21230196,22.27149658],[114.21200038,22.27085496],[114.21201491809796,22.270856718784227]],[[114.21278071,22.27096109],[114.21249565007055,22.270914876585415],[114.21278240726004,22.27094956778252],[114.21278071,22.27096109]],[[114.21338195,22.27014174],[114.21292984345224,22.269990784464547],[114.21293127,22.26998072],[114.21338195,22.27014174]],[[114.21430277977208,22.270096327151464],[114.21377535,22.26961448],[114.21419474,22.26981814],[114.21430277977208,22.270096327151464]],[[114.2149974,22.27197489],[114.21483406291266,22.271464306189525],[114.21502994282119,22.271968669284085],[114.2149974,22.27197489]],[[114.21634398334744,22.271098520210128],[114.21558054,22.27186342],[114.21626888,22.27110868],[114.21634398334744,22.271098520210128]],[[114.217216369968,22.271483266130748],[114.21674553,22.2710442],[114.21722147,22.27146604],[114.217216369968,22.271483266130748]],[[114.21650083,22.27459015],[114.21671641504415,22.27455591638899],[114.21653272012853,22.274629130152437],[114.21650083,22.27459015]],[[114.21786953871889,22.276835778305635],[114.21818178156462,22.276875726155286],[114.21707613,22.27716031],[114.2178722,22.27687903],[114.21786953871889,22.276835778305635]],[[114.21657689011326,22.27832252933925],[114.21657057,22.27804854],[114.21707613,22.27716031],[114.21657689011326,22.27832252933925]],[[114.21878203,22.27702477],[114.21868745442119,22.276940421130757],[114.21903423493356,22.276984787674166],[114.21878203,22.27702477]],[[114.21976045,22.27686966],[114.21961889396135,22.27689210103468],[114.21978016920261,22.276817396460835],[114.21976045,22.27686966]],[[114.22496700426075,22.27276334971454],[114.22477816999088,22.272759871232953],[114.22486353,22.27271246],[114.22496700426075,22.27276334971454]],[[114.1973598158588,22.27982247052838],[114.19733834,22.27974806],[114.19793399819409,22.27939608267684],[114.1973598158588,22.27982247052838]],[[114.19799613676153,22.279323464435254],[114.19800105,22.27934629],[114.19798612756276,22.27935737140318],[114.19799613676153,22.279323464435254]],[[114.19778181171829,22.278327768789268],[114.19781444871322,22.27847939135869],[114.19774122,22.27836822],[114.19778181171829,22.278327768789268]],[[114.22046077827919,22.28209623350684],[114.22052137079454,22.28185884308251],[114.22051036,22.28202613],[114.22046077827919,22.28209623350684]],[[114.21666896,22.28231394],[114.21664542284836,22.28129355818646],[114.21669642973312,22.282341024609476],[114.21666896,22.28231394]],[[114.2179557,22.28358264],[114.2176803068094,22.283311107801634],[114.2179917637637,22.28359477533406],[114.2179557,22.28358264]],[[114.20495580008772,22.292820554783685],[114.20445819,22.29203556],[114.20500615,22.29280091],[114.20495580008772,22.292820554783685]],[[114.21228398,22.28844592],[114.21241933920217,22.288375451039453],[114.21225986104811,22.288639276301602],[114.21228398,22.28844592]],[[114.21260110504504,22.288280822452673],[114.21281899,22.28816739],[114.21355799,22.2882944],[114.21260110504504,22.288280822452673]],[[114.21064995069895,22.283739292129837],[114.21077923,22.28375481],[114.21102248,22.28480945],[114.21064995069895,22.283739292129837]],[[114.21225627874922,22.28958827309168],[114.21215167,22.28950662],[114.21216839965555,22.289372502052334],[114.21225627874922,22.28958827309168]],[[114.19558203,22.28777268],[114.19460035,22.28948184],[114.19555432503057,22.287704595157745],[114.19558203,22.28777268]],[[114.19483521,22.29062532],[114.19531033,22.29109624],[114.19510271,22.29094474],[114.19483521,22.29062532]]],[[[114.19501,22.28606],[114.1949,22.28601],[114.19485,22.28599],[114.19476,22.28598],[114.19467,22.28598],[114.19461,22.28599],[114.19451,22.28602],[114.19438571420241,22.286082142898792],[114.19505101463115,22.286091900268673],[114.19501,22.28606]]],[[[114.19771,22.2579],[114.19771278621626,22.2579067665252],[114.19772527030347,22.257909984429187],[114.19771,22.2579]]],[[[114.23447,22.25528],[114.23445,22.25524],[114.2344,22.2552],[114.2343677133872,22.25518654724467],[114.23443296,22.25524588],[114.23447,22.255354362783088],[114.23447,22.25528]]],[[[114.24023,22.25592],[114.24020514499452,22.25593491300329],[114.2402582302068,22.255923136689646],[114.24023,22.25592]]],[[[114.24151,22.25561],[114.24146,22.25561],[114.24141,22.25562],[114.241251179488,22.255702862875825],[114.24156186990571,22.25563393995648],[114.24151,22.25561]]],[[[114.24289,22.25454],[114.24272,22.25479],[114.24271,22.25483],[114.24272,22.25488],[114.24272,22.2549],[114.24263,22.25508],[114.24262,22.25512],[114.24263,22.25515],[114.24268,22.25519],[114.24269776512614,22.255197106050456],[114.24289951895713,22.2545323848343],[114.24289,22.25454]]],[[[114.24451,22.2535],[114.24447828554938,22.253509061271608],[114.24453148415404,22.25350716138468],[114.24451,22.2535]]],[[[114.24663,22.25336],[114.24655,22.25333],[114.24647,22.25333],[114.24628,22.25338],[114.24577,22.25342],[114.24574,22.25343],[114.24570473918611,22.253465260813886],[114.2466997267273,22.253429726727294],[114.24663,22.25336]]]]}},{"type":"Feature","properties":{"地區號碼":"D","District":"Southern","地區":"南區","Administrative District Boundary of Hong Kong":"Administrative District Boundary of Hong Kong"},"geometry":{"type":"MultiPolygon","coordinates":[[[[114.15831,22.25787],[114.16178,22.25898],[114.16189,22.25895],[114.16195,22.25882],[114.16202,22.25867],[114.16206,22.25863],[114.16216,22.25856],[114.16225,22.2585],[114.16232,22.25847],[114.16268,22.25842],[114.16276,22.25844],[114.16283,22.25847],[114.16305,22.2587],[114.16338,22.25882],[114.16341,22.25849],[114.16335,22.25807],[114.16328,22.25795],[114.16317,22.25777],[114.16316,22.2577],[114.16334,22.25646],[114.16349,22.25647],[114.16368,22.25646],[114.1638,22.2565],[114.16387,22.25651],[114.16412,22.25649],[114.16419,22.2565],[114.16431,22.25654],[114.16443,22.25659],[114.1645,22.25661],[114.16458,22.25661],[114.16466,22.25659],[114.16473,22.25653],[114.16475,22.25649],[114.16479,22.25646],[114.16493,22.25648],[114.16504,22.25647],[114.1651,22.25644],[114.16521,22.25629],[114.16527,22.25625],[114.16535,22.25625],[114.1655,22.25628],[114.16562,22.25627],[114.1657,22.25627],[114.16577,22.2563],[114.16585,22.25637],[114.1659,22.25643],[114.1659,22.25652],[114.16588,22.25657],[114.16581,22.25664],[114.16558,22.25674],[114.16543,22.25686],[114.16538,22.25688],[114.1653,22.25694],[114.16525,22.25701],[114.16521,22.25709],[114.1652,22.25721],[114.16523,22.25726],[114.16527,22.25728],[114.16543,22.25727],[114.16562,22.25731],[114.16581,22.25731],[114.16584,22.25732],[114.16596,22.25741],[114.16601,22.25741],[114.16613,22.25739],[114.16633,22.25732],[114.16645,22.25727],[114.16648,22.25724],[114.16656,22.25721],[114.16664,22.25721],[114.16679,22.25722],[114.16691,22.25722],[114.16697,22.25723],[114.16707,22.2573],[114.16712,22.25731],[114.1672,22.2573],[114.16732,22.25729],[114.16739,22.25727],[114.1674,22.25726],[114.16742,22.25726],[114.16742,22.25725],[114.16744,22.25724],[114.16753,22.25715],[114.16755,22.25715],[114.16755,22.25714],[114.16759,22.25714],[114.1676,22.25715],[114.1676,22.25716],[114.1676,22.25724],[114.16761,22.25724],[114.16763,22.25729],[114.16762,22.2573],[114.16766,22.25736],[114.16768,22.25745],[114.16787,22.25738],[114.16864,22.25725],[114.16870184818437,22.257221887188926],[114.16894341429595,22.257007219985667],[114.16897,22.25697],[114.16905,22.2569],[114.16913,22.25684],[114.16913274702374,22.2568389698661],[114.16921342,22.25676728],[114.17073285,22.25610259],[114.17005426525824,22.25647914105465],[114.17032,22.25637],[114.17076,22.25613],[114.17081,22.25609],[114.17085,22.25602],[114.1709,22.25587],[114.17094,22.25579],[114.171,22.25572],[114.17107,22.25565],[114.17115,22.25561],[114.17127,22.25556],[114.17142,22.25553],[114.17198,22.25546],[114.17216,22.25546],[114.17217841271126,22.255464332402646],[114.1722673,22.25546152],[114.17235942349011,22.255509807830038],[114.17245,22.25554],[114.17252,22.25558],[114.17258188688731,22.255626415165484],[114.17291723,22.25580219],[114.1726457940592,22.255682741121934],[114.17275,22.25578],[114.17282,22.25582],[114.17289,22.25583],[114.17295,22.25582],[114.17301,22.25581],[114.17395,22.25507],[114.17402,22.25503],[114.17409,22.25502],[114.17416,22.25504],[114.17428,22.2551],[114.17433,22.2551],[114.17438,22.25509],[114.17444,22.25505],[114.17467,22.25479],[114.17474,22.25473],[114.17602,22.25414],[114.17611,22.25411],[114.17639,22.25411],[114.1765,22.25413],[114.1768,22.25424],[114.17686,22.2543],[114.17689,22.25433],[114.1771,22.25468],[114.17713,22.25471],[114.17718,22.25473],[114.17722,22.25474],[114.17732,22.25472],[114.17739,22.25472],[114.17746,22.25476],[114.17788,22.25508],[114.17792,22.25515],[114.17793,22.25518],[114.17794,22.25562],[114.17797,22.25568],[114.17806,22.25576],[114.1781,22.25582],[114.17812,22.2559],[114.17813,22.25602],[114.17815,22.25606],[114.1782,22.25612],[114.17827,22.2562],[114.17832,22.25631],[114.17834,22.25638],[114.17834,22.25644],[114.17831,22.25651],[114.17827,22.25658],[114.17826,22.2566],[114.17857,22.2569],[114.1786,22.25692],[114.17863,22.25692],[114.17881,22.25685],[114.1789,22.25682],[114.17901,22.2567],[114.1791,22.25665],[114.17918,22.25662],[114.17931,22.25658],[114.17938,22.25655],[114.17943,22.2565],[114.17948,22.25638],[114.1795,22.25637],[114.1796,22.25631],[114.17972,22.25626],[114.17977,22.25624],[114.17983,22.25624],[114.17989,22.25623],[114.18025,22.25598],[114.18032,22.25595],[114.1804,22.25594],[114.18059,22.25595],[114.18072,22.25593],[114.18113,22.25582],[114.18119,22.25581],[114.18144,22.25583],[114.18176,22.25579],[114.18193,22.25579],[114.1824,22.25582],[114.18246,22.25582],[114.18263,22.25577],[114.18285,22.25572],[114.183,22.25569],[114.18303,22.25567],[114.18306,22.25563],[114.18307,22.25558],[114.18307,22.25536],[114.18308,22.25532],[114.18311,22.25529],[114.18314,22.25526],[114.18321,22.25525],[114.1833,22.2552],[114.18336,22.25516],[114.18343,22.25515],[114.1835,22.25516],[114.18363,22.25525],[114.18374,22.25525],[114.18405,22.25532],[114.1841,22.25532],[114.1842,22.25526],[114.18423,22.25526],[114.18439,22.25526],[114.18443,22.25524],[114.18446,22.25516],[114.18451,22.25509],[114.18457,22.25505],[114.18466,22.25503],[114.1847,22.25504],[114.18475,22.25506],[114.1848,22.2551],[114.18485,22.25511],[114.18492,22.2551],[114.18498,22.25507],[114.18501,22.25504],[114.18509,22.25484],[114.18513,22.25478],[114.1852,22.2547],[114.18526,22.25465],[114.18531,22.25462],[114.18544,22.25461],[114.18547,22.2546],[114.18556,22.25452],[114.18558,22.2544],[114.18711,22.25404],[114.18783,22.25435],[114.18815,22.25444],[114.18823,22.2545],[114.18828,22.25457],[114.1883,22.25461],[114.18831,22.25467],[114.1883,22.25546],[114.18832,22.25559],[114.18835,22.25566],[114.18893,22.25678],[114.18898,22.25684],[114.18965,22.2573],[114.18982,22.25733],[114.18989,22.25733],[114.19003,22.2573],[114.19018,22.25721],[114.19025,22.25718],[114.1903,22.25716],[114.19038,22.25716],[114.19082,22.25723],[114.1909,22.25723],[114.19099,22.25722],[114.19112,22.25715],[114.19131,22.25702],[114.19137,22.25702],[114.19143,22.25702],[114.19148,22.25702],[114.19179,22.25721],[114.19196,22.25723],[114.19204218931297,22.257205343206106],[114.19197044431266,22.25717802746724],[114.19210805160806,22.257185584517583],[114.19217886688776,22.257164339933674],[114.19258384,22.2566124],[114.1922822223526,22.257133333294217],[114.19236,22.25711],[114.19243479208589,22.25726789440357],[114.19253596884606,22.25732668040778],[114.19247021280421,22.257336750553126],[114.19256,22.2575],[114.19269,22.25745],[114.19286,22.25736],[114.19297699832453,22.257259139375414],[114.19291758134852,22.25726823873066],[114.19309159968451,22.257160345099564],[114.19315,22.25711],[114.19317602910473,22.257107997761175],[114.19319188,22.25709817],[114.19429141564709,22.257054061008397],[114.19438,22.25704],[114.19440813596245,22.25704937865415],[114.19441583,22.25704907],[114.19444128996948,22.257061963811857],[114.19509,22.25731],[114.19554,22.25743],[114.1957,22.2575],[114.19576,22.25754],[114.19623335969871,22.257969530096986],[114.19653792,22.25812377],[114.19728986157088,22.257881906273074],[114.19734,22.25785],[114.1974,22.25783],[114.19747,22.25781],[114.19762,22.25784],[114.19771,22.2579],[114.19772527030347,22.257909984429187],[114.19878457,22.25818303],[114.19783121972634,22.25797925905184],[114.19797,22.25807],[114.19806,22.25812],[114.19824,22.25814],[114.19852,22.25814],[114.19866,22.25816],[114.19874,22.25818],[114.19884,22.25822],[114.19892,22.25826],[114.19897,22.25832],[114.19921,22.25865],[114.1993,22.2587],[114.19946,22.25874],[114.19952,22.25877],[114.19957,22.25879],[114.19965,22.25892],[114.19968,22.25895],[114.19976,22.25897],[114.19992,22.25899],[114.20003,22.25903],[114.20036,22.25922],[114.20041,22.25924],[114.20050017062817,22.259243005687605],[114.2004048036947,22.25918408368138],[114.20059167051588,22.259240869197694],[114.20057650029683,22.259245550009894],[114.20071,22.25925],[114.20079,22.25924],[114.20148,22.2589],[114.20158,22.25888],[114.2018,22.25887],[114.20193,22.2589],[114.20208,22.25898],[114.20218,22.25906],[114.2023,22.25911],[114.20334,22.25922],[114.20404,22.25922],[114.20411,22.25923],[114.20416,22.25924],[114.20437,22.25938],[114.20441,22.25939],[114.20447,22.25938],[114.20472,22.2593],[114.20478,22.2593],[114.20502,22.25932],[114.20508,22.25931],[114.20512,22.25929],[114.20516,22.25925],[114.2052,22.25914],[114.20535,22.25864],[114.2054,22.25856],[114.20562,22.25833],[114.20569,22.25809],[114.20575,22.25798],[114.2058,22.2579],[114.20586,22.25784],[114.20623,22.25759],[114.20629,22.25756],[114.20636,22.25756],[114.20643,22.25756],[114.20675,22.25766],[114.2068,22.25766],[114.20686,22.25765],[114.20708,22.25753],[114.20711,22.25751],[114.20724,22.25749],[114.20735,22.25747],[114.20741,22.25745],[114.20751,22.25738],[114.20757,22.25734],[114.20762,22.25731],[114.20767,22.25729],[114.20772,22.2573],[114.20808,22.2574],[114.20824,22.25741],[114.20844,22.25746],[114.20853,22.25748],[114.20859,22.25752],[114.20868,22.25764],[114.20871,22.25765],[114.20874,22.25765],[114.20878,22.25763],[114.20883,22.25742],[114.20888,22.25736],[114.209,22.25731],[114.20914,22.25728],[114.20922,22.25725],[114.20925,22.25721],[114.20936,22.25696],[114.20942,22.25691],[114.20952,22.2569],[114.20982,22.25695],[114.20995,22.25703],[114.21002,22.25704],[114.21009,22.257],[114.21013,22.25692],[114.2102,22.2567],[114.21037,22.25674],[114.21043,22.25663],[114.21047,22.25654],[114.21051,22.2564],[114.21055,22.25634],[114.2106,22.25631],[114.21069,22.25624],[114.21086,22.25615],[114.2109,22.25613],[114.21114,22.25601],[114.21128,22.25591],[114.21135,22.25578],[114.21135,22.25568],[114.21131,22.25554],[114.21124,22.25539],[114.21109,22.25518],[114.21097,22.25504],[114.2109,22.25487],[114.21096,22.25483],[114.21103,22.25482],[114.2112,22.25465],[114.21123,22.25464],[114.21129,22.25467],[114.21133,22.25481],[114.21141,22.25524],[114.21148,22.25543],[114.21163,22.25557],[114.21178,22.25562],[114.21194,22.25564],[114.21206,22.25563],[114.21214,22.25561],[114.21231,22.2556],[114.21261,22.2558],[114.21272,22.25587],[114.21255,22.25596],[114.21241,22.25608],[114.21232,22.25615],[114.21195,22.25626],[114.21191,22.25624],[114.21181,22.25618],[114.21172,22.25617],[114.21158,22.25621],[114.21148,22.25625],[114.21133,22.25634],[114.21119,22.25643],[114.21107,22.25647],[114.21092,22.2565],[114.21077,22.25653],[114.21066,22.25661],[114.21064715177897,22.25662284822103],[114.21041400295746,22.257438359527075],[114.21037894,22.25733663],[114.2104444559795,22.25716130564921],[114.21037,22.25734],[114.21037,22.25758],[114.2104,22.2577],[114.21044,22.25777],[114.21048,22.25788],[114.21055,22.25795],[114.21060660861822,22.25799717384851],[114.21052865208517,22.25777099551636],[114.21068718466793,22.25796313675134],[114.21061095292728,22.25800047646364],[114.21065,22.25802],[114.21074,22.25803],[114.2108,22.25803],[114.21091,22.25798],[114.21099,22.25793],[114.21119,22.25774],[114.21122,22.2577],[114.21126,22.25768],[114.21127,22.25768],[114.21191,22.25822],[114.21209,22.25839],[114.21207,22.25843],[114.21184,22.25854],[114.21176,22.25859],[114.21173,22.25863],[114.21164,22.25872],[114.21141,22.25886],[114.2114,22.25908],[114.21139,22.25911],[114.21141,22.25914],[114.2115,22.25922],[114.21161,22.25934],[114.21167,22.25941],[114.21169,22.25944],[114.21171,22.25952],[114.2118,22.25964],[114.21188,22.25971],[114.21189,22.25974],[114.21188,22.25977],[114.21179,22.25987],[114.2117,22.26004],[114.21167,22.26009],[114.21166,22.26012],[114.21167,22.26016],[114.21177928936638,22.260217859076317],[114.21171497,22.26017644],[114.21212651792925,22.260379806982307],[114.21206288,22.26040048],[114.21201473983976,22.26036947967951],[114.21203,22.2604],[114.2121,22.26043],[114.21238,22.26043],[114.21247,22.2604],[114.21265,22.26026],[114.21269,22.26025],[114.21284,22.26027],[114.21294,22.26026],[114.213,22.26025],[114.21308,22.26019],[114.21317,22.26008],[114.21319,22.26007],[114.21329,22.26008],[114.21342,22.26006],[114.21345,22.26006],[114.21372,22.25987],[114.21377,22.25984],[114.21401,22.25977],[114.21406,22.25977],[114.2141,22.25978],[114.21429,22.25985],[114.21448,22.25989],[114.21457,22.25988],[114.21463,22.25986],[114.21467,22.25981],[114.21469,22.25978],[114.21471,22.25968],[114.21474,22.25962],[114.21479,22.25959],[114.21495,22.25951],[114.215,22.25949],[114.21506,22.25942],[114.21515,22.2592],[114.21517,22.25912],[114.21519,22.25909],[114.21522,22.25905],[114.21524,22.25903],[114.21532,22.259],[114.21605,22.25844],[114.21609,22.25839],[114.21613,22.25832],[114.21618,22.25828],[114.21622,22.25826],[114.21627,22.25824],[114.2164,22.25819],[114.21645,22.2581],[114.21651,22.25801],[114.21658,22.25791],[114.21663,22.25786],[114.21669,22.25783],[114.21678,22.25782],[114.2169,22.2578],[114.21694,22.25777],[114.21697,22.25772],[114.21705,22.25747],[114.21709,22.25744],[114.21714,22.25741],[114.21719,22.25741],[114.21725,22.25744],[114.21727,22.25745],[114.21737,22.25763],[114.21741,22.25768],[114.21749,22.25772],[114.21752,22.25772],[114.21766,22.25762],[114.21772,22.25762],[114.21776,22.25763],[114.2178,22.25767],[114.21781,22.25774],[114.21782,22.25778],[114.21806,22.25803],[114.21814,22.25815],[114.21816,22.25818],[114.2182,22.25818],[114.21829,22.25815],[114.21837,22.25809],[114.21845,22.25798],[114.21852,22.25781],[114.21856,22.25778],[114.21861,22.25775],[114.21873,22.2577],[114.21881,22.25768],[114.21889,22.25768],[114.21912,22.25768],[114.21917,22.25768],[114.21924,22.25765],[114.21938,22.25757],[114.21968,22.25744],[114.21983,22.25743],[114.22001,22.25738],[114.22015,22.25733],[114.22022,22.25728],[114.22037,22.25716],[114.22052,22.25706],[114.22062,22.25701],[114.22069,22.25699],[114.22079,22.257],[114.22086,22.25699],[114.22115,22.25686],[114.22123,22.25679],[114.22128,22.25672],[114.22131,22.25671],[114.22137,22.25669],[114.22162,22.25668],[114.22168,22.25669],[114.22174,22.25671],[114.22184,22.25675],[114.22192,22.25676],[114.22288,22.25669],[114.22819665812322,22.257194934011704],[114.22906982810565,22.25688884043871],[114.22945,22.25663],[114.22961,22.25654],[114.22968,22.25652],[114.22993,22.25646],[114.23004,22.25641],[114.23011,22.25635],[114.2302,22.25624],[114.23049,22.2558],[114.23072014335764,22.25608128632601],[114.2309503870616,22.25601840346037],[114.23093886580389,22.25602890193693],[114.23145,22.25574],[114.23152,22.25568],[114.23159,22.2556],[114.23181,22.25525],[114.23188,22.25515],[114.23196,22.25506],[114.23204,22.255],[114.23214,22.25497],[114.23228,22.25495],[114.23263,22.25494],[114.23282,22.25496],[114.23299,22.25497],[114.23306,22.25497],[114.23315,22.25495],[114.23323,22.25491],[114.23364,22.25463],[114.23373,22.2546],[114.23398,22.25466],[114.23402,22.25469],[114.23403,22.2547],[114.23408,22.25487],[114.2340934237668,22.254937118833926],[114.2343677133872,22.25518654724467],[114.2344,22.2552],[114.23445,22.25524],[114.23447,22.25528],[114.23447,22.255354362783088],[114.23473582550795,22.256132912753976],[114.23483,22.25618],[114.2349,22.25621],[114.23499,22.25621],[114.23519,22.25615],[114.23527,22.25616],[114.23532,22.25618],[114.23536,22.25628],[114.23543,22.25649],[114.2355,22.2566],[114.23559,22.25669],[114.23573,22.25679],[114.23578,22.25681],[114.23584,22.25681],[114.23586,22.2568],[114.23591,22.25674],[114.23598,22.25658],[114.23602,22.25653],[114.23604,22.2565],[114.23614,22.25645],[114.23622,22.25643],[114.23629,22.25642],[114.23635,22.25644],[114.23638,22.25646],[114.23642,22.25653],[114.23646,22.25659],[114.23648,22.25671],[114.23648,22.25707],[114.23649,22.25712],[114.23652,22.25718],[114.23655,22.25721],[114.23659,22.25725],[114.23666,22.25726],[114.23669027541784,22.25726],[114.2368331776311,22.257074578951155],[114.23684,22.25702],[114.23687,22.25696],[114.23689,22.25693],[114.23692,22.25691],[114.23695,22.2569],[114.23701,22.2569],[114.23706,22.25691],[114.23713,22.25697],[114.23719,22.25705],[114.23731,22.25717],[114.23736,22.2572],[114.23741,22.25722],[114.23745,22.25723],[114.23751,22.25722],[114.23756,22.25719],[114.23765,22.25714],[114.23796,22.25679],[114.23801,22.25674],[114.23807,22.25671],[114.23813,22.25669],[114.2382,22.25665],[114.23826,22.25658],[114.2383,22.25654],[114.23871,22.25625],[114.23876,22.25624],[114.23906,22.25617],[114.23913,22.25617],[114.23913646033752,22.256171987796158],[114.24020514499452,22.25593491300329],[114.24023,22.25592],[114.2402582302068,22.255923136689646],[114.241251179488,22.255702862875825],[114.24141,22.25562],[114.24146,22.25561],[114.24151,22.25561],[114.24156186990571,22.25563393995648],[114.24246813135606,22.255432896791667],[114.24251,22.2554],[114.24254,22.2554],[114.24261,22.2554],[114.24266,22.25539],[114.24268,22.25537],[114.24275,22.25527],[114.24275,22.25523],[114.24273,22.25521],[114.24270765269705,22.255201061078825],[114.24265413,22.25538742],[114.24263873417452,22.255391596166238],[114.24269776512614,22.255197106050456],[114.24268,22.25519],[114.24263,22.25515],[114.24262,22.25512],[114.24263,22.25508],[114.24272,22.2549],[114.24272,22.25488],[114.24271,22.25483],[114.24272,22.25479],[114.24289,22.25454],[114.24289951895713,22.2545323848343],[114.24290285,22.25452141],[114.24289975141251,22.254532198869992],[114.24294,22.2545],[114.24304,22.25448],[114.24309,22.25447],[114.24338,22.25417],[114.24342,22.25414],[114.24346,22.25412],[114.24351,22.25412],[114.24363,22.25413],[114.24368,22.25411],[114.24372,22.25406],[114.24376,22.25403],[114.24388,22.25398],[114.24393,22.25398],[114.24398,22.25395],[114.24399,22.25393],[114.24402,22.25375],[114.24405,22.25369],[114.24409,22.25364],[114.24411,22.25363],[114.24430085773557,22.25360397394515],[114.2444436,22.2535103],[114.24447828554938,22.253509061271608],[114.24451,22.2535],[114.24453148415404,22.25350716138468],[114.24570473918611,22.253465260813886],[114.24574,22.25343],[114.24577,22.25342],[114.24628,22.25338],[114.24647,22.25333],[114.24655,22.25333],[114.24663,22.25336],[114.2466997267273,22.253429726727294],[114.24685616255027,22.25342413991957],[114.24689,22.25337],[114.24692,22.25335],[114.24696,22.25333],[114.24729,22.25334],[114.24733,22.25336],[114.24738,22.25339],[114.24985389341003,22.24665994588454],[114.24872487,22.24600628],[114.24790852,22.24697988],[114.24700803,22.24625696],[114.24699864,22.2455162],[114.24659897,22.2455798],[114.24647243,22.2453024],[114.24734484,22.24454702],[114.24689364,22.24450341],[114.24736794,22.24417133],[114.24695454,22.24368779],[114.24750741,22.24366826],[114.2477727,22.24300974],[114.24828299,22.24297617],[114.24803559,22.24283007],[114.24840239,22.24238091],[114.24946523,22.24236803],[114.24942623,22.24206819],[114.24992091,22.24218483],[114.24995029,22.24182771],[114.25029868,22.24215149],[114.25029595,22.24142515],[114.25049992,22.24166193],[114.25082396,22.24147164],[114.25024545,22.24095604],[114.2507868,22.2410759],[114.25100384,22.24058725],[114.25076463,22.23948651],[114.25013304,22.23853043],[114.25051827,22.23832531],[114.25094063,22.23859864],[114.25125496,22.23842984],[114.25104537,22.23820023],[114.25148509,22.23826889],[114.25191996,22.23761915],[114.25151814,22.23705764],[114.25276334,22.23705887],[114.25275974,22.2362638],[114.25302802,22.23604252],[114.25332914,22.23613916],[114.25364078,22.23565604],[114.25373896,22.23495247],[114.25270383,22.2345699],[114.25254918,22.23378669],[114.25288162,22.23350706],[114.25236663,22.23332358],[114.25250529,22.23295116],[114.25179225,22.23224977],[114.25219372,22.23121547],[114.25327612,22.23116964],[114.25361185,22.23061507],[114.2543823,22.23066318],[114.25442162,22.23033445],[114.2559184,22.22955373],[114.25599173,22.22986466],[114.25566765,22.22982544],[114.25597158,22.23044964],[114.25638765,22.23031862],[114.25714011,22.23070618],[114.25817604,22.23035901],[114.25907002,22.23099543],[114.25988636,22.23105286],[114.26006539,22.22986899],[114.25982921,22.22954444],[114.25899674,22.22947397],[114.25939199,22.2292199],[114.25857405,22.22921775],[114.25796,22.22979872],[114.25792332,22.22939553],[114.25719825,22.22983992],[114.25610056,22.2297133],[114.25584772,22.22885031],[114.25644479,22.2284282],[114.25641758,22.2280016],[114.25284022,22.2288636],[114.25260055,22.2294664],[114.25079149,22.22849831],[114.25029292,22.22759489],[114.25133055,22.22672928],[114.25119652,22.22574522],[114.25159024,22.22484214],[114.25214381,22.22472044],[114.25210439,22.22409716],[114.25299848,22.22320586],[114.25332115,22.2232918],[114.25345372,22.22256422],[114.25387771,22.22228947],[114.25367553,22.22221352],[114.25406891,22.22158907],[114.25378598,22.22109773],[114.2541467,22.22092959],[114.25381013,22.2209162],[114.25481209,22.22063451],[114.25478181,22.22026397],[114.25439807,22.22013701],[114.25452516,22.219652],[114.2551003,22.21962868],[114.25471096,22.21957492],[114.25460465,22.21902872],[114.25477117,22.21792567],[114.25519503,22.21767898],[114.25492589,22.21766206],[114.25515176,22.21746979],[114.25489542,22.21654306],[114.25531408,22.21618928],[114.25462655,22.21490815],[114.25527755,22.2140139],[114.2549912,22.21280208],[114.25568172,22.21283949],[114.25516943,22.21206855],[114.25473482,22.21211658],[114.25437786,22.21169075],[114.25449261,22.2113001],[114.2552794,22.21073414],[114.25729617,22.21142203],[114.25820203,22.21073236],[114.25819211,22.21112259],[114.25852334,22.21105342],[114.25872066,22.21065091],[114.25829119,22.20950811],[114.25877156,22.209238],[114.25981337,22.20940315],[114.26005655,22.20883393],[114.26110884,22.20851199],[114.26084569,22.20829673],[114.26131481,22.20787724],[114.26084205,22.2079662],[114.2610368,22.20744445],[114.26060334,22.20727559],[114.26055308,22.20686398],[114.26028666,22.20697099],[114.26036948,22.20760387],[114.25969214,22.2079213],[114.25699868,22.20701267],[114.25666,22.20804601],[114.25605846,22.2083279],[114.25554746,22.20813861],[114.25514886,22.20737625],[114.25513534,22.20706798],[114.25541178,22.20732434],[114.25545821,22.20630753],[114.25510729,22.20598891],[114.25453035,22.20635481],[114.25471705,22.20650461],[114.25438165,22.20646993],[114.25444277,22.20681037],[114.25414459,22.2068324],[114.25420387,22.2064494],[114.25355508,22.20649344],[114.25359037,22.2065573],[114.2538223,22.20668177],[114.25335195,22.20677828],[114.25321012,22.20721514],[114.25308612,22.20699686],[114.25326631,22.20765414],[114.25257312,22.20762086],[114.2525825,22.20828621],[114.25219212,22.20807273],[114.252251,22.20835528],[114.25127397,22.20741377],[114.24984363,22.20726165],[114.24946957,22.20697968],[114.24860667,22.20743163],[114.24836292,22.20691075],[114.24694571,22.20671863],[114.24581517,22.20719758],[114.24402382,22.20739455],[114.24313103,22.20823958],[114.24258473,22.20794116],[114.24148832,22.20941373],[114.24145377,22.21030039],[114.24175259,22.21075064],[114.24130421,22.21104206],[114.24255667,22.21118906],[114.24319219,22.2120792],[114.24291199,22.21401893],[114.24202787,22.21550147],[114.24232371,22.21658996],[114.24179367,22.21759498],[114.24187992,22.21806003],[114.24051049,22.21888125],[114.23756785,22.21843759],[114.2376776,22.21917026],[114.23728767,22.21957317],[114.23815593,22.21991167],[114.23812667,22.22034798],[114.23644593,22.22100973],[114.23563217,22.22260713],[114.23619678,22.22266711],[114.23635846,22.22301417],[114.23634204,22.22519652],[114.23668368,22.22524533],[114.23676523,22.22577931],[114.23596523,22.22745978],[114.23618091,22.22783463],[114.23574694,22.2303125],[114.23593657,22.23105139],[114.23530208,22.23203097],[114.23542966,22.23270128],[114.23498088,22.23332103],[114.23513637,22.23391237],[114.23369594,22.23591091],[114.2344805,22.23621704],[114.2348248,22.23679444],[114.23451898,22.23862302],[114.23475592,22.23925696],[114.23454842,22.23925705],[114.2348006,22.23932438],[114.23471995,22.24015222],[114.23504506,22.24049199],[114.23414349,22.24146962],[114.23371842,22.24134249],[114.23350156,22.23913222],[114.23243741,22.24043232],[114.23197256,22.24050638],[114.23097741,22.24148427],[114.22786132,22.2420928],[114.2267263,22.2413591],[114.22605383,22.24134253],[114.22547053,22.24305566],[114.22578258,22.24315401],[114.22595792,22.2438088],[114.22526982,22.24476234],[114.22515367,22.24575669],[114.22466003,22.2458008],[114.22458135,22.24645553],[114.22517405,22.24654984],[114.2250268,22.24683848],[114.22422331,22.2466749],[114.22411449,22.24706261],[114.22289516,22.24603726],[114.22390964,22.24560114],[114.22333048,22.24517517],[114.22337854,22.24407013],[114.22301495,22.24411365],[114.22298354,22.24356201],[114.22379932,22.24291219],[114.22329228,22.24267506],[114.22385057,22.24193039],[114.2242616,22.23875117],[114.2247236,22.23835611],[114.2256392,22.23836247],[114.22584415,22.23888619],[114.22806288,22.23813067],[114.22879535,22.23740222],[114.22865393,22.23585248],[114.22959362,22.23413939],[114.22976947,22.23307473],[114.2294791,22.23256467],[114.23004565,22.23184707],[114.22950469,22.23030579],[114.22851577,22.22971154],[114.22691853,22.22978523],[114.22529836,22.23066319],[114.22383228,22.23295615],[114.22321474,22.23293303],[114.22291795,22.23272649],[114.22304822,22.23169331],[114.22238907,22.23140265],[114.22200155,22.23056866],[114.2217195,22.23053426],[114.22153412,22.22961296],[114.21998192,22.2286228],[114.21891165,22.22910605],[114.21864872,22.22893653],[114.2188783,22.22819093],[114.21869348,22.22773801],[114.21893286,22.22760243],[114.21852372,22.22766831],[114.21819545,22.22656819],[114.21746698,22.22620703],[114.21701151,22.22536958],[114.21583007,22.22502417],[114.21546372,22.22468436],[114.21564321,22.22453073],[114.21534389440704,22.224556130908333],[114.2154366,22.22443898],[114.21490123,22.22422517],[114.21520965,22.22351392],[114.21472411,22.22274147],[114.21499476,22.22259435],[114.2143668,22.22243099],[114.21415592,22.22196598],[114.21444605,22.21920497],[114.21518628,22.21883408],[114.21519573,22.21933263],[114.21571096,22.21853121],[114.21619462,22.21870845],[114.21694083,22.21741801],[114.21833526,22.21713153],[114.21831361,22.21680636],[114.21888454,22.21675604],[114.21898493,22.21635642],[114.21956795,22.21637227],[114.21968524,22.21689395],[114.21984744,22.21657984],[114.22074801,22.21641855],[114.22042765,22.21603565],[114.22089365,22.21528184],[114.22131378,22.21523659],[114.22114523,22.21558512],[114.22158427,22.21550704],[114.22135728,22.21571905],[114.22208297,22.21562119],[114.22177677,22.21527906],[114.22134897,22.21518308],[114.2224795,22.21468937],[114.2227223,22.21282564],[114.22230707,22.21252513],[114.22168411,22.21284733],[114.22125125,22.21260698],[114.22045572,22.21176222],[114.22070983,22.21149302],[114.2204038,22.21133613],[114.22043566,22.2101464],[114.21960551,22.20964979],[114.21874295,22.20992005],[114.2181852,22.20911926],[114.2189092,22.20726135],[114.22021899,22.20677064],[114.22016411,22.20554799],[114.21962976,22.20559301],[114.21953932,22.20532271],[114.21946653297383,22.205337295730263],[114.21935182,22.2051605],[114.22108773,22.20387522],[114.22159966,22.20226484],[114.22325262,22.20059344],[114.22310011,22.19928564],[114.22406784,22.19840905],[114.22388431,22.19707912],[114.22303789,22.19585931],[114.22274167,22.19597724],[114.22177322,22.1953813],[114.21867662,22.19477237],[114.21815055,22.19522233],[114.21641046,22.19467989],[114.21557832,22.19483273],[114.21387743,22.19417426],[114.21129283,22.19682312],[114.21136694,22.19875312],[114.21095036,22.2004862],[114.21167614,22.2020583],[114.2118902,22.20414639],[114.21300665,22.20412944],[114.21189396,22.20415189],[114.21161789,22.20862187],[114.21262428,22.21004524],[114.21286131,22.21098568],[114.21405332,22.21116096],[114.21453096,22.21180366],[114.21410144,22.2120828],[114.21477662,22.21185358],[114.21493421,22.21310302],[114.21427754,22.21369715],[114.21431886,22.21470332],[114.21345375,22.21509888],[114.2135169,22.21639027],[114.21307704,22.2168371],[114.21224036,22.21668567],[114.21208764,22.21689902],[114.21239621,22.21703275],[114.21199473,22.21786134],[114.21103159,22.21851205],[114.21005728,22.21835995],[114.21026163,22.2170681],[114.21003141,22.21756743],[114.20893751,22.21730502],[114.20855189,22.21680646],[114.20736924,22.21683344],[114.20624674,22.21538191],[114.20619081,22.21507607],[114.20679098139415,22.214623668583833],[114.20705786,22.21449009],[114.20704391,22.21408116],[114.20618204,22.21316602],[114.20582976,22.2131746],[114.20529805,22.21237532],[114.20468124,22.21236965],[114.20448676,22.2127911],[114.20308431,22.21291103],[114.20298065,22.21270021],[114.20216005,22.21317633],[114.20098761,22.21217395],[114.20081363,22.21141968],[114.2001241,22.21058263],[114.19929008,22.21021872],[114.19792636,22.21030417],[114.19741996,22.2106754],[114.19729986,22.21047259],[114.19689834,22.21181749],[114.19724294,22.21432139],[114.19838396,22.2156597],[114.20054855,22.21681119],[114.20182913,22.21699881],[114.20200015,22.21745497],[114.2019892,22.21861613],[114.20117957,22.21931786],[114.20132316,22.22011122],[114.20078642,22.22078311],[114.20157634,22.22153534],[114.20089812,22.2209384],[114.19977439,22.22088166],[114.19787137,22.22138152],[114.19697902,22.22207643],[114.19681727,22.22178413],[114.19638856,22.2219562],[114.19549543,22.22283682],[114.19559575,22.22307485],[114.19497476,22.2229821],[114.19392466,22.22376211],[114.19378504,22.22418874],[114.19656458,22.22407211],[114.19778316,22.22568357],[114.19782989,22.22610028],[114.19701135,22.22776404],[114.19641054,22.22813423],[114.19633464,22.22866388],[114.19667356,22.22926348],[114.19776693,22.22947031],[114.1982303,22.23007352],[114.19807336,22.23211454],[114.19841336,22.23289602],[114.19839556,22.23411767],[114.197736,22.23437579],[114.19829493,22.23459015],[114.19693124,22.23442593],[114.19760634,22.2348986],[114.19610022,22.23648115],[114.19423593,22.23769366],[114.19399858,22.23769672],[114.19393152,22.23715102],[114.1936883,22.23744866],[114.19213198,22.23618961],[114.19060001,22.23611506],[114.19096563588329,22.237199942727067],[114.19037947,22.2360312],[114.18988808,22.23608675],[114.18856242,22.23722907],[114.18668849,22.23969059],[114.1869215,22.24101809],[114.18671355,22.24154432],[114.18753785,22.24223271],[114.18801426,22.24221648],[114.18823341,22.24280905],[114.18798103,22.24396545],[114.18734103,22.24473491],[114.18579867,22.245771],[114.18447718,22.24517008],[114.18315264,22.24550653],[114.1807666,22.24499303],[114.180363,22.24499572],[114.17942765,22.24470405],[114.17863262,22.2437269],[114.17965449,22.242642],[114.17909846,22.24226932],[114.1781827,22.24226073],[114.1776239,22.24110374],[114.17665754,22.24057731],[114.17648214,22.23933698],[114.17579613,22.23860984],[114.17631418,22.23824734],[114.17616059,22.23757032],[114.17514971,22.23774947],[114.17513168,22.23695946],[114.17470633,22.23678307],[114.17427041,22.23587307],[114.17426337,22.23373875],[114.17330741,22.23053336],[114.17158535,22.22976886],[114.17007297,22.2309379],[114.16928322,22.23080389],[114.1693536,22.2313562],[114.16891086,22.23130071],[114.16827007,22.23212347],[114.16753317,22.23197444],[114.16732887,22.23258148],[114.16691809,22.23236463],[114.16681772,22.23283953],[114.16617318,22.23302605],[114.16622174,22.23349125],[114.16676818,22.23386847],[114.16656964,22.23407484],[114.16723674,22.23456022],[114.16721186,22.23590296],[114.16517138,22.23626303],[114.16438614,22.2381488],[114.16440929519439,22.238167567902806],[114.16270847,22.23781827],[114.16443563,22.23838982],[114.16556853,22.23975896],[114.16573058,22.24157531],[114.16569808,22.24179831],[114.16548866,22.24163601],[114.16566625,22.24183022],[114.16533672,22.24168031],[114.16543747,22.24199204],[114.16504704,22.24186955],[114.16515791,22.24208807],[114.16459328,22.24249749],[114.16427851,22.24223103],[114.16386447,22.24259501],[114.1634725,22.24230075],[114.16380587,22.24264711],[114.16351961,22.24266903],[114.1638893,22.24373116],[114.16367744,22.24404364],[114.16282492,22.24310271],[114.16255512,22.24337749],[114.16359392,22.24421827],[114.16452823,22.24445713],[114.16420008,22.24538061],[114.16338763,22.24548681],[114.16376583,22.2449914],[114.16332461,22.24550147],[114.16290269,22.24552343],[114.16358728,22.24469559],[114.16277839,22.24559827],[114.16236749,22.24553938],[114.16333188,22.24448587],[114.1622022,22.24551688],[114.16213995,22.24513331],[114.16288475,22.2441082],[114.16207672,22.24514509],[114.16162558,22.24515522],[114.16274079,22.24398393],[114.16248885,22.24376891],[114.16268748,22.24398539],[114.16213097,22.2445662],[114.16210426,22.24438018],[114.16158812,22.24490251],[114.16143657,22.24535186],[114.16085579,22.24525107],[114.16011326,22.24617148],[114.1610397,22.24730068],[114.15992069,22.24635462],[114.15843624,22.24705532],[114.15497667,22.24663649],[114.15428119,22.24720973],[114.15396733,22.24700755],[114.1540199,22.24725286],[114.15396493,22.24726185],[114.15393818,22.2470308],[114.15394563,22.24726501],[114.15311103,22.24740162],[114.15307854,22.24717541],[114.15251352,22.24749904],[114.15246079,22.24728101],[114.15249979,22.24750129],[114.15184858,22.24740062],[114.15053521,22.24786437],[114.15046514,22.24760835],[114.15045328,22.24788585],[114.15000608,22.24798797],[114.14875749,22.24760926],[114.14874243,22.24783738],[114.14670558,22.24830111],[114.14403744,22.24813841],[114.1438193,22.24805382],[114.14476444,22.24570872],[114.14370215,22.24814961],[114.14216822,22.24801477],[114.14126597,22.24830417],[114.13973372,22.24883195],[114.13778952,22.24846701],[114.13652774,22.24896172],[114.13625103,22.24881854],[114.13493839,22.24995076],[114.13414807,22.25134122],[114.13319573,22.2522135],[114.13330290141369,22.25257724064147],[114.13252855,22.25201418],[114.13220299,22.25216995],[114.13185757,22.25334492],[114.13201471,22.25434885],[114.13178217,22.25478252],[114.13206256,22.25532635],[114.12780181,22.26108437],[114.12737474,22.26111782],[114.12753793,22.26155985],[114.12715337,22.26140194],[114.1273559,22.26201641],[114.12662268,22.26238886],[114.12604658,22.26389722],[114.12570577,22.26384629],[114.12587385,22.26402859],[114.12538513,22.26500973],[114.12449668,22.26603425],[114.1237667,22.26782356],[114.12334806,22.26797067],[114.12263156,22.27016922],[114.12140695,22.2711877],[114.11928062,22.2719662],[114.11793329,22.27375746],[114.11850333,22.27412838],[114.11870186099709,22.27402052269058],[114.11906,22.27364],[114.11925,22.27353],[114.11945,22.27347],[114.11976209319263,22.273444523004684],[114.12097252471493,22.272786923490557],[114.12105,22.2727],[114.12114,22.27265],[114.12125,22.27258],[114.12141,22.27251],[114.12154384368206,22.272476539079484],[114.12156547,22.27246479],[114.1215792174847,22.272469122144315],[114.12178,22.27245],[114.12201,22.27247],[114.12216,22.2725],[114.12226,22.27256],[114.12247,22.2727],[114.12273,22.27285],[114.12285,22.27287],[114.12285327526335,22.27287],[114.12317375425646,22.272808331441574],[114.12326,22.27277],[114.12341,22.27271],[114.1235,22.2727],[114.12358,22.2727],[114.12366,22.27271],[114.12376,22.27274],[114.12423,22.27297],[114.12467,22.27316],[114.12518,22.27338],[114.12533,22.27343],[114.12542,22.2735],[114.12551,22.27357],[114.12574,22.27384],[114.12596,22.27409],[114.12619,22.27426],[114.12637,22.27434],[114.1265,22.27438],[114.12671,22.27444],[114.12687,22.27446],[114.12775,22.27456],[114.12786,22.27457],[114.12816,22.27469],[114.12825014555423,22.274737032463076],[114.12826552,22.27474049],[114.12827679633845,22.274750937220066],[114.12839,22.27481],[114.12851,22.27488],[114.12882,22.2751],[114.12901,22.27527],[114.12917,22.27545],[114.12926,22.2756],[114.12953160749097,22.275567665774883],[114.1334021475265,22.27347853942162],[114.13357684648382,22.273456656188777],[114.12968435,22.27549003],[114.12953875269699,22.27556681515512],[114.12968,22.27555],[114.13636,22.27207],[114.14008,22.26649],[114.1401169990733,22.266431554006243],[114.13999446,22.26645709],[114.13986849803426,22.26646195207169],[114.14014190485057,22.2663922113208],[114.14303,22.26183],[114.14333,22.26055],[114.14325,22.26037],[114.1432,22.26018],[114.14316,22.25994],[114.14317,22.25985],[114.14321,22.25986],[114.14327,22.25986],[114.1433,22.25984],[114.14331,22.25982],[114.14334,22.25971],[114.14334,22.25969],[114.14337,22.25967],[114.1434,22.25966],[114.14345,22.25966],[114.14349,22.25965],[114.14354,22.25963],[114.1436,22.25958],[114.14366,22.25955],[114.14368,22.25952],[114.14385,22.25923],[114.14389,22.25921],[114.14399,22.25917],[114.14409,22.25911],[114.14413,22.25909],[114.14418,22.25908],[114.14424,22.25909],[114.14431,22.25912],[114.14442,22.25921],[114.14451,22.25924],[114.14456,22.25924],[114.14469,22.25921],[114.14474,22.25918],[114.14496,22.259],[114.14521,22.25877],[114.14526,22.25871],[114.14529,22.2586],[114.1453,22.25858],[114.14545,22.25851],[114.14557,22.25849],[114.14565529120175,22.25842366239864],[114.14571485938576,22.25831766252583],[114.14567,22.25821],[114.14567,22.25818],[114.14568,22.25813],[114.14572,22.2581],[114.14577,22.25808],[114.14585734147994,22.25806411973092],[114.14684,22.256315507113587],[114.14684,22.25631],[114.14681,22.25626],[114.14679,22.25625],[114.14659,22.25625],[114.14649,22.25622],[114.14635,22.25616],[114.14625,22.2561],[114.1462,22.25604],[114.14619,22.25599],[114.14619,22.25596],[114.14621,22.25591],[114.14634,22.25578],[114.14636,22.25575],[114.14636,22.25571],[114.14632,22.25566],[114.14621,22.25555],[114.14617,22.25551],[114.14616,22.25545],[114.14619,22.25527],[114.14619,22.25522],[114.14608,22.25493],[114.14607,22.25482],[114.14606,22.25478],[114.14603,22.25476],[114.14599,22.25476],[114.1457,22.25485],[114.14547,22.25486],[114.14543,22.25485],[114.14532,22.25477],[114.1453,22.25473],[114.14531,22.25451],[114.14537,22.25431],[114.14541,22.25415],[114.14541,22.25409],[114.14543,22.25403],[114.14546,22.254],[114.1455,22.25397],[114.14562,22.25393],[114.14564,22.25392],[114.14566,22.25388],[114.14573,22.25363],[114.14577,22.25357],[114.14587,22.25352],[114.14591,22.25348],[114.146,22.2533],[114.146,22.25324],[114.14597,22.25315],[114.14596,22.2529],[114.14598843984882,22.25281468045354],[114.14597404,22.25282738],[114.14598868053078,22.25281395840768],[114.14599,22.25281],[114.1461,22.25268],[114.14614,22.25266],[114.14615945020793,22.252657406638942],[114.14645176119639,22.252389432821648],[114.14646,22.25234],[114.14657,22.25225],[114.14661,22.25223],[114.14676,22.25212],[114.14683,22.25209],[114.14694,22.25208],[114.147,22.25209],[114.14707,22.25213],[114.14716,22.25219],[114.1472,22.25223],[114.14726,22.25225],[114.14734,22.25226],[114.14743,22.25229],[114.14762,22.25234],[114.148,22.25235],[114.1481,22.25243],[114.14814,22.25248],[114.14818,22.25259],[114.14818,22.25264],[114.14818,22.25278],[114.14823,22.25283],[114.14826,22.25285],[114.14836,22.25287],[114.14849,22.25295],[114.14854,22.25297],[114.14862,22.25303],[114.14881,22.25329],[114.14887,22.25339],[114.14888,22.25345],[114.1489,22.25349],[114.14892,22.25353],[114.14897,22.25356],[114.14903,22.25358],[114.14907,22.25358],[114.14916,22.25356],[114.14931,22.25348],[114.14939,22.25337],[114.14942,22.25337],[114.14948,22.25336],[114.14959,22.25339],[114.14971,22.25344],[114.14981,22.2535],[114.1499,22.25351],[114.14997,22.25352],[114.15006,22.25356],[114.15024,22.25367],[114.15042,22.25369],[114.15048,22.25371],[114.15072,22.2539],[114.15078,22.25397],[114.15081,22.25406],[114.15082,22.25408],[114.15086,22.2541],[114.15103,22.25409],[114.15111,22.25409],[114.15129,22.25413],[114.15137,22.25413],[114.15148,22.25412],[114.15165,22.25411],[114.1517,22.25412],[114.15175,22.25413],[114.15193,22.25428],[114.15197,22.25432],[114.15203,22.25442],[114.15207,22.25451],[114.15214,22.25459],[114.15216,22.25465],[114.15225,22.25484],[114.15227,22.25495],[114.15232,22.25505],[114.15237,22.25509],[114.15248,22.25512],[114.15259,22.25518],[114.15271,22.25526],[114.15286,22.25538],[114.1529,22.25543],[114.15296,22.25555],[114.15303,22.25562],[114.1532,22.25579],[114.15322,22.25581],[114.15324,22.25587],[114.15336,22.25601],[114.15348,22.25621],[114.15352,22.25625],[114.15359,22.25627],[114.15365,22.25628],[114.1537,22.25627],[114.15376,22.25626],[114.15379,22.25623],[114.15381,22.25619],[114.15383,22.25616],[114.15383,22.25593],[114.15386,22.25599],[114.15392,22.25605],[114.15395,22.25608],[114.15404281950487,22.256121253113278],[114.15395290723802,22.255976030534555],[114.15421069,22.25621963],[114.15422321597362,22.256344471881256],[114.15424,22.25642],[114.15429,22.2565],[114.15431,22.25653],[114.1543,22.25655],[114.1542,22.25663],[114.15419,22.25665],[114.15419,22.25673],[114.15424,22.25683],[114.15441,22.25708],[114.15449,22.25717],[114.15463,22.25729],[114.15467,22.25733],[114.15475,22.2575],[114.15479,22.25755],[114.155,22.25772],[114.15512,22.25788],[114.15523,22.25804],[114.15525,22.2581],[114.15525,22.258160549691695],[114.1552552,22.25807944],[114.15524212645649,22.2593016743203],[114.15831,22.25787]],[[114.19332997,22.25658329],[114.19326685024024,22.256585752595264],[114.19328830360395,22.256453510366853],[114.19332997,22.25658329]],[[114.19105521065482,22.23737854381211],[114.19166564,22.23741466],[114.19109155,22.237451],[114.19105521065482,22.23737854381211]],[[114.1629673,22.24854244],[114.16301432,22.24888302],[114.162459,22.25181428],[114.1629673,22.24854244]],[[114.16190165,22.25660521],[114.16318079,22.25694435],[114.16318321506074,22.25696784846946],[114.16190165,22.25660521]],[[114.1518218191727,22.254140638662463],[114.15184045,22.2541421],[114.1527847374859,22.255306106601115],[114.1518218191727,22.254140638662463]],[[114.1535400370973,22.25622028329616],[114.15381753,22.25609969],[114.15355774,22.25624171],[114.1535400370973,22.25622028329616]],[[114.13376595039902,22.253007586511064],[114.13388869,22.25308363],[114.13380061,22.25359722],[114.13376595039902,22.253007586511064]],[[114.13461798943817,22.25387099619584],[114.13466577,22.253887],[114.1343212,22.25516987],[114.13461798943817,22.25387099619584]],[[114.13641624,22.26543702],[114.13903289864527,22.266494205808833],[114.13870947,22.26650669],[114.13641624,22.26543702]],[[114.14480118746579,22.25912532393932],[114.14486571845504,22.259073615833426],[114.14480243,22.25912537],[114.14480118746579,22.25912532393932]],[[114.17135327,22.25549044],[114.17167319340443,22.2554803175917],[114.17132142724535,22.25552185830092],[114.17135327,22.25549044]],[[114.17617341,22.25407138],[114.1762015436842,22.254087105881226],[114.1761587406337,22.254077581143306],[114.17617341,22.25407138]],[[114.17879480937098,22.256806349176355],[114.17863337,22.25689967],[114.17855488443692,22.256699827390726],[114.17879480937098,22.256806349176355]],[[114.18838586,22.25560957],[114.18838378660777,22.255580129484606],[114.18898417531982,22.256749609560675],[114.18894561,22.25672087],[114.18838586,22.25560957]],[[114.1896458887044,22.25721025939499],[114.189609,22.25721524],[114.18928920635985,22.256976924104542],[114.1896458887044,22.25721025939499]],[[114.19036572,22.2570899],[114.19048770872433,22.257096599317276],[114.1902335626867,22.257130913372187],[114.19036572,22.2570899]],[[114.16606679127739,22.239511012698106],[114.16612591,22.23955893],[114.16624623,22.24135151],[114.16606679127739,22.239511012698106]],[[114.17630294356498,22.24842103677368],[114.17564935835095,22.24906148701411],[114.17571783,22.24887916],[114.17483245,22.24943093],[114.17630294356498,22.24842103677368]],[[114.17639502464604,22.248330806228005],[114.17652930689034,22.248098124654096],[114.17641588,22.24831037],[114.17639502464604,22.248330806228005]],[[114.1775391264634,22.24634832959481],[114.17759671,22.24624855],[114.17882970244194,22.245500696334105],[114.1775391264634,22.24634832959481]],[[114.17927204174008,22.24523240185441],[114.17931135,22.24520856],[114.18036301,22.24531039],[114.17927204174008,22.24523240185441]],[[114.18029204,22.25285698],[114.18029362772182,22.252906677363512],[114.17941521,22.25266454],[114.18029204,22.25285698]],[[114.17747410455145,22.25046362254193],[114.17765939,22.25054819],[114.17941521,22.25266454],[114.17747410455145,22.25046362254193]],[[114.17553547806705,22.249551290911253],[114.17547494,22.24952593],[114.17549876115153,22.249462498791747],[114.17553547806705,22.249551290911253]],[[114.20134553,22.25821812],[114.20150023,22.25745917],[114.20132784,22.25835384],[114.20027349237509,22.259102953607165],[114.20017121721939,22.25903976338871],[114.20134553,22.25821812]],[[114.20303988,22.22092735],[114.20300051419929,22.22153705184581],[114.20300946,22.22137199],[114.20303988,22.22092735]],[[114.20291866,22.22304737],[114.20292325654252,22.222962557715647],[114.2037049,22.22388311],[114.20371341970356,22.22394636558903],[114.20291866,22.22304737]],[[114.20449104681246,22.22544581720979],[114.20366685495195,22.22559301693366],[114.20390861,22.22539558],[114.20449104681246,22.22544581720979]],[[114.20455983,22.22545175],[114.20485350859545,22.225791861920776],[114.20454979744858,22.225450884657395],[114.20455983,22.22545175]],[[114.20554328,22.22656627],[114.20552600643647,22.226546876927074],[114.20564661,22.22543058],[114.20589895,22.22477016],[114.20554328,22.22656627]],[[114.20626976314917,22.214884549724193],[114.20614675893148,22.215005827440685],[114.20624351,22.21489769],[114.20626976314917,22.214884549724193]],[[114.20534491890167,22.21590203385989],[114.20453853,22.21726145],[114.20510337,22.21617201],[114.20534491890167,22.21590203385989]],[[114.21613795,22.23217703],[114.21775108047342,22.23266942693493],[114.21772348,22.23270767],[114.21613795,22.23217703]],[[114.21796430506552,22.232373984105884],[114.21797692,22.2321682],[114.21869214,22.2313655],[114.21796430506552,22.232373984105884]],[[114.21973099662551,22.229958568906586],[114.21983336,22.2298766],[114.22074846,22.2301842],[114.21973099662551,22.229958568906586]],[[114.22254600470461,22.235511205508313],[114.22255164,22.23555004],[114.22254252363176,22.235561079669083],[114.22254600470461,22.235511205508313]],[[114.2214319,22.23773837],[114.22079747250497,22.2378344923736],[114.22079388,22.2378058],[114.2214319,22.23773837]],[[114.22198695975483,22.242981287545675],[114.22198933,22.24302107],[114.22103129,22.24490997],[114.22198695975483,22.242981287545675]],[[114.22017538908517,22.247046269900018],[114.22019006786691,22.247085292534873],[114.22016433,22.24705837],[114.22017538908517,22.247046269900018]],[[114.22095945769357,22.247890095998685],[114.22109901636746,22.247997253990384],[114.22106682,22.2480024],[114.22095945769357,22.247890095998685]],[[114.20349954,22.22572966],[114.20358381673367,22.22566083273037],[114.20299163996708,22.227667833208468],[114.20349954,22.22572966]],[[114.20278386754912,22.228372013726343],[114.2027669,22.22842952],[114.2002287,22.23067364],[114.20278386754912,22.228372013726343]],[[114.19384916,22.25282729],[114.19385410227257,22.25280309991103],[114.1943963,22.25392838],[114.19384916,22.25282729]],[[114.19668091,22.25610735],[114.19670659671631,22.25605969286287],[114.19671896331388,22.256113193851547],[114.19668091,22.25610735]]],[[[114.15516,22.25934],[114.15517482823829,22.259333080155464],[114.15517977184783,22.2592559696467],[114.15516,22.25934]]],[[[114.15523,22.25842],[114.15519,22.25855],[114.15516,22.25862],[114.15515,22.25866],[114.15519,22.2588],[114.15519909352072,22.258954589852415],[114.15524281352324,22.2582726444826],[114.15523,22.25842]]],[[[114.14629,22.25264],[114.14634,22.25262],[114.1464,22.2525],[114.14644318445806,22.252413631083872],[114.14616807440927,22.25265625674543],[114.14629,22.25264]]],[[[114.14677,22.25663],[114.14684,22.25635],[114.14684,22.256317322207096],[114.14674602287583,22.2566699618736],[114.14677,22.25663]]],[[[114.14645,22.25735],[114.14649,22.25731],[114.1465,22.25729],[114.1465,22.25721],[114.14651,22.25718],[114.14667,22.25694],[114.14667048385105,22.25693806459576],[114.14638587858525,22.257366030353687],[114.14645,22.25735]]],[[[114.14607,22.25786],[114.1462,22.25767],[114.14624928814132,22.257571423717337],[114.14604064888773,22.257885158096233],[114.14607,22.25786]]],[[[114.12297,22.27287],[114.12308,22.27285],[114.1231184021127,22.272832932394355],[114.1228537223061,22.27287],[114.12297,22.27287]]],[[[114.11994,22.27343],[114.12005,22.27341],[114.12024,22.27337],[114.12033,22.27333],[114.12046,22.27327],[114.12057,22.27321],[114.12064,22.27316],[114.12085291628706,22.27292111831207],[114.11984789130501,22.27343751907714],[114.11994,22.27343]]],[[[114.11773,22.27382],[114.11853,22.27424],[114.11858,22.27415],[114.11869120208584,22.27403184778379],[114.11850333,22.27412838],[114.11786939,22.27374602],[114.11769842696623,22.27380279814022],[114.11773,22.27382]]],[[[114.24675,22.25348],[114.2468,22.25348],[114.24684,22.25345],[114.24684447589678,22.25344283856515],[114.24672098859882,22.25345098859882],[114.24675,22.25348]]],[[[114.24485,22.25363],[114.24514,22.25363],[114.24518,22.25362],[114.24525206389315,22.253547936106845],[114.24472898582545,22.25358245871714],[114.24485,22.25363]]],[[[114.24164,22.25567],[114.24168,22.25567],[114.24193,22.2556],[114.24198,22.2556],[114.24209,22.25561],[114.24213,22.2556],[114.24232,22.25554],[114.24237,22.25551],[114.24245845924091,22.25544049631072],[114.24162977330266,22.255665279985838],[114.24164,22.25567]]],[[[114.23926,22.25621],[114.23935,22.25625],[114.23947,22.25627],[114.23956,22.25626],[114.2397,22.25622],[114.23993,22.2561],[114.23993117564221,22.256099294614675],[114.2392133308173,22.256195640251473],[114.23926,22.25621]]],[[[114.2367,22.25726],[114.23674,22.25725],[114.23677,22.25723],[114.23681,22.25718],[114.23683,22.2571],[114.23683046861777,22.257096251057817],[114.23669381100385,22.25726],[114.2367,22.25726]]],[[[114.23456,22.25578],[114.23458,22.25588],[114.23465,22.25602],[114.23468730436196,22.256075956542936],[114.23454225862571,22.255602586257115],[114.23456,22.25578]]],[[[114.23447,22.25537],[114.23448227841008,22.25540683523026],[114.23447,22.255366763493978],[114.23447,22.25537]]],[[[114.23411,22.25502],[114.23415,22.25506],[114.23418,22.25511],[114.23428,22.25515],[114.23436132006032,22.255183883358466],[114.23409703455052,22.254955172752563],[114.23411,22.25502]]],[[[114.21062,22.25665],[114.21059274164982,22.256764485070757],[114.21064478453115,22.256625215468844],[114.21062,22.25665]]],[[[114.1963,22.25803],[114.19636,22.25807],[114.19647,22.25813],[114.19655,22.25813],[114.19684,22.25813],[114.19699,22.25812],[114.19707,22.25806],[114.19719750410225,22.25794843391054],[114.19653792,22.25812377],[114.1962385865681,22.257974272996982],[114.1963,22.25803]]],[[[114.16961,22.25679],[114.16964,22.25677],[114.16967,22.25675],[114.16970987816063,22.256670243678737],[114.16950649924905,22.256783099949935],[114.16961,22.25679]]],[[[114.15988758,22.24129291],[114.16034121,22.24128487],[114.16007172,22.24095083],[114.16085001,22.24072306],[114.16058463,22.24045932],[114.16090118,22.24020318],[114.16073642,22.2400026],[114.16097249,22.24006233],[114.16073885,22.2399953],[114.1608654,22.23961465],[114.16117863,22.23970237],[114.16086835,22.23960574],[114.1608007,22.23928083],[114.16113948,22.23923403],[114.16063901,22.23843972],[114.16099791,22.23800987],[114.16054547,22.23788705],[114.1608725,22.23757742],[114.16048538,22.23747035],[114.16088472,22.2374676],[114.16060061,22.23711267],[114.1610422,22.23703303],[114.16059706,22.23700809],[114.16053244,22.23641375],[114.16315654,22.23640739],[114.16043487,22.23619203],[114.15970715,22.23496002],[114.15977762,22.23425669],[114.15935252,22.23385884],[114.15953027,22.23343117],[114.16151514,22.23261677],[114.16127463,22.23164399],[114.16157188,22.2312659],[114.16134243,22.23112724],[114.16187683,22.23047421],[114.16151207,22.22998191],[114.16243663,22.22933134],[114.16232687,22.22884222],[114.16087828,22.22923691],[114.16039551,22.22984273],[114.16047968,22.23023603],[114.15905615,22.23143827],[114.15921219,22.23252711],[114.15881934,22.23319672],[114.15928116,22.23358114],[114.15906392,22.23402543],[114.15820103,22.23419074],[114.15845952,22.23434958],[114.15624776,22.23530527],[114.15474623,22.23543032],[114.15389176,22.23687342],[114.15349255,22.23660299],[114.15183343,22.23872213],[114.14880871,22.23937581],[114.14801014,22.24006435],[114.14753256,22.2417489],[114.14506761,22.24361169],[114.14410863,22.24370472],[114.14517204,22.24485467],[114.14720183,22.24499516],[114.14836392,22.24570369],[114.1507555,22.24571713],[114.15401875,22.24459751],[114.15750834,22.24578081],[114.15872858,22.24554239],[114.15958361,22.24469027],[114.1597946,22.24387292],[114.15897197,22.24218814],[114.15946487,22.24184235],[114.15940615,22.24144812],[114.15968245,22.24157629],[114.1595816,22.24124664],[114.16003473,22.24169319],[114.15982192,22.24134804],[114.16010475,22.24152912],[114.15988758,22.24129291]]],[[[114.14352934,22.24073137],[114.14280962,22.24095415],[114.14314062,22.24108517],[114.14349521,22.24087261],[114.14352934,22.24073137]]],[[[114.14068146,22.24376112],[114.14118619,22.24374352],[114.13941613,22.24295083],[114.13785607,22.24343279],[114.13807363,22.24358589],[114.14068146,22.24376112]]],[[[114.18453034,22.21416478],[114.18384856,22.21516095],[114.18396935,22.21548014],[114.18333384,22.21676051],[114.18374643,22.21732924],[114.18459832,22.21746661],[114.18780024,22.21647973],[114.18810917,22.21566882],[114.18772158,22.21539707],[114.18821222,22.21512974],[114.18725147,22.21470055],[114.18684677,22.21494144],[114.18542454,22.21377701],[114.18463752,22.21395467],[114.18485866,22.21413965],[114.18453034,22.21416478]]],[[[114.19091156,22.22419032],[114.19094451,22.22449858],[114.19171223,22.22477093],[114.19217408,22.22444185],[114.19188395,22.2245092],[114.19197734,22.22412248],[114.19091156,22.22419032]]],[[[114.18967237,22.23553239],[114.18924949,22.23501668],[114.18954103,22.23447527],[114.18777586,22.23321874],[114.18735104,22.23328924],[114.18736339,22.23356832],[114.1860306,22.23371178],[114.18605294,22.2330798],[114.18556841,22.23245003],[114.18383317,22.23206902],[114.18292668,22.23363317],[114.1823122,22.23394412],[114.18183162,22.23470265],[114.18230447,22.23478032],[114.18216286,22.2352851],[114.18271068,22.23632253],[114.18369116,22.23632541],[114.1851168,22.23597627],[114.18515732,22.2356247],[114.18575953,22.23598554],[114.1856455,22.23572003],[114.18634549,22.23542885],[114.18723567,22.23549886],[114.18732066,22.23606723],[114.18767705,22.23568427],[114.18879366,22.23594859],[114.18967237,22.23553239]]],[[[114.22208248,22.20753432],[114.22280776,22.20738065],[114.22376828,22.20650939],[114.22289036,22.20640637],[114.22186623,22.20727538],[114.22208248,22.20753432]]],[[[114.19352443,22.22416463],[114.19336655,22.22431664],[114.19357843,22.22454073],[114.19377018,22.224454],[114.19352443,22.22416463]]],[[[114.19250185,22.22434407],[114.19257558,22.2245448],[114.19267386,22.22454422],[114.19281994,22.22440488],[114.19250185,22.22434407]]],[[[114.25830351,22.20513786],[114.25925061,22.20648254],[114.26007317,22.20659193],[114.25990336,22.20543078],[114.260235,22.20542742],[114.26009249,22.20497652],[114.26068465,22.20522519],[114.26062964,22.20448423],[114.26098562,22.20430346],[114.26027869,22.20383],[114.25982792,22.2039476],[114.26000007,22.2048742],[114.25830351,22.20513786]]],[[[114.25901409,22.22533754],[114.25780726,22.22526976],[114.25626942,22.22569051],[114.25588812,22.22622047],[114.25586411,22.22584717],[114.25565018,22.22621509],[114.25670634,22.22654169],[114.25890212,22.22627814],[114.25901409,22.22533754]]]]}},{"type":"Feature","properties":{"地區號碼":"E","District":"Yau Tsim Mong","地區":"油尖旺","Administrative District Boundary of Hong Kong":"Administrative District Boundary of Hong Kong"},"geometry":{"type":"MultiPolygon","coordinates":[[[[114.16188,22.32627],[114.16345,22.32633],[114.16785,22.32652],[114.17399,22.32678],[114.17411,22.32677],[114.17417,22.32676],[114.17448,22.32665],[114.17445268309235,22.326597770072585],[114.16854488,22.32652652],[114.16064832,22.32618846],[114.16067067447011,22.326213752300934],[114.16188,22.32627]]],[[[114.16059,22.32621],[114.16063951963682,22.326212303238922],[114.16061842252115,22.32618857379174],[114.16059,22.32621]]],[[[114.15905,22.32298],[114.15906,22.3233],[114.15905,22.32352],[114.15901,22.32365],[114.15893,22.32377],[114.15808,22.32448],[114.15836,22.32475],[114.15873,22.32493],[114.1591,22.325],[114.16041,22.32501],[114.16095,22.32497],[114.16165,22.32496],[114.16176,22.3249],[114.16186,22.32475],[114.16193,22.32462],[114.16189,22.32523],[114.16062017793115,22.32618725048267],[114.16785722,22.32649707],[114.17445242557021,22.326597277690233],[114.17323,22.32426],[114.17296,22.32356],[114.17289,22.32324],[114.17282,22.32291],[114.17274,22.32177],[114.17276,22.32111],[114.17289,22.32055],[114.17294,22.32038],[114.17313,22.31965],[114.17386,22.31785],[114.17425947833581,22.316966646496887],[114.17415311788702,22.3168177426274],[114.17426034686662,22.316964725942846],[114.17457,22.31628],[114.17535,22.31457],[114.1756,22.31394],[114.17584,22.31348],[114.17595616826256,22.31329681158596],[114.17594946585893,22.313305488675134],[114.17612047,22.31291613],[114.17806048,22.31042332],[114.17708713388703,22.31179130848688],[114.1774,22.31145],[114.17783,22.31102],[114.1785,22.31036],[114.17882,22.31002],[114.18064,22.30815],[114.18132565809631,22.30745440482983],[114.17972846118319,22.305916069919604],[114.1797742,22.30592116],[114.18132648189138,22.30745356909571],[114.18133,22.30745],[114.18149,22.30731],[114.18150097542227,22.307298146543957],[114.1820280139305,22.3062007108448],[114.1821,22.30574],[114.18222,22.30531],[114.18242,22.30485],[114.18248,22.30472],[114.18261,22.3046],[114.18317,22.3041],[114.18349,22.30393],[114.18372,22.30386],[114.18396,22.30385],[114.18423,22.30388],[114.18461,22.30403],[114.18518,22.3033],[114.18538,22.30285],[114.18547,22.30239],[114.18550552242692,22.302055074260497],[114.18537484,22.30284852],[114.18524243962662,22.30305223626456],[114.18553803733276,22.301748505148268],[114.18554,22.30173],[114.1856,22.30146],[114.18572,22.30128],[114.18624,22.30111],[114.18659,22.30109],[114.18672,22.30061],[114.18686,22.30025],[114.18686,22.29981255394461],[114.18420555,22.29870819],[114.18381023,22.29953045],[114.18303516843027,22.299525532299178],[114.18304445,22.29768083],[114.18223314,22.29724612],[114.18199123,22.29763743],[114.18258009,22.29795304],[114.18257018,22.2994129],[114.18086565,22.29913987],[114.17657987,22.29554479],[114.17626077,22.29587113],[114.17653497,22.29545533],[114.17610712,22.29442881],[114.17478387,22.29301626],[114.17327679,22.29290262],[114.17278356,22.29324948],[114.16956922,22.29291621],[114.16915384,22.29354156],[114.16847455,22.29295031],[114.16877077,22.29355312],[114.1684382,22.29391796],[114.16788849,22.29350815],[114.16848979,22.29432992],[114.1683539,22.29492692],[114.16474543,22.29422682],[114.1646094,22.29489924],[114.16803737,22.2955726],[114.16782579,22.29580055],[114.1681513,22.29582551],[114.16782811,22.29726263],[114.16607197,22.29703165],[114.16747693,22.29734556],[114.16774976,22.29761054],[114.16762593,22.29815533],[114.1655505,22.29775],[114.1655004,22.2979763],[114.16757356,22.29837726],[114.16738844,22.29919658],[114.16475182,22.29880147],[114.16687898,22.29933661],[114.16704883,22.29972852],[114.16666287,22.29970046],[114.16709964,22.29991223],[114.16689653283171,22.300838664425434],[114.1658271,22.30056673],[114.16622667,22.3009315],[114.1602245,22.30021378],[114.15903024,22.29978838],[114.15800842,22.2986076],[114.155326,22.29861417],[114.15429668,22.29954431],[114.15430957,22.30186352],[114.15483692,22.30284724],[114.15487333,22.30402681],[114.15417018,22.30483495],[114.15489995,22.30450209],[114.1550455,22.30339578],[114.15719412,22.30339713],[114.15805466,22.30454824],[114.15992047,22.30703411],[114.15992017,22.30768215],[114.15991858,22.31115713],[114.1599185,22.31552509],[114.15937641,22.31683332],[114.1568045,22.31683433],[114.15503808,22.31683364],[114.15490731,22.31575531],[114.15493619,22.32103659],[114.15366926,22.32267293],[114.15262604,22.32150066],[114.15208008,22.321924],[114.15269395846836,22.32261],[114.1527,22.32261],[114.15498,22.32506],[114.15561,22.3244],[114.15648,22.32344],[114.15673,22.32314],[114.15689,22.32291],[114.15735,22.3223],[114.1576779223737,22.32183295904352],[114.15767456,22.3218321],[114.15767800353609,22.321832843448586],[114.15768,22.32183],[114.15769318287279,22.32183612061951],[114.15835960937615,22.32198],[114.15839,22.32198],[114.15851,22.32201],[114.15861,22.32207],[114.15868,22.32214],[114.15892,22.32252],[114.15901,22.32279],[114.15901230983128,22.322800971698587],[114.15901244,22.32278588],[114.15901347312469,22.322806497342317],[114.15905,22.32298]],[[114.17435305,22.29495704],[114.17493030540258,22.295233633730184],[114.17238431,22.29476454],[114.16848979,22.29432992],[114.17435305,22.29495704]],[[114.1661247917858,22.318770671799108],[114.16613286,22.31877102],[114.16932555,22.31933332],[114.1661247917858,22.318770671799108]],[[114.16719169,22.31242262],[114.16682659,22.3147575],[114.16613286,22.31877102],[114.16719169,22.31242262]],[[114.17013982,22.31535652],[114.16800157,22.31497994],[114.16682659,22.3147575],[114.17013982,22.31535652]],[[114.16533451,22.30717079],[114.16533770106801,22.30717000730878],[114.16559872,22.30839028],[114.16533451,22.30717079]],[[114.16700484886049,22.305963020904546],[114.16701021,22.30596172],[114.17056266,22.30522948],[114.17120954877808,22.305296628205298],[114.16700484886049,22.305963020904546]],[[114.16805325722626,22.303108228884486],[114.16805204,22.30317582],[114.16798692335468,22.30334994482095],[114.16805325722626,22.303108228884486]],[[114.15909924,22.32499469],[114.15908531027817,22.32498766048337],[114.16165199,22.32495819],[114.15909924,22.32499469]],[[114.15668329,22.30097122],[114.15683445460776,22.301052908591323],[114.15659577199001,22.301146275138738],[114.15668329,22.30097122]],[[114.1564998934283,22.301338053207296],[114.15817131,22.30376886],[114.15843742,22.30430157],[114.15645441,22.30142903],[114.1564998934283,22.301338053207296]],[[114.16384575,22.31188206],[114.16390724757193,22.311891995362704],[114.1615391,22.31247068],[114.16384575,22.31188206]],[[114.17156570220045,22.31327106208012],[114.17145774149924,22.31321384406419],[114.17153935,22.31323494],[114.17156570220045,22.31327106208012]],[[114.17351005657889,22.315947241669363],[114.17244479889175,22.31447607724269],[114.17351923229758,22.315948848734195],[114.17351005657889,22.315947241669363]],[[114.17432721690858,22.30678805364988],[114.17857836,22.30578808],[114.17858098023149,22.30578837159453],[114.17446124,22.30685978],[114.17432721690858,22.30678805364988]]],[[[114.15796,22.32196],[114.15819,22.32198],[114.15825345392119,22.32198],[114.15769671396407,22.32183776005475],[114.15796,22.32196]]],[[[114.18174,22.30704],[114.18176422823375,22.30699423555848],[114.18170694815893,22.307075695988352],[114.18174,22.30704]]]]}},{"type":"Feature","properties":{"地區號碼":"F","District":"Sham Shui Po","地區":"深水埗","Administrative District Boundary of Hong Kong":"Administrative District Boundary of Hong Kong"},"geometry":{"type":"MultiPolygon","coordinates":[[[[114.16509,22.34757],[114.16515,22.34754],[114.1652,22.34749],[114.16525,22.34735],[114.1653,22.34731],[114.16545,22.34729],[114.16551,22.34727],[114.16555,22.34719],[114.16557,22.34684],[114.16556,22.34667],[114.16562,22.34653],[114.1658,22.3463],[114.1659,22.34615],[114.16603,22.34588],[114.16615,22.34575],[114.16627,22.34571],[114.16632,22.34572],[114.16637,22.34575],[114.16642,22.34581],[114.16648,22.34605],[114.16652,22.34617],[114.16655,22.34619],[114.1668,22.3462],[114.16693,22.34627],[114.16701,22.34636],[114.16709,22.34622],[114.16714,22.34617],[114.16736,22.34608],[114.16765,22.34604],[114.16777,22.346],[114.16795,22.3459],[114.16824,22.34582],[114.16834,22.34585],[114.16848,22.34593],[114.16855,22.34596],[114.16859,22.34594],[114.16887,22.34589],[114.16932,22.3459],[114.16949,22.34597],[114.16949,22.34602],[114.16965,22.34619],[114.16971,22.34618],[114.1703,22.34604],[114.17042,22.34605],[114.17071,22.34616],[114.17117,22.34648],[114.17148,22.3466],[114.17175,22.34657],[114.17192,22.34649],[114.172,22.34644],[114.17215,22.34637],[114.17228,22.34638],[114.17258,22.34637],[114.17273,22.34646],[114.17399,22.34427],[114.17401,22.34422],[114.17401,22.344219158860756],[114.17387631716747,22.34398356590052],[114.17401,22.3441817262022],[114.17401,22.34417],[114.17399,22.34412],[114.17396,22.34406],[114.17313,22.34298],[114.1738,22.34154],[114.17344808540982,22.341215578737174],[114.17345558,22.3412281],[114.17319306251066,22.34277944728524],[114.1731908,22.34277546],[114.17343752,22.34121547],[114.1733970912839,22.34116856852735],[114.17316,22.34095],[114.17308,22.34083],[114.17306,22.34078],[114.17305,22.34074],[114.17305,22.34066],[114.17309,22.34054],[114.17312,22.34049],[114.17323,22.34038],[114.17333,22.34034],[114.17342,22.34032],[114.17349,22.34032],[114.17357,22.34034],[114.17368,22.34039],[114.17396,22.34055],[114.17416,22.34014],[114.17496,22.33835],[114.17553,22.33733],[114.17598,22.33637],[114.17622,22.33579],[114.17662,22.33469],[114.17674,22.33419],[114.1768,22.33389],[114.17685,22.33339],[114.17685,22.33288],[114.17685,22.33271],[114.1768,22.33221],[114.17677,22.33202],[114.17654,22.33102],[114.17613,22.32981],[114.17575,22.32901],[114.17508,22.32772],[114.17461,22.32692],[114.17448,22.32665],[114.17417,22.32676],[114.17411,22.32677],[114.17399,22.32678],[114.16785,22.32652],[114.16345,22.32633],[114.16188,22.32627],[114.16067067447011,22.326213752300934],[114.16564910298949,22.33184644731434],[114.16564885183378,22.331846660356888],[114.16063951963682,22.326212303238922],[114.16059,22.32621],[114.16061842252115,22.32618857379174],[114.16061713,22.32618712],[114.16062017793115,22.32618725048267],[114.16189,22.32523],[114.16193,22.32462],[114.16186,22.32475],[114.16176,22.3249],[114.16165,22.32496],[114.16095,22.32497],[114.16041,22.32501],[114.1591,22.325],[114.15873,22.32493],[114.15836,22.32475],[114.15808,22.32448],[114.15893,22.32377],[114.15901,22.32365],[114.15905,22.32352],[114.15906,22.3233],[114.15905,22.32298],[114.15901347312469,22.322806497342317],[114.15904905,22.32351648],[114.15900576763323,22.323559470973628],[114.15901230983128,22.322800971698587],[114.15901,22.32279],[114.15892,22.32252],[114.15868,22.32214],[114.15861,22.32207],[114.15851,22.32201],[114.15839,22.32198],[114.15835960937615,22.32198],[114.15850982,22.32201243],[114.15853558715324,22.322052081435807],[114.15825345392119,22.32198],[114.15819,22.32198],[114.15796,22.32196],[114.15769671396407,22.32183776005475],[114.1576779223737,22.32183295904352],[114.15735,22.3223],[114.15689,22.32291],[114.15673,22.32314],[114.15648,22.32344],[114.15561,22.3244],[114.15498,22.32506],[114.1527,22.32261],[114.15269395846836,22.32261],[114.15312566,22.32309242],[114.15272898,22.32339924],[114.15242244,22.32363297],[114.15205234,22.32321635],[114.15235178,22.32369924],[114.15190802,22.32404384],[114.15152927,22.32362409],[114.15182755,22.32410499],[114.15115886,22.32435939],[114.15034123,22.32524498],[114.14990549,22.32476284],[114.15018966,22.32536379],[114.14939034,22.32599847],[114.14880725,22.32562915],[114.14923953,22.32610858],[114.14852127,22.32666707],[114.1445677,22.32897264],[114.14432645,22.32861021],[114.14467137,22.32840183],[114.14430256,22.32857485],[114.14456912,22.32825044],[114.14417552,22.32838675],[114.14443122,22.32804628],[114.14406068,22.32821499],[114.14383121,22.32787662],[114.1440972,22.32766226],[114.1437221,22.32771468],[114.14404469,22.32746793],[114.14359409,22.32752124],[114.14391948,22.32728154],[114.14302894,22.32745365],[114.14356746,22.32714367],[114.1430241,22.32666574],[114.14359147,22.32623546],[114.14133877,22.32782094],[114.14054267,22.32664251],[114.14368581,22.32490988],[114.14274827,22.32464392],[114.14120219,22.32330941],[114.1418658,22.32269912],[114.14242735,22.32304156],[114.14196987,22.32260439],[114.14248268,22.32267524],[114.14229656,22.3223008],[114.14265172,22.32252242],[114.14236081,22.32223784],[114.14271343,22.32237073],[114.1424697,22.32213284],[114.14312424,22.3215326],[114.14373388,22.32210167],[114.14310814,22.32268121],[114.14385353,22.32220788],[114.14373181,22.32241145],[114.14393712,22.32228671],[114.1444153,22.32273437],[114.14384225,22.32328252],[114.14438838,22.32296797],[114.14534313,22.32385591],[114.14462382,22.32442156],[114.14681948,22.32332284],[114.14785312,22.32115413],[114.14748764,22.32148228],[114.14530914,22.32024979],[114.14432256,22.31884316],[114.14435153,22.31812488],[114.14474276,22.3179129],[114.14442762,22.31789092],[114.14386161,22.31670621],[114.14367148,22.31686637],[114.14309322,22.31649272],[114.14237739,22.31524413],[114.13978308,22.31796271],[114.13847274,22.31808981],[114.13789228,22.31791858],[114.13845958,22.31502685],[114.1352074,22.3145293],[114.13816288,22.31512372],[114.13746953,22.31859577],[114.13726554,22.3185785],[114.13745564,22.31866764],[114.13358531,22.31820219],[114.13435053,22.31436132],[114.1341262737227,22.31375666180665],[114.13405230554939,22.31375645356292],[114.13336073,22.31713178],[114.1319498429964,22.317845184636727],[114.13197,22.31828],[114.13176,22.31838],[114.13155,22.31852],[114.13143,22.31861],[114.13128,22.31877],[114.13118,22.3189],[114.13107,22.31907],[114.13097,22.31928],[114.13074,22.31971],[114.13066,22.31986],[114.1306,22.32012],[114.13047,22.32044],[114.13033,22.32093],[114.13033,22.32123],[114.13042,22.32138],[114.13225,22.32269],[114.1325,22.32283],[114.13285,22.32293],[114.13457,22.32337],[114.13487,22.32346],[114.13511,22.32361],[114.13551,22.32396],[114.1358,22.3245],[114.13609,22.32518],[114.13625,22.32542],[114.1365,22.32565],[114.13764,22.32648],[114.13802,22.3267],[114.13809,22.32678],[114.13805,22.32695],[114.13798,22.3271],[114.14005,22.3286],[114.14024,22.32841],[114.14034,22.32836],[114.14047,22.32835],[114.14057,22.32837],[114.1406,22.32845],[114.14063,22.32861],[114.14055,22.32875],[114.14043,22.3289],[114.14043,22.32894],[114.14049,22.32903],[114.14188,22.33014],[114.14201,22.3303],[114.14209,22.3305],[114.14212,22.33073],[114.14214,22.33096],[114.14207,22.33118],[114.14198,22.33134],[114.14177,22.33155],[114.14145,22.33173],[114.13876,22.33289],[114.13896,22.33313],[114.13896994047211,22.33318964283267],[114.14455592,22.33100881],[114.1389777907995,22.333223760131176],[114.139,22.33332],[114.13891,22.33359],[114.13875,22.33367],[114.13862,22.33371],[114.13838,22.33368],[114.1383,22.33363],[114.13675,22.33429],[114.13644,22.33441],[114.13499,22.33506],[114.13444,22.33538],[114.13399,22.33572],[114.13359,22.33609],[114.1332,22.33654],[114.13283,22.33702],[114.13245,22.33755],[114.1322,22.33798],[114.13168,22.33931],[114.13182,22.33932],[114.13196,22.3393],[114.13207,22.33927],[114.13226,22.3392],[114.13259,22.339],[114.133,22.33878],[114.13307,22.33884],[114.13357,22.33923],[114.13366,22.33922],[114.13381,22.33925],[114.13386,22.33928],[114.1339,22.33932],[114.13394,22.33938],[114.13411,22.3397],[114.13422,22.33964],[114.13435,22.33959],[114.13446,22.33956],[114.13464,22.33954],[114.13484,22.33954],[114.13505,22.33959],[114.1352,22.33964],[114.13536,22.33972],[114.13551,22.33985],[114.13565,22.33998],[114.13573,22.34013],[114.13584,22.34035],[114.13591,22.34055],[114.13595,22.34073],[114.13598,22.34092],[114.13598,22.34111],[114.13597,22.34139],[114.13628,22.34148],[114.13716,22.34192],[114.13818,22.34203],[114.13828,22.34126],[114.13844,22.3412],[114.1385218906597,22.34115905467015],[114.13741021,22.34132615],[114.13733749807535,22.34128783571284],[114.13852266730967,22.341158666345166],[114.13855331751795,22.341143341241025],[114.13968169960953,22.340458708296758],[114.13993,22.34027],[114.14009,22.34017],[114.14035,22.34005],[114.14036480226589,22.340044243563263],[114.14036672,22.34004308],[114.14036879340811,22.3400426914524],[114.14071,22.33991],[114.14088,22.33988],[114.14108,22.33987],[114.14121714353602,22.339883714353604],[114.14122896,22.3398815],[114.14123632521215,22.339885632521217],[114.14128,22.33989],[114.14139,22.33991],[114.14152,22.33996],[114.14165,22.34002],[114.14177,22.34009],[114.14196,22.34026],[114.14205000159063,22.340342175365365],[114.14206245,22.34034916],[114.14211662471959,22.340403005178757],[114.14219,22.34047],[114.14224987641333,22.340535446312252],[114.1422743217004,22.34055974290043],[114.1422580585999,22.340544389632438],[114.14262,22.34094],[114.1427,22.34102],[114.14279,22.34108],[114.14292,22.34115],[114.143,22.34119],[114.14318,22.34124],[114.14333,22.34126],[114.14349,22.34127],[114.14364,22.34124],[114.1438,22.3412],[114.14395,22.34112],[114.14408,22.34102],[114.14433,22.34077],[114.14474,22.34029],[114.14489,22.34017],[114.14499,22.34011],[114.14509,22.34007],[114.14523,22.34002],[114.14536,22.34],[114.14653,22.33997],[114.14678,22.34],[114.14698,22.34004],[114.14893,22.3406],[114.14881,22.34072],[114.14864,22.34085],[114.14849,22.34092],[114.1484,22.34092],[114.14806,22.34103],[114.1476,22.34122],[114.14745,22.34134],[114.14741,22.34135],[114.14723,22.34135],[114.14709,22.34139],[114.14702,22.34141],[114.14696,22.34151],[114.14693,22.34162],[114.14694,22.34168],[114.14689,22.34177],[114.14687,22.34187],[114.14695364510216,22.342044894304504],[114.14703946,22.34144154],[114.1468470686365,22.34392927715881],[114.14682440510924,22.343885393243685],[114.14684,22.34417],[114.14796,22.34506],[114.15075,22.345],[114.15093,22.34533],[114.15097,22.34541],[114.15109,22.34553],[114.15113,22.3456],[114.15116,22.34568],[114.15117,22.34579],[114.15117,22.34593],[114.15112,22.34625],[114.15109,22.34652],[114.15109,22.34673],[114.1511,22.34684],[114.15113,22.34694],[114.1512272635755,22.347149490778015],[114.15223261443127,22.346437349324834],[114.15254,22.34619],[114.15408,22.34644],[114.15493,22.34685],[114.15513,22.34678],[114.15604,22.34663],[114.1562,22.34648],[114.15628,22.34627],[114.15632,22.34625],[114.15649,22.34623],[114.15679452294295,22.346326165139878],[114.15637019,22.34612462],[114.15713434344724,22.346469057241205],[114.1572,22.34648],[114.1573,22.34635],[114.15730356937055,22.34633988678346],[114.15721677988857,22.34640676526118],[114.15730690281909,22.346330442012604],[114.15736,22.34618],[114.15756,22.34604],[114.15773029034274,22.3459718838629],[114.1578583677192,22.345863417777917],[114.15793,22.34575],[114.15814,22.34562],[114.15825,22.34551],[114.15828644369279,22.345500889076803],[114.15841247,22.34539416],[114.15848360752138,22.345430569739783],[114.15844321359772,22.34546169660057],[114.15849,22.34545],[114.15868,22.34545],[114.15884,22.3455],[114.15894,22.34558],[114.15913,22.34589],[114.15929,22.346],[114.15944,22.34605],[114.15952,22.34605],[114.15954,22.34617],[114.15964,22.3464],[114.15969,22.34681],[114.15976,22.34692],[114.15984,22.34697],[114.15987,22.34698],[114.15991,22.34702],[114.16001,22.34724],[114.16012,22.34732],[114.16025,22.34739],[114.16057,22.34738],[114.16071,22.34727],[114.1608,22.3471],[114.1609,22.347],[114.16094,22.347],[114.16097685039001,22.347006141731672],[114.16095018990684,22.34695998243159],[114.16163493006054,22.34753422166454],[114.16163494,22.34753535],[114.16176867405012,22.34762043224119],[114.16185,22.34763],[114.16189,22.34766],[114.1619313751985,22.347723943488596],[114.1622549149041,22.347929780994008],[114.16197715409736,22.347794692695896],[114.162,22.34783],[114.16218,22.34795],[114.16258,22.34812],[114.16273,22.34815],[114.16274,22.34816],[114.16284,22.34836],[114.16299,22.34847],[114.16331,22.3485],[114.16356,22.34861],[114.16373,22.34862],[114.16383,22.34854],[114.16399,22.3485],[114.16405,22.34839],[114.1640692962797,22.348209901389385],[114.16378901894574,22.34841567437759],[114.16407562,22.34796791],[114.1654635,22.34718631],[114.16494088713809,22.34757],[114.16509,22.34757]],[[114.17217952,22.34330285],[114.17202817908782,22.343297749872324],[114.1731908,22.34277546],[114.17217952,22.34330285]],[[114.14899558333417,22.329186004165315],[114.14841268,22.32949654],[114.14455592,22.33100881],[114.14899558333417,22.329186004165315]],[[114.15955865,22.3459808],[114.15955908791511,22.345983152938462],[114.1595469097626,22.345974791089645],[114.15955865,22.3459808]],[[114.16094562,22.34695615],[114.16094737680774,22.346957623300373],[114.16026051,22.34737575],[114.16094562,22.34695615]],[[114.16199813,22.33675846],[114.16201350614143,22.336719374950587],[114.16202574182986,22.336809075574205],[114.16199813,22.33675846]],[[114.16310071,22.33347525],[114.16362727,22.33297857],[114.16393142,22.33330347],[114.16354027,22.33308012],[114.1622444349613,22.336132370442936],[114.1632864,22.33348377],[114.1626773000818,22.333569557299224],[114.16267410698956,22.333566272323978],[114.16310071,22.33347525]],[[114.1560032,22.32615092],[114.15845220104522,22.32410931074368],[114.15807911,22.32447989],[114.1560032,22.32615092]],[[114.13041518,22.32114915],[114.13071104,22.32000305],[114.13071951331713,22.31999152310902],[114.13041518,22.32114915]],[[114.13227807,22.33786202],[114.13329335,22.33646906],[114.13349081154081,22.3363174002732],[114.13227807,22.33786202]],[[114.13687567633728,22.341044486760453],[114.13658259,22.34089005],[114.13656207813952,22.340846037542125],[114.13687567633728,22.341044486760453]],[[114.14301007,22.34010774],[114.1427817716623,22.340165902327396],[114.14412938317243,22.33869982061538],[114.1440447,22.33892454],[114.14301007,22.34010774]],[[114.14503912446068,22.336024172165313],[114.14541963813834,22.33635735319345],[114.14505919,22.33623244],[114.14503912446068,22.336024172165313]],[[114.1587406,22.33802975],[114.15464008,22.34119805],[114.15514181,22.34081016],[114.1587406,22.33802975]],[[114.16282726157243,22.33377807213869],[114.16285341,22.33380373],[114.1623405,22.33490214],[114.16282726157243,22.33377807213869]],[[114.15423797632702,22.33091210499995],[114.1542366,22.33091047],[114.15105695,22.33337571],[114.15776358191636,22.32812589883357],[114.15776359957145,22.328125918640882],[114.15423797632702,22.33091210499995]],[[114.15778306526171,22.32814775726913],[114.16193574375782,22.33280666228073],[114.16183293,22.33270089],[114.15788039,22.32831275],[114.15778306526171,22.32814775726913]],[[114.15450628750257,22.325466366958274],[114.154760706151,22.32525365420905],[114.15472214,22.32529894],[114.15450628750257,22.325466366958274]],[[114.15028649978298,22.32849828153028],[114.15175172548915,22.32760295534513],[114.15127937,22.32796934],[114.15028649978298,22.32849828153028]],[[114.14286457,22.34111697],[114.1428217514664,22.341076546931774],[114.1432322160754,22.341158073437715],[114.14286457,22.34111697]],[[114.1434744,22.34118515],[114.14337321722635,22.34117383759899],[114.14422713406333,22.340634616472258],[114.1434744,22.34118515]],[[114.14663932731528,22.339967924472788],[114.1452653702369,22.339979003589264],[114.14539292,22.33989846],[114.14663932731528,22.339967924472788]],[[114.1496345,22.34076999],[114.14685576805518,22.339979987096058],[114.1468874,22.33998175],[114.1496345,22.34076999]],[[114.16801532,22.33174364],[114.16736825757845,22.330609214578647],[114.16756725,22.33066039],[114.16801532,22.33174364]],[[114.16797365,22.33445667],[114.17057097,22.33222228],[114.17033617,22.33260324],[114.16797365,22.33445667]],[[114.16619851,22.34190904],[114.16497415,22.3419304],[114.1662168100127,22.3419010266754],[114.16619851,22.34190904]],[[114.16864984295769,22.3411122805529],[114.16852773499392,22.341114959107315],[114.16861635,22.34108458],[114.16864984295769,22.3411122805529]],[[114.17139138,22.34327629],[114.17124235225643,22.34315505265944],[114.17169505539582,22.34328652373831],[114.17139138,22.34327629]],[[114.16564819,22.34625744],[114.16618062,22.34546515],[114.16622080318979,22.345504137598393],[114.16564819,22.34625744]],[[114.16834584857419,22.34576905732514],[114.16835129,22.3457672],[114.1694212,22.34582638],[114.16834584857419,22.34576905732514]],[[114.16322940639539,22.348403722579306],[114.16372940320899,22.34845944284121],[114.16357582,22.3485722],[114.16322940639539,22.348403722579306]]],[[[114.1644,22.34804],[114.16457,22.34796],[114.16463187794312,22.347796867240845],[114.16430071396417,22.34804],[114.1644,22.34804]]],[[[114.16114,22.34736],[114.16128,22.34751],[114.16151,22.34759],[114.16157104296134,22.34759718152486],[114.16121946,22.34742619],[114.16109543886252,22.34721146287507],[114.16114,22.34736]]],[[[114.15702,22.34645],[114.15707429784189,22.346459049640313],[114.1569326739492,22.3463917826328],[114.15702,22.34645]]],[[[114.15126,22.34722],[114.15187837738918,22.346722399444648],[114.15122770601994,22.347150443735263],[114.15126,22.34722]]],[[[114.14679,22.34249],[114.14676,22.34257],[114.14676,22.34271],[114.14678754610946,22.34321271649774],[114.14691203391305,22.342337457608686],[114.14679,22.34249]]],[[[114.13868,22.34108],[114.13898,22.34092],[114.13917,22.34081],[114.13935571306267,22.340688572228256],[114.13856707378767,22.341136463106164],[114.13868,22.34108]]],[[[114.15768,22.32183],[114.15767800353609,22.321832843448586],[114.15769318287279,22.32183612061951],[114.15768,22.32183]]]]}},{"type":"Feature","properties":{"地區號碼":"G","District":"Kowloon City","地區":"九龍城","Administrative District Boundary of Hong Kong":"Administrative District Boundary of Hong Kong"},"geometry":{"type":"MultiPolygon","coordinates":[[[[114.179,22.34908],[114.17946,22.34902],[114.18126,22.34675],[114.18146,22.34642],[114.1815,22.3463],[114.18151,22.34625],[114.18151,22.34607],[114.1815,22.34566],[114.18147,22.34539],[114.18147,22.3453],[114.18156,22.34488],[114.18168345605226,22.344227446580998],[114.18169362189835,22.344116596878692],[114.18169853,22.3441344],[114.18169540947824,22.34416426418651],[114.1817,22.34414],[114.18224,22.34417],[114.18248,22.34413],[114.18253575645005,22.34411479369544],[114.18228359141227,22.34412069893712],[114.184053845607,22.343053046299655],[114.18409983,22.34322858],[114.18401409938389,22.34327836024644],[114.18446,22.3431],[114.18436,22.34295],[114.18429,22.34282],[114.18423,22.34269],[114.18417,22.34252],[114.18373,22.34068],[114.18367,22.34051],[114.1836,22.34035],[114.18349,22.34012],[114.18337,22.33994],[114.18318,22.33969],[114.18402,22.33958],[114.18415,22.33953],[114.1843,22.33946],[114.18443,22.33938],[114.18457,22.33928],[114.18615,22.33793],[114.18608,22.33613],[114.18653,22.33612],[114.18651,22.33561],[114.18674,22.3356],[114.18671,22.33478],[114.18746,22.33475],[114.18743,22.33407],[114.18741,22.33374],[114.18731,22.33313],[114.18716,22.33247],[114.18855,22.33232],[114.18871,22.33231],[114.18878,22.33233],[114.18959,22.33256],[114.18981,22.33266],[114.18998,22.33276],[114.19056,22.33322],[114.19069,22.33336],[114.19073,22.33342],[114.1907311900369,22.333418993045697],[114.19139892835035,22.3325056436088],[114.19143,22.3324],[114.1915,22.33227],[114.1916,22.33209],[114.19175,22.3319],[114.19251,22.33131],[114.19219,22.33095],[114.19206,22.33082],[114.19165,22.33052],[114.19189,22.3305],[114.19331,22.33044],[114.19418,22.33043],[114.19547,22.33168],[114.19559,22.33176],[114.19577,22.33185],[114.19621,22.33195],[114.19664,22.33207],[114.19665335051477,22.332076161776047],[114.19668663,22.33204283],[114.19675348878955,22.332090096875067],[114.19673120074143,22.33211209264989],[114.19677,22.33213],[114.19685437668964,22.332183694257047],[114.19679094414909,22.33211657653185],[114.19694073,22.33222247],[114.19825871550344,22.333667229302065],[114.19828,22.33368],[114.19862,22.33385],[114.2023,22.33519],[114.20261,22.33527],[114.20289,22.33532],[114.20298134909012,22.335330540279628],[114.20277545332834,22.33527329883167],[114.20358182187277,22.335291899358047],[114.20332744348426,22.3353422850659],[114.20338,22.33534],[114.20362,22.33532],[114.20385,22.33528],[114.20405,22.33523],[114.20422,22.33517],[114.20443,22.33507],[114.20465,22.33496],[114.2047,22.33478],[114.20476,22.33456],[114.20479,22.33435],[114.2048,22.3325],[114.20477,22.33202],[114.20482,22.32891],[114.20486,22.32876],[114.20493,22.32864],[114.20501,22.32851],[114.20508,22.32837],[114.20514,22.32821],[114.20515,22.32808],[114.20513,22.32797],[114.20512,22.32789],[114.20505,22.32775],[114.20502,22.32771],[114.20497,22.32764],[114.20175,22.32448],[114.20175,22.32418],[114.20173,22.32393],[114.20171,22.32377],[114.20215,22.32364],[114.2021,22.32354],[114.20205,22.32342],[114.20204,22.32329],[114.20204,22.32315],[114.20208,22.32302],[114.20215,22.3229],[114.20226,22.32282],[114.20242,22.32274],[114.20252,22.32272],[114.20263,22.32274],[114.20292,22.32279],[114.20311,22.32281],[114.20328,22.32279],[114.20345,22.32273],[114.20358,22.32266],[114.20437,22.32194],[114.20493,22.32138],[114.20496,22.32134],[114.20498,22.32088],[114.205,22.32084],[114.20555,22.32036],[114.20599,22.32038],[114.20641,22.32],[114.20842,22.31745],[114.20859,22.31728],[114.20878,22.31714],[114.20899,22.31705],[114.20918,22.31698],[114.20939,22.31691],[114.20966,22.31686],[114.20997,22.31683],[114.21086,22.31603],[114.21056,22.31573],[114.21082,22.31549],[114.20982,22.31452],[114.21049,22.31388],[114.21033071286521,22.31373014434031],[114.20749843,22.31626783],[114.20609989,22.31485878],[114.21112729946374,22.310514172344327],[114.2116,22.31009],[114.21184417276793,22.30989466178566],[114.21187337,22.30986943],[114.21187964955716,22.30986628035427],[114.2119,22.30985],[114.21235,22.30957],[114.21256,22.30946],[114.21284814100896,22.309380512825115],[114.21285026,22.30937945],[114.21285116299266,22.309381116472956],[114.2131,22.30962],[114.21302256363829,22.309697436361713],[114.2131606667311,22.309952305617305],[114.21316638563587,22.30995778623437],[114.21339396,22.30980494],[114.21399494408871,22.309266511559713],[114.21409,22.30918],[114.21415455330704,22.30912351585634],[114.21530166,22.30809581],[114.21533184502383,22.306923963128618],[114.21532,22.30686],[114.21533383450321,22.306846727304023],[114.21533483,22.30680808],[114.21729673,22.30495361],[114.21726342,22.30458171],[114.21555615,22.30324758],[114.19453862,22.32209634],[114.19602659,22.32074637],[114.19526783,22.32034518],[114.19510672,22.31991406],[114.19415452,22.31810201],[114.19472582,22.31766687],[114.19400502,22.31779181],[114.19383108,22.31744011],[114.19440656,22.31718394],[114.19379755,22.31737222],[114.1925775,22.31468029],[114.19199280383002,22.314492995253683],[114.19199978,22.31449309],[114.19181581,22.3105186],[114.1922546,22.31050376],[114.19224052,22.31016886],[114.19180093,22.31018634],[114.19178628,22.30992477],[114.19386556,22.30834255],[114.19343499,22.30635807],[114.19150235,22.30662226],[114.18825665099266,22.307031763651473],[114.19377156,22.30629143],[114.19368841,22.30591458],[114.19339609,22.30618132],[114.19280266,22.30377653],[114.1931154,22.30277888],[114.19144601,22.30179302],[114.19106918711786,22.301949925997395],[114.19084585,22.30147211],[114.18927694,22.30081977],[114.18951749,22.3001672],[114.18897591,22.30069235],[114.18699315,22.29986795],[114.18686,22.29981255394461],[114.18686,22.30025],[114.18672,22.30061],[114.18659,22.30109],[114.18624,22.30111],[114.18572,22.30128],[114.1856,22.30146],[114.18554,22.30173],[114.18553803733276,22.301748505148268],[114.18560375,22.30145868],[114.18550552242692,22.302055074260497],[114.18547,22.30239],[114.18538,22.30285],[114.18518,22.3033],[114.18461,22.30403],[114.18423,22.30388],[114.18396,22.30385],[114.18372,22.30386],[114.18349,22.30393],[114.18317,22.3041],[114.18261,22.3046],[114.18248,22.30472],[114.18242,22.30485],[114.18222,22.30531],[114.1821,22.30574],[114.1820280139305,22.3062007108448],[114.18225275,22.30573275],[114.18248807,22.30496232],[114.1819853,22.30667984],[114.18176422823375,22.30699423555848],[114.18174,22.30704],[114.18170694815893,22.307075695988352],[114.18139422,22.30752044],[114.18132565809631,22.30745440482983],[114.18064,22.30815],[114.17882,22.31002],[114.1785,22.31036],[114.17783,22.31102],[114.1774,22.31145],[114.17708713388703,22.31179130848688],[114.17671422,22.31231542],[114.17595616826256,22.31329681158596],[114.17584,22.31348],[114.1756,22.31394],[114.17535,22.31457],[114.17457,22.31628],[114.17426034686662,22.316964725942846],[114.17432441,22.31705254],[114.17446187,22.31669259],[114.17462596496678,22.31631896279741],[114.17433072665796,22.317066393639582],[114.17425947833581,22.316966646496887],[114.17386,22.31785],[114.17313,22.31965],[114.17294,22.32038],[114.17289,22.32055],[114.17276,22.32111],[114.17274,22.32177],[114.17282,22.32291],[114.17289,22.32324],[114.17296,22.32356],[114.17323,22.32426],[114.17445242557021,22.326597277690233],[114.17460791998592,22.32659964027561],[114.17460792097836,22.326599642293186],[114.17445268309235,22.326597770072585],[114.17448,22.32665],[114.17461,22.32692],[114.17508,22.32772],[114.17575,22.32901],[114.17613,22.32981],[114.17654,22.33102],[114.17677,22.33202],[114.1768,22.33221],[114.17685,22.33271],[114.17685,22.33288],[114.17685,22.33339],[114.1768,22.33389],[114.17674,22.33419],[114.17662,22.33469],[114.17622,22.33579],[114.17598,22.33637],[114.17553,22.33733],[114.17496,22.33835],[114.17416,22.34014],[114.17396,22.34055],[114.17368,22.34039],[114.17357,22.34034],[114.17349,22.34032],[114.17342,22.34032],[114.17333,22.34034],[114.17323,22.34038],[114.17312,22.34049],[114.17309,22.34054],[114.17305,22.34066],[114.17305,22.34074],[114.17306,22.34078],[114.17308,22.34083],[114.17316,22.34095],[114.1733970912839,22.34116856852735],[114.17306451,22.34078274],[114.17311813844584,22.340664334098754],[114.17344808540982,22.341215578737174],[114.1738,22.34154],[114.17313,22.34298],[114.17396,22.34406],[114.17399,22.34412],[114.17401,22.34417],[114.17401,22.3441817262022],[114.17403184,22.3442141],[114.17401238035791,22.344223353831467],[114.17401,22.344219158860756],[114.17401,22.34422],[114.17399,22.34427],[114.17273,22.34646],[114.17275,22.34648],[114.17292,22.34674],[114.17333,22.347],[114.17334,22.3471],[114.17311,22.34737],[114.17306,22.34767],[114.17298,22.34782],[114.17288,22.34795],[114.1729787243742,22.347966454062366],[114.17294337,22.34793849],[114.17294619663606,22.347933052056216],[114.17298986733572,22.34796831122262],[114.17312,22.34799],[114.1732,22.34802],[114.17334,22.34811],[114.17346,22.34831],[114.17348,22.3485],[114.17366113459904,22.34831886540095],[114.1735138,22.34838968],[114.17350770709876,22.34838486073014],[114.17368131968617,22.34829868031384],[114.17384,22.34814],[114.17403,22.34805],[114.17421155155975,22.34803547587522],[114.17434424,22.34796961],[114.17435900622846,22.347983441814495],[114.17425857218909,22.348031714224874],[114.17428,22.34803],[114.17442,22.34813],[114.17453,22.34827],[114.1748,22.34843],[114.17493,22.34867],[114.17521,22.34897],[114.17539,22.34908],[114.17564,22.34917],[114.1758,22.34914],[114.17593,22.34917],[114.17597,22.34919],[114.17603,22.3492],[114.1761,22.34912],[114.17616,22.34909],[114.17624,22.34907],[114.17632,22.34908],[114.17658,22.34925],[114.17666,22.34927],[114.17688,22.34933],[114.17688567540954,22.349297839345958],[114.17624885,22.34888253],[114.17690078743732,22.349212204521894],[114.17691,22.34916],[114.17696,22.34904],[114.17701,22.34896],[114.17711,22.34886],[114.17719,22.3488],[114.17745,22.34881],[114.17757,22.34888],[114.17774,22.34895],[114.17789,22.34907],[114.17809,22.34906],[114.17809,22.34905],[114.17823,22.34899],[114.17831,22.34884],[114.17844,22.34881],[114.17853,22.34874],[114.17866,22.34875],[114.17877,22.34882],[114.17888,22.34906],[114.17894910773467,22.349071517955778],[114.17941467971502,22.34899503054743],[114.17939769256482,22.349016448046438],[114.1789691774138,22.349074862902302],[114.179,22.34908]],[[114.18423211220279,22.305880368997727],[114.18379581,22.30616085],[114.18149728,22.30759322],[114.18235329310194,22.3082234274084],[114.18139422,22.30752044],[114.18423211220279,22.305880368997727]],[[114.17557161,22.34910817],[114.17556395151664,22.349100948066084],[114.17624885,22.34888253],[114.17557161,22.34910817]],[[114.18707788717016,22.33257663447808],[114.18711446,22.33176546],[114.18715841,22.33247148],[114.18716191245524,22.33251002193047],[114.1871615,22.33250685],[114.18707788717016,22.33257663447808]],[[114.19201846,22.32838256],[114.19282397344887,22.32915401441611],[114.19177295649003,22.328235264216744],[114.19201846,22.32838256]],[[114.189774417772,22.32463173008417],[114.19005350363247,22.325508670568283],[114.18964826,22.32481953],[114.189774417772,22.32463173008417]],[[114.19041071027338,22.323880587677056],[114.19012754610569,22.324106059169974],[114.19022512220441,22.32396080626295],[114.19041071027338,22.323880587677056]],[[114.19011546,22.31408202],[114.19032028,22.31447028],[114.19303434396726,22.317340936025694],[114.19052304,22.31486239],[114.19011546,22.31408202]],[[114.18475998,22.30999526],[114.18403091893398,22.31068536819779],[114.18403145,22.31068484],[114.18473970392526,22.30998033250358],[114.18475998,22.30999526]],[[114.18478262,22.31433035],[114.18544207,22.31305218],[114.18545211671011,22.31304737573299],[114.18478262,22.31433035]],[[114.18620398,22.30655605],[114.18472339,22.30747387],[114.18593587,22.30672201],[114.18620398,22.30655605]],[[114.18761246,22.30711304],[114.18714779,22.30654472],[114.18764738502158,22.30710863357666],[114.18761246,22.30711304]],[[114.18758241,22.31413231],[114.18771848541489,22.31575342491245],[114.18762281,22.31555722],[114.18758241,22.31413231]],[[114.1745998858927,22.326581438919433],[114.17310267,22.32343807],[114.17385174,22.32498559],[114.17385447463505,22.324986068776845],[114.1746983,22.32658392],[114.17489983208598,22.32667505552922],[114.1745998858927,22.326581438919433]],[[114.17287087,22.32208265],[114.17298152465504,22.321297277437928],[114.17310267,22.32343807],[114.17287087,22.32208265]],[[114.17533657071151,22.326811366609],[114.18639221,22.32731845],[114.17544949,22.32684661],[114.17533657071151,22.326811366609]],[[114.18639220082443,22.327142425938007],[114.18639287947585,22.32714254269656],[114.18659059,22.33177856],[114.18639221,22.32731845],[114.18639220082443,22.327142425938007]],[[114.17589527,22.32053569],[114.17594502808744,22.320557117418403],[114.17458141151215,22.32029280487065],[114.17589527,22.32053569]],[[114.17725836,22.32112268],[114.18372519,22.32407102],[114.18564406,22.32494568],[114.17838247,22.32163661],[114.17811128,22.32151268],[114.17682681027274,22.320936840932585],[114.17725836,22.32112268]],[[114.17673181,22.31799132],[114.17773255338238,22.317715595188677],[114.17539116,22.31854444],[114.17673181,22.31799132]],[[114.18067907329404,22.316396666225984],[114.17979338,22.31698607],[114.1789078056981,22.317299560108367],[114.18067907329404,22.316396666225984]],[[114.18160947572163,22.319756370126644],[114.18159147,22.31975279],[114.17979338,22.31698607],[114.18160947572163,22.319756370126644]],[[114.18514036,22.31909512],[114.18467839,22.31933446],[114.18471826745449,22.31936769150312],[114.18326031,22.32008461],[114.18465793,22.31934121],[114.18514036,22.31909512]],[[114.18112669,22.31609879],[114.1810659587009,22.316139204957565],[114.18216324,22.31254296],[114.18112669,22.31609879]],[[114.1902242865276,22.323961167475893],[114.18822836,22.32491512],[114.18983651,22.32412878],[114.1902242865276,22.323961167475893]],[[114.17340814563507,22.34700860058241],[114.17328308757536,22.346888536498074],[114.17341435,22.3469964],[114.17340814563507,22.34700860058241]],[[114.1780661,22.34902313],[114.17718166287365,22.348710559450094],[114.17718966,22.34869532],[114.1780661,22.34902313]],[[114.18146011,22.34641614],[114.1794218053201,22.348986046542585],[114.18148018035947,22.34622406155855],[114.18146011,22.34641614]],[[114.17319534798007,22.34049386366386],[114.17324643,22.34038108],[114.1733119357317,22.34040192246042],[114.17319534798007,22.34049386366386]],[[114.17481919613648,22.340508544233906],[114.17529295,22.33844716],[114.17482652,22.34050518],[114.17481919613648,22.340508544233906]],[[114.17620567,22.33674349],[114.17692816374134,22.333600744451093],[114.17694292,22.33370342],[114.17620567,22.33674349]],[[114.18151643,22.34347387],[114.18159820578339,22.343770494701797],[114.1814550672261,22.343432356619456],[114.18151643,22.34347387]],[[114.18090909,22.34306299],[114.18126607732262,22.343304500440805],[114.18075596045377,22.343107877776387],[114.18090909,22.34306299]],[[114.17926426274,22.343506842556028],[114.17919631,22.34353148],[114.17898118181272,22.343366417135123],[114.17926426274,22.343506842556028]],[[114.17868133110622,22.343136348647683],[114.17861446,22.34308504],[114.17925269,22.34049947],[114.17868133110622,22.343136348647683]],[[114.20456854657812,22.334908756657683],[114.20422158,22.33516518],[114.20391365272867,22.33522617234146],[114.20456854657812,22.334908756657683]],[[114.20302424,22.3176126],[114.20573078,22.31518981],[114.20713297,22.31651199],[114.20079461,22.32214868],[114.20004631,22.32027817],[114.20302424,22.3176126]]],[[[114.18149,22.30731],[114.18133,22.30745],[114.18132648189138,22.30745356909571],[114.18139422,22.30752044],[114.18150097542227,22.307298146543957],[114.18149,22.30731]]],[[[114.19742,22.33296],[114.19765,22.33325],[114.19774,22.33335],[114.19783,22.33341],[114.19825349736615,22.33366409841969],[114.19708552664606,22.33242827312964],[114.19742,22.33296]]],[[[114.19086,22.33331],[114.191,22.33321],[114.19111,22.33306],[114.1912,22.33291],[114.19123488755959,22.33282278110102],[114.19073161462191,22.333418633781463],[114.19086,22.33331]]],[[[114.1827,22.34407],[114.1829,22.34397],[114.18323472338743,22.34373091186612],[114.18260713447847,22.344095326960417],[114.1827,22.34407]]]]}},{"type":"Feature","properties":{"地區號碼":"H","District":"Wong Tai Sin","地區":"黃大仙","Administrative District Boundary of Hong Kong":"Administrative District Boundary of Hong Kong"},"geometry":{"type":"MultiPolygon","coordinates":[[[[114.21781,22.35814],[114.21808,22.35815],[114.21853,22.35816],[114.22234,22.35841],[114.22242,22.35826],[114.22243,22.35822],[114.2224,22.35811],[114.22241,22.35793],[114.22239,22.35785],[114.22235,22.35768],[114.22229,22.35752],[114.22228,22.35745],[114.22227,22.35738],[114.2223,22.35725],[114.22235,22.35714],[114.22247,22.35701],[114.22248,22.35697],[114.22248,22.35692],[114.22246,22.35687],[114.22236,22.35682],[114.22226,22.35677],[114.2221,22.35673],[114.22176,22.35658],[114.22172,22.35655],[114.22164,22.35623],[114.22164,22.35618],[114.22165,22.35612],[114.22168,22.35607],[114.22173,22.356],[114.22183,22.3559],[114.22185,22.35587],[114.22186,22.35583],[114.22186,22.35579],[114.22186,22.35574],[114.22184,22.3557],[114.22176,22.35557],[114.22174,22.35547],[114.22175,22.35543],[114.22181,22.3553],[114.22182,22.35524],[114.22181,22.35518],[114.22178,22.35512],[114.22175,22.35508],[114.2216,22.355],[114.22151,22.35494],[114.22145,22.35485],[114.22143,22.3548],[114.22136,22.35468],[114.22131,22.35462],[114.22129,22.35458],[114.22127,22.35452],[114.22127,22.35446],[114.2213,22.35439],[114.22134,22.35431],[114.22144,22.3542],[114.22146,22.35416],[114.22146,22.35411],[114.22146,22.35399],[114.22137,22.35344],[114.22132,22.35334],[114.22128,22.3533],[114.22122,22.35325],[114.22112,22.35318],[114.22403,22.33452],[114.22397,22.33452],[114.22387,22.3345],[114.22362091249809,22.334433171645827],[114.22082063998502,22.333873625467824],[114.22085716069967,22.333874365718874],[114.21882,22.33373],[114.21864,22.33374],[114.21847,22.33376],[114.21833,22.3338],[114.21815,22.33387],[114.21828,22.33305],[114.21468,22.33233],[114.2144,22.33229],[114.21414,22.33229],[114.21391,22.33233],[114.21362,22.33239],[114.21352,22.33244],[114.21341,22.33249],[114.2134085634953,22.33249110500361],[114.21362714452438,22.33243712161522],[114.21277898791395,22.33318661410665],[114.21339532915991,22.332501285261607],[114.21328,22.33259],[114.21312,22.33272],[114.21302,22.33282],[114.21249,22.3335],[114.21225,22.33382],[114.21213,22.33394],[114.21197,22.33409],[114.21182,22.33419],[114.21172,22.33424],[114.21152,22.33434],[114.21129,22.3344],[114.21105,22.33444],[114.21095,22.33445],[114.21077,22.33445],[114.21057,22.33443],[114.20839,22.33404],[114.20819,22.33392],[114.20805,22.33381],[114.20795,22.33371],[114.20721868346567,22.33295019061368],[114.20659937225882,22.33340788844283],[114.20719105372727,22.332921484391978],[114.20718,22.33291],[114.20527,22.33447],[114.20493,22.33476],[114.20477,22.33488],[114.20465,22.33496],[114.20443,22.33507],[114.20422,22.33517],[114.20405,22.33523],[114.20385,22.33528],[114.20362,22.33532],[114.20338,22.33534],[114.20332744348426,22.3353422850659],[114.20315001,22.33537743],[114.20298134909012,22.335330540279628],[114.20289,22.33532],[114.20261,22.33527],[114.2023,22.33519],[114.19862,22.33385],[114.19828,22.33368],[114.19825871550344,22.333667229302065],[114.19832147,22.33373602],[114.19825349736615,22.33366409841969],[114.19783,22.33341],[114.19774,22.33335],[114.19765,22.33325],[114.19742,22.33296],[114.19708552664606,22.33242827312964],[114.19685437668964,22.332183694257047],[114.19677,22.33213],[114.19673120074143,22.33211209264989],[114.19430469356715,22.33450677993305],[114.19432627,22.33444151],[114.19627295,22.33245716],[114.19665335051477,22.332076161776047],[114.19664,22.33207],[114.19621,22.33195],[114.19577,22.33185],[114.19559,22.33176],[114.19547,22.33168],[114.19418,22.33043],[114.19331,22.33044],[114.19189,22.3305],[114.19165,22.33052],[114.19206,22.33082],[114.19219,22.33095],[114.19251,22.33131],[114.19175,22.3319],[114.1916,22.33209],[114.1915,22.33227],[114.19143,22.3324],[114.19139892835035,22.3325056436088],[114.19147,22.33240843],[114.19251443,22.33130786],[114.19123488755959,22.33282278110102],[114.1912,22.33291],[114.19111,22.33306],[114.191,22.33321],[114.19086,22.33331],[114.19073161462191,22.333418633781463],[114.19073041,22.33342006],[114.1907311900369,22.333418993045697],[114.19073,22.33342],[114.19069,22.33336],[114.19056,22.33322],[114.18998,22.33276],[114.18981,22.33266],[114.18959,22.33256],[114.18878,22.33233],[114.18871,22.33231],[114.18855,22.33232],[114.18716,22.33247],[114.18731,22.33313],[114.18741,22.33374],[114.18743,22.33407],[114.18746,22.33475],[114.18671,22.33478],[114.18674,22.3356],[114.18651,22.33561],[114.18653,22.33612],[114.18608,22.33613],[114.18615,22.33793],[114.18457,22.33928],[114.18443,22.33938],[114.1843,22.33946],[114.18415,22.33953],[114.18402,22.33958],[114.18318,22.33969],[114.18337,22.33994],[114.18349,22.34012],[114.1836,22.34035],[114.18367,22.34051],[114.18373,22.34068],[114.18417,22.34252],[114.18423,22.34269],[114.18429,22.34282],[114.18436,22.34295],[114.18446,22.3431],[114.18401409938389,22.34327836024644],[114.18323472338743,22.34373091186612],[114.1829,22.34397],[114.1827,22.34407],[114.18260713447847,22.344095326960417],[114.1825752,22.34411387],[114.18253575645005,22.34411479369544],[114.18248,22.34413],[114.18224,22.34417],[114.1817,22.34414],[114.18169540947824,22.34416426418651],[114.18164506046199,22.34464611706937],[114.18168345605226,22.344227446580998],[114.18156,22.34488],[114.18147,22.3453],[114.18147,22.34539],[114.1815,22.34566],[114.18151,22.34607],[114.18151,22.34625],[114.1815,22.3463],[114.18146,22.34642],[114.18126,22.34675],[114.17946,22.34902],[114.17951,22.34901],[114.17964,22.34891],[114.1799,22.34885],[114.18016,22.34875],[114.18033,22.34875],[114.18046,22.34882],[114.18055,22.3489],[114.18062,22.34909],[114.18077,22.34914],[114.18085,22.34923],[114.18097,22.34916],[114.18112,22.34915],[114.18126,22.34915],[114.18164,22.34937],[114.18168,22.34948],[114.1819,22.34953],[114.18199,22.34956],[114.18217,22.34971],[114.18227,22.34987],[114.18239,22.34997],[114.18242,22.34998],[114.1825,22.34996],[114.18266,22.34983],[114.18286,22.34985],[114.18299,22.34997],[114.18302,22.35011],[114.18308,22.35015],[114.18336,22.35021],[114.18369,22.35019],[114.1837,22.35019],[114.1841,22.35016],[114.18416,22.35014],[114.18421,22.35013],[114.18444,22.35],[114.18458,22.34987],[114.18464,22.34981],[114.18479,22.34967],[114.18489,22.34963],[114.18503,22.34973],[114.18507,22.34999],[114.18497,22.35017],[114.185,22.35025],[114.18535,22.35041],[114.18541,22.35043],[114.18555,22.3504],[114.18558,22.35038],[114.18568,22.35036],[114.1859,22.35039],[114.18606,22.35035],[114.1862,22.35022],[114.1864,22.35017],[114.18656,22.35019],[114.1867,22.35026],[114.18714,22.35018],[114.18733,22.35003],[114.18768,22.34995],[114.188,22.34993],[114.18826,22.35004],[114.18846737489116,22.35017608977232],[114.1887583,22.35026956],[114.18948335,22.34993989],[114.1894833457066,22.34991956407756],[114.19151656,22.34966203],[114.19089467370448,22.34979900569523],[114.19123,22.34981],[114.19138,22.34986],[114.19143,22.34992],[114.19131,22.35012],[114.19132,22.35018],[114.19145,22.35029],[114.1915,22.35047],[114.19153,22.3505],[114.19139,22.3509],[114.1914,22.35111],[114.19147,22.35126],[114.19149,22.35129],[114.19158,22.35134],[114.19174,22.35149],[114.19176,22.35156],[114.19166,22.3517],[114.19152,22.35176],[114.19148,22.3518],[114.19148,22.35191],[114.19146,22.35196],[114.19134,22.35176],[114.1913,22.35174],[114.19124,22.35176],[114.19116,22.35179],[114.19103,22.35183],[114.19093,22.35195],[114.19092,22.35206],[114.19093,22.3521],[114.19083,22.35218],[114.19085,22.35222],[114.19102,22.35224],[114.19108,22.35223],[114.19115,22.35221],[114.19125,22.3522],[114.19119,22.35239],[114.19115,22.35246],[114.19116,22.35266],[114.19102,22.35284],[114.19096,22.3529],[114.19095,22.35309],[114.19089,22.35318],[114.19093,22.35319],[114.19112,22.35309],[114.19139,22.35309],[114.19146,22.35299],[114.19155,22.35295],[114.19166,22.35292],[114.19176,22.35279],[114.19195,22.35278],[114.19203,22.35279],[114.19212,22.35274],[114.19237,22.35276],[114.19246,22.3527],[114.19267,22.35269],[114.19277,22.35277],[114.19289,22.35292],[114.19293,22.35319],[114.19273,22.35351],[114.19274,22.35351],[114.1929,22.35362],[114.19285,22.35387],[114.19288,22.35393],[114.19309,22.35396],[114.19335,22.35384],[114.19358,22.35369],[114.19397,22.35362],[114.19402,22.35359],[114.19406,22.35353],[114.19416,22.35344],[114.19439,22.35341],[114.19457,22.35345],[114.1946,22.35345],[114.19476,22.35334],[114.19485,22.3533],[114.19494,22.35322],[114.19519,22.35309],[114.19549,22.3531],[114.19573,22.35303],[114.19599,22.35303],[114.1961,22.35297],[114.19642,22.35293],[114.19644,22.35292],[114.19647,22.35269],[114.19654,22.35257],[114.19677,22.35255],[114.19691,22.35263],[114.19694,22.35286],[114.19701,22.35289],[114.19715,22.35301],[114.1972,22.35307],[114.19721,22.35319],[114.1972,22.35336],[114.19732,22.35356],[114.19738,22.35382],[114.19738,22.35392],[114.19733,22.35413],[114.19738,22.35425],[114.19765,22.35409],[114.19768,22.35408],[114.19789,22.35395],[114.19799,22.35391],[114.19806,22.35391],[114.19809,22.35392],[114.19816,22.35397],[114.19817,22.354],[114.1982,22.35409],[114.1982,22.35419],[114.19816,22.35434],[114.19816,22.35438],[114.19817,22.35442],[114.19822,22.35446],[114.19828,22.35448],[114.1984,22.35455],[114.19844,22.35459],[114.19855,22.35467],[114.19863,22.35473],[114.19879,22.35491],[114.19893,22.35515],[114.199,22.35521],[114.19906,22.35523],[114.19911,22.35521],[114.19917,22.35519],[114.19946,22.35498],[114.19948,22.35504],[114.19946,22.35509],[114.1994,22.35512],[114.19932,22.35519],[114.19922,22.35531],[114.19915,22.35538],[114.19895,22.35543],[114.19883,22.35548],[114.19881,22.35551],[114.19881,22.35554],[114.19883,22.35557],[114.19885,22.35558],[114.19891,22.35558],[114.1989535187593,22.355548915171937],[114.19890956,22.35556153],[114.19900186331272,22.355519068343646],[114.19904,22.3555],[114.19905203401359,22.355495988662135],[114.19982525062386,22.355140291157586],[114.19972226263192,22.35528773736807],[114.19981,22.3552],[114.1999,22.3551],[114.20001,22.35481],[114.20006,22.35472],[114.20009,22.35467],[114.20015,22.35463],[114.20023,22.3546],[114.20033,22.3546],[114.20043,22.35462],[114.20059,22.35468],[114.20064,22.35469],[114.20069,22.35469],[114.20081,22.35464],[114.20112,22.35446],[114.20118,22.35444],[114.20124,22.35444],[114.20129,22.35444],[114.20137,22.35447],[114.20207,22.35468],[114.20215,22.3547],[114.20221,22.3547],[114.20226,22.35469],[114.20232,22.35465],[114.20237,22.35462],[114.20242,22.35454],[114.20244,22.35449],[114.20247,22.35445],[114.20258,22.3544],[114.20263,22.35438],[114.20293,22.35435],[114.20302,22.35434],[114.20311,22.35436],[114.20327,22.35441],[114.20335,22.35443],[114.20346,22.3544],[114.2036,22.35435],[114.20366,22.35435],[114.20372,22.35435],[114.20377,22.35438],[114.20441,22.35486],[114.20449,22.3549],[114.20462,22.35495],[114.20468,22.35496],[114.2048,22.35497],[114.20499,22.35497],[114.20626,22.35492],[114.20635,22.3549],[114.20643,22.35486],[114.20666,22.35466],[114.20672,22.35464],[114.20679,22.35463],[114.20686,22.35465],[114.20691,22.35468],[114.20719,22.35493],[114.20724,22.35497],[114.20733,22.355],[114.20754138031563,22.355054354938307],[114.20718251973932,22.354856314043452],[114.20788765509788,22.35509],[114.20791,22.35509],[114.20798,22.3551],[114.20811,22.35516],[114.20817,22.3552],[114.20831392231474,22.355319935262283],[114.20910472,22.3559171],[114.20992114165513,22.355515315006926],[114.21003,22.35545],[114.21008,22.35543],[114.21015,22.3554],[114.21023489090081,22.355385851516534],[114.21077093777184,22.355274496205833],[114.2104747428294,22.355388728569118],[114.21049,22.35539],[114.21056,22.35539],[114.21066,22.35536],[114.21082,22.35525],[114.21088,22.35521],[114.21097,22.35519],[114.21107,22.3552],[114.21112,22.35521],[114.21113649079349,22.355216790326736],[114.2141155047807,22.355792941022443],[114.21411545289452,22.355793138300637],[114.21118886824512,22.355238357512697],[114.21129,22.35528],[114.21142,22.35532],[114.21154,22.35536],[114.21168,22.35537],[114.21188,22.35537],[114.21196,22.35539],[114.2125,22.3556],[114.21269,22.35565],[114.21281,22.35567],[114.21307,22.35573],[114.21319,22.35576],[114.21332,22.35578],[114.21335,22.35578],[114.21349,22.35579],[114.21353,22.3558],[114.21379,22.35581],[114.21416,22.35581],[114.21419,22.35587],[114.21413,22.35605],[114.21413,22.35609],[114.21415,22.35613],[114.21416,22.35618],[114.21414,22.35632],[114.21405,22.35647],[114.21402,22.35656],[114.21397,22.35661],[114.21392,22.35683],[114.2139,22.35686],[114.21382,22.35696],[114.2138,22.35701],[114.21380691559774,22.35703074679324],[114.21381470692704,22.357004371289236],[114.21408082819013,22.35698290390141],[114.21426,22.35689],[114.21433,22.35687],[114.21458,22.3569],[114.21465342730575,22.356936713652875],[114.21465558,22.35693654],[114.21465354274885,22.356936771374432],[114.21466,22.35694],[114.21467,22.35694],[114.21466,22.35695],[114.21462,22.35695],[114.21446,22.35701],[114.21434,22.35711],[114.21427,22.35718],[114.21428,22.3572],[114.21435,22.35728],[114.21439,22.3573],[114.21442,22.35731],[114.2145,22.35731],[114.21471,22.35729],[114.21483,22.35727],[114.21517,22.35723],[114.21527,22.35723],[114.21547,22.3572],[114.21558,22.35719],[114.21611,22.35717],[114.2164,22.35719],[114.2164571466303,22.35720269925118],[114.2164517,22.35719852],[114.21645802363872,22.35720289414194],[114.21649,22.35721],[114.21685,22.35734],[114.21692,22.35738],[114.21709,22.35749],[114.21716,22.35756],[114.21723,22.35764],[114.21735584678477,22.35782392991621],[114.21777478833823,22.358113717156794],[114.21765753115487,22.358106118034417],[114.21781,22.35814]],[[114.20659804,22.34696438],[114.20664326296253,22.35465772953539],[114.20664323382476,22.35465773425862],[114.20659804,22.34696438]],[[114.1905178,22.3429574],[114.19038049483933,22.34301067494316],[114.19057811231662,22.34270804296051],[114.1905178,22.3429574]],[[114.18998344777971,22.342131134320102],[114.19063697,22.3424647],[114.19060911318245,22.34257987205677],[114.189976224245,22.34213344349555],[114.18998344777971,22.342131134320102]],[[114.18938760578989,22.33941468503236],[114.18956638,22.34226446],[114.18935206,22.34055996],[114.18938760578989,22.33941468503236]],[[114.19038499,22.33734387],[114.18940876329711,22.338732996329316],[114.18941437,22.33855235],[114.19038499,22.33734387]],[[114.1851681118217,22.350260548157333],[114.18544970733754,22.350252219414703],[114.18517941,22.35028126],[114.1851681118217,22.350260548157333]],[[114.20387113,22.33603561],[114.20513337,22.33775158],[114.20846346,22.34105105],[114.20434964,22.33700781],[114.20387113,22.33603561]],[[114.20721951,22.33641256],[114.20704280915385,22.336525978067346],[114.20729173540936,22.336266279230873],[114.20721951,22.33641256]],[[114.21782461193493,22.332962627347626],[114.21385084752777,22.332381873242724],[114.21422151,22.33229033],[114.21782461193493,22.332962627347626]],[[114.19631480501106,22.33852584245185],[114.1973995838677,22.339167234778962],[114.19733439,22.33915546],[114.19635872,22.33858327],[114.19631480501106,22.33852584245185]],[[114.19848354,22.33936301],[114.19759431437615,22.33920240539814],[114.19872778589502,22.3392711848244],[114.19848354,22.33936301]],[[114.19413231,22.33502825],[114.19425261782521,22.33466431200574],[114.19450346,22.33615715],[114.19413231,22.33502825]],[[114.19110921017287,22.341771257475685],[114.19142956,22.34166885],[114.19550862,22.34171282],[114.19110921017287,22.341771257475685]],[[114.2162283,22.35529172],[114.21705752503547,22.354985978841487],[114.21705211,22.35503314],[114.2162283,22.35529172]],[[114.21834277,22.34995304],[114.21851808688018,22.34944443516667],[114.2185334,22.34945414],[114.21834277,22.34995304]],[[114.21806599746135,22.349157919256676],[114.21770155,22.34896886],[114.21766160864705,22.348901634052265],[114.21806599746135,22.349157919256676]],[[114.21705838,22.34788633],[114.21689883362649,22.346840822664014],[114.21690875,22.34684449],[114.21705838,22.34788633]],[[114.2163711,22.34198614],[114.21540845,22.34156864],[114.21543433717903,22.341550955214416],[114.2163711,22.34198614]]],[[[114.21742,22.35796],[114.21747,22.35802],[114.21751,22.35805],[114.21758,22.35809],[114.21762534507336,22.35809906901467],[114.21740678378089,22.357931364858583],[114.21742,22.35796]]],[[[114.21381,22.35704],[114.21391,22.35704],[114.21399,22.35703],[114.21403412638593,22.357007119651744],[114.21380761499178,22.35703284497533],[114.21381,22.35704]]],[[[114.20886,22.3558],[114.20895,22.35586],[114.20905,22.35591],[114.20911,22.35592],[114.20919,22.35592],[114.20957,22.35583],[114.20962,22.35581],[114.20968,22.35577],[114.20971,22.35574],[114.20976320850265,22.355663143273954],[114.20910472,22.3559171],[114.20881518022834,22.355757314503183],[114.20886,22.3558]]],[[[114.19954,22.35541],[114.19962,22.35539],[114.19966536228902,22.355344637710978],[114.19947163031057,22.35540023290151],[114.19954,22.35541]]],[[[114.19933,22.35546],[114.19946505125633,22.355402120890147],[114.19923438874083,22.355468314022538],[114.19933,22.35546]]],[[[114.18858,22.35025],[114.18869,22.35029],[114.18872,22.35029],[114.18899,22.35025],[114.18907885662992,22.35019895470196],[114.1887583,22.35026956],[114.18848004371824,22.350184403690097],[114.18858,22.35025]]],[[[114.22182,22.33395],[114.22165,22.33392],[114.22154,22.33391],[114.22150395989836,22.33391],[114.22304046141551,22.334277440867574],[114.22182,22.33395]]]]}},{"type":"Feature","properties":{"地區號碼":"J","District":"Kwun Tong","地區":"觀塘","Administrative District Boundary of Hong Kong":"Administrative District Boundary of Hong Kong"},"geometry":{"type":"MultiPolygon","coordinates":[[[[114.22387,22.3345],[114.22397,22.33452],[114.22403,22.33452],[114.22412,22.33451],[114.22418,22.33449],[114.22423,22.33447],[114.22429,22.33445],[114.2243344123615,22.334419252980496],[114.22404527522407,22.33451253622725],[114.2243456991455,22.334359898460864],[114.22437804099701,22.33438904854053],[114.22455,22.33427],[114.22459897257836,22.33424061645298],[114.22454091983262,22.3342607117866],[114.22486932,22.33409386],[114.2249979960195,22.33410249190659],[114.22480398038415,22.334169651674316],[114.22493,22.33414],[114.22506,22.33414],[114.22523,22.3342],[114.22754,22.33441],[114.22787,22.33443],[114.22825,22.33442],[114.2284,22.33442],[114.22851,22.33441],[114.22854,22.33439],[114.22859,22.33436],[114.22869,22.33422],[114.22871,22.33414],[114.22887,22.33394],[114.22889,22.3339],[114.22889,22.33386],[114.22886,22.33379],[114.22874856378773,22.33366096859633],[114.22884569,22.33388303],[114.22874583258749,22.333657806153944],[114.22867,22.33357],[114.22865,22.33348],[114.22865,22.333441660117415],[114.22843685,22.33296091],[114.22844054117186,22.33295673095702],[114.22865,22.333435620438053],[114.22865,22.33343],[114.22865,22.33334],[114.22862,22.33325],[114.22858,22.33317],[114.22851,22.33308],[114.22849,22.33304],[114.22849,22.33299],[114.2285,22.33293],[114.22855,22.3328],[114.22864,22.33269],[114.22879,22.33256],[114.22902,22.33237],[114.22914,22.33229],[114.22923,22.33219],[114.22931,22.33208],[114.2294,22.33186],[114.22943,22.33174],[114.22943,22.33165],[114.2294,22.33152],[114.22928,22.33103],[114.22924,22.33063],[114.22925,22.33054],[114.22929,22.33045],[114.22935,22.33038],[114.22942,22.33033],[114.22946,22.3303],[114.22953,22.33025],[114.22962,22.33015],[114.22964,22.33011],[114.22966159798415,22.33008120268781],[114.22962667,22.33006114],[114.2292230579468,22.330475737989282],[114.22921973,22.33043999],[114.22972222,22.32996341],[114.23000438117025,22.330047205153722],[114.22984464729068,22.330053098193783],[114.22993,22.33011],[114.22997,22.33012],[114.23002,22.3301],[114.23007,22.33004],[114.23006042197913,22.329905907707932],[114.23002485,22.33004645],[114.23002157209928,22.33004657093114],[114.23006060454378,22.32989607046542],[114.23008,22.32977],[114.23010033181038,22.3297428909195],[114.23015641223509,22.32952665721583],[114.23010237030837,22.329740172922172],[114.23011,22.32973],[114.23022,22.32967],[114.23025,22.32963],[114.23025,22.32954],[114.23024,22.32941],[114.23024,22.32928],[114.23028,22.32913],[114.23032489536331,22.329049188346044],[114.2302740261025,22.329073164178208],[114.2302757,22.32906671],[114.23034807737984,22.32902708758583],[114.2304,22.32899],[114.23048410849306,22.32895261844753],[114.2308,22.328779686184014],[114.2308,22.32871],[114.23083,22.3286],[114.23091,22.32842],[114.23096,22.32837],[114.23097005386084,22.328357866030004],[114.23258949,22.32371666],[114.2324120798098,22.324296533650333],[114.23244,22.32425],[114.23253,22.32417],[114.23257,22.3241],[114.23258,22.32403],[114.2326,22.32378],[114.23263,22.32371],[114.23266,22.32367],[114.2327,22.32364],[114.23274,22.32363],[114.23281,22.32364],[114.23286,22.32363],[114.2329,22.32361],[114.23294,22.32358],[114.23313,22.32335],[114.23334,22.32309],[114.23384,22.32232],[114.23393,22.32222],[114.23403,22.32213],[114.2341,22.32209],[114.23423,22.32204],[114.23432169563588,22.322003321745647],[114.23436997,22.3219602],[114.2344845053988,22.32197254946012],[114.23451,22.32197],[114.23524,22.32201],[114.23551,22.32199],[114.23561,22.32199],[114.23575,22.32202],[114.23584,22.32204],[114.23592,22.3221],[114.23601,22.3222],[114.23605,22.32222],[114.23611,22.32224],[114.23619,22.32224],[114.23633,22.32222],[114.23642,22.32221],[114.23649,22.32215],[114.23655,22.32208],[114.23661,22.32191],[114.23664,22.32186],[114.23666,22.32184],[114.23672,22.32181],[114.23679,22.32175],[114.23702,22.32141],[114.23713,22.32131],[114.23724,22.32126],[114.23729,22.32125],[114.23732,22.32126],[114.23743,22.32126],[114.23752,22.32125],[114.2376,22.32121],[114.2377,22.32114],[114.23778,22.32108],[114.23787,22.32091],[114.23803,22.32071],[114.23809,22.32063],[114.23838,22.31997],[114.23848,22.3198],[114.23859,22.31966],[114.23875,22.31954],[114.23884,22.31949],[114.23896,22.31944],[114.23907,22.31941],[114.23912228729597,22.31940253038629],[114.23916059,22.31936341],[114.23925546998932,22.319377907412957],[114.23923033333291,22.31939],[114.23936,22.31939],[114.24023,22.31945],[114.24039,22.31949],[114.24051,22.31952],[114.24066,22.3196],[114.24075,22.31968],[114.24081,22.31976],[114.24089,22.3199],[114.24098,22.32005],[114.24105,22.32011],[114.24109,22.32019],[114.2412,22.32056],[114.2412,22.32062],[114.2412,22.32075],[114.24123,22.32081],[114.24126,22.32084],[114.24135,22.32083],[114.2414,22.32081],[114.24153,22.32073],[114.2416,22.32071],[114.24167,22.32071],[114.24175,22.32072],[114.24181,22.32077],[114.24185,22.32082],[114.24187,22.32087],[114.24189,22.32095],[114.24191,22.321],[114.24198,22.32105],[114.24215,22.32113],[114.24218,22.32116],[114.24221,22.32118],[114.24226,22.3213],[114.2423,22.32135],[114.24235,22.32138],[114.24239,22.3214],[114.24256,22.32141],[114.24263,22.32144],[114.2427,22.32149],[114.24275,22.32158],[114.24278,22.32162],[114.24284,22.32165],[114.24294,22.3215],[114.24299,22.32141],[114.24303,22.32131],[114.24305,22.32119],[114.24305,22.3211],[114.24300910674218,22.320993677529692],[114.24268391,22.32095907],[114.24204222,22.32044573],[114.242998435268,22.320955917412068],[114.24299,22.32088],[114.24298,22.32078],[114.24294,22.32062],[114.24292,22.32035],[114.24294053191761,22.32028840424717],[114.24253655651556,22.31889943380545],[114.24252,22.31887],[114.24251,22.31881],[114.24247,22.31872],[114.24246,22.31869],[114.24245,22.31869],[114.24243,22.31861],[114.24243,22.31858],[114.24243,22.31857],[114.24243,22.318533065334144],[114.24224578,22.31789967],[114.24227311830413,22.317861183041213],[114.24227,22.31783],[114.24227,22.31764],[114.24225,22.31757],[114.24223,22.31756],[114.24221,22.31752],[114.2422,22.31751],[114.24213,22.31739],[114.24209,22.31717],[114.2421,22.31713],[114.24191,22.31695],[114.24176,22.31676],[114.2416,22.3166],[114.24165,22.31656],[114.24159,22.31652],[114.24187,22.31614],[114.24197,22.31599],[114.242,22.31594],[114.24203,22.31584],[114.24204,22.31577],[114.24204,22.31568],[114.24206,22.3156],[114.24205,22.31551],[114.24205395193572,22.315492216289293],[114.2420469,22.31549424],[114.24205428350793,22.31549072421436],[114.24207,22.31542],[114.24209,22.3154],[114.24214,22.31538],[114.24217,22.31537],[114.24222,22.3154],[114.24223711256873,22.315403666979012],[114.24247992,22.31528805],[114.24274326781317,22.315294401678074],[114.24230890646172,22.315419051384655],[114.24236,22.31543],[114.24246,22.31544],[114.2427,22.31543],[114.24281,22.31542],[114.24285,22.31542],[114.24293,22.3154],[114.24305,22.31539],[114.24316,22.31539],[114.24344,22.3154],[114.24356,22.3154],[114.24364,22.31539],[114.24372,22.31537],[114.24376,22.31536],[114.24383,22.31535],[114.24391,22.31534],[114.24403,22.31534],[114.24411,22.31532],[114.24414,22.3153],[114.24418,22.31529],[114.24422,22.31528],[114.2443,22.31527],[114.24432,22.31525],[114.24435,22.31524],[114.24437,22.31522],[114.24439,22.31521],[114.2444,22.31519],[114.24443,22.31516],[114.24445,22.3151],[114.24447,22.31506],[114.24452,22.31488],[114.24456,22.31481],[114.24463,22.31473],[114.24477,22.3146],[114.24487,22.31445],[114.24491,22.31436],[114.24499,22.31427],[114.24518,22.31413],[114.24523,22.31408],[114.24529,22.31404],[114.24534,22.31399],[114.24542,22.3138],[114.24544,22.31374],[114.24558,22.3136],[114.24547,22.31352],[114.24533,22.31347],[114.24527,22.31346],[114.24517,22.3135],[114.24504,22.31358],[114.24479,22.31353],[114.24472,22.31351],[114.24465,22.31337],[114.24447,22.31324],[114.24442,22.31316],[114.24445,22.31306],[114.24449,22.31293],[114.24443,22.31287],[114.24436,22.31282],[114.24408,22.31276],[114.24388,22.31259],[114.24379,22.31247],[114.24377,22.31235],[114.24383,22.31222],[114.244,22.31208],[114.24407,22.31194],[114.24401,22.31181],[114.24395,22.31166],[114.2439,22.31157],[114.24379,22.31151],[114.24357,22.31143],[114.24354,22.31139],[114.24354,22.31135],[114.2436,22.31123],[114.24363,22.31114],[114.2436,22.31109],[114.24351,22.311],[114.24351,22.31095],[114.24353,22.31083],[114.2435,22.31078],[114.24338,22.31069],[114.24314,22.31064],[114.24299,22.31061],[114.24289,22.31067],[114.24285,22.31073],[114.24281,22.31076],[114.24275,22.31079],[114.2427,22.3108],[114.24264,22.31078],[114.24258,22.31075],[114.24254,22.31072],[114.24247,22.31061],[114.24241,22.31045],[114.24238,22.31041],[114.24231,22.31039],[114.24225,22.31041],[114.24219,22.31044],[114.24202,22.31059],[114.24196,22.31062],[114.2419,22.31062],[114.24187,22.31057],[114.2418576634425,22.310539158606264],[114.24185781,22.31061496],[114.2418573797081,22.31053844927024],[114.24185,22.31052],[114.24184,22.31046],[114.24182,22.31043],[114.24181,22.31038],[114.24181,22.31034],[114.24182,22.31027],[114.24185,22.31019],[114.24185533996523,22.310175760092722],[114.24185418847499,22.309971012204144],[114.24181,22.30989],[114.24181,22.30984],[114.24185290870876,22.309743455405265],[114.2418500101943,22.309228066997708],[114.24185513,22.30922883],[114.24185611106662,22.30973625010011],[114.24189,22.30966],[114.24186,22.30949],[114.24186,22.30936],[114.24187,22.30925],[114.24186,22.30922],[114.24182,22.30919],[114.24176,22.30916],[114.24141,22.30906],[114.24134,22.30907],[114.24125,22.30911],[114.24118,22.30913],[114.24112,22.30912],[114.24106,22.3091],[114.24103,22.30908],[114.24099,22.30903],[114.24096,22.309],[114.24091,22.30897],[114.24083,22.30896],[114.24078,22.30891],[114.24074,22.30887],[114.2407,22.30877],[114.24066,22.30873],[114.24059,22.30857],[114.24058,22.30851],[114.24057,22.30846],[114.24058,22.30834],[114.24062,22.30823],[114.2404,22.30744],[114.24003,22.30658],[114.24001,22.3064],[114.24005296794834,22.306371354701106],[114.23987731070653,22.30596885117755],[114.23986,22.30594],[114.23986,22.3059],[114.23988,22.30585],[114.23992,22.30581],[114.24005,22.30572],[114.24018,22.3056],[114.2402,22.30554],[114.2402,22.305525262893063],[114.24006457270126,22.305414000685293],[114.24002,22.30539],[114.23996,22.30533],[114.23996,22.305328087507352],[114.23992042,22.30529557],[114.2399499236,22.305278770834665],[114.23996,22.305288687285863],[114.23996,22.30528],[114.24001,22.3052],[114.24011,22.30516],[114.24012,22.30514],[114.24014,22.30509],[114.24014,22.30501],[114.24015,22.30499],[114.24026,22.30497],[114.24043,22.30493],[114.24045,22.30493],[114.24056,22.305],[114.2406,22.30501],[114.24062,22.30501],[114.24065,22.30498],[114.24067,22.30495],[114.24067,22.30472],[114.24069,22.30469],[114.24071,22.30468],[114.24074,22.30468],[114.24075,22.30468],[114.24087,22.30476],[114.24091,22.30478],[114.24095,22.30478],[114.24098,22.30476],[114.241,22.30473],[114.24102,22.30465],[114.24103,22.30464],[114.2413,22.30449],[114.24135,22.30446],[114.24144,22.30444],[114.24147,22.30441],[114.24149,22.30438],[114.24149,22.30429],[114.24146,22.30418],[114.24137,22.30402],[114.24137,22.30399],[114.24139,22.30395],[114.24144,22.30392],[114.24154,22.30386],[114.24164,22.30385],[114.24168,22.30382],[114.24171,22.30378],[114.24174,22.3037],[114.24178,22.30356],[114.24183,22.30348],[114.24203,22.30329],[114.2421,22.30329],[114.24217,22.30329],[114.2422,22.30328],[114.24224,22.30323],[114.24225,22.30321],[114.24224,22.30314],[114.2422,22.30306],[114.24217,22.30298],[114.24216,22.30292],[114.24217,22.30287],[114.24221,22.30284],[114.24228,22.30282],[114.24241,22.30282],[114.24249,22.30279],[114.24259,22.30272],[114.24262,22.30271],[114.24269,22.30269],[114.2428,22.30262],[114.24284,22.30261],[114.24292,22.3026],[114.24297,22.30258],[114.24305,22.30254],[114.24313,22.30254],[114.24319,22.30251],[114.24338,22.3024],[114.24343,22.30238],[114.24352,22.30239],[114.24358,22.30236],[114.24363062563924,22.302309374360757],[114.24355620025803,22.302337658786662],[114.24388624761502,22.301767451457273],[114.2436349099524,22.30230509004759],[114.24365,22.30229],[114.24372,22.3022],[114.24385,22.30192],[114.2439,22.30186],[114.24388,22.30172],[114.24388,22.30162],[114.24386,22.30156],[114.24387,22.30122],[114.24377,22.30116],[114.24366,22.30102],[114.24363,22.3007],[114.2437,22.30039],[114.24375,22.30031],[114.24381,22.30024],[114.24404,22.30003],[114.24414,22.29991],[114.24428,22.29984],[114.24439,22.29974],[114.24441,22.29962],[114.24437,22.29935],[114.24438,22.29926],[114.24449,22.29907],[114.24469,22.2986],[114.24482,22.29847],[114.24485,22.29839],[114.24477,22.29824],[114.24477,22.29813],[114.24482,22.29808],[114.24504,22.29802],[114.24515,22.29795],[114.24522,22.29779],[114.2452395915188,22.297620206837067],[114.24512257,22.29794394],[114.24524255932492,22.29759448585066],[114.24525,22.29753],[114.24532653389086,22.297349920256778],[114.24540868594663,22.297110662499616],[114.24539916,22.29717877],[114.24539851841834,22.297180544897998],[114.24542,22.29713],[114.24542,22.29669],[114.2454244361811,22.296656728641764],[114.24542207445107,22.29650414890213],[114.24536,22.29638],[114.24529,22.29634],[114.24507,22.29631],[114.24482,22.2961],[114.24482,22.29591],[114.24486,22.29582],[114.2451,22.29571],[114.24513,22.2955],[114.24516,22.29549],[114.24516,22.29545],[114.24519,22.29543],[114.24531,22.29537],[114.24543,22.29525],[114.24544,22.29501],[114.24542289893881,22.294934755330786],[114.24538762539997,22.294994112045217],[114.24536216780537,22.294842285535275],[114.24541428460464,22.294896852260365],[114.24539,22.29479],[114.24521438977848,22.294687560704116],[114.24530582545911,22.294783294627127],[114.2442382,22.2947993],[114.24430204939134,22.29479016860621],[114.24413,22.2948],[114.24464,22.29501],[114.24466,22.29507],[114.24466,22.2951],[114.24448,22.29508],[114.24415,22.295],[114.24367,22.29484],[114.24315,22.29459],[114.24315,22.29458],[114.24273,22.29428],[114.24264,22.29421],[114.24256,22.2942],[114.24232,22.2942],[114.24215,22.29421],[114.24214,22.29416],[114.24214,22.2941],[114.24222,22.29393],[114.24221,22.29378],[114.24223,22.29367],[114.24223,22.29359],[114.24226,22.29351],[114.24225,22.29341],[114.24222,22.29337],[114.24213,22.29331],[114.24209,22.29308],[114.24198,22.29287],[114.24194,22.29283],[114.24189,22.29281],[114.24167,22.29286],[114.24161,22.29285],[114.24155,22.29283],[114.24148,22.29272],[114.24146,22.29258],[114.24146765600966,22.292472815864844],[114.2411908222513,22.29221],[114.24116,22.29221],[114.2411,22.29218],[114.24106,22.29212],[114.24106,22.292085802130064],[114.24105392,22.29208003],[114.24106,22.292058818971114],[114.24106,22.29204],[114.24106840636998,22.292029492037535],[114.24117265197641,22.29166581497051],[114.24112,22.2916],[114.24104,22.29146],[114.24107,22.29138],[114.24111,22.29133],[114.24122,22.2912],[114.24126,22.29114],[114.24129,22.29107],[114.2413,22.291],[114.2413,22.29093],[114.24129,22.29086],[114.24126,22.29076],[114.24125,22.29069],[114.24126,22.29063],[114.2413,22.29053],[114.24146,22.29034],[114.2415,22.29025],[114.24152,22.29018],[114.24152,22.29011],[114.2415,22.29007],[114.24143,22.28995],[114.24127,22.28978],[114.24121,22.28971],[114.2411,22.28942],[114.24107,22.28922],[114.24125,22.28885],[114.24139,22.28847],[114.24148,22.28833],[114.24167,22.28799],[114.24218,22.28744],[114.24235,22.28729],[114.24234,22.28726],[114.24226,22.2872],[114.24209,22.28713],[114.24193,22.28702],[114.24197,22.28634],[114.24214,22.28631],[114.2422,22.28632],[114.24228,22.28635],[114.24243,22.28647],[114.24251,22.28649],[114.24292,22.28655],[114.24317,22.2866],[114.24338,22.28651],[114.24347,22.28647],[114.24368,22.28621],[114.24368272753006,22.286207173287035],[114.243666,22.28618766],[114.24341027,22.28571914],[114.2426072,22.28551294],[114.23973787,22.28619495],[114.23803263,22.28751175],[114.23669467,22.28807728],[114.23688655,22.2889672],[114.23726994,22.28916174],[114.23856644,22.29158401],[114.23781585,22.29231557],[114.2364668,22.29111746],[114.23724308,22.29030469],[114.23705978,22.290145],[114.23337063,22.29364138],[114.23269316,22.29530984],[114.23610732,22.29696593],[114.23569316,22.29786112],[114.23533725,22.29862213],[114.23101286,22.29810566],[114.22949469,22.29846059],[114.22851356,22.29928695],[114.22734848,22.30136251],[114.22505162,22.30255897],[114.22259648,22.30529282],[114.22325822,22.30581177],[114.22284788904655,22.305839965748554],[114.22278341,22.30579016],[114.2182309,22.31182977],[114.22271647,22.30586644],[114.22181939,22.30634471],[114.22113039,22.30603912],[114.22165305,22.3065254],[114.22068472,22.30792834],[114.21874323,22.30677934],[114.2205119,22.30815371],[114.21343146,22.31552184],[114.21097796,22.31315022],[114.21033071286521,22.31373014434031],[114.21049,22.31388],[114.20982,22.31452],[114.21082,22.31549],[114.21056,22.31573],[114.21086,22.31603],[114.20997,22.31683],[114.20966,22.31686],[114.20939,22.31691],[114.20918,22.31698],[114.20899,22.31705],[114.20878,22.31714],[114.20859,22.31728],[114.20842,22.31745],[114.20641,22.32],[114.20599,22.32038],[114.20555,22.32036],[114.205,22.32084],[114.20498,22.32088],[114.20496,22.32134],[114.20493,22.32138],[114.20437,22.32194],[114.20358,22.32266],[114.20345,22.32273],[114.20328,22.32279],[114.20311,22.32281],[114.20292,22.32279],[114.20263,22.32274],[114.20252,22.32272],[114.20242,22.32274],[114.20226,22.32282],[114.20215,22.3229],[114.20208,22.32302],[114.20204,22.32315],[114.20204,22.32329],[114.20205,22.32342],[114.2021,22.32354],[114.20215,22.32364],[114.20171,22.32377],[114.20173,22.32393],[114.20175,22.32418],[114.20175,22.32448],[114.20497,22.32764],[114.20502,22.32771],[114.20505,22.32775],[114.20512,22.32789],[114.20513,22.32797],[114.20515,22.32808],[114.20514,22.32821],[114.20508,22.32837],[114.20501,22.32851],[114.20493,22.32864],[114.20486,22.32876],[114.20482,22.32891],[114.20477,22.33202],[114.2048,22.3325],[114.20479,22.33435],[114.20476,22.33456],[114.2047,22.33478],[114.20465,22.33496],[114.20477,22.33488],[114.20493,22.33476],[114.20527,22.33447],[114.20718,22.33291],[114.20719105372727,22.332921484391978],[114.2108278084782,22.32993181454912],[114.20770645,22.33258971],[114.20721868346567,22.33295019061368],[114.20795,22.33371],[114.20805,22.33381],[114.20819,22.33392],[114.20839,22.33404],[114.21057,22.33443],[114.21077,22.33445],[114.21095,22.33445],[114.21105,22.33444],[114.21129,22.3344],[114.21152,22.33434],[114.21172,22.33424],[114.21182,22.33419],[114.21197,22.33409],[114.21213,22.33394],[114.21225,22.33382],[114.21249,22.3335],[114.21302,22.33282],[114.21312,22.33272],[114.21328,22.33259],[114.21339532915991,22.332501285261607],[114.21340332,22.3324924],[114.2134085634953,22.33249110500361],[114.21341,22.33249],[114.21352,22.33244],[114.21362,22.33239],[114.21391,22.33233],[114.21414,22.33229],[114.2144,22.33229],[114.21468,22.33233],[114.21828,22.33305],[114.21815,22.33387],[114.21833,22.3338],[114.21847,22.33376],[114.21864,22.33374],[114.21882,22.33373],[114.22085716069967,22.333874365718874],[114.22140105,22.33388539],[114.22150395989836,22.33391],[114.22154,22.33391],[114.22165,22.33392],[114.22182,22.33395],[114.22304046141551,22.334277440867574],[114.22403602397112,22.33451552092482],[114.22403488,22.33451589],[114.22362091249809,22.334433171645827],[114.22387,22.3345]],[[114.23697326290632,22.30259279691458],[114.23697720952926,22.302587251774355],[114.23697756,22.30258783],[114.23697326290632,22.30259279691458]],[[114.23657029,22.30198655],[114.23658137853943,22.301934188333963],[114.23668818463625,22.302110402826607],[114.23657029,22.30198655]],[[114.23697575,22.30007191],[114.23752538,22.29892539],[114.23661743894303,22.30176390596045],[114.23697575,22.30007191]],[[114.23727922544292,22.29814349049709],[114.23729759,22.29812006],[114.23752538,22.29892539],[114.23727922544292,22.29814349049709]],[[114.23174461,22.30863648],[114.23052953,22.30951996],[114.2269869735493,22.312041106072463],[114.22862581,22.31075067],[114.23174461,22.30863648]],[[114.23202451201053,22.311058005144663],[114.2318754,22.31099681],[114.23052953,22.30951996],[114.23202451201053,22.311058005144663]],[[114.23896432436952,22.314323864756414],[114.23828925317977,22.313675666921515],[114.23843076,22.31373411],[114.23896432436952,22.314323864756414]],[[114.21291037896775,22.327807931272844],[114.21238051,22.32860966],[114.21217855362751,22.32878162964959],[114.21291037896775,22.327807931272844]],[[114.21392177909225,22.326132061277118],[114.21390081,22.32630934],[114.2136949913231,22.326620758022],[114.21392177909225,22.326132061277118]],[[114.21762573814715,22.32289994311547],[114.21761012,22.3229107],[114.21645273,22.32262788],[114.21762573814715,22.32289994311547]],[[114.21882342,22.32237436],[114.21885778177895,22.32243519283881],[114.2187196777652,22.322421628322644],[114.21882342,22.32237436]],[[114.21943324370444,22.32345396962013],[114.21941239,22.32344033],[114.21936770458021,22.32333794154759],[114.21943324370444,22.32345396962013]],[[114.2199314066344,22.32371288571642],[114.21986276,22.3237349],[114.2195981350559,22.323561818822782],[114.2199314066344,22.32371288571642]],[[114.22584774,22.3226378],[114.22584263238089,22.32263532297518],[114.22705086,22.32018927],[114.22583046054686,22.322712834535675],[114.22584774,22.3226378]],[[114.22577735637321,22.323366917303616],[114.22570274,22.32326745],[114.22573635615467,22.323121474746287],[114.22577735637321,22.323366917303616]],[[114.22621719273192,22.323794126487144],[114.22609001,22.3237837],[114.22598036874513,22.323637542802626],[114.22621719273192,22.323794126487144]],[[114.22962335785695,22.323903602774536],[114.22935506,22.32405137],[114.22721607023134,22.32387601483197],[114.22962335785695,22.323903602774536]],[[114.23194796,22.32142099],[114.23016429,22.32360568],[114.22990284202193,22.323749674598997],[114.23194796,22.32142099]],[[114.2148265,22.31843422],[114.21528612,22.31727351],[114.21475012182991,22.319205881259137],[114.2148265,22.31843422]],[[114.22566814,22.31260399],[114.22654914920786,22.3123526943659],[114.22642133,22.31244366],[114.21684865,22.31604255],[114.22566814,22.31260399]],[[114.2373468501402,22.321215869395026],[114.23813805679879,22.32040777213665],[114.23775605,22.32106638],[114.2373468501402,22.321215869395026]],[[114.2085737688524,22.31793748971031],[114.20867229,22.31783339],[114.20894876982292,22.317711160827844],[114.2085737688524,22.31793748971031]],[[114.20994877,22.31726907],[114.21219559425995,22.317028857212165],[114.21214427,22.31706301],[114.2095414464367,22.317449143979406],[114.20994877,22.31726907]],[[114.20529732190303,22.329465983726724],[114.20534334051119,22.32813561578653],[114.20535468,22.32816346],[114.20529732190303,22.329465983726724]],[[114.20860874578425,22.333971035294972],[114.20843514,22.3339505],[114.20842544436404,22.333941824520558],[114.20860874578425,22.333971035294972]],[[114.21150378,22.33431348],[114.2114117393327,22.334302592792174],[114.21163218850516,22.33420000896261],[114.21150378,22.33431348]],[[114.20765148954207,22.333132095020307],[114.20802429610691,22.333582884326336],[114.2076406,22.33323956],[114.20765148954207,22.333132095020307]],[[114.22049232,22.32488526],[114.22096329,22.32516505],[114.22201234,22.32648594],[114.22049232,22.32488526]]],[[[114.2116,22.31009],[114.21112729946374,22.310514172344327],[114.21184417276793,22.30989466178566],[114.2116,22.31009]]],[[[114.21256,22.30946],[114.21235,22.30957],[114.2119,22.30985],[114.21187964955716,22.30986628035427],[114.21284814100896,22.309380512825115],[114.21256,22.30946]]],[[[114.2131,22.30962],[114.21285116299266,22.309381116472956],[114.21302256363829,22.309697436361713],[114.2131,22.30962]]],[[[114.2131606667311,22.309952305617305],[114.21316437,22.30995914],[114.21316638563587,22.30995778623437],[114.2131606667311,22.309952305617305]]],[[[114.21409,22.30918],[114.21399494408871,22.309266511559713],[114.21415455330704,22.30912351585634],[114.21409,22.30918]]],[[[114.21532,22.30686],[114.21533184502383,22.306923963128618],[114.21533383450321,22.306846727304023],[114.21532,22.30686]]],[[[114.24118,22.29189],[114.2412,22.29183],[114.24121,22.29175],[114.2412,22.2917],[114.24119377059996,22.291692213249938],[114.24112138807459,22.29196326490677],[114.24118,22.29189]]],[[[114.24138,22.29221],[114.24135818562287,22.29221],[114.24146428630155,22.292235285890467],[114.24138,22.29221]]],[[[114.24153,22.29232],[114.24152,22.29227],[114.2414900216073,22.29224751620548],[114.24150474962713,22.292370500745754],[114.24153,22.29232]]],[[[114.24515,22.29465],[114.24515,22.29464],[114.24498,22.29463],[114.24457733977174,22.294750798068478],[114.24517601963463,22.2946651781202],[114.24515,22.29465]]],[[[114.2402,22.3055],[114.24015,22.30546],[114.24011483613069,22.305441065608832],[114.2402,22.305524877620442],[114.2402,22.3055]]],[[[114.2401,22.3062],[114.24005030347828,22.306156515543496],[114.24011214641735,22.306242512460702],[114.2401,22.3062]]],[[[114.2401,22.30634],[114.24012,22.30631],[114.24012,22.30627],[114.24011986488492,22.30626952709717],[114.24006097622483,22.306366015850116],[114.2401,22.30634]]],[[[114.24188,22.31011],[114.24187,22.31],[114.24185657341897,22.309975384601433],[114.241856952519,22.31017145994932],[114.24188,22.31011]]],[[[114.24243,22.3184],[114.24244,22.31827],[114.24242,22.31821],[114.24236,22.3181],[114.24232,22.31804],[114.24228,22.31793],[114.24227322930906,22.317862293090663],[114.24224578,22.31789967],[114.24243,22.318438950876246],[114.24243,22.3184]]],[[[114.24301,22.32008],[114.24302,22.31996],[114.24294,22.31971],[114.2429,22.31966],[114.24279,22.31943],[114.24272952192734,22.31931576364053],[114.24300041263233,22.32010876210301],[114.24301,22.32008]]],[[[114.232,22.32578],[114.23206,22.3257],[114.23213,22.32555],[114.23214,22.3255],[114.23213,22.32538],[114.23211,22.32531],[114.23211,22.32529],[114.23217,22.32514],[114.23219,22.32506],[114.23221,22.32499],[114.23225,22.32494],[114.23235,22.32484],[114.23241,22.32476],[114.23245,22.32468],[114.23247,22.32461],[114.23247,22.32451],[114.23241,22.32437],[114.23241,22.324303331607652],[114.23194336750001,22.325828542142855],[114.232,22.32578]]],[[[114.23125,22.32802],[114.23137,22.32785],[114.23144,22.32769],[114.23175,22.32666],[114.23174,22.32657],[114.23173528283003,22.32650867679031],[114.23132841,22.32783856],[114.23117906601837,22.328105609977825],[114.23125,22.32802]]],[[[114.23066,22.32895],[114.2307,22.32894],[114.23075,22.32891],[114.23078,22.32888],[114.2308,22.32884],[114.2308,22.328783438241793],[114.23076824,22.32884023],[114.23053534219194,22.32895],[114.23066,22.32895]]],[[[114.22967,22.33007],[114.22969258347342,22.330058708263287],[114.22962667,22.33006114],[114.22966311932001,22.33007917423999],[114.22967,22.33007]]]]}},{"type":"Feature","properties":{"地區號碼":"K","District":"Tsuen Wan","地區":"荃灣","Administrative District Boundary of Hong Kong":"Administrative District Boundary of Hong Kong"},"geometry":{"type":"MultiPolygon","coordinates":[[[[114.16919,22.41293],[114.16913,22.41285],[114.16899,22.41271],[114.16883,22.41258],[114.16867,22.41245],[114.16826,22.41228],[114.1682,22.41227],[114.16815,22.41223],[114.16807,22.41222],[114.16794,22.41216],[114.16789,22.41212],[114.16784,22.41208],[114.16771,22.41203],[114.1674,22.41196],[114.16732,22.41193],[114.16694,22.4118],[114.16609,22.41147],[114.166,22.41144],[114.16594,22.41141],[114.16579,22.41139],[114.16561,22.41138],[114.16543,22.41139],[114.16537,22.41138],[114.16528,22.41136],[114.16524,22.41132],[114.16522,22.41129],[114.16522,22.41124],[114.16522,22.4112],[114.16527,22.41113],[114.16534,22.41107],[114.16556,22.41092],[114.16561,22.41087],[114.16565,22.41081],[114.16567,22.41074],[114.16567,22.41068],[114.16563,22.41061],[114.16558,22.41047],[114.1656,22.41037],[114.16567,22.41022],[114.16569,22.41016],[114.16567,22.41009],[114.16563,22.41003],[114.16549,22.40989],[114.16528,22.40976],[114.16523,22.40969],[114.16521,22.40964],[114.16521,22.40955],[114.16522,22.40952],[114.16523,22.40918],[114.16525,22.40906],[114.16528,22.40896],[114.16534,22.40883],[114.16547,22.40859],[114.16556,22.40848],[114.16567,22.40837],[114.16572,22.4083],[114.16592,22.40791],[114.16599,22.40775],[114.16604,22.40771],[114.16619,22.4076],[114.1663,22.40747],[114.16643,22.40741],[114.16646,22.40738],[114.16649,22.40734],[114.16651,22.40728],[114.16652,22.40721],[114.16651,22.40712],[114.16649,22.40698],[114.1665,22.40693],[114.16654,22.40687],[114.16669,22.40672],[114.16672,22.40669],[114.16673,22.40663],[114.16673,22.40656],[114.16666,22.40636],[114.16665,22.4063],[114.16665,22.40626],[114.16666,22.40621],[114.16672,22.40616],[114.16689,22.40602],[114.16711,22.40588],[114.16717,22.40582],[114.1672,22.40579],[114.16722,22.40573],[114.16725,22.40558],[114.16728,22.40551],[114.16737,22.40539],[114.16769,22.40505],[114.16773,22.405],[114.16772,22.40494],[114.16769,22.40489],[114.16733,22.40466],[114.16727,22.40459],[114.16721,22.40453],[114.16717,22.40443],[114.16713,22.40427],[114.16709,22.40405],[114.16708,22.40393],[114.1671,22.4038],[114.16714,22.40365],[114.16713,22.40363],[114.16717,22.40354],[114.1672,22.40351],[114.16733,22.40322],[114.16735,22.40315],[114.16734,22.40306],[114.16731,22.4029],[114.16727,22.40281],[114.16719,22.40265],[114.16718,22.40261],[114.16719,22.40257],[114.16722,22.40253],[114.16726,22.40252],[114.1673,22.40251],[114.16735,22.40251],[114.16742,22.40253],[114.16755,22.40262],[114.1676,22.40263],[114.16764,22.40263],[114.16767,22.40261],[114.16769,22.40258],[114.16769,22.40254],[114.16769,22.40247],[114.16768,22.4024],[114.16764,22.40231],[114.16761,22.40225],[114.16754,22.40217],[114.16746,22.40209],[114.1674,22.40204],[114.1673,22.40198],[114.16729,22.40197],[114.16728,22.40192],[114.16728830939678,22.401904073656173],[114.16727559,22.40192182],[114.16729020340448,22.401900443474762],[114.1674,22.40169],[114.16745,22.40161],[114.16754,22.40151],[114.16759410596761,22.401455894032388],[114.1678771164684,22.401041905551953],[114.16789,22.401055996636885],[114.16789,22.40102],[114.16788,22.40098],[114.16785,22.40095],[114.16767,22.40077],[114.16764,22.40072],[114.1676,22.40064],[114.16755,22.40058],[114.16749,22.40054],[114.1674,22.4005],[114.16735,22.40047],[114.1673,22.40043],[114.16726,22.40036],[114.16713,22.40007],[114.16711,22.39997],[114.1671,22.39983],[114.16709,22.39971],[114.16704,22.39957],[114.16696,22.39946],[114.16688,22.39938],[114.16664,22.39927],[114.16642,22.39912],[114.16635,22.39909],[114.16618,22.39909],[114.16612,22.39908],[114.16608,22.39901],[114.16607,22.39887],[114.16599,22.39876],[114.16597,22.39871],[114.16596086330604,22.398664316530198],[114.16595958,22.39866522],[114.16596085853296,22.398664292664787],[114.16596,22.39866],[114.16598,22.39861],[114.16602,22.39858],[114.16608,22.39854],[114.16613,22.39853],[114.16614601013077,22.39853],[114.16628539025419,22.39842890593216],[114.16624,22.39839],[114.1662,22.39831],[114.1662,22.39828],[114.16621,22.39826],[114.16624,22.39825],[114.16626,22.39825],[114.16643,22.39826],[114.16651,22.39826],[114.16652261024802,22.398256847437995],[114.16687,22.39800488150272],[114.16687,22.39795],[114.16700540559054,22.397906670211025],[114.16770305740793,22.397400655017247],[114.16770448,22.39743678],[114.1670633986694,22.397888112425793],[114.16712,22.39787],[114.16734,22.39776],[114.16757,22.39756],[114.1677,22.39745],[114.16774,22.39737],[114.16771,22.39729],[114.16763,22.39713],[114.16758,22.39694],[114.16757,22.39677],[114.16759,22.39663],[114.16764,22.39644],[114.16765,22.39631],[114.16765,22.39613],[114.1677,22.39596],[114.16764,22.39568],[114.16765,22.39559],[114.16799,22.39528],[114.1681,22.39515],[114.16814,22.39506],[114.16818,22.39494],[114.16814,22.3948],[114.16782,22.39418],[114.16762,22.39391],[114.16748,22.39376],[114.16745082521324,22.393735431758518],[114.16748377831216,22.3937897059581],[114.1655557,22.39290149],[114.16738951070867,22.39368379849152],[114.16729,22.3936],[114.16704,22.39348],[114.16625,22.39319],[114.16574,22.39298],[114.16547,22.39284],[114.16533,22.39274],[114.16522,22.39259],[114.16518,22.39247],[114.16516,22.39228],[114.16512,22.39227],[114.16477,22.39223],[114.16466,22.39218],[114.1643,22.39178],[114.16417,22.39173],[114.16399,22.39171],[114.16373,22.39165],[114.16352,22.39154],[114.16327,22.39135],[114.16308,22.39126],[114.1629,22.39109],[114.16279,22.39096],[114.16275,22.39086],[114.16272,22.39041],[114.16254,22.38998],[114.16234,22.38955],[114.16217,22.38931],[114.16214,22.38925],[114.1621,22.38919],[114.16209,22.38919],[114.16196,22.38892],[114.1618,22.38863],[114.16179,22.38863],[114.16178,22.3886],[114.16175,22.38852],[114.1613,22.38789],[114.16102,22.38762],[114.16094,22.38752],[114.16087,22.38739],[114.16086,22.38739],[114.16069,22.38697],[114.1606,22.38684],[114.16046,22.38673],[114.16045,22.38672],[114.16015,22.38654],[114.15962,22.38628],[114.15945,22.38616],[114.15944,22.38615],[114.15937,22.3861],[114.15926,22.38603],[114.15925,22.38603],[114.15924,22.38601],[114.15914,22.38596],[114.15896,22.38583],[114.15877,22.38572],[114.15868,22.38564],[114.15854,22.38557],[114.1584,22.3855],[114.1584,22.38549],[114.1583,22.38544],[114.15808,22.38529],[114.158,22.38524],[114.15774,22.38512],[114.15754,22.3851],[114.15742,22.38506],[114.15733,22.385],[114.15724,22.38491],[114.15701,22.38463],[114.15701,22.38443],[114.15707,22.38429],[114.15715,22.38365],[114.15712,22.38346],[114.15706,22.3833],[114.15699,22.3832],[114.15691,22.38312],[114.15689,22.38311],[114.15678,22.38303],[114.15655,22.38293],[114.15619,22.38282],[114.15603,22.38279],[114.15584,22.38273],[114.15557,22.38252],[114.15528,22.38213],[114.15468,22.3818],[114.15466,22.3818],[114.15463,22.38177],[114.15462,22.38177],[114.15453,22.38171],[114.15451,22.38171],[114.15451,22.3817],[114.1543,22.3816],[114.15409,22.38157],[114.15385,22.38159],[114.15349,22.38171],[114.15343,22.38173],[114.15326,22.38173],[114.15317,22.38172],[114.15302,22.38166],[114.15291,22.38161],[114.15278,22.38156],[114.15269,22.38156],[114.15261,22.38159],[114.15247,22.38158],[114.15236,22.38154],[114.15228,22.38148],[114.15218,22.38143],[114.15208,22.38143],[114.15196,22.38146],[114.15186,22.38145],[114.15175,22.38139],[114.15161,22.38121],[114.15157,22.38118],[114.15145,22.38109],[114.15107,22.38099],[114.15069,22.38081],[114.15048,22.38069],[114.15024,22.3806],[114.15007,22.38051],[114.14998,22.38053],[114.14985,22.38052],[114.14964,22.38044],[114.14956,22.38043],[114.1493,22.38043],[114.14917,22.3804],[114.14901,22.38028],[114.14900980804028,22.3802798249016],[114.1490095,22.3802802],[114.14899799403956,22.380287299104005],[114.14900659618212,22.380276895166123],[114.14753,22.37893],[114.14736,22.37891],[114.14732,22.37892],[114.14721,22.37896],[114.14715,22.37895],[114.14711,22.37893],[114.14703,22.37873],[114.14695,22.37866],[114.14672,22.37864],[114.14669,22.37862],[114.14664,22.37841],[114.1466,22.37829],[114.1465,22.37819],[114.14637,22.37813],[114.14629,22.3781],[114.14619,22.37811],[114.14618,22.37813],[114.1461,22.37832],[114.14601,22.3784],[114.14574,22.37857],[114.14568,22.37871],[114.14542,22.37891],[114.14539,22.37891],[114.14521,22.37878],[114.14495,22.37871],[114.1449,22.3787],[114.14472,22.37874],[114.14455,22.37872],[114.14448,22.37866],[114.14444,22.37847],[114.1444,22.37836],[114.14438,22.37835],[114.14429,22.37834],[114.14423,22.37839],[114.14417,22.37856],[114.14417,22.37878],[114.14424,22.37901],[114.14423,22.37905],[114.14416,22.37912],[114.14409,22.37915],[114.14381,22.37919],[114.14357,22.38037],[114.14359,22.38043],[114.14366,22.38047],[114.14372,22.3805],[114.1438,22.3805],[114.14401,22.38038],[114.14411,22.38037],[114.14414,22.3804],[114.14425,22.38053],[114.14439,22.38063],[114.14439,22.38071],[114.1443,22.38079],[114.14395,22.38082],[114.14377,22.38086],[114.14363,22.38115],[114.14359,22.38119],[114.14342,22.38129],[114.14334,22.38131],[114.14313,22.38137],[114.14302,22.38141],[114.14299,22.38144],[114.14288,22.38155],[114.14288,22.38159],[114.14288,22.38165],[114.14289,22.38167],[114.14292,22.38168],[114.14302,22.38167],[114.14317,22.38159],[114.14329,22.38156],[114.14348,22.38158],[114.14356,22.3816],[114.14376,22.38161],[114.1438,22.38163],[114.14384,22.38168],[114.14382,22.38191],[114.14373,22.3821],[114.14372,22.38222],[114.14385,22.38244],[114.14389,22.38247],[114.14408,22.38247],[114.14418,22.38251],[114.14424,22.38255],[114.14436,22.38268],[114.14451,22.38274],[114.14459,22.38278],[114.14462,22.38284],[114.14465,22.38295],[114.14465,22.38322],[114.1446,22.38332],[114.14448,22.38341],[114.14448,22.38363],[114.14441,22.38379],[114.14447,22.38444],[114.14358,22.38452],[114.14353672343081,22.384505574476936],[114.14372639,22.38463021],[114.14173394,22.38417347],[114.14342114318846,22.38444922467912],[114.14337,22.38442],[114.14331,22.38438],[114.14324,22.38436],[114.14306,22.38427],[114.14196,22.38382],[114.14182,22.38378],[114.14164,22.38371],[114.14149362616307,22.38363999512147],[114.14148048,22.38363502],[114.14146942264489,22.38362841952582],[114.14141,22.3836],[114.13928,22.38233],[114.13915791160836,22.38224860773891],[114.13908180276208,22.38220317603578],[114.13854,22.382],[114.1384,22.382],[114.13826,22.38201],[114.13801,22.3821],[114.13772,22.38215],[114.13757,22.38214],[114.1374,22.38211],[114.13712,22.38198],[114.13699,22.3819],[114.13678,22.38176],[114.13671,22.38169],[114.13648,22.38168],[114.13582,22.38165],[114.13555,22.38162],[114.13525,22.38158],[114.13504,22.38153],[114.13515,22.38129],[114.13519,22.38124],[114.13524,22.38119],[114.13532,22.38115],[114.13551,22.3811],[114.13584,22.38099],[114.13596,22.38093],[114.13604,22.38089],[114.13602,22.38085],[114.13598,22.38063],[114.13598,22.38052],[114.13599,22.38042],[114.13625,22.38043],[114.13647,22.38041],[114.13666,22.38039],[114.13684,22.38032],[114.137,22.38021],[114.13713,22.38011],[114.13723,22.38],[114.13731,22.37989],[114.13738,22.37976],[114.13743,22.37962],[114.13747,22.37947],[114.13749,22.37931],[114.13747,22.37909],[114.13739,22.37883],[114.1373,22.37854],[114.1372,22.37836],[114.13656,22.37659],[114.13651,22.3764],[114.1365,22.37631],[114.13643,22.37604],[114.1364,22.37587],[114.13638,22.37561],[114.13637,22.37523],[114.13639,22.37278],[114.13636,22.37257],[114.13632206336642,22.372484642574456],[114.13632323424426,22.37253445958598],[114.13466092,22.37108055],[114.13631325762475,22.372468762707918],[114.13611,22.37213],[114.13604,22.37204],[114.13518,22.37145],[114.13508,22.37137],[114.1349,22.3712],[114.13477,22.37106],[114.13468,22.37093],[114.13459,22.37071],[114.1345,22.37043],[114.13447,22.37017],[114.13446,22.3698],[114.13421,22.36995],[114.13407,22.36999],[114.13394,22.37],[114.1338,22.36998],[114.13341,22.36982],[114.13321,22.36976],[114.13308,22.3697],[114.13284824725058,22.369545498167053],[114.13267958,22.36971891],[114.132717005845,22.3697277387791],[114.13189808591993,22.37005844235049],[114.13104,22.37059],[114.13078,22.37071],[114.13065,22.37077],[114.13039,22.37085],[114.1302,22.3709],[114.13004,22.37093],[114.12986,22.37095],[114.1295,22.37096],[114.12932,22.37095],[114.12604,22.3706],[114.1233881756666,22.370370706918543],[114.12338902,22.37037213],[114.12337072321863,22.370518299648328],[114.12328960532294,22.370204571564933],[114.12337633256516,22.370350745967063],[114.12334,22.37016],[114.12326,22.36995],[114.12318,22.36979],[114.12295,22.36939],[114.12235,22.3685],[114.12167,22.36745],[114.12149,22.36713],[114.12135,22.36691],[114.1212,22.36667],[114.12114,22.36654],[114.12109,22.36638],[114.12104,22.36607],[114.12098,22.36582],[114.12091,22.3656],[114.12081,22.36538],[114.1206,22.36499],[114.12043,22.36471],[114.1201,22.36427],[114.11992,22.36411],[114.11969,22.36392],[114.11947,22.36379],[114.11924,22.36368],[114.1168,22.36283],[114.11676,22.3628],[114.1165,22.36268],[114.11602,22.36244],[114.11578,22.36231],[114.11546,22.3621],[114.1147674858456,22.36148976475503],[114.11376708895102,22.360821835993566],[114.11388038,22.3608505],[114.11428968782604,22.36109549130431],[114.1141,22.36096],[114.11388,22.36085],[114.11352,22.36069],[114.11322,22.36059],[114.11283,22.36049],[114.11163992729493,22.36028227821875],[114.11163942,22.36028351],[114.11137416,22.36187334],[114.1123792,22.36476046],[114.11082751,22.36660863],[114.11023385,22.3664019],[114.11061003,22.36679601],[114.11026761,22.36706946],[114.10926312,22.3676542],[114.10879571,22.367464],[114.10894495,22.36774936],[114.10806225,22.36868256],[114.10800721,22.3696969],[114.10555796,22.37201495],[114.10401415,22.3721829],[114.0985366,22.36818975],[114.09301436,22.36780939],[114.0912113,22.36718866],[114.08911329,22.36729147],[114.08493111,22.36729123],[114.08211749,22.36893256],[114.08046721,22.36919425],[114.07921605,22.3686695],[114.07954376,22.36770052],[114.07862637,22.36685294],[114.07774318,22.36708624],[114.07730318,22.36777762],[114.07559337,22.36780389],[114.07394539,22.36702827],[114.07304998,22.36611635],[114.07251954,22.36598728],[114.07248301,22.36555966],[114.07127792,22.36525655],[114.070792,22.36442799],[114.07029076,22.36445939],[114.07164279,22.36389584],[114.07077403,22.36356035],[114.06926227,22.36407173],[114.06909432,22.36358268],[114.06822864,22.36323743],[114.06680999,22.36359095],[114.06681835,22.36338465],[114.06588287,22.36407667],[114.06449518,22.36402505],[114.06369011,22.36517577],[114.06306585,22.36544992],[114.0607692,22.36534494],[114.0602667,22.36646948],[114.05776631,22.36560588],[114.0581434,22.36508405],[114.05793139,22.36499],[114.05770207,22.36555182],[114.05689219,22.36520165],[114.05705831,22.36479781],[114.05687437,22.36519454],[114.05622941,22.36492895],[114.05381407,22.36297096],[114.05312261,22.36280965],[114.05294782,22.36222232],[114.05197292,22.36220534],[114.05180877,22.36282206],[114.05155022,22.3621765],[114.04720792,22.36038157],[114.04694313,22.36052094],[114.04722634,22.36089039],[114.04517396,22.36136493],[114.0451855,22.36077424],[114.04507688,22.36075365],[114.04495808,22.36133152],[114.0426065,22.36069086],[114.04040019,22.35947004],[114.03937218,22.35822059],[114.03750004,22.35803563],[114.03663136,22.35743599],[114.03438582,22.35702534],[114.03185163,22.35582081],[114.0288343603765,22.355334791453885],[114.02844,22.3587],[114.02844,22.35879],[114.02846,22.35888],[114.02848,22.35896],[114.02852,22.35905],[114.02856,22.35912],[114.02862,22.35919],[114.02869,22.35927],[114.02911,22.35955],[114.02924,22.35966],[114.02958,22.36003],[114.02984,22.3604],[114.02996,22.36048],[114.03035,22.36063],[114.0305,22.36074],[114.03066,22.36093],[114.03072,22.36103],[114.03081,22.36124],[114.03104,22.36155],[114.03136,22.3619],[114.03155,22.36205],[114.03191,22.36218],[114.03218,22.36224],[114.03263,22.36228],[114.03305,22.36227],[114.03313,22.36227],[114.03324,22.3623],[114.03354,22.36237],[114.03369,22.36243],[114.03383,22.36252],[114.03391,22.36258],[114.03401,22.36267],[114.03412,22.36279],[114.03432,22.36312],[114.03439,22.36329],[114.03471,22.36391],[114.03494,22.3641],[114.03499,22.36434],[114.03499,22.36451],[114.03495,22.36463],[114.0349,22.36473],[114.03489,22.36478],[114.03482,22.36491],[114.03453,22.36515],[114.03472,22.36541],[114.03482,22.36569],[114.035,22.36603],[114.03542,22.36628],[114.03567,22.36641],[114.03594,22.36652],[114.03622,22.36661],[114.03659,22.36672],[114.03727,22.36685],[114.03783,22.36699],[114.03968,22.36759],[114.03984,22.36766],[114.03991,22.3677],[114.03999,22.36775],[114.04007,22.36782],[114.04013,22.36788],[114.04019,22.36795],[114.04023,22.36803],[114.04026,22.36812],[114.04029,22.36821],[114.04031,22.3683],[114.04032,22.36839],[114.04032,22.36905],[114.04029,22.36972],[114.04026,22.36979],[114.04023,22.36981],[114.04018,22.36983],[114.04009,22.36982],[114.03796,22.36938],[114.03778,22.36936],[114.03768,22.36936],[114.03758,22.36936],[114.03739,22.36938],[114.03718,22.36941],[114.0369,22.36948],[114.03644,22.36961],[114.03598,22.36977],[114.03554,22.36995],[114.03546,22.37],[114.0346,22.37067],[114.03397,22.37474],[114.03049,22.37476],[114.03062,22.37496],[114.03067,22.37514],[114.03086,22.37534],[114.03094,22.37561],[114.03114,22.37582],[114.03118,22.37604],[114.03126,22.37616],[114.03149,22.37636],[114.03152,22.37646],[114.03154,22.37661],[114.03156,22.37671],[114.0316,22.37679],[114.03167,22.37685],[114.03191,22.37728],[114.03201,22.37738],[114.03204,22.37744],[114.03205,22.37748],[114.03204,22.37756],[114.032,22.37774],[114.03222,22.37797],[114.03227,22.37814],[114.03232,22.3782],[114.03236,22.37828],[114.03229,22.37856],[114.03232,22.37864],[114.03241,22.37869],[114.0325,22.3787],[114.03254,22.37868],[114.03261,22.37864],[114.03279,22.37842],[114.03287,22.3784],[114.03301,22.37846],[114.03317,22.37854],[114.03321,22.37855],[114.03328,22.37851],[114.03347,22.37837],[114.03355,22.37837],[114.03363,22.37832],[114.03367,22.37822],[114.03366,22.37816],[114.03361,22.3781],[114.03347,22.37791],[114.03343,22.37778],[114.03343,22.37774467539754],[114.03341376,22.3777384],[114.03335317395997,22.377503181686162],[114.0334820025975,22.37763249837656],[114.03355,22.37759],[114.03374,22.37755],[114.03387,22.37757],[114.03446,22.37783],[114.03488,22.37787],[114.03589,22.37783],[114.03602,22.37786],[114.0361,22.3779],[114.03617,22.37797],[114.03638,22.37841],[114.03638905999036,22.37841905999036],[114.03613173,22.37719304],[114.03647002660031,22.378473345746812],[114.03657,22.37852],[114.03663,22.3786],[114.03664,22.37867],[114.03662,22.37874],[114.03656064825968,22.37881630938041],[114.03693398345708,22.380229221003663],[114.03704,22.38026],[114.03734,22.38029],[114.03777,22.38059],[114.03785,22.38062],[114.03824,22.38069],[114.03834,22.38076],[114.03855,22.38102],[114.03873,22.38114],[114.03886,22.38119],[114.03907,22.3812],[114.03955,22.38111],[114.04001,22.38114],[114.04025,22.38113],[114.04038,22.38111],[114.04047,22.38107],[114.0405,22.38104],[114.04057,22.38096],[114.0406,22.38082],[114.04061,22.38071],[114.04063,22.38062],[114.04072,22.38055],[114.04082,22.3805],[114.04103,22.38046],[114.04122,22.38044],[114.04157,22.38048],[114.04183,22.38045],[114.04234,22.38033],[114.0425,22.38034],[114.04254,22.38039],[114.0426,22.38048],[114.04265,22.38054],[114.04274,22.3806],[114.04285,22.38064],[114.04302,22.38068],[114.04316,22.38066],[114.04329,22.38062],[114.04376,22.38015],[114.04387,22.38008],[114.04418,22.38004],[114.04431,22.38003],[114.04464,22.37996],[114.04493,22.3798],[114.04501,22.37972],[114.04508,22.37955],[114.04513,22.37952],[114.04526,22.37949],[114.04586,22.37949],[114.04609,22.37953],[114.04621,22.37955],[114.0465,22.37968],[114.04668,22.37979],[114.04674,22.37986],[114.04684,22.37999],[114.0469,22.38005],[114.04703,22.38011],[114.04734,22.3802],[114.04751,22.3804],[114.04755,22.38051],[114.04756,22.38063],[114.04752,22.38072],[114.0475,22.38078],[114.04738,22.38097],[114.04734,22.38101],[114.04733,22.38142],[114.04729,22.38169],[114.04722,22.38191],[114.04712,22.38201],[114.04706,22.3821],[114.047,22.38216],[114.0469,22.38244],[114.04687,22.38259],[114.04675,22.3827],[114.04669,22.38279],[114.04656,22.38288],[114.04646,22.38302],[114.04633,22.38327],[114.04611,22.38367],[114.04595,22.38407],[114.04594,22.38416],[114.04593,22.38425],[114.04593,22.38434],[114.04595,22.38443],[114.04597,22.38451],[114.04601,22.3846],[114.04605,22.38467],[114.0461,22.38476],[114.04617,22.38482],[114.04624,22.38488],[114.04663,22.38517],[114.04725,22.38561],[114.04803,22.38617],[114.0481,22.38624],[114.04819,22.38628],[114.04828,22.38632],[114.04837,22.38633],[114.04847,22.38633],[114.04857,22.38631],[114.04866,22.38628],[114.04874,22.38623],[114.04916,22.38586],[114.04954,22.38557],[114.0497,22.38547],[114.04979,22.38543],[114.04998,22.38536],[114.05017,22.38534],[114.05037,22.38535],[114.05055,22.38539],[114.05072,22.38546],[114.0509,22.38552],[114.05108,22.38555],[114.05118,22.38556],[114.05138,22.38556],[114.05147,22.38555],[114.05157,22.38555],[114.05175,22.3855],[114.05194,22.38551],[114.05202,22.38546],[114.05204,22.38542],[114.05202,22.38527],[114.05195,22.3852],[114.05185,22.38509],[114.05186,22.385],[114.05196,22.3849],[114.05203,22.38484],[114.05218,22.38474],[114.05227,22.3847],[114.05265,22.38453],[114.05299,22.38435],[114.0531,22.38424],[114.05324,22.38411],[114.05444,22.38403],[114.05462,22.38404],[114.05467,22.38405],[114.05476,22.38408],[114.05484,22.38411],[114.05492,22.38417],[114.055,22.38422],[114.05506,22.38429],[114.05511,22.38437],[114.05517,22.38449],[114.05519,22.38459],[114.05527,22.3847],[114.05534,22.38477],[114.05541,22.38483],[114.05549,22.38487],[114.05558,22.38492],[114.05572,22.38494],[114.05833,22.38526],[114.05852,22.38528],[114.05872,22.38529],[114.05889,22.3853],[114.05899,22.38528],[114.05908,22.38525],[114.05917,22.38523],[114.05943,22.38506],[114.0596,22.38498],[114.05979,22.38493],[114.05988,22.3849],[114.06006,22.38487],[114.06045,22.38487],[114.06083,22.38489],[114.0612,22.38493],[114.06224,22.38506],[114.06347,22.38507],[114.06467,22.38488],[114.06487,22.3852],[114.06489,22.38528],[114.06495,22.38556],[114.06497,22.38574],[114.06499,22.38601],[114.06499,22.38619],[114.06496,22.38645],[114.06495,22.3877],[114.0649,22.38821],[114.06482,22.38875],[114.06474,22.3891],[114.06469,22.38937],[114.06461,22.38947],[114.06459,22.38956],[114.06458,22.38965],[114.06461,22.38975],[114.06465,22.38984],[114.06469,22.38988],[114.0648,22.39001],[114.06515,22.39022],[114.06528,22.39026],[114.06556,22.39043],[114.06574,22.39049],[114.06588,22.3905],[114.06607,22.39049],[114.06615,22.39054],[114.0662,22.39064],[114.06615,22.39078],[114.06607,22.39093],[114.06585,22.39141],[114.06582,22.39155],[114.06583,22.39171],[114.06597,22.39181],[114.06605,22.39183],[114.06614,22.3918],[114.0662,22.39166],[114.06629,22.39157],[114.06645,22.39155],[114.06653,22.39152],[114.06666,22.39138],[114.06671,22.3913],[114.06677,22.39125],[114.06684,22.39122],[114.06694,22.39124],[114.06701,22.3913],[114.06709,22.39138],[114.06715,22.39153],[114.0673,22.39167],[114.06733,22.39181],[114.06743,22.39201],[114.0676,22.3921],[114.06776,22.39231],[114.06801,22.39242],[114.06819,22.39258],[114.06833,22.39263],[114.06849,22.39262],[114.06884,22.39254],[114.06893,22.39253],[114.06902,22.39255],[114.06917,22.39262],[114.06923,22.39267],[114.06927,22.39278],[114.06926,22.39288],[114.0692,22.39299],[114.06912,22.39316],[114.06916,22.39328],[114.06923,22.39336],[114.06933,22.39339],[114.06946,22.39333],[114.06961,22.39332],[114.06966,22.39326],[114.06977214286515,22.393045059508463],[114.06934673986223,22.392989170660222],[114.06981014641885,22.392987795013614],[114.06983,22.39296],[114.06996,22.39289],[114.07022,22.39287],[114.07029,22.39285],[114.07033,22.39276],[114.0704,22.39255],[114.07048,22.39244],[114.07059,22.39238],[114.07066,22.39238],[114.07074,22.39245],[114.0709,22.39277],[114.07096,22.39281],[114.07103,22.39285],[114.07118,22.39287],[114.07132,22.39287],[114.07159,22.39296],[114.07165,22.39292],[114.07167,22.3927],[114.07173,22.39259],[114.07183,22.39253],[114.07193,22.3925],[114.07198,22.39259],[114.07239,22.39297],[114.07243430808917,22.39298000505239],[114.07360493,22.39297653],[114.07259409397726,22.3930160857368],[114.07332,22.39318],[114.07352,22.39326],[114.07364,22.39333],[114.07367,22.39342],[114.07361,22.39354],[114.07358,22.39363],[114.07365,22.3937],[114.07374,22.39367],[114.07386,22.39353],[114.07392,22.39326],[114.07399,22.39322],[114.07406,22.39328],[114.07419,22.39349],[114.07418,22.39362],[114.07411,22.39375],[114.07376,22.39425],[114.07359,22.39438],[114.07341,22.39446],[114.07337,22.39453],[114.07333,22.39479],[114.07346,22.39497],[114.07349,22.39506],[114.07358,22.39529],[114.07382,22.39556],[114.07391,22.39568],[114.07401,22.39604],[114.07407,22.39616],[114.07425,22.39633],[114.07436,22.39637],[114.07463,22.39633],[114.07473,22.39635],[114.07512,22.39653],[114.0752,22.39656],[114.07548,22.39666],[114.07569,22.39665],[114.07583,22.39661],[114.07612,22.39651],[114.07626,22.39648],[114.07651,22.39647],[114.07692,22.39642],[114.07701,22.39642],[114.07708,22.39643],[114.07723,22.39647],[114.0773,22.39655],[114.07751,22.39672],[114.07777,22.39681],[114.07798,22.39679],[114.07816,22.39684],[114.07826,22.3969],[114.07829,22.39695],[114.07831,22.39702],[114.07832,22.39718],[114.07842,22.39725],[114.07855,22.39728],[114.07864,22.39725],[114.07879,22.39716],[114.07916,22.397],[114.07926,22.39695],[114.07935,22.39695],[114.07953,22.39706],[114.07974,22.39714],[114.07999,22.39725],[114.08031,22.3974],[114.08062,22.39744],[114.08077,22.39748],[114.08098,22.39758],[114.08108,22.39766],[114.08114,22.39777],[114.08115,22.3979],[114.08114,22.39805],[114.08115,22.39814],[114.08124,22.39822],[114.08196,22.39847],[114.08236,22.39864],[114.08243,22.39871],[114.08245,22.39878],[114.08248,22.39892],[114.08254,22.39924],[114.08259,22.39968],[114.08264,22.39978],[114.08325,22.40045],[114.08334,22.40048],[114.08351,22.40046],[114.08376,22.40047],[114.08387,22.4005],[114.08403,22.40063],[114.08414,22.40068],[114.0844,22.40076],[114.0845,22.40081],[114.08457,22.40089],[114.08481,22.40133],[114.08486,22.40154],[114.08488,22.40156],[114.0853,22.40178],[114.08545,22.4018],[114.08555,22.4018],[114.08581,22.40177],[114.08595,22.4018],[114.08599,22.40181],[114.08626,22.40197],[114.08642,22.402],[114.08658,22.40202],[114.08672,22.40201],[114.08683,22.40197],[114.08689,22.40184],[114.08689,22.40181],[114.08697,22.40176],[114.08706,22.40174],[114.08711,22.40172],[114.08721,22.40166],[114.08726,22.4016],[114.08732,22.40154],[114.08767,22.40148],[114.08797,22.40135],[114.08809,22.40137],[114.08826,22.40149],[114.08838,22.40154],[114.08859,22.4015],[114.0888,22.40145],[114.08907,22.40145],[114.08922,22.4014],[114.08935,22.40123],[114.08933,22.40111],[114.08933,22.40107],[114.08935,22.401],[114.0894,22.40094],[114.08941,22.40086],[114.0894,22.40069],[114.08943,22.40061],[114.08969,22.40034],[114.08986,22.40002],[114.08991,22.39995],[114.08998,22.39988],[114.09022,22.39976],[114.09026,22.3997],[114.09034,22.39948],[114.09041,22.39946],[114.09067,22.39952],[114.09077,22.3995],[114.09088,22.39944],[114.09101,22.3993],[114.09111,22.39925],[114.09143,22.39928],[114.09146,22.39934],[114.09151425043287,22.399403292171673],[114.0911429,22.39839713],[114.09155497826391,22.399405167647824],[114.09151804914161,22.399407723998543],[114.09152,22.39941],[114.09158,22.39946],[114.09165,22.39949],[114.09173,22.39949],[114.0918,22.39946],[114.09192,22.39939],[114.09197,22.39937],[114.0921,22.39935],[114.09223,22.39936],[114.09227,22.39938],[114.09227624304967,22.399385072477855],[114.09311850703837,22.399708850703835],[114.09313,22.39971],[114.09329,22.39977],[114.09337,22.39982],[114.09341675058113,22.3998574004649],[114.09460353472554,22.400617649855544],[114.09476,22.4007],[114.09485,22.40076],[114.09496,22.40084],[114.09501,22.40089],[114.09503,22.40095],[114.09505,22.40102],[114.09506,22.40112],[114.09508,22.40123],[114.09511,22.4013],[114.09515,22.40137],[114.09525,22.40147],[114.09546,22.40161],[114.09551,22.40166],[114.09552,22.40167],[114.09555,22.4017],[114.09557,22.4017],[114.09588,22.40195],[114.09594,22.40202],[114.09601,22.40212],[114.09603,22.40218],[114.09604,22.40225],[114.09602,22.40242],[114.09602,22.4025],[114.09604,22.40257],[114.0961,22.40267],[114.09616,22.40272],[114.09623,22.40275],[114.09647,22.40279],[114.09665,22.40284],[114.09679,22.4029],[114.09684,22.40294],[114.0969,22.403],[114.09691,22.40306],[114.09688144358003,22.403145669259903],[114.09684943250042,22.403509595441452],[114.09683310723153,22.40350310723154],[114.09685,22.40352],[114.09687,22.40354],[114.09692,22.40357],[114.0973,22.40366],[114.09735,22.40368],[114.09744,22.40374],[114.09754,22.40387],[114.09757,22.40394],[114.09759,22.40402],[114.0976,22.40417],[114.09758,22.40422],[114.0976,22.40429],[114.09765,22.40437],[114.0977,22.40442],[114.09787,22.40455],[114.09806,22.40476],[114.09811,22.4048],[114.09839,22.405],[114.09866,22.40523],[114.09941,22.40581],[114.09974,22.40624],[114.10006,22.4066],[114.10007486232742,22.406666880473356],[114.10047469599802,22.407044804333417],[114.10059,22.40704],[114.10065,22.40705],[114.10069,22.40715],[114.10072848064748,22.40728468226617],[114.10075673254748,22.407311386037982],[114.10078,22.40733],[114.10091,22.40734],[114.10096,22.40732],[114.10102,22.40728],[114.10123,22.40719],[114.10143,22.40716],[114.10154,22.40718],[114.10167,22.40727],[114.10176946108021,22.407353920286425],[114.10294891804584,22.407377027318056],[114.10318,22.4073],[114.10352,22.40733],[114.10387,22.4073],[114.10413,22.40738],[114.10421752352022,22.407401880880055],[114.10441865523012,22.407405821300873],[114.10444,22.4074],[114.10457,22.40732],[114.10467,22.40712],[114.10473,22.40704],[114.10497,22.40694],[114.10507,22.40686],[114.10515,22.40673],[114.10518,22.40665],[114.10523,22.40661],[114.10534,22.40657],[114.10542,22.40619],[114.10541,22.40596],[114.10535,22.40575],[114.10526,22.40563],[114.1054,22.40555],[114.1059,22.40525],[114.10604,22.40514],[114.10638,22.40492],[114.10656,22.40482],[114.10662,22.4048],[114.10674,22.4048],[114.10679,22.4048],[114.10684,22.40481],[114.1069,22.40485],[114.107,22.40493],[114.10706,22.40502],[114.10708,22.40511],[114.10708,22.40519],[114.10706,22.40528],[114.107,22.40541],[114.107,22.40545],[114.107,22.40549],[114.10703,22.40555],[114.10727,22.40597],[114.10734,22.40605],[114.1074,22.40611],[114.10748,22.40614],[114.10758,22.40617],[114.10769,22.40618],[114.10775,22.40617],[114.10789,22.40611],[114.10795,22.40608],[114.10806,22.406],[114.10818,22.40588],[114.10828,22.40582],[114.10837,22.40572],[114.10841,22.40567],[114.10853,22.40557],[114.10858,22.40554],[114.10866,22.4055],[114.1089,22.4054],[114.10903,22.40537],[114.10909,22.40537],[114.10909494763668,22.405370449785156],[114.10909153,22.40536901],[114.10909515592496,22.405370468720452],[114.1092,22.40538],[114.10955,22.40548],[114.10972,22.40551],[114.11012,22.40565],[114.11032,22.40577],[114.11042,22.40586],[114.11047027681434,22.40592368396483],[114.11167183516531,22.406407074481184],[114.11173,22.40642],[114.1118833913789,22.4064921841783],[114.11189658,22.40649749],[114.11201533479515,22.40657222283131],[114.11213,22.40662],[114.11245,22.40678],[114.1125,22.40682],[114.11255,22.40687],[114.1126,22.40694],[114.11263,22.40702],[114.11265,22.40709],[114.11264330882972,22.4071803307989],[114.11282086369802,22.40810075573577],[114.1129,22.40817],[114.11301,22.40821],[114.11342,22.40834],[114.11361,22.40837],[114.11432,22.40838],[114.11442,22.4084],[114.11459,22.40846],[114.11469,22.40851],[114.11477,22.40858],[114.11483,22.40865],[114.1151,22.40911],[114.11558,22.40998],[114.11571,22.41012],[114.11578,22.41018],[114.11619,22.41025],[114.11635,22.41027],[114.11657,22.41032],[114.11683,22.41036],[114.11697,22.41042],[114.11703,22.41049],[114.11707,22.41062],[114.11698,22.41078],[114.11686,22.41094],[114.1168,22.41106],[114.11678,22.41115],[114.1168,22.41136],[114.11689,22.41146],[114.11709,22.41164],[114.11725,22.41174],[114.11742,22.41182],[114.11756,22.41182],[114.11781,22.41171],[114.11794,22.41165],[114.11798,22.41163],[114.11819,22.41151],[114.11831,22.41148],[114.11835,22.41149],[114.11842,22.41152],[114.11859,22.41163],[114.11869,22.41165],[114.11877,22.41162],[114.11889,22.4115],[114.11904,22.41146],[114.11932,22.41136],[114.11946,22.41127],[114.11961,22.41117],[114.11975,22.4111],[114.12002,22.4111],[114.12012,22.4111],[114.12024,22.41103],[114.12038,22.41098],[114.12047,22.41096],[114.12069,22.41099],[114.12078,22.41098],[114.12088,22.41094],[114.12108,22.41091],[114.12119,22.41089],[114.12132,22.41091],[114.12145,22.41095],[114.12163,22.41105],[114.12174,22.41107],[114.12182,22.41107],[114.12236,22.41099],[114.1228,22.41095],[114.12315,22.41096],[114.12337,22.41099],[114.12336,22.41102],[114.12324,22.41112],[114.12321,22.41125],[114.12327,22.41154],[114.12335,22.41176],[114.12332,22.41185],[114.12321,22.41189],[114.12315,22.41199],[114.12315,22.41204],[114.12316,22.41209],[114.12331,22.41222],[114.12393,22.41273],[114.12401,22.41279],[114.12409,22.41279],[114.12415,22.41278],[114.12451,22.41243],[114.12456,22.41241],[114.12463,22.41238],[114.12447,22.41277],[114.12433,22.41304],[114.12429,22.41309],[114.12422,22.41312],[114.12416,22.41312],[114.12409,22.41309],[114.12399,22.41304],[114.12381,22.41288],[114.12371,22.41286],[114.12364,22.41286],[114.12359,22.4129],[114.12359,22.41295],[114.12374,22.41313],[114.12378,22.4132],[114.12382,22.41348],[114.12385,22.41351],[114.12398,22.41353],[114.12429,22.41359],[114.12438,22.41362],[114.12443,22.41367],[114.12444,22.41372],[114.12442,22.41375],[114.12359,22.4139],[114.12352,22.41394],[114.1235,22.41399],[114.12351,22.41403],[114.12353,22.41407],[114.12359,22.41409],[114.12389,22.4141],[114.12404,22.41413],[114.12434,22.41427],[114.12441,22.41433],[114.12444340301784,22.41438921444072],[114.12452568488509,22.414518081788916],[114.12448520937643,22.41446332571277],[114.12463,22.41472],[114.12471,22.41487],[114.12488,22.41488],[114.12494,22.4149],[114.12499,22.41494],[114.12503,22.41499],[114.12507,22.41542],[114.12511,22.41549],[114.12537,22.41576],[114.12557,22.41594],[114.12565,22.41601],[114.12572,22.41613],[114.12577,22.41618],[114.12581,22.41621],[114.12588,22.41622],[114.12598,22.41619],[114.12604,22.41619],[114.12619,22.41623],[114.12636,22.41621],[114.12643,22.41624],[114.12653,22.41632],[114.12662,22.41636],[114.12672,22.4164],[114.12682,22.41641],[114.12723,22.41644],[114.12746,22.41645],[114.12779,22.41641],[114.12785,22.41641],[114.12788,22.41643],[114.12789,22.41648],[114.12784,22.41669],[114.12784,22.41674],[114.12786,22.41678],[114.1279,22.4168],[114.12818,22.41687],[114.12844,22.4169],[114.12852,22.41689],[114.12861,22.41685],[114.12879,22.41682],[114.12902,22.41679],[114.12923,22.41671],[114.12957,22.41668],[114.12969,22.41669],[114.12992,22.41676],[114.13001,22.41676],[114.13011,22.41673],[114.13039,22.41657],[114.13053,22.41651],[114.13076,22.41647],[114.13088,22.41648],[114.13098,22.4165],[114.1311,22.41655],[114.13127,22.41674],[114.13136,22.41678],[114.13146,22.4168],[114.13158,22.41681],[114.13171,22.4168],[114.132,22.4167],[114.13208,22.4167],[114.13219,22.41672],[114.13224,22.41676],[114.13235,22.41677],[114.13243,22.41688],[114.13289,22.4169],[114.13325,22.41688],[114.13354,22.41681],[114.13372,22.41667],[114.1339,22.41662],[114.13401,22.41661],[114.13418,22.41664],[114.13459,22.41683],[114.13523,22.41707],[114.13552,22.41714],[114.1361,22.41723],[114.13625,22.41723],[114.13638,22.41718],[114.13656,22.41708],[114.13669,22.41705],[114.13679,22.41705],[114.13689,22.4171],[114.13713,22.41734],[114.13731,22.41747],[114.13752,22.41754],[114.13775,22.41755],[114.13797,22.41751],[114.13809,22.41748],[114.13818,22.41745],[114.13832,22.4173],[114.13835,22.41725],[114.1384,22.41721],[114.13848,22.41717],[114.13865,22.41715],[114.13878,22.41719],[114.1391,22.41731],[114.13926,22.41734],[114.13945,22.41731],[114.1397,22.41719],[114.13975,22.41716],[114.13987,22.41712],[114.13993,22.41709],[114.14004,22.41705],[114.14041,22.41699],[114.14059,22.41693],[114.14072,22.41684],[114.14084,22.41681],[114.14098,22.41673],[114.14121,22.4166],[114.14132,22.41651],[114.1415,22.41639],[114.14167,22.41621],[114.14188,22.41602],[114.14198,22.41598],[114.1422,22.41592],[114.14247212254983,22.415877237885027],[114.1428829,22.41559504],[114.14247373067941,22.41587698517895],[114.1429,22.41581],[114.14316,22.41579],[114.14342,22.41578],[114.1436,22.4158],[114.14388,22.41588],[114.14409,22.41598],[114.14424,22.41607],[114.14428,22.41608],[114.14468,22.41631],[114.145,22.41644],[114.14509,22.41647],[114.14536,22.41659],[114.14568,22.41666],[114.14581,22.41671],[114.14611,22.41685],[114.14616,22.41685],[114.14629,22.4167],[114.14641690742505,22.41659261679419],[114.1462473954286,22.41651951088994],[114.14659043530594,22.416414632034],[114.14686,22.41608],[114.14694,22.41589],[114.14693,22.41572],[114.14677,22.41532],[114.14678,22.41506],[114.14686,22.41468],[114.14689,22.4146],[114.14702,22.41434],[114.14721,22.41404],[114.14728,22.41383],[114.14723,22.4135],[114.14711,22.41314],[114.14705,22.4129],[114.14712,22.41247],[114.14722,22.41213],[114.14722,22.41195],[114.14733,22.41183],[114.14749,22.41194],[114.14775,22.41209],[114.14824,22.41229],[114.14852,22.41237],[114.14897,22.41242],[114.14919,22.41248],[114.1493,22.4125],[114.14951,22.41252],[114.14987,22.41252],[114.1501,22.41257],[114.15022,22.41258],[114.15041,22.41258],[114.1506,22.41255],[114.15064,22.41254],[114.15094,22.41248],[114.15132,22.41248],[114.15162,22.41251],[114.1518,22.4125],[114.15236,22.4124],[114.15262,22.4124],[114.15272,22.41242],[114.15299,22.41256],[114.15345,22.41258],[114.15515,22.4129],[114.15597,22.41258],[114.1563,22.41241],[114.15657,22.41232],[114.15685,22.41226],[114.15724,22.41221],[114.15763,22.41219],[114.15783,22.41215],[114.15796,22.41208],[114.15804,22.412],[114.1580976987716,22.411946422569233],[114.15756415117824,22.411967574776444],[114.15778238,22.41188832],[114.1581494355031,22.411898381318547],[114.15818,22.41187],[114.15824,22.41185],[114.15825578351146,22.41190129641226],[114.15883528940658,22.411917181185444],[114.15826759602585,22.41193968708402],[114.15828,22.41198],[114.15836,22.41209],[114.15849,22.41219],[114.15862,22.41218],[114.15872,22.41219],[114.15882,22.41225],[114.1589,22.4124],[114.15885,22.41257],[114.15873,22.41277],[114.15867,22.41292],[114.15867,22.41297],[114.15871,22.41301],[114.15874,22.41303],[114.15885,22.41299],[114.15903,22.41286],[114.15935,22.41264],[114.15947,22.41253],[114.15977,22.41242],[114.15986,22.41239],[114.16002,22.41212],[114.16009,22.41205],[114.16015,22.41205],[114.15997,22.41265],[114.15997,22.4127],[114.16038,22.41305],[114.16047,22.41308],[114.16054,22.41305],[114.16072,22.41289],[114.16078,22.41286],[114.1609,22.41287],[114.16136,22.41308],[114.16148,22.41309],[114.16596761990633,22.412996871701036],[114.16050750422241,22.411963018084233],[114.16112886,22.41198005],[114.16572017,22.4128666],[114.16634161237837,22.41298911050836],[114.16919,22.41293]],[[114.03550520571707,22.377246300310787],[114.03575446,22.3770553],[114.03613173,22.37719304],[114.03550520571707,22.377246300310787]],[[114.10498038,22.40261628],[114.10633012248344,22.402280875198418],[114.10631967,22.40230606],[114.10498038,22.40261628]],[[114.10902304,22.39851081],[114.10997593624906,22.39771838001129],[114.10986185,22.39806821],[114.10902304,22.39851081]],[[114.1100048061924,22.39762985425081],[114.10979683354131,22.39692431578789],[114.11000952,22.3976154],[114.1100048061924,22.39762985425081]],[[114.10951871182397,22.39602061214325],[114.109197667743,22.39566529125339],[114.10950236,22.39596748],[114.10951871182397,22.39602061214325]],[[114.10893934449753,22.395409090526346],[114.1088592999131,22.395380697863224],[114.10893521,22.39540499],[114.10893934449753,22.395409090526346]],[[114.10768964673777,22.3950063948414],[114.10465218,22.39606093],[114.10766582,22.39499877],[114.10768964673777,22.3950063948414]],[[114.10218743918975,22.391467165662522],[114.10233984808013,22.394476486934934],[114.10223331,22.39444913],[114.10215923,22.3914707],[114.10218743918975,22.391467165662522]],[[114.10334676,22.39256086],[114.10407986524365,22.39244283285818],[114.10404573,22.39251472],[114.10334676,22.39256086]],[[114.10469545680074,22.39114642735963],[114.10482545848062,22.390848187126426],[114.10483185,22.39085919],[114.10469545680074,22.39114642735963]],[[114.10440821379136,22.390069831305993],[114.10440409,22.39006267],[114.10443004407075,22.390005060568797],[114.10440821379136,22.390069831305993]],[[114.10560431,22.38850827],[114.10510032456477,22.388517260123667],[114.10515504,22.38839581],[114.10561703827997,22.388498107502407],[114.10560431,22.38850827]],[[114.10806502,22.3871845],[114.10722861619371,22.387443006002663],[114.10750942,22.38725829],[114.10807116660072,22.387168733274283],[114.10806502,22.3871845]],[[114.10830253,22.38657526],[114.11006255923219,22.386101891431124],[114.11005359,22.38610961],[114.10830253,22.38657526]],[[114.11136477,22.38498126],[114.11215375902898,22.385088066158875],[114.11214411,22.38510321],[114.11136477,22.38498126]],[[114.11451743,22.38116155],[114.11497294,22.38055665],[114.11499257575397,22.38056000054178],[114.11451743,22.38116155]],[[114.11760839,22.37699849],[114.11685907045452,22.376207431725838],[114.11699774793975,22.376134004468764],[114.11760839,22.37699849]],[[114.11708277936815,22.376088981842766],[114.11736317,22.37594052],[114.11878225449703,22.375794663006975],[114.11708277936815,22.376088981842766]],[[114.12009842,22.37623598],[114.11905149504402,22.375766989801704],[114.11911989,22.37575996],[114.12015919028629,22.37620712872161],[114.12009842,22.37623598]],[[114.12067135,22.37595848],[114.12122895,22.37569925],[114.12020893931242,22.37618350989257],[114.12039689,22.37590473],[114.12018030834656,22.375556102166023],[114.12067135,22.37595848]],[[114.12133026022279,22.374713812478],[114.1227296742372,22.37329901333833],[114.12245839,22.37374836],[114.12133026022279,22.374713812478]],[[114.1229078977537,22.373003809521855],[114.12321807818562,22.37173775296867],[114.12309928,22.37268681],[114.1229078977537,22.373003809521855]],[[114.06609922868293,22.38462129982963],[114.06494919,22.38496228],[114.06602876,22.38450688],[114.06609922868293,22.38462129982963]],[[114.0672238,22.38651547],[114.06700726097323,22.386095669657816],[114.06734449393386,22.386643233998374],[114.0672238,22.38651547]],[[114.0687761336537,22.387195258321363],[114.06805909,22.38739969],[114.06867994,22.38718636],[114.0687761336537,22.387195258321363]],[[114.07696432,22.38702373],[114.07084103,22.38738627],[114.07465481,22.38714444],[114.07696432,22.38702373]],[[114.09042701,22.37166292],[114.08987942138646,22.371243293455432],[114.08997609,22.37122734],[114.09042701,22.37166292]],[[114.0990456,22.37493823],[114.09889121,22.37452098],[114.09912708530679,22.37494694491146],[114.0990456,22.37493823]],[[114.10071989,22.37549366],[114.10067884454489,22.375453412931495],[114.10119997,22.37532746],[114.10071989,22.37549366]],[[114.10167534,22.3756464],[114.10165747519606,22.37567876167734],[114.10119997,22.37532746],[114.10167534,22.3756464]],[[114.09965876,22.38524984],[114.09967555,22.38474608],[114.09970361113739,22.38523487273582],[114.09965876,22.38524984]],[[114.03082761,22.35803222],[114.03010495,22.35828735],[114.02864758,22.35880186],[114.03082761,22.35803222]],[[114.03613113,22.36041136],[114.03617070346921,22.360442580370496],[114.03082761,22.35803222],[114.03613113,22.36041136]],[[114.04261338,22.36648857],[114.04182435,22.36656381],[114.04182024308719,22.3665578801716],[114.04261338,22.36648857]],[[114.04961277,22.36928793],[114.04962027042058,22.3692906073264],[114.04903474,22.36956104],[114.04961277,22.36928793]],[[114.05069336,22.36958274],[114.05066404748385,22.369574674347838],[114.05072592781367,22.369464482033532],[114.05075884911616,22.36964179657037],[114.05069336,22.36958274]],[[114.10525658,22.37427297],[114.10521571,22.37373606],[114.1053321855118,22.374458018095297],[114.10525658,22.37427297]],[[114.1054844776737,22.37483076042343],[114.10643445966906,22.375466858337113],[114.10633401,22.37546655],[114.10552082,22.37491971],[114.1054844776737,22.37483076042343]],[[114.11095681,22.37548074],[114.11071570605517,22.37547999991499],[114.11427602,22.37426041],[114.11095681,22.37548074]],[[114.11492493,22.37494477],[114.11485284302505,22.37486874490842],[114.11501642626672,22.374892530318792],[114.11492493,22.37494477]],[[114.11990552,22.37511378],[114.12053139,22.3746224],[114.11997916747583,22.375232329099465],[114.11990552,22.37511378]],[[114.08501750644007,22.370274847429776],[114.08356138179309,22.370612242702624],[114.08379327,22.37044406],[114.08501750644007,22.370274847429776]],[[114.08710641969962,22.36979083017162],[114.08624576508993,22.369990250459896],[114.08681118,22.36967962],[114.08710641969962,22.36979083017162]],[[114.08870408,22.36942064],[114.08775806115084,22.36963983983869],[114.08815048,22.36935517],[114.08870408,22.36942064]],[[114.0498949,22.38034014],[114.0495537308731,22.379801518504845],[114.04984494,22.37994313],[114.0498949,22.38034014]],[[114.0700462,22.37611338],[114.07001850256246,22.37611024394326],[114.07004678549549,22.376095821747395],[114.0700462,22.37611338]],[[114.07141436451442,22.374636926949577],[114.07006568,22.3755292],[114.07094897,22.37483393],[114.07141436451442,22.374636926949577]],[[114.07363297865408,22.373715061606777],[114.0734901231498,22.37375825139487],[114.07360919,22.37370785],[114.07363297865408,22.373715061606777]],[[114.07483456,22.3741795],[114.07391033497301,22.373799143064396],[114.07485634409882,22.37408592876491],[114.07483456,22.3741795]],[[114.07793716,22.37245573],[114.07708761523503,22.37196842697664],[114.07712203,22.37194687],[114.07793716,22.37245573]],[[114.07979765130115,22.373433120246318],[114.08006377,22.37255328],[114.08032461433405,22.37237822635586],[114.07981766,22.37345926],[114.07979765130115,22.373433120246318]],[[114.08162725,22.37201502],[114.08055243622086,22.372225334204124],[114.08078269,22.37207081],[114.08162725,22.37201502]],[[114.06829854,22.37670288],[114.0660532,22.37688522],[114.06606591625874,22.376852099867357],[114.06644666,22.37673952],[114.06829854,22.37670288]],[[114.0650446,22.37434035],[114.06531863,22.37552055],[114.06504013032084,22.374344401294103],[114.0650446,22.37434035]],[[114.05255205,22.37005373],[114.0525655945132,22.37006449562595],[114.0515212066829,22.370065186435642],[114.05255205,22.37005373]],[[114.05123738930453,22.370065374166476],[114.05122857,22.37006538],[114.05115975737432,22.370003326365616],[114.05123738930453,22.370065374166476]],[[114.10843588659061,22.384687439792717],[114.10854668,22.38346546],[114.10848441,22.38463518],[114.10843588659061,22.384687439792717]],[[114.08888412024486,22.37138085052958],[114.08886853,22.37138411],[114.08861266,22.37090793],[114.08888412024486,22.37138085052958]],[[114.08905105,22.3705058],[114.08903822254396,22.37051756647482],[114.08903648447412,22.37046024584241],[114.08905105,22.3705058]],[[114.08549346517351,22.39305243295235],[114.08612518,22.39347437],[114.08549245,22.39306398],[114.08549346517351,22.39305243295235]],[[114.16795665933715,22.39456854740146],[114.16817012,22.39492012],[114.16814804133838,22.39495054080826],[114.16795665933715,22.39456854740146]],[[114.13399877248294,22.381080091600275],[114.13483684456492,22.38141364904372],[114.13452767,22.38137774],[114.13399877248294,22.381080091600275]],[[114.13378024994579,22.36997855869516],[114.13415677,22.37006738],[114.13417357136451,22.370101145027228],[114.13378024994579,22.36997855869516]],[[114.13689414953761,22.380229162530824],[114.13684115,22.38031111],[114.13677272912382,22.380310198818762],[114.13689414953761,22.380229162530824]],[[114.12468901637867,22.38718638282349],[114.12413839,22.38807826],[114.12412264800469,22.388083166480016],[114.12468638,22.3871856],[114.12468901637867,22.38718638282349]],[[114.12568632,22.38696996],[114.12628275223098,22.386999397962647],[114.12628285,22.38700333],[114.12568632,22.38696996]],[[114.13582012,22.38546397],[114.13740527,22.38414883],[114.13742544345868,22.384160616768504],[114.13582012,22.38546397]],[[114.13967457,22.3846305],[114.1405341028544,22.385564839000885],[114.1405224,22.38557841],[114.13967457,22.3846305]],[[114.1202133,22.38176368],[114.12034847384783,22.381886682583236],[114.1187965,22.38186418],[114.11876608729432,22.381825381079526],[114.1202133,22.38176368]],[[114.12058469310912,22.382101632292954],[114.12074983,22.3822519],[114.12073628851954,22.382307072640042],[114.12058469310912,22.382101632292954]],[[114.1204913846619,22.3833048950288],[114.12047455069204,22.38337348240094],[114.12047145,22.3833652],[114.1204913846619,22.3833048950288]],[[114.12088473,22.38510772],[114.12062509305017,22.38552922557045],[114.1206217,22.38551792],[114.12080076013085,22.38475712138645],[114.12088473,22.38510772]],[[114.12065644011147,22.385633673307254],[114.12085309719382,22.386232050584596],[114.12083084,22.38621477],[114.12065644011147,22.385633673307254]],[[114.12193687,22.38709809],[114.1219409601851,22.387582698652132],[114.12192842,22.38757073],[114.1218879506377,22.387060150264087],[114.12193687,22.38709809]],[[114.12196576325071,22.387606371290296],[114.12330506568088,22.388312585093097],[114.12239204,22.38801322],[114.12196576325071,22.387606371290296]],[[114.12332702810478,22.388319786186358],[114.12378833056033,22.388187366857867],[114.12334479,22.38832561],[114.12332702810478,22.388319786186358]],[[114.14837071948062,22.38067432349478],[114.14836102635948,22.38068030408852],[114.14824307,22.38053456],[114.14837071948062,22.38067432349478]],[[114.14811931277622,22.38082943982338],[114.14779469,22.38102973],[114.14728349527756,22.38107594754331],[114.14811931277622,22.38082943982338]],[[114.14714369691137,22.381117178286328],[114.14776898,22.3816653],[114.14708327,22.381135],[114.14714369691137,22.381117178286328]],[[114.148493,22.38402758],[114.14805182850081,22.384498922321058],[114.14801239,22.38448279],[114.148493,22.38402758]],[[114.15228202611605,22.387784288880024],[114.15228746,22.3877822],[114.15308335,22.38821379],[114.15228202611605,22.387784288880024]],[[114.15348609,22.38883508],[114.15351645,22.38930276],[114.15308335,22.38821379],[114.15348609,22.38883508]],[[114.15223729,22.38840772],[114.15055475,22.38875601],[114.1505532210278,22.388749941797858],[114.15223729,22.38840772]],[[114.1505241867687,22.38863471030125],[114.15031670097693,22.387811238339335],[114.15037156,22.38772693],[114.1505241867687,22.38863471030125]],[[114.15004517113445,22.388113684038426],[114.1500379,22.38812858],[114.14979241446494,22.388043825689913],[114.15004517113445,22.388113684038426]],[[114.14949728,22.38794193],[114.14960296950065,22.387310637425102],[114.14969382,22.38735227],[114.14952847152905,22.387952698929926],[114.14949728,22.38794193]],[[114.14860312148564,22.387394956765842],[114.14859733903398,22.387565833172623],[114.14854775,22.38754614],[114.14860312148564,22.387394956765842]],[[114.14973937,22.38819988],[114.14973939338314,22.388230252562884],[114.14917475,22.388378],[114.14916986596228,22.38836429518347],[114.14973937,22.38819988]],[[114.14973941227126,22.38825478651452],[114.14973981,22.3887714],[114.14942865,22.38900399],[114.14973941227126,22.38825478651452]],[[114.1499545878551,22.389500257152744],[114.15021025633624,22.389741502136243],[114.14989665,22.38964824],[114.1499545878551,22.389500257152744]],[[114.1502396283445,22.389769217127224],[114.15024457,22.38977388],[114.15026988526893,22.3898978983645],[114.1502396283445,22.389769217127224]],[[114.15034169096131,22.390249671223575],[114.15034601,22.39027083],[114.14973503,22.39025867],[114.15034169096131,22.390249671223575]],[[114.15416967,22.39471535],[114.15402974,22.3946797],[114.15377667472998,22.39447136782661],[114.15430831,22.39464688],[114.15416967,22.39471535]]],[[[114.11264,22.4075],[114.11264,22.4076],[114.11265,22.4077],[114.11272,22.40794],[114.11276,22.40803],[114.11282,22.4081],[114.11282039349146,22.408100344305037],[114.1126360173256,22.407444242558363],[114.11264,22.4075]]],[[[114.11057,22.40605],[114.11071,22.40618],[114.11093,22.40631],[114.11106,22.40635],[114.11151276898983,22.40638903180947],[114.1105012280972,22.40596288892313],[114.11057,22.40605]]],[[[114.10433,22.40743],[114.10440926540237,22.40740838216299],[114.1042757583448,22.4074164395862],[114.10433,22.40743]]],[[[114.10199,22.40754],[114.10208,22.40755],[114.10214287593574,22.40754516338956],[114.10207682,22.40754915],[114.1018123514347,22.407390109023027],[114.10199,22.40754]]],[[[114.10018,22.40691],[114.10025,22.40699],[114.10035,22.40705],[114.10041099882932,22.407047458382113],[114.10015075365868,22.406845658049118],[114.10018,22.40691]]],[[[114.09681,22.40336],[114.09681,22.40344],[114.09682,22.40349],[114.09683246401984,22.40350246401984],[114.0968347200791,22.40328583976268],[114.09681,22.40336]]],[[[114.09349,22.39993],[114.09354,22.40001],[114.09358,22.40017],[114.0936,22.40019],[114.09363,22.40021],[114.09369,22.40024],[114.09384,22.40028],[114.09404,22.40032],[114.09413,22.40036],[114.09414,22.40036],[114.09454369002103,22.40058531536057],[114.09342036154274,22.399860361542743],[114.09349,22.39993]]],[[[114.09258,22.3996],[114.09266,22.39965],[114.09272,22.39969],[114.09282,22.3997],[114.09295,22.39969],[114.09303,22.3997],[114.09304380394579,22.39970138039458],[114.0924616726695,22.399529003601707],[114.09258,22.3996]]],[[[114.03644,22.37893],[114.03643,22.37895],[114.03642,22.37909],[114.03644,22.37923],[114.0364,22.37932],[114.0363,22.37946],[114.03626,22.37953],[114.03623,22.37977],[114.03616,22.37983],[114.03602,22.3799],[114.03595,22.37994],[114.03595,22.37996],[114.03592,22.38],[114.0359,22.3801],[114.03587,22.38017],[114.03583,22.38023],[114.03555,22.38048],[114.03543,22.38063],[114.03547,22.38064],[114.03618,22.38059],[114.03629,22.3805],[114.03639,22.38036],[114.03663,22.38019],[114.03673,22.38017],[114.03685221726596,22.38020548243205],[114.03673552,22.38006973],[114.03648727998741,22.378887018193264],[114.03644,22.37893]]],[[[113.9946,22.31419],[113.99459986133245,22.314262384468634],[113.99521422,22.31476924],[113.99719774,22.31732572],[113.99698519,22.31814581],[113.99611989,22.31872178],[113.99721485,22.31993547],[113.99846451,22.31989899],[113.99892163,22.32064271],[113.9996079,22.32094551],[114.00039601,22.32065692],[114.00188533,22.32095942],[114.00300882,22.32151382],[114.00334299,22.32205665],[114.00795281,22.32396857],[114.00843618,22.32490312],[114.01144391,22.32544956],[114.01166086,22.32586903],[114.01113762,22.32669865],[114.01148638,22.32668889],[114.01103856,22.327633],[114.01120898,22.32797268],[114.01408511,22.32903978],[114.01588948,22.32900253],[114.01705511,22.3294128],[114.01792123,22.33022484],[114.01852796,22.3312314],[114.01862235,22.33208159],[114.0200032,22.33363988],[114.02093736,22.33214308],[114.02190442,22.33200074],[114.02247409,22.33236792],[114.02311854,22.33208653],[114.0238897,22.33273899],[114.02434486,22.33232796],[114.02408471,22.33201691],[114.02439096,22.33181335],[114.02408147,22.33199499],[114.02398056,22.33162099],[114.02294033,22.33116609],[114.02278682,22.32978327],[114.02244,22.32932854],[114.02283594,22.32886344],[114.02224223,22.32848956],[114.02180562,22.32751033],[114.02056715,22.32658835],[114.02083943,22.32611964],[114.02066933,22.32589593],[114.02132426,22.32590559],[114.02369201,22.32699373],[114.02728531,22.3307192],[114.02761957,22.33204158],[114.02739835,22.33286451],[114.03045223,22.33626696],[114.03153359,22.33659248],[114.03319475,22.33602035],[114.03836513,22.33887851],[114.03889007,22.3399042],[114.03917161,22.33970776],[114.03956044,22.34019282],[114.03933376,22.34051671],[114.04000911,22.34060109],[114.04006171,22.3412348],[114.04171488,22.34093384],[114.04206151,22.34235859],[114.04328581,22.34278926],[114.04302815,22.34342251],[114.04338891,22.34292136],[114.04341731,22.34355846],[114.04363875,22.34291177],[114.04468095,22.3433928],[114.04416249,22.34522376],[114.0445842,22.34601347],[114.04441493,22.34666963],[114.0454971,22.3475127],[114.04585489,22.34746464],[114.04619269,22.34701416],[114.04775776,22.34639094],[114.04983026,22.34618321],[114.05109737,22.34512066],[114.05187954,22.34487414],[114.05147633,22.34424539],[114.05171002,22.34389479],[114.052808,22.3433488],[114.05313852,22.34360692],[114.0538945,22.34343188],[114.0542305,22.34266142],[114.05371874,22.34223499],[114.05580908,22.34061772],[114.05558552,22.33992803],[114.05625949,22.33835364],[114.05737873,22.33741314],[114.05725224,22.3362073],[114.05755024,22.33566348],[114.05821884,22.33566083],[114.05801403,22.33534167],[114.05759244,22.33558947],[114.05734064,22.33523395],[114.05603672,22.3349119],[114.05587097,22.33426717],[114.05528667,22.3345585],[114.05485145,22.33422665],[114.05511017,22.33411665],[114.05481368,22.33422492],[114.05493839,22.33366911],[114.0560012,22.33314392],[114.05547656,22.33270371],[114.05566077,22.33254872],[114.05529755,22.3317783],[114.05563001,22.33135732],[114.05520312,22.33093931],[114.05531425,22.33055461],[114.05572713,22.33016213],[114.05672104,22.33049095],[114.05730568,22.3294482],[114.05647414,22.32921095],[114.0566665,22.32892756],[114.05568461,22.32840511],[114.05554073,22.32798796],[114.05577245,22.32782625],[114.05531041,22.32759463],[114.05535542,22.32710597],[114.0549327,22.32698334],[114.05477645,22.32578307],[114.04092981,22.33054513],[114.05051063,22.32710748],[114.0548898,22.32552972],[114.05463037,22.32532953],[114.0549904,22.32500932],[114.05419394,22.3246808],[114.05393338,22.32363137],[114.05443493,22.3226485],[114.05518343,22.32249445],[114.05543577,22.32191978],[114.05591432,22.32176796],[114.05637508,22.32076191],[114.05608024,22.32072003],[114.05628933,22.32057286],[114.05600174,22.32025747],[114.05553558,22.32029292],[114.05500085,22.32134608],[114.05407722,22.3215928],[114.05297629,22.31954823],[114.05339194,22.31921664],[114.05511362,22.31508171],[114.05542532462883,22.312896365223168],[114.01046,22.31385],[114.01024,22.3139],[114.01018,22.31392],[114.01013,22.31397],[114.01009,22.31402],[114.01006,22.31408],[114.01004,22.31414],[114.01004,22.3142],[114.01004,22.31427],[114.01006,22.31432],[114.01008,22.31438],[114.01012,22.31443],[114.01014,22.3145],[114.01014,22.31463],[114.01011,22.31474],[114.01009,22.31481],[114.01003,22.31487],[114.00999,22.31492],[114.00987,22.31499],[114.00981,22.31502],[114.00964,22.31482],[114.00946,22.31459],[114.0094,22.31453],[114.00936,22.31449],[114.00923,22.31443],[114.0091,22.3144],[114.00897,22.3144],[114.0085,22.31449],[114.0083,22.31453],[114.00803,22.31454],[114.00796,22.31454],[114.00787,22.31453],[114.00774,22.31449],[114.00762,22.31444],[114.00744,22.31435],[114.00728,22.31424],[114.0071,22.31407],[114.00697,22.31393],[114.00672762928954,22.313935094291406],[114.00675652495917,22.313998337732347],[114.00661194756177,22.313937525758604],[113.9946,22.31419]],[[114.02876015,22.31792003],[114.02680502,22.31996254],[114.02676266763665,22.319947480868986],[114.02876015,22.31792003]],[[114.02957347,22.31533295],[114.03013725317432,22.314838828304286],[114.02876064,22.3168188],[114.02957347,22.31533295]],[[114.03052102,22.31450248],[114.03072809823789,22.31456336316152],[114.03019476448098,22.314788423138488],[114.03052102,22.31450248]]],[[[114.16663,22.39823],[114.16673,22.39819],[114.16679,22.39815],[114.16683,22.3981],[114.16686,22.39806],[114.16686870495114,22.39802518019544],[114.16654901773282,22.398250245566796],[114.16663,22.39823]]],[[[114.16622,22.39853],[114.16639,22.39857],[114.16642,22.39857],[114.16644,22.39856],[114.16645,22.39853],[114.16645,22.39852],[114.16642,22.3985],[114.16631,22.39845],[114.1662898343671,22.398432715171804],[114.16615164911042,22.39853],[114.16622,22.39853]]],[[[114.16775,22.4013],[114.16784,22.40118],[114.16788,22.4011],[114.16788824034901,22.40106703860393],[114.16764857309758,22.40140142690242],[114.16775,22.4013]]],[[[114.02234478,22.33634495],[114.02384284,22.33571122],[114.02376667,22.33515795],[114.02425687,22.33469279],[114.02409775,22.3337651],[114.0244534,22.33321576],[114.02377815,22.33331354],[114.02336467,22.33481126],[114.02254622,22.33518972],[114.02209264,22.33607166],[114.02234478,22.33634495]]],[[[114.06239496,22.34100672],[114.0621258,22.34117194],[114.06238657,22.34132209],[114.06308332,22.34017009],[114.06387018,22.34001726],[114.06352008,22.33919057],[114.06209798,22.33930559],[114.06216472,22.34016098],[114.0617803,22.34016141],[114.06181491,22.34050897],[114.06143619,22.34067555],[114.06210041,22.34112709],[114.06239496,22.34100672]]],[[[114.06326751,22.35237897],[114.06299219,22.35188465],[114.06187825,22.3514341],[114.06174565,22.34941314],[114.06192396,22.348936],[114.06252356,22.34884564],[114.06231358,22.34862097],[114.06419597,22.3490281],[114.06448756,22.34882859],[114.06508498,22.34634371],[114.06600532,22.34642992],[114.06622788,22.34561796],[114.06427726,22.34490677],[114.06471948,22.34447099],[114.06445807,22.34424258],[114.06322729,22.34420182],[114.06270084,22.34361726],[114.06091938,22.34328657],[114.06070834,22.34291255],[114.06092743,22.3423924],[114.06058212,22.3427487],[114.05916207,22.34266385],[114.05929459,22.34290105],[114.05841725,22.34422835],[114.05685043,22.34494642],[114.05688827,22.34581734],[114.05655361,22.34623926],[114.05685661,22.34660529],[114.05655052,22.34701024],[114.05718513,22.34747232],[114.05685738,22.34813272],[114.05597039,22.34854124],[114.05569144,22.3483482],[114.05593728,22.34814147],[114.05551455,22.34826888],[114.05539322,22.34781083],[114.05545558,22.34823347],[114.05399461,22.34865985],[114.05526044,22.3499616],[114.05634005,22.35003709],[114.05728478,22.35107302],[114.05688654,22.35120457],[114.05766631,22.35269415],[114.0571291,22.35296875],[114.05719413,22.35341652],[114.05683476,22.35382902],[114.05621151,22.35397997],[114.05621795,22.35474309],[114.05648701,22.35534567],[114.0569626,22.35553266],[114.05999201,22.3556679],[114.06006201,22.35589261],[114.06057418,22.35566616],[114.060958,22.35500021],[114.06218688,22.35464407],[114.06381928,22.35552174],[114.06376659,22.35575212],[114.06442033,22.35591218],[114.06451361,22.35571792],[114.06474089,22.3559199],[114.0652331,22.35511404],[114.06468893,22.35474909],[114.06458686,22.35429588],[114.06353602,22.35392796],[114.06326021,22.35310535],[114.06347644,22.35280694],[114.06489966,22.35320792],[114.06500122,22.35294836],[114.06401969,22.35234607],[114.06326751,22.35237897]]],[[[114.06739592,22.35034035],[114.06813216,22.34990969],[114.06840844,22.34935119],[114.06828134,22.34878919],[114.06773461,22.34852895],[114.06719307,22.34872705],[114.06692544,22.34941722],[114.06739592,22.35034035]]]]}},{"type":"Feature","properties":{"地區號碼":"L","District":"Tuen Mun","地區":"屯門","Administrative District Boundary of Hong Kong":"Administrative District Boundary of Hong Kong"},"geometry":{"type":"MultiPolygon","coordinates":[[[[114.06597,22.39181],[114.06583,22.39171],[114.06582,22.39155],[114.06585,22.39141],[114.06607,22.39093],[114.06615,22.39078],[114.0662,22.39064],[114.06615,22.39054],[114.06607,22.39049],[114.06588,22.3905],[114.06574,22.39049],[114.06556,22.39043],[114.06528,22.39026],[114.06515,22.39022],[114.0648,22.39001],[114.06469,22.38988],[114.06465,22.38984],[114.06461,22.38975],[114.06458,22.38965],[114.06459,22.38956],[114.06461,22.38947],[114.06469,22.38937],[114.06474,22.3891],[114.06482,22.38875],[114.0649,22.38821],[114.06495,22.3877],[114.06496,22.38645],[114.06499,22.38619],[114.06499,22.38601],[114.06497,22.38574],[114.06495,22.38556],[114.06489,22.38528],[114.06487,22.3852],[114.06467,22.38488],[114.06347,22.38507],[114.06224,22.38506],[114.0612,22.38493],[114.06083,22.38489],[114.06045,22.38487],[114.06006,22.38487],[114.05988,22.3849],[114.05979,22.38493],[114.0596,22.38498],[114.05943,22.38506],[114.05917,22.38523],[114.05908,22.38525],[114.05899,22.38528],[114.05889,22.3853],[114.05872,22.38529],[114.05852,22.38528],[114.05833,22.38526],[114.05572,22.38494],[114.05558,22.38492],[114.05549,22.38487],[114.05541,22.38483],[114.05534,22.38477],[114.05527,22.3847],[114.05519,22.38459],[114.05517,22.38449],[114.05511,22.38437],[114.05506,22.38429],[114.055,22.38422],[114.05492,22.38417],[114.05484,22.38411],[114.05476,22.38408],[114.05467,22.38405],[114.05462,22.38404],[114.05444,22.38403],[114.05324,22.38411],[114.0531,22.38424],[114.05299,22.38435],[114.05265,22.38453],[114.05227,22.3847],[114.05218,22.38474],[114.05203,22.38484],[114.05196,22.3849],[114.05186,22.385],[114.05185,22.38509],[114.05195,22.3852],[114.05202,22.38527],[114.05204,22.38542],[114.05202,22.38546],[114.05194,22.38551],[114.05175,22.3855],[114.05157,22.38555],[114.05147,22.38555],[114.05138,22.38556],[114.05118,22.38556],[114.05108,22.38555],[114.0509,22.38552],[114.05072,22.38546],[114.05055,22.38539],[114.05037,22.38535],[114.05017,22.38534],[114.04998,22.38536],[114.04979,22.38543],[114.0497,22.38547],[114.04954,22.38557],[114.04916,22.38586],[114.04874,22.38623],[114.04866,22.38628],[114.04857,22.38631],[114.04847,22.38633],[114.04837,22.38633],[114.04828,22.38632],[114.04819,22.38628],[114.0481,22.38624],[114.04803,22.38617],[114.04725,22.38561],[114.04663,22.38517],[114.04624,22.38488],[114.04617,22.38482],[114.0461,22.38476],[114.04605,22.38467],[114.04601,22.3846],[114.04597,22.38451],[114.04595,22.38443],[114.04593,22.38434],[114.04593,22.38425],[114.04594,22.38416],[114.04595,22.38407],[114.04611,22.38367],[114.04633,22.38327],[114.04646,22.38302],[114.04656,22.38288],[114.04669,22.38279],[114.04675,22.3827],[114.04687,22.38259],[114.0469,22.38244],[114.047,22.38216],[114.04706,22.3821],[114.04712,22.38201],[114.04722,22.38191],[114.04729,22.38169],[114.04733,22.38142],[114.04734,22.38101],[114.04738,22.38097],[114.0475,22.38078],[114.04752,22.38072],[114.04756,22.38063],[114.04755,22.38051],[114.04751,22.3804],[114.04734,22.3802],[114.04703,22.38011],[114.0469,22.38005],[114.04684,22.37999],[114.04674,22.37986],[114.04668,22.37979],[114.0465,22.37968],[114.04621,22.37955],[114.04609,22.37953],[114.04586,22.37949],[114.04526,22.37949],[114.04513,22.37952],[114.04508,22.37955],[114.04501,22.37972],[114.04493,22.3798],[114.04464,22.37996],[114.04431,22.38003],[114.04418,22.38004],[114.04387,22.38008],[114.04376,22.38015],[114.04329,22.38062],[114.04316,22.38066],[114.04302,22.38068],[114.04285,22.38064],[114.04274,22.3806],[114.04265,22.38054],[114.0426,22.38048],[114.04254,22.38039],[114.0425,22.38034],[114.04234,22.38033],[114.04183,22.38045],[114.04157,22.38048],[114.04122,22.38044],[114.04103,22.38046],[114.04082,22.3805],[114.04072,22.38055],[114.04063,22.38062],[114.04061,22.38071],[114.0406,22.38082],[114.04057,22.38096],[114.0405,22.38104],[114.04047,22.38107],[114.04038,22.38111],[114.04025,22.38113],[114.04001,22.38114],[114.03955,22.38111],[114.03907,22.3812],[114.03886,22.38119],[114.03873,22.38114],[114.03855,22.38102],[114.03834,22.38076],[114.03824,22.38069],[114.03785,22.38062],[114.03777,22.38059],[114.03734,22.38029],[114.03704,22.38026],[114.03693398345708,22.380229221003663],[114.03696121405675,22.380332277000143],[114.03685221726596,22.38020548243205],[114.03673,22.38017],[114.03663,22.38019],[114.03639,22.38036],[114.03629,22.3805],[114.03618,22.38059],[114.03547,22.38064],[114.03543,22.38063],[114.03555,22.38048],[114.03583,22.38023],[114.03587,22.38017],[114.0359,22.3801],[114.03592,22.38],[114.03595,22.37996],[114.03595,22.37994],[114.03602,22.3799],[114.03616,22.37983],[114.03623,22.37977],[114.03626,22.37953],[114.0363,22.37946],[114.0364,22.37932],[114.03644,22.37923],[114.03642,22.37909],[114.03643,22.37895],[114.03644,22.37893],[114.03648727998741,22.378887018193264],[114.03638905999036,22.37841905999036],[114.03638,22.37841],[114.03617,22.37797],[114.0361,22.3779],[114.03602,22.37786],[114.03589,22.37783],[114.03488,22.37787],[114.03446,22.37783],[114.03387,22.37757],[114.03374,22.37755],[114.03355,22.37759],[114.0334820025975,22.37763249837656],[114.03369625203139,22.377847559470432],[114.03343,22.37774467539754],[114.03343,22.37778],[114.03347,22.37791],[114.03361,22.3781],[114.03366,22.37816],[114.03367,22.37822],[114.03363,22.37832],[114.03355,22.37837],[114.03347,22.37837],[114.03328,22.37851],[114.03321,22.37855],[114.03317,22.37854],[114.03301,22.37846],[114.03287,22.3784],[114.03279,22.37842],[114.03261,22.37864],[114.03254,22.37868],[114.0325,22.3787],[114.03241,22.37869],[114.03232,22.37864],[114.03229,22.37856],[114.03236,22.37828],[114.03232,22.3782],[114.03227,22.37814],[114.03222,22.37797],[114.032,22.37774],[114.03204,22.37756],[114.03205,22.37748],[114.03204,22.37744],[114.03201,22.37738],[114.03191,22.37728],[114.03167,22.37685],[114.0316,22.37679],[114.03156,22.37671],[114.03154,22.37661],[114.03152,22.37646],[114.03149,22.37636],[114.03126,22.37616],[114.03118,22.37604],[114.03114,22.37582],[114.03094,22.37561],[114.03086,22.37534],[114.03067,22.37514],[114.03062,22.37496],[114.03049,22.37476],[114.03397,22.37474],[114.0346,22.37067],[114.03546,22.37],[114.03554,22.36995],[114.03598,22.36977],[114.03644,22.36961],[114.0369,22.36948],[114.03718,22.36941],[114.03739,22.36938],[114.03758,22.36936],[114.03768,22.36936],[114.03778,22.36936],[114.03796,22.36938],[114.04009,22.36982],[114.04018,22.36983],[114.04023,22.36981],[114.04026,22.36979],[114.04029,22.36972],[114.04032,22.36905],[114.04032,22.36839],[114.04031,22.3683],[114.04029,22.36821],[114.04026,22.36812],[114.04023,22.36803],[114.04019,22.36795],[114.04013,22.36788],[114.04007,22.36782],[114.03999,22.36775],[114.03991,22.3677],[114.03984,22.36766],[114.03968,22.36759],[114.03783,22.36699],[114.03727,22.36685],[114.03659,22.36672],[114.03622,22.36661],[114.03594,22.36652],[114.03567,22.36641],[114.03542,22.36628],[114.035,22.36603],[114.03482,22.36569],[114.03472,22.36541],[114.03453,22.36515],[114.03482,22.36491],[114.03489,22.36478],[114.0349,22.36473],[114.03495,22.36463],[114.03499,22.36451],[114.03499,22.36434],[114.03494,22.3641],[114.03471,22.36391],[114.03439,22.36329],[114.03432,22.36312],[114.03412,22.36279],[114.03401,22.36267],[114.03391,22.36258],[114.03383,22.36252],[114.03369,22.36243],[114.03354,22.36237],[114.03324,22.3623],[114.03313,22.36227],[114.03305,22.36227],[114.03263,22.36228],[114.03218,22.36224],[114.03191,22.36218],[114.03155,22.36205],[114.03136,22.3619],[114.03104,22.36155],[114.03081,22.36124],[114.03072,22.36103],[114.03066,22.36093],[114.0305,22.36074],[114.03035,22.36063],[114.02996,22.36048],[114.02984,22.3604],[114.02958,22.36003],[114.02924,22.35966],[114.02911,22.35955],[114.02869,22.35927],[114.02862,22.35919],[114.02856,22.35912],[114.02852,22.35905],[114.02848,22.35896],[114.02846,22.35888],[114.02844,22.35879],[114.02844,22.3587],[114.0288343603765,22.355334791453885],[114.02865326,22.35530562],[114.02446507,22.35533473],[114.02160802,22.35608291],[114.01856104,22.3574082],[114.01773659,22.35846391],[114.01811732,22.35909629],[114.01652942,22.36114178],[114.01446774,22.36318906],[114.01324374,22.36315806],[114.01255679,22.36319752],[114.01197081,22.36243902],[114.01294815,22.36190422],[114.01178887,22.36232297],[114.0114825,22.36178237],[114.0110782,22.3618048],[114.01105808,22.36252132],[114.01044237,22.36245741],[114.01029292,22.36271557],[114.01086597,22.36426939],[114.00908391,22.36535835],[114.00721626,22.36495737],[114.00725092,22.36424829],[114.00692052,22.36448527],[114.00523212,22.36408669],[114.00453358,22.36307158],[114.00403906,22.36323031],[114.00361159,22.36270527],[114.00232349,22.36283574],[114.00226409,22.3621983],[114.00146784,22.36209527],[114.00146662,22.36180109],[113.99999748,22.36169744],[113.99841351,22.36176425],[113.99888277,22.36208817],[113.99823768,22.36199827],[113.9976059,22.36343593],[113.99789215,22.36394625],[113.99754796,22.36396801],[113.99745015,22.36456534],[113.99704167,22.36483266],[113.99715346,22.36512994],[113.99587876,22.36572053],[113.99622157,22.36606056],[113.99585439,22.36579191],[113.99532829,22.36508485],[113.99478503,22.36492815],[113.99273377,22.36536057],[113.99232092,22.36612174],[113.99073045,22.36534158],[113.99058199,22.36473189],[113.98791258,22.36477106],[113.98793891,22.36521738],[113.98972018,22.36583382],[113.9896,22.36639903],[113.9907655,22.36545355],[113.9922791,22.36622567],[113.99166976,22.36730615],[113.99180054,22.36787739],[113.99489958,22.36974022],[113.9946822,22.37005485],[113.99365551,22.36948691],[113.99171073,22.37230371],[113.98996786,22.37127225],[113.98953902,22.37070111],[113.98978125,22.36904339],[113.9896017,22.36793863],[113.99053554,22.36741888],[113.98947136,22.3676989],[113.9893478,22.36705773],[113.9888303,22.36706456],[113.98873284,22.36779245],[113.98922322,22.36774215],[113.98953436,22.36906468],[113.98902261,22.37027593],[113.98735568,22.37280635],[113.9854345,22.37444873],[113.98331928,22.37578965],[113.98208747,22.37598807],[113.98140741,22.37662379],[113.98036869,22.37679872],[113.98030433,22.37714377],[113.97979187,22.37701301],[113.97976146,22.37713115],[113.98079255,22.37757769],[113.98080696,22.37828629],[113.98008104,22.37923131],[113.97859096,22.37992443],[113.97783917,22.37960503],[113.97588536,22.37638917],[113.97705147,22.37450662],[113.97833657,22.37442196],[113.97748928,22.37402782],[113.97686991,22.37436236],[113.97562877,22.3763295],[113.97774945,22.37979899],[113.97654316,22.38162897],[113.97590392,22.3813545],[113.96950294,22.37861102],[113.96896861,22.37913604],[113.96852028,22.37887217],[113.96810673,22.37862877],[113.96820485,22.37836741],[113.9722767,22.37125076],[113.97279312,22.37091677],[113.97409252,22.3708728],[113.97119324,22.3709009],[113.96634384,22.37213112],[113.965694,22.37095622],[113.96596308,22.37222859],[113.96511498,22.3724996],[113.96142514,22.37277394],[113.96070903,22.37228319],[113.96016864,22.37244581],[113.95999238,22.37269068],[113.96022128,22.37287709],[113.95975193,22.37318467],[113.95774947,22.37308363],[113.9554501,22.37236899],[113.95431746,22.37174016],[113.95344262,22.37073529],[113.95146796,22.36991551],[113.95138343,22.36834904],[113.94936198,22.36651752],[113.9466794,22.36492288],[113.9463571,22.36477846],[113.94829353,22.36189625],[113.94738217,22.35965003],[113.94558678,22.36034783],[113.9465264,22.36242866],[113.94518513,22.36295279],[113.94424673,22.36087153],[113.94155756,22.36192151],[113.94249706,22.36400129],[113.94183139,22.36426587],[113.94115215,22.3645225],[113.94021698,22.36244118],[113.93753078,22.36349111],[113.9384695,22.36557167],[113.93713158,22.36609646],[113.93506091,22.36150786],[113.93762002,22.35987865],[113.93766034,22.35940079],[113.93715818,22.35926265],[113.92938721,22.36412605],[113.92360263,22.36845948],[113.92349442,22.36813556],[113.92464796,22.36711636],[113.92306646,22.36827807],[113.92340981,22.36883282],[113.92299311,22.36853775],[113.922914,22.36838655],[113.92055755,22.36945522],[113.92275276,22.3686618],[113.92301374,22.36889072],[113.91979533,22.37098581],[113.91802222,22.37254429],[113.91751813,22.37233324],[113.91707987,22.37272606],[113.91742216,22.37307801],[113.91695895,22.37349298],[113.91548979,22.37260055],[113.9192508,22.36912206],[113.91503016,22.37271484],[113.91501457,22.37300948],[113.91526316,22.37280811],[113.91679332,22.37363473],[113.91616149,22.37379852],[113.91645652,22.37393625],[113.91480486,22.37576845],[113.91513574,22.37674685],[113.91665869,22.3783484],[113.91666065,22.3787518],[113.91629794,22.37896321],[113.916581,22.37884479],[113.91695261,22.37853868],[113.91699091,22.378656],[113.91663337,22.37892004],[113.91747879,22.37931277],[113.9182012,22.37861076],[113.91892629,22.37900674],[113.92018208,22.38111264],[113.92039592,22.38260668],[113.92031876,22.38346688],[113.92096459,22.3854777],[113.92071165,22.38750403],[113.92016826,22.38887872],[113.91828703,22.39154583],[113.9174077,22.39107899],[113.91652528,22.3923127],[113.91504814,22.39258786],[113.91459929,22.39489997],[113.91375205,22.39597772],[113.91336008,22.3959623],[113.91369642,22.39664185],[113.91510127,22.39714965],[113.91539392,22.39800094],[113.91499322,22.39962064],[113.9151353,22.39964804],[113.91543536,22.39998723],[113.91566103,22.40051326],[113.91605973,22.40062288],[113.91562213,22.4005678],[113.91579451,22.40102892],[113.91521786,22.40018277],[113.91503905,22.39963129],[113.91405448,22.40161755],[113.91237577,22.40345274],[113.91126023,22.40259787],[113.90940702,22.40432709],[113.90864537,22.4044201],[113.90805925,22.40377359],[113.90760982,22.40374229],[113.90142247,22.40588858],[113.90156079,22.4065348],[113.9028489,22.40773333],[113.90420689,22.4101911],[113.90492651,22.41024368],[113.9113451,22.41650862],[113.91318504,22.41828324],[113.91386232,22.41849023],[113.91373752,22.42053902],[113.91525411,22.42143813],[113.92260769,22.42358055],[113.92554818,22.42367587],[113.92741974,22.42328306],[113.92794519,22.42284407],[113.92803163,22.42152113],[113.9276227,22.42044653],[113.92593626,22.42048507],[113.92688,22.42014533],[113.92700286,22.41979536],[113.92853019,22.42087417],[113.92912781,22.42349496],[113.9298244,22.42421166],[113.93047351981077,22.4244252165669],[113.93792,22.42347],[113.93811,22.42343],[113.93829,22.42337],[113.93847,22.42329],[113.93855,22.42326],[113.93864141681921,22.423206225400467],[113.93914502,22.42142502],[113.93904424,22.42070148],[113.93923117000672,22.420655731775792],[113.93933230511973,22.420998542578474],[113.93929,22.42075],[113.93924,22.42048],[113.93917,22.42027],[113.93908,22.42001],[113.93899,22.41981],[113.93893,22.41964],[113.93936,22.41957],[113.93991,22.41952],[113.93998,22.41954],[113.94002,22.41956],[113.94004,22.41961],[113.94006,22.41965],[113.94006,22.4197],[113.94005,22.41978],[113.93996,22.4201],[113.93996,22.42015],[113.93996,22.4202],[113.93998,22.42024],[113.94,22.4203],[113.94004,22.42035],[113.94014,22.42043],[113.94022,22.42049],[113.9403,22.42052],[113.94042,22.42055],[113.94079,22.42059],[113.94085,22.42063],[113.94089,22.42075],[113.9409,22.42083],[113.94089,22.42094],[113.94081,22.42131],[113.94081,22.42136],[113.94085,22.42148],[113.94089,22.42154],[113.94093,22.42159],[113.94154,22.42213],[113.94173,22.42228],[113.94185,22.42232],[113.94219,22.42232],[113.94226,22.42235],[113.94232,22.42239],[113.94233451176365,22.42240209313637],[113.9423255,22.42238423],[113.94234223805947,22.42240853171622],[113.94238,22.42244],[113.94243763636597,22.422547038965387],[113.94284954979545,22.423145089372134],[113.94272189369141,22.423161082109385],[113.94279,22.4232],[113.94283,22.42321],[113.94289,22.42321],[113.94297,22.42318],[113.94323,22.42307],[113.94331,22.42306],[113.94347,22.42304],[113.94394,22.42288],[113.94406,22.42287],[113.94418,22.42286],[113.94425,22.42288],[113.94429076455238,22.422892542939195],[113.94429513,22.42289156],[113.94461966664059,22.422493312401343],[113.94441426837517,22.422944477410837],[113.94445,22.42297],[113.94448,22.42301],[113.94448,22.42307],[113.94447,22.42311],[113.9444,22.42321],[113.94433,22.42328],[113.94421,22.42338],[113.94408,22.42346],[113.94402,22.42352],[113.94394,22.42361],[113.94384,22.42391],[113.94382,22.424],[113.94383,22.42417],[113.94385,22.42424],[113.94389,22.42429],[113.94394,22.42433],[113.94396,22.42433],[113.94451,22.42432],[113.94494,22.42433],[113.94502,22.42432],[113.9451,22.42433],[113.94517,22.42437],[113.94523,22.42442],[113.94528,22.42447],[113.94541,22.42464],[113.94549,22.4247],[113.94555,22.42476],[113.94571,22.42484],[113.94592,22.42491],[113.94599,22.42495],[113.946,22.42497],[113.94603,22.42505],[113.94604,22.42512],[113.94601,22.42529],[113.94588,22.4257],[113.94585,22.42577],[113.94583,22.42582],[113.94581,22.42594],[113.94581,22.42607],[113.94582,22.42614],[113.94584,22.42619],[113.9461,22.42683],[113.94617,22.42696],[113.94627,22.42711],[113.94633,22.42719],[113.94637,22.42722],[113.94648,22.42728],[113.94658,22.42734],[113.94669,22.42746],[113.94673,22.42753],[113.94678,22.42762],[113.94686,22.42783],[113.94686,22.42791],[113.94691,22.42805],[113.94696,22.42816],[113.94708,22.42834],[113.9472,22.42848],[113.94725,22.42852],[113.94733,22.42856],[113.94791,22.42874],[113.948,22.4288],[113.94806,22.42886],[113.94807,22.4289],[113.94807,22.42897],[113.94803,22.42909],[113.948,22.42946],[113.94796,22.42973],[113.94797,22.42987],[113.94803,22.42993],[113.94813,22.42999],[113.94826,22.43003],[113.94835,22.43008],[113.94841,22.43015],[113.94842,22.43023],[113.94835,22.43035],[113.94827,22.43044],[113.94818,22.4306],[113.9482,22.4307],[113.9484,22.43096],[113.94846,22.43106],[113.94849,22.43114],[113.94848,22.43124],[113.95022,22.43335],[113.97037,22.4334],[113.97041,22.43055],[113.97487587783509,22.4304655788689],[113.96319009,22.41049669],[113.96273002,22.40971703],[113.96696963,22.41690133],[113.9748763,22.43044853],[113.97488604980626,22.430465386582114],[113.98091581608237,22.430351402342488],[113.9809881384423,22.42977149594222],[113.98094631948688,22.430350825718584],[113.98099,22.43035],[113.98098,22.43083],[113.98106,22.43087],[113.98138,22.43089],[113.98155,22.43088],[113.98164,22.43086],[113.98185,22.43087],[113.98191,22.43086],[113.982,22.43084],[113.98208,22.43078],[113.98214,22.43071],[113.98218,22.43063],[113.98223,22.43057],[113.98227,22.43054],[113.98231,22.43052],[113.98236,22.43051],[113.98242,22.43053],[113.9825,22.43057],[113.98269,22.43067],[113.98274,22.43071],[113.98278,22.43073],[113.98302,22.43069],[113.98329,22.4307],[113.98334,22.4307],[113.9835,22.43076],[113.9836,22.43076],[113.98414,22.43083],[113.98422,22.43084],[113.98431,22.43081],[113.98439,22.43076],[113.98443,22.43072],[113.98447,22.43064],[113.98448,22.43056],[113.98448,22.43046],[113.98445,22.43033],[113.98441,22.43024],[113.98441,22.43019],[113.98446,22.43018],[113.98453,22.43025],[113.98457,22.43028],[113.98466,22.43032],[113.98476,22.43033],[113.98481,22.43034],[113.98511,22.43032],[113.98519,22.43028],[113.9854,22.4301],[113.98544,22.43002],[113.98547,22.42993],[113.98552,22.42992],[113.98557,22.42993],[113.98562,22.42994],[113.98566,22.42996],[113.9857,22.42999],[113.98573,22.43003],[113.98586,22.43004],[113.98589,22.42998],[113.986,22.42998],[113.98604,22.42996],[113.98617,22.42991],[113.98636,22.42988],[113.98651,22.42989],[113.98656,22.42987],[113.98664,22.42983],[113.9869,22.42979],[113.98713,22.42974],[113.98757,22.42961],[113.98771,22.42961],[113.98781,22.42961],[113.98799,22.42964],[113.98819,22.42965],[113.98815,22.42969],[113.9881,22.42977],[113.98807,22.42985],[113.98807,22.4299],[113.9881,22.43018],[113.98838,22.43012],[113.98846,22.43029],[113.98879,22.4303],[113.98884,22.43031],[113.98888,22.43033],[113.98892,22.43036],[113.98906,22.43033],[113.98905,22.43013],[113.98917,22.43009],[113.98924,22.42983],[113.98945,22.42973],[113.9895,22.42973],[113.98954,22.42974],[113.98963,22.42981],[113.98966,22.42984],[113.9898,22.42986],[113.98989,22.4299],[113.98996,22.42995],[113.98999,22.42999],[113.99004,22.43007],[113.9901,22.43015],[113.99021,22.43025],[113.99028,22.43031],[113.99071,22.4308],[113.99079,22.43086],[113.99089,22.43091],[113.99093,22.43095],[113.99103,22.43119],[113.99109,22.43129],[113.99118,22.4314],[113.99139,22.43158],[113.99144,22.43165],[113.99146,22.4317],[113.99168,22.43177],[113.99178,22.43177],[113.99188,22.43179],[113.99197,22.43181],[113.99206,22.43184],[113.99201,22.43199],[113.99279,22.432],[113.99288,22.43111],[113.99293,22.43088],[113.99299,22.43067],[113.99306,22.43055],[113.99325,22.43032],[113.99332,22.43038],[113.99339,22.43045],[113.99365,22.43062],[113.99399,22.43088],[113.99477,22.43153],[113.99574,22.43223],[113.99612395459513,22.4324913024328],[113.9916757,22.42898605],[113.99161039441267,22.428916667649556],[113.99613533248045,22.43249904571587],[113.99646,22.43272],[113.99649,22.43259],[113.99653,22.43247],[113.99653,22.43242],[113.99652,22.43231],[113.99594,22.43088],[113.99566,22.43023],[113.99555,22.43004],[113.99525,22.42941],[113.99476,22.42913],[113.99466,22.42901],[113.99467,22.42833],[113.99469,22.42808],[113.99451,22.42775],[113.99441,22.42763],[113.99379,22.42752],[113.99366,22.42743],[113.99358,22.42728],[113.99358,22.42719501443554],[113.99355366,22.42717883],[113.99358761378339,22.426996248382668],[113.99367,22.42609],[113.9937,22.42595],[113.99376,22.4257],[113.99379,22.42566],[113.99383,22.42562],[113.99394,22.42556],[113.99407,22.42552],[113.99451842118289,22.425443996409676],[113.99494928575422,22.42525855255916],[113.99467600341711,22.42541511006699],[113.99538,22.4252],[113.99561,22.42505],[113.99581,22.42486],[113.9959,22.42475],[113.99604,22.42454],[113.99625,22.42417],[113.99627,22.42406],[113.99634,22.42388],[113.99649,22.42367],[113.99649258758261,22.423623423512982],[113.99561849,22.42487518],[113.99547788412981,22.424955730045266],[113.99625595,22.42381341],[113.9964970866275,22.423542440705027],[113.9965,22.42349],[113.99656,22.42332],[113.99676,22.42304],[113.99698,22.42295],[113.99708,22.42275],[113.99735,22.42237],[113.99745,22.42237],[113.99758,22.42238],[113.99769,22.42244],[113.99786,22.42247],[113.99799,22.42244],[113.99818,22.42238],[113.99826,22.42237],[113.99838,22.42239],[113.99844,22.42244],[113.99854,22.42248],[113.99866,22.4225],[113.99873,22.42254],[113.99884,22.42265],[113.99892,22.42265],[113.99911,22.42253],[113.99916,22.42247],[113.99924,22.42243],[113.99934,22.42236],[113.99949,22.42228],[113.99997,22.42219],[114.00006,22.42212],[114.00078,22.42203],[114.00109,22.42195],[114.00119,22.42194],[114.00185,22.42196],[114.00214,22.42187],[114.00677,22.42192],[114.00683291441688,22.41927389364346],[114.0067380413315,22.415365602287984],[114.00681003,22.41833077],[114.00683291796818,22.419273744279476],[114.00694,22.41477],[114.01016327928775,22.414720695536708],[114.01087095,22.4135847],[114.01022780772912,22.41471970848598],[114.01217,22.41469],[114.01217,22.40457],[114.04205053674016,22.404577576201],[114.00884377,22.39657572],[114.03880157,22.40361495],[114.04205387459396,22.40457757704731],[114.05161,22.40458],[114.05163,22.40862],[114.05978,22.40861],[114.05973,22.40488],[114.05745,22.40487],[114.05738,22.39783],[114.06441375809604,22.39772153160706],[114.06384253414888,22.39755820523758],[114.0638914,22.3975314],[114.06477795489631,22.397715915286298],[114.06581,22.3977],[114.06596488505761,22.39199829381634],[114.06564511,22.39197323],[114.06596493133759,22.391996590134898],[114.06597,22.39181]],[[113.91471965,22.41608075],[113.9149193240674,22.41607122820343],[113.9113451,22.41650862],[113.91471965,22.41608075]],[[114.0088674079332,22.39686945980325],[114.00758979,22.3942267],[114.00884377,22.39657572],[114.0088674079332,22.39686945980325]],[[114.00518660003193,22.391484477442237],[114.00523711,22.39152152],[114.00758979,22.3942267],[114.00518660003193,22.391484477442237]],[[113.9967980638302,22.379069408900673],[113.99678579,22.37912291],[113.99676751440553,22.3791030703124],[113.9967980638302,22.379069408900673]],[[113.99703839,22.37806592],[113.997127783229,22.378048606509587],[113.99703859252095,22.378080915409754],[113.99703839,22.37806592]],[[113.99761636,22.37795398],[113.99771060127571,22.378077315755142],[113.99752423998669,22.3779718216082],[113.99761636,22.37795398]],[[113.9986427,22.37860967],[113.99871711,22.37940658],[113.99863659559523,22.378608372577958],[113.9986427,22.37860967]],[[114.00180008,22.37825487],[114.00267622,22.37923901],[114.00179592682555,22.37826100785356],[114.00180008,22.37825487]],[[114.00399985381965,22.380031441436117],[114.00398882,22.38003147],[114.00330906,22.37937987],[114.00399985381965,22.380031441436117]],[[114.00493726,22.37928033],[114.00499798706821,22.379284425469265],[114.00496226,22.38002895],[114.00493726,22.37928033]],[[114.00570564,22.37933215],[114.00784824993438,22.380150466828105],[114.00513374230484,22.379293580882422],[114.00570564,22.37933215]],[[114.00926444945495,22.38023091960608],[114.00826775,22.38028289],[114.0081468937362,22.380244739422427],[114.00926444945495,22.38023091960608]],[[114.00952885,22.38022765],[114.01094681,22.38136378],[114.00951379979998,22.380227836112418],[114.00952885,22.38022765]],[[114.01337548,22.38173738],[114.01337916638333,22.38174230320857],[114.01094681,22.38136378],[114.01337548,22.38173738]],[[114.01465947996499,22.38240903626634],[114.01438522,22.38293162],[114.01430397777494,22.382834702986866],[114.01465947996499,22.38240903626634]],[[114.01487059,22.38215626],[114.01545033,22.38215291],[114.01483972256172,22.382193219663236],[114.01487059,22.38215626]],[[114.01608601,22.38025745],[114.01610603,22.38155659],[114.01609902973101,22.381559263838202],[114.01608601,22.38025745]],[[114.01737388825127,22.379111575045137],[114.01737471,22.37911863],[114.01666067,22.38007026],[114.01737388825127,22.379111575045137]],[[114.0165950567841,22.374651125394315],[114.01659741,22.37465706],[114.01521361,22.3750542],[114.0165950567841,22.374651125394315]],[[114.01619459,22.37366664],[114.01620557337016,22.37366888212676],[114.01643299039472,22.3742424080673],[114.01619459,22.37366664]],[[114.01950952760293,22.373594711539983],[114.01950491,22.37359576],[114.01948129,22.37282677],[114.01950952760293,22.373594711539983]],[[114.02011223,22.37345065],[114.02011845506338,22.3734564501726],[114.01974824537,22.373540508950946],[114.02011223,22.37345065]],[[114.021545948049,22.3747865098356],[114.02150172,22.37477287],[114.02033827127177,22.3736612628582],[114.021545948049,22.3747865098356]],[[114.0224972415642,22.374976590374377],[114.02235539,22.37503614],[114.02183135138837,22.37487452761432],[114.0224972415642,22.374976590374377]],[[114.02666528,22.37333138],[114.0267065181416,22.373375269279478],[114.02666164492793,22.373332306585876],[114.02666528,22.37333138]],[[114.02614007,22.37225485],[114.0270147,22.37367033],[114.02695551378557,22.37361366369535],[114.02614007,22.37225485]],[[114.02746999,22.37111282],[114.02730855,22.37181132],[114.02725421437269,22.371831944641226],[114.02746999,22.37111282]],[[114.0279355195277,22.37089590518618],[114.02795495,22.37097325],[114.02746999,22.37111282],[114.0279355195277,22.37089590518618]],[[114.0283119869969,22.369517546927256],[114.02831902,22.36952958],[114.02784107,22.37051994],[114.0283119869969,22.369517546927256]],[[114.02637086,22.36627337],[114.0263884285859,22.366226446673604],[114.02799427078929,22.368973952365497],[114.02637086,22.36627337]],[[114.02673178,22.36241908],[114.02775906,22.36322491],[114.02773380485844,22.36324196320903],[114.02673178,22.36241908]],[[114.0067117185312,22.41428123602603],[114.0071886370408,22.41448984263147],[114.00671598299107,22.414456910208404],[114.0067117185312,22.41428123602603]],[[114.0062776458312,22.414185682054885],[114.00636036,22.41412755],[114.0066633376733,22.414260073990317],[114.0062776458312,22.414185682054885]],[[114.00891820490011,22.397500694816017],[114.008968,22.39811948],[114.00850365,22.40091716],[114.00891820490011,22.397500694816017]],[[114.0012729,22.39043039],[114.000884346458,22.390238727839133],[114.00356621,22.39029613],[114.0012729,22.39043039]],[[113.99997629,22.38979081],[113.99841342,22.3884867],[114.00033672237016,22.389968600804718],[113.99997629,22.38979081]],[[113.98806089,22.37885334],[113.98889319,22.37911496],[113.98794584590766,22.378968162097316],[113.98806089,22.37885334]],[[113.9913355777618,22.378777103928947],[113.99211655,22.37877721],[113.99115364,22.37895618],[113.9913355777618,22.378777103928947]],[[113.99262871,22.3781737],[113.99349677,22.37845415],[113.99262273010004,22.378180746488272],[113.99262871,22.3781737]],[[113.99545296,22.37819604],[113.99613812,22.37841981],[113.99543295110527,22.378198680078835],[113.99545296,22.37819604]],[[113.98405278,22.37997664],[113.98460189414419,22.380506019157686],[113.98461257458868,22.380571893052867],[113.98405278,22.37997664]],[[113.98466009201067,22.380864966780173],[113.98467026,22.38092768],[113.98350018459365,22.38167010419567],[113.98466009201067,22.380864966780173]],[[113.98323803716208,22.381852071051327],[113.9839596,22.3826563],[113.98322284,22.38186262],[113.98323803716208,22.381852071051327]],[[113.98859606,22.39472033],[113.98969333,22.39467582],[113.98962509931775,22.394747075085206],[113.98859606,22.39472033]],[[113.98786739521397,22.398281442452102],[113.98858897,22.40069657],[113.98784428,22.39831513],[113.98786739521397,22.398281442452102]],[[113.98843935511717,22.406452584174243],[113.9884819,22.40976581],[113.98837708,22.40674506],[113.98843935511717,22.406452584174243]],[[113.98929783,22.41138171],[113.98913915,22.41156193],[113.98629925,22.41437784],[113.98929783,22.41138171]],[[113.99209658,22.4114617],[113.99472188,22.41136578],[113.99490506799883,22.411445429555076],[113.98913915,22.41156193],[113.99209658,22.4114617]],[[113.98473420860302,22.380110229877175],[113.98462105931074,22.38020741173097],[113.98461756,22.38017125],[113.98473420860302,22.380110229877175]],[[113.9868549064962,22.379210815602537],[113.98510841417725,22.379914478967947],[113.98567227,22.37961952],[113.9868549064962,22.379210815602537]],[[113.98711981826139,22.379244554936413],[113.9868764369344,22.379203374952095],[113.98688247,22.37920129],[113.98711981826139,22.379244554936413]],[[113.98759615,22.37932515],[113.98758932485437,22.37932399518918],[113.9877185452209,22.37919502417294],[113.98759615,22.37932515]],[[113.99168919,22.3782334],[113.99162830811667,22.378319930767926],[113.99137097,22.37761485],[113.99168919,22.3782334]],[[113.99274561,22.37697111],[113.99268942955949,22.376983666591688],[113.99341432,22.37592502],[113.99274561,22.37697111]],[[113.9953912049725,22.37582410615924],[113.99527412,22.37591528],[113.99341432,22.37592502],[113.9953912049725,22.37582410615924]],[[114.01224494,22.36612697],[114.01217541455684,22.366133619524156],[114.01327615007457,22.36487911713639],[114.01327963,22.36506391],[114.01224494,22.36612697]],[[113.9161969281169,22.415914882792514],[113.91667506991142,22.415631411544123],[113.91638302,22.41589211],[113.9161969281169,22.415914882792514]],[[113.91705588054452,22.4152914807989],[113.91715929948022,22.415027723832996],[113.91718265,22.41517832],[113.91705588054452,22.4152914807989]],[[113.9170535926005,22.412935839331542],[113.91704073,22.41279792],[113.91711857354221,22.41270251803992],[113.9170535926005,22.412935839331542]],[[113.92203314,22.40923957],[113.92448877,22.4086918],[113.92480235831049,22.408681748769318],[113.92203314,22.40923957]],[[113.92641132942467,22.408630177523555],[113.92722461,22.40860411],[113.9275403045665,22.408676474580634],[113.92641132942467,22.408630177523555]],[[113.95095335,22.41131998],[113.95213074058509,22.410602617663113],[113.95189837,22.41086965],[113.95095335,22.41131998]],[[113.95395523,22.40781063],[113.95384624,22.40918427],[113.95370676,22.40879151],[113.95384769546644,22.407451753319414],[113.95395523,22.40781063]],[[113.95048624,22.40304959],[113.95030389,22.40181126],[113.9504249075278,22.401530272827866],[113.95048624,22.40304959]],[[113.95063246086663,22.401048360605735],[113.95074798,22.40078014],[113.95096550739291,22.400673089403423],[113.95063246086663,22.401048360605735]],[[113.95398549,22.3931751],[113.95398547310181,22.39317506234992],[113.95890715,22.39941016],[113.95398549,22.3931751]],[[113.95673757,22.38979723],[113.95569392,22.39010071],[113.95499795,22.38985262],[113.95576388,22.38994371],[113.95673757,22.38979723]],[[113.96757808,22.38348038],[113.96756489956255,22.383350761066684],[113.96793305067969,22.384090498146048],[113.96757808,22.38348038]],[[113.97034481512162,22.386728204428703],[113.96840844,22.38490759],[113.96832990105204,22.384772598463897],[113.97013121,22.38639304],[113.97034481512162,22.386728204428703]],[[113.97088800827274,22.387580520238345],[113.97122625,22.38811125],[113.97130626935423,22.38847462559171],[113.97088800827274,22.387580520238345]],[[113.97263757,22.39452019],[113.97389824465724,22.398568458037925],[113.97388209,22.39854583],[113.97263757,22.39452019]],[[113.97619561193162,22.400639333683827],[113.97645339108783,22.400882998326168],[113.97635106,22.40089236],[113.97619561193162,22.400639333683827]],[[113.97806152,22.40073588],[113.97745854,22.39938081],[113.97735214193335,22.398769103604437],[113.97806152,22.40073588]],[[113.97725303595234,22.398199321047883],[113.97721669,22.39799036],[113.97755234303615,22.395990269706644],[113.97725303595234,22.398199321047883]],[[113.97769222646065,22.395156731947708],[113.97774197,22.39486032],[113.97788725728115,22.394571903026723],[113.97769222646065,22.395156731947708]],[[113.97923993897281,22.39188662764542],[113.97982702085166,22.39072118234826],[113.9797515,22.39101874],[113.97923993897281,22.39188662764542]],[[113.98099519061023,22.38611850848263],[113.98079571,22.38473312],[113.98101837,22.38602718],[113.98099519061023,22.38611850848263]],[[113.97986811088631,22.383847526724676],[113.98001718,22.38387319],[113.98079571,22.38473312],[113.97986811088631,22.383847526724676]],[[113.96737393,22.38147273],[113.96746441376001,22.381267462457856],[113.9674832082799,22.382547393427227],[113.96737393,22.38147273]],[[113.94512723,22.42430863],[113.94386689,22.42422587],[113.94388468674912,22.42418736806725],[113.94512723,22.42430863]],[[113.98102265,22.42949477],[113.9812224941619,22.429225142039996],[113.98101889476271,22.42952488082796],[113.98102265,22.42949477]],[[113.98131831763159,22.428348553927098],[113.98158513,22.42869127],[113.98156875370147,22.42871537916679],[113.98131831763159,22.428348553927098]],[[113.98098027,22.4278534],[113.98105184232769,22.42777738193903],[113.9809886570724,22.427865684931028],[113.98098027,22.4278534]],[[113.98188437,22.42642375],[113.98215723062424,22.426232573843166],[113.98190371881024,22.426586863013664],[113.98188437,22.42642375]],[[113.98391104,22.42570541],[113.98259635052825,22.425924910339596],[113.98279066,22.42578877],[113.98396833494432,22.425666779883713],[113.98391104,22.42570541]],[[113.98325714,22.42002882],[113.98774104108666,22.424805766278624],[113.98677213,22.42377637],[113.98325714,22.42002882]],[[113.99450439355579,22.427802875736795],[113.99452632,22.42781488],[113.99414014,22.42926666],[113.99450439355579,22.427802875736795]],[[113.9820963961917,22.417935032637157],[113.9820963897921,22.417935021093374],[113.98235274,22.41778918],[113.9820963961917,22.417935032637157]],[[113.9817638008671,22.41625706210551],[113.98246944,22.41702105],[113.98175326,22.41627109],[113.9817638008671,22.41625706210551]],[[113.98250964569647,22.415581112902846],[113.98177335250776,22.416244350683737],[113.98219717,22.41568033],[113.98250964569647,22.415581112902846]],[[113.97484408,22.41919661],[113.97383706,22.41921122],[113.97417901,22.41904221],[113.97484408,22.41919661]],[[113.97665366,22.41762744],[113.97697191272992,22.417450954019916],[113.97484408,22.41919661],[113.97665366,22.41762744]],[[113.97730185302564,22.417267986739574],[113.97973726,22.41591744],[113.98040601,22.41572801],[113.97760593,22.41732274],[113.97730185302564,22.417267986739574]],[[113.98110832445457,22.416922826889888],[113.98102891,22.41696424],[113.98040601,22.41572801],[113.98110832445457,22.416922826889888]],[[113.97594165,22.40145518],[113.97961568,22.41396083],[113.97593656965161,22.401448209023552],[113.97594165,22.40145518]],[[113.99741811,22.41379157],[113.99650613,22.41322579],[113.99742310410024,22.413791952189836],[113.99741811,22.41379157]],[[114.00307508,22.41482344],[114.0012252,22.41408292],[114.00322806745649,22.414825457932487],[114.00307508,22.41482344]],[[114.00521455,22.41485166],[114.00383037539103,22.414833402484135],[114.00530210030902,22.41478511992618],[114.00521455,22.41485166]],[[113.94473425444224,22.422241615988472],[113.9451795,22.41942902],[113.94502776,22.42159692],[113.94473425444224,22.422241615988472]],[[114.01061215,22.39213758],[114.01041731402009,22.3920174219647],[114.01123337004589,22.392012785658647],[114.01061215,22.39213758]],[[114.01247017,22.39176433],[114.01207162960524,22.391844391141614],[114.01443164,22.39052254],[114.01247017,22.39176433]],[[114.0211422,22.39295216],[114.01818959,22.39098748],[114.02127365828137,22.392967347560937],[114.0211422,22.39295216]],[[114.02170551,22.39301724],[114.02147412086381,22.39299050728625],[114.0218758810967,22.3927758698271],[114.02170551,22.39301724]],[[114.05190695718454,22.402730288704706],[114.05155102236299,22.403443120893023],[114.05170778,22.40289801],[114.05190695718454,22.402730288704706]],[[114.05360128,22.40196527],[114.05236698516087,22.402342912569033],[114.05267049,22.40208734],[114.05360128,22.40196527]],[[114.05744547,22.40487359],[114.05740914,22.40130438],[114.05737379,22.39783089],[114.05744547,22.40487359]],[[114.03428008,22.37807316],[114.0341057161149,22.37800578298668],[114.03448081686997,22.377908799197684],[114.03428008,22.37807316]],[[114.03738897,22.38082988],[114.03724644916414,22.380664087340474],[114.03810735,22.38096793],[114.03738897,22.38082988]],[[114.01174682,22.40902748],[114.01216445676651,22.40850518497294],[114.01216444,22.40851316],[114.01174682,22.40902748]]],[[[113.94259,22.42297],[113.94265,22.42307],[113.94269,22.42313],[113.9427136787866,22.423153678786615],[113.94251973518064,22.42276924337325],[113.94259,22.42297]]],[[[113.93924,22.42262],[113.93937,22.42239],[113.93943,22.42226],[113.93945,22.42213],[113.93946,22.42196],[113.93945354340151,22.42178567184085],[113.93922554785071,22.422641021308046],[113.93924,22.42262]]],[[[114.03662,22.37874],[114.03664,22.37867],[114.03663,22.3786],[114.03657,22.37852],[114.03647002660031,22.378473345746812],[114.03656064825968,22.37881630938041],[114.03662,22.37874]]],[[[113.97911549,22.32647915],[113.9784465,22.32702184],[113.97876287,22.32745179],[113.97934489,22.32670968],[113.97911549,22.32647915]]],[[[113.96618661,22.33315789],[113.96655658,22.332419],[113.96813757,22.33161168],[113.96888799,22.3316324],[113.96917664,22.33130994],[113.96714979,22.3288431],[113.96659498,22.32865049],[113.9652234,22.32936235],[113.96490811,22.33049277],[113.96513624,22.33289576],[113.9657396,22.33389104],[113.96631476,22.33387317],[113.96618661,22.33315789]]],[[[113.98327581,22.34050347],[113.98343585,22.34028],[113.98358559,22.33861075],[113.98276978,22.33662117],[113.98104401,22.33404379],[113.98057926,22.33389504],[113.98028376,22.33515082],[113.98118987,22.3381552],[113.98247972,22.34012043],[113.98231801,22.34033762],[113.98327581,22.34050347]]],[[[113.89020006,22.34087414],[113.89024743,22.34151204],[113.89076457,22.34163604],[113.8910832,22.34106395],[113.89020006,22.34087414]]],[[[113.88942425,22.34352317],[113.88929006,22.3447567],[113.88810216,22.34682647],[113.88907269,22.34652096],[113.89040887,22.34647316],[113.89085764,22.34674427],[113.89178139,22.34566654],[113.89265222,22.34574139],[113.89145089,22.34551982],[113.89069503,22.34468997],[113.89052715,22.34392167],[113.89079679,22.34327323],[113.89039275,22.3423351],[113.88942425,22.34352317]]],[[[113.88688464,22.34869528],[113.88757008,22.34732584],[113.88694848,22.3474469],[113.88638932,22.34708734],[113.88634134,22.34813463],[113.88579269,22.34852138],[113.88542137,22.34834836],[113.88531006,22.34867811],[113.8855755,22.3487975],[113.88688464,22.34869528]]],[[[113.88834238,22.35238682],[113.88693807,22.35111376],[113.88595733,22.35128058],[113.88576469,22.35233852],[113.88643123,22.35271742],[113.8867716,22.35340667],[113.88777283,22.35359881],[113.88850299,22.353131],[113.88834238,22.35238682]]],[[[113.87481609,22.35597915],[113.87443817,22.3563361],[113.87458824,22.35652822],[113.87501679,22.35633814],[113.87481609,22.35597915]]],[[[113.87431131,22.35660833],[113.87420851,22.35671015],[113.8742095,22.35687079],[113.87441918,22.35682382],[113.87431131,22.35660833]]],[[[113.88369629,22.37709819],[113.8845552,22.37624332],[113.8842459,22.37641715],[113.88421184,22.37609643],[113.88310105,22.37537661],[113.88293055,22.37482656],[113.8835437,22.37364574],[113.88459959,22.37366248],[113.88372118,22.37290234],[113.88376147,22.37255321],[113.8831395,22.37224696],[113.88347493,22.37103503],[113.88241065,22.37019675],[113.88157559,22.37017777],[113.88051449,22.37078612],[113.88105207,22.37136212],[113.8808442,22.37212089],[113.8814751,22.37260011],[113.88135575,22.37377091],[113.88245195,22.37446038],[113.88243464,22.37672193],[113.88112581,22.37851628],[113.8802108,22.37913321],[113.8774003,22.37982667],[113.87738303,22.38145134],[113.87800085,22.38207711],[113.87860032,22.3817977],[113.8798327,22.38187704],[113.88087442,22.38031413],[113.88255072,22.38075001],[113.88324131,22.38019343],[113.88422019,22.38037915],[113.88525279,22.37952151],[113.88501394,22.37840063],[113.88397302,22.37768121],[113.88369629,22.37709819]]]]}},{"type":"Feature","properties":{"地區號碼":"M","District":"Yuen Long","地區":"元朗","Administrative District Boundary of Hong Kong":"Administrative District Boundary of Hong Kong"},"geometry":{"type":"MultiPolygon","coordinates":[[[[114.12076,22.46661],[114.12092,22.46642],[114.12151,22.46595],[114.12176,22.46587],[114.12235,22.46572],[114.12266,22.46568],[114.12311,22.4658],[114.12334,22.4659],[114.1235,22.46618],[114.12367,22.46625],[114.12388,22.46623],[114.12426,22.46604],[114.12453,22.46596],[114.12472,22.46597],[114.12503,22.46602],[114.12532,22.46593],[114.12559,22.46576],[114.12579,22.46571],[114.12595,22.4657],[114.12657,22.46617],[114.1279,22.46651],[114.12773,22.46605],[114.12766,22.46584],[114.12762,22.46566],[114.12761,22.4655],[114.12754,22.46527],[114.12747,22.46496],[114.1275,22.46486],[114.12749,22.46468],[114.12742,22.46451],[114.12732,22.46436],[114.12719,22.46423],[114.12713,22.46415],[114.12694,22.46398],[114.1269,22.46392],[114.12686,22.46384],[114.12649,22.46382],[114.12555,22.46383],[114.12542,22.46383],[114.1253,22.46381],[114.12509,22.46373],[114.12488,22.46364],[114.12482392424579,22.46355588636869],[114.1248162,22.46355484],[114.12481872662075,22.463528352552657],[114.1248,22.46321],[114.12486794992222,22.463012327498998],[114.12493128566346,22.462348356812456],[114.12493,22.46234],[114.12446,22.46211],[114.12443,22.46201],[114.12426,22.4617],[114.12407,22.46141],[114.12407,22.46122],[114.12415,22.46098],[114.12429,22.46074],[114.12439,22.46053],[114.12438,22.46043],[114.12412,22.46024],[114.12405,22.46018],[114.12393,22.46003],[114.12388,22.45977],[114.1239,22.45948],[114.12386,22.45921],[114.12386,22.45916],[114.12376,22.45908],[114.12357,22.45901],[114.1234,22.45892],[114.12302,22.4587],[114.12291,22.45859],[114.12288,22.45851],[114.12259,22.45816],[114.12242,22.458],[114.1223,22.45786],[114.12214,22.45749],[114.12206,22.45723],[114.12202,22.45681],[114.12196,22.45649],[114.12193,22.45614],[114.12186,22.45579],[114.1218,22.45564],[114.1217,22.45553],[114.12161,22.4555],[114.12155,22.45545],[114.12146,22.45539],[114.12112,22.45526],[114.12093,22.45516],[114.12057,22.45493],[114.12003,22.45425],[114.11969,22.45402],[114.11952,22.45386],[114.11933,22.45362],[114.11909,22.45327],[114.1189,22.4531],[114.11879,22.45304],[114.11863,22.45291],[114.11851,22.45279],[114.1184,22.45265],[114.11836,22.45252],[114.11836,22.45236],[114.11842,22.45203],[114.11842,22.45192],[114.11842,22.45185],[114.11837,22.45175],[114.11822,22.45161],[114.11809,22.45147],[114.11807,22.45141],[114.11807,22.45131],[114.1181,22.45114],[114.11809,22.45097],[114.11808,22.45094],[114.11791,22.45079],[114.11783,22.45074],[114.11755,22.45062],[114.11747,22.45056],[114.11736,22.45042],[114.11721,22.45011],[114.11718,22.45004],[114.11708,22.44994],[114.11686,22.44981],[114.11676,22.44977],[114.11658,22.44974],[114.11653,22.44958],[114.11646,22.4495],[114.11629,22.44936],[114.11624,22.44933],[114.11617,22.44923],[114.11608,22.44906],[114.11542,22.44863],[114.11535,22.44859],[114.11526,22.44851],[114.11516,22.44835],[114.1151,22.44829],[114.11476088825285,22.44781969903679],[114.11475074,22.44781017],[114.11471772012158,22.447759830825543],[114.11373,22.44639],[114.11366,22.44633],[114.11336,22.44584],[114.11329,22.44574],[114.1132,22.44558],[114.112,22.44387],[114.11195,22.4438],[114.11194019510093,22.443525462826024],[114.11193978,22.44352483],[114.11194014990534,22.443524197349202],[114.11194,22.44352],[114.11199,22.44332],[114.11208,22.44311],[114.11221,22.4429],[114.11248985415904,22.442584035626897],[114.11285733,22.44195554],[114.11270536128772,22.442265779358817],[114.11282,22.44209],[114.11286,22.44196],[114.11281,22.44179],[114.11267,22.44162],[114.11251,22.44138],[114.11249,22.44124],[114.11251,22.44113],[114.11259,22.44099],[114.11312,22.44034],[114.11368,22.43951],[114.11385,22.43907],[114.11394,22.43879],[114.11407,22.4385],[114.11413,22.43827],[114.11421,22.4381],[114.11422,22.43807],[114.11428,22.438],[114.11455,22.43753],[114.1146,22.43743],[114.11464,22.43738],[114.11483,22.43725],[114.11498,22.43713],[114.11504,22.43702],[114.11503,22.43671],[114.11506,22.43656],[114.11513,22.43639],[114.11521,22.43632],[114.1154,22.43619],[114.11556,22.43604],[114.11563,22.43593],[114.11599,22.43548],[114.11637,22.43529],[114.11666,22.43509],[114.11681,22.43495],[114.1169,22.43481],[114.11693,22.43464],[114.11689,22.43455],[114.1166,22.43253],[114.11659,22.43235],[114.11659,22.43217],[114.11662,22.4319],[114.11667,22.43173],[114.11676,22.43147],[114.11683,22.4313],[114.11693,22.43115],[114.11704,22.431],[114.11716,22.43085],[114.1173,22.43073],[114.11746,22.43059],[114.11751,22.43051],[114.11754,22.43043],[114.11756,22.43034],[114.11754,22.43025],[114.11751,22.43018],[114.11749,22.43017],[114.11745,22.43011],[114.11745,22.43004],[114.11772895900464,22.429482081990745],[114.11717680295756,22.430357604256333],[114.11787139799343,22.429146505016433],[114.11795,22.42895],[114.11812700781816,22.42879069296366],[114.11815620904768,22.428758823714162],[114.1182,22.42868],[114.11826,22.42856],[114.11832,22.42847],[114.11845,22.42839],[114.11863,22.42832],[114.1188,22.4283],[114.11896,22.42829],[114.11918,22.42835],[114.11932,22.4284],[114.11942,22.42839],[114.11953,22.42832],[114.11981,22.42802],[114.11998,22.42788],[114.12016,22.42777],[114.12046,22.42765],[114.12078,22.42761],[114.12102,22.4276],[114.1211,22.42749],[114.12110160734242,22.427487244555838],[114.12131602622902,22.425822377638184],[114.12111209150578,22.427469271704364],[114.12131,22.42713],[114.12143,22.42701],[114.12145,22.42695],[114.12146,22.42686],[114.12146,22.42677],[114.12145,22.42668],[114.12139,22.42655],[114.12139,22.42648],[114.12136,22.42647],[114.12133,22.42642],[114.12134,22.42634],[114.1214,22.42619],[114.1214,22.42607],[114.12135,22.42578],[114.12152,22.42541],[114.12198,22.42464],[114.12214,22.42447],[114.12225,22.42425],[114.12242,22.42404],[114.12269,22.42364],[114.12283,22.42349],[114.12291,22.42335],[114.12297,22.4233],[114.12305,22.42324],[114.12314,22.42321],[114.12329,22.42318],[114.12345,22.42314],[114.12383,22.42305],[114.12417,22.4229],[114.12437,22.42274],[114.12444,22.42264],[114.12451,22.42252],[114.12459,22.42233],[114.12472,22.42199],[114.12482,22.42178],[114.12492,22.42147],[114.125,22.42135],[114.12507,22.42126],[114.12517,22.42103],[114.12527,22.42089],[114.12597,22.4201],[114.12601,22.42003],[114.126,22.41995],[114.12594,22.41976],[114.12593,22.41964],[114.12593,22.41952],[114.12596,22.41941],[114.12594,22.41915],[114.1259,22.41906],[114.1259,22.41897],[114.12593,22.41889],[114.12603,22.41879],[114.12605,22.41873],[114.12606,22.41857],[114.12603,22.41838],[114.12594,22.41818],[114.12585,22.41779],[114.12585,22.41776],[114.12579,22.41762],[114.12566,22.41719],[114.12559,22.41707],[114.12555,22.41694],[114.12556,22.41683],[114.12564,22.41666],[114.12566,22.41655],[114.12565,22.41642],[114.1256,22.41629],[114.12558,22.41621],[114.12557,22.41594],[114.12537,22.41576],[114.12511,22.41549],[114.12507,22.41542],[114.12503,22.41499],[114.12499,22.41494],[114.12494,22.4149],[114.12488,22.41488],[114.12471,22.41487],[114.12463,22.41472],[114.12448520937643,22.41446332571277],[114.12437699022723,22.414316924687284],[114.1244026,22.41432531],[114.12444340301784,22.41438921444072],[114.12441,22.41433],[114.12434,22.41427],[114.12404,22.41413],[114.12389,22.4141],[114.12359,22.41409],[114.12353,22.41407],[114.12351,22.41403],[114.1235,22.41399],[114.12352,22.41394],[114.12359,22.4139],[114.12442,22.41375],[114.12444,22.41372],[114.12443,22.41367],[114.12438,22.41362],[114.12429,22.41359],[114.12398,22.41353],[114.12385,22.41351],[114.12382,22.41348],[114.12378,22.4132],[114.12374,22.41313],[114.12359,22.41295],[114.12359,22.4129],[114.12364,22.41286],[114.12371,22.41286],[114.12381,22.41288],[114.12399,22.41304],[114.12409,22.41309],[114.12416,22.41312],[114.12422,22.41312],[114.12429,22.41309],[114.12433,22.41304],[114.12447,22.41277],[114.12463,22.41238],[114.12456,22.41241],[114.12451,22.41243],[114.12415,22.41278],[114.12409,22.41279],[114.12401,22.41279],[114.12393,22.41273],[114.12331,22.41222],[114.12316,22.41209],[114.12315,22.41204],[114.12315,22.41199],[114.12321,22.41189],[114.12332,22.41185],[114.12335,22.41176],[114.12327,22.41154],[114.12321,22.41125],[114.12324,22.41112],[114.12336,22.41102],[114.12337,22.41099],[114.12315,22.41096],[114.1228,22.41095],[114.12236,22.41099],[114.12182,22.41107],[114.12174,22.41107],[114.12163,22.41105],[114.12145,22.41095],[114.12132,22.41091],[114.12119,22.41089],[114.12108,22.41091],[114.12088,22.41094],[114.12078,22.41098],[114.12069,22.41099],[114.12047,22.41096],[114.12038,22.41098],[114.12024,22.41103],[114.12012,22.4111],[114.12002,22.4111],[114.11975,22.4111],[114.11961,22.41117],[114.11946,22.41127],[114.11932,22.41136],[114.11904,22.41146],[114.11889,22.4115],[114.11877,22.41162],[114.11869,22.41165],[114.11859,22.41163],[114.11842,22.41152],[114.11835,22.41149],[114.11831,22.41148],[114.11819,22.41151],[114.11798,22.41163],[114.11794,22.41165],[114.11781,22.41171],[114.11756,22.41182],[114.11742,22.41182],[114.11725,22.41174],[114.11709,22.41164],[114.11689,22.41146],[114.1168,22.41136],[114.11678,22.41115],[114.1168,22.41106],[114.11686,22.41094],[114.11698,22.41078],[114.11707,22.41062],[114.11703,22.41049],[114.11697,22.41042],[114.11683,22.41036],[114.11657,22.41032],[114.11635,22.41027],[114.11619,22.41025],[114.11578,22.41018],[114.11571,22.41012],[114.11558,22.40998],[114.1151,22.40911],[114.11483,22.40865],[114.11477,22.40858],[114.11469,22.40851],[114.11459,22.40846],[114.11442,22.4084],[114.11432,22.40838],[114.11361,22.40837],[114.11342,22.40834],[114.11301,22.40821],[114.1129,22.40817],[114.11282086369802,22.40810075573577],[114.11282164,22.40810478],[114.11282039349146,22.408100344305037],[114.11282,22.4081],[114.11276,22.40803],[114.11272,22.40794],[114.11265,22.4077],[114.11264,22.4076],[114.11264,22.4075],[114.1126360173256,22.407444242558363],[114.11247166416665,22.406859392590654],[114.11259656,22.40693799],[114.11264330882972,22.4071803307989],[114.11265,22.40709],[114.11263,22.40702],[114.1126,22.40694],[114.11255,22.40687],[114.1125,22.40682],[114.11245,22.40678],[114.11213,22.40662],[114.11201533479515,22.40657222283131],[114.11215248501068,22.406658531968635],[114.11151276898983,22.40638903180947],[114.11106,22.40635],[114.11093,22.40631],[114.11071,22.40618],[114.11057,22.40605],[114.1105012280972,22.40596288892313],[114.10909494763668,22.405370449785156],[114.10909,22.40537],[114.10903,22.40537],[114.1089,22.4054],[114.10866,22.4055],[114.10858,22.40554],[114.10853,22.40557],[114.10841,22.40567],[114.10837,22.40572],[114.10828,22.40582],[114.10818,22.40588],[114.10806,22.406],[114.10795,22.40608],[114.10789,22.40611],[114.10775,22.40617],[114.10769,22.40618],[114.10758,22.40617],[114.10748,22.40614],[114.1074,22.40611],[114.10734,22.40605],[114.10727,22.40597],[114.10703,22.40555],[114.107,22.40549],[114.107,22.40545],[114.107,22.40541],[114.10706,22.40528],[114.10708,22.40519],[114.10708,22.40511],[114.10706,22.40502],[114.107,22.40493],[114.1069,22.40485],[114.10684,22.40481],[114.10679,22.4048],[114.10674,22.4048],[114.10662,22.4048],[114.10656,22.40482],[114.10638,22.40492],[114.10604,22.40514],[114.1059,22.40525],[114.1054,22.40555],[114.10526,22.40563],[114.10535,22.40575],[114.10541,22.40596],[114.10542,22.40619],[114.10534,22.40657],[114.10523,22.40661],[114.10518,22.40665],[114.10515,22.40673],[114.10507,22.40686],[114.10497,22.40694],[114.10473,22.40704],[114.10467,22.40712],[114.10457,22.40732],[114.10444,22.4074],[114.10441865523012,22.407405821300873],[114.1044436,22.40740631],[114.10440926540237,22.40740838216299],[114.10433,22.40743],[114.1042757583448,22.4074164395862],[114.10214287593574,22.40754516338956],[114.10208,22.40755],[114.10199,22.40754],[114.1018123514347,22.407390109023027],[114.10175159116872,22.407353570192594],[114.10176946108021,22.407353920286425],[114.10167,22.40727],[114.10154,22.40718],[114.10143,22.40716],[114.10123,22.40719],[114.10102,22.40728],[114.10096,22.40732],[114.10091,22.40734],[114.10078,22.40733],[114.10075673254748,22.407311386037982],[114.10078125,22.40733456],[114.10041099882932,22.407047458382113],[114.10035,22.40705],[114.10025,22.40699],[114.10018,22.40691],[114.10015075365868,22.406845658049118],[114.10014966,22.40684481],[114.09991651901738,22.406517213951144],[114.10007486232742,22.406666880473356],[114.10006,22.4066],[114.09974,22.40624],[114.09941,22.40581],[114.09866,22.40523],[114.09839,22.405],[114.09811,22.4048],[114.09806,22.40476],[114.09787,22.40455],[114.0977,22.40442],[114.09765,22.40437],[114.0976,22.40429],[114.09758,22.40422],[114.0976,22.40417],[114.09759,22.40402],[114.09757,22.40394],[114.09754,22.40387],[114.09744,22.40374],[114.09735,22.40368],[114.0973,22.40366],[114.09692,22.40357],[114.09687,22.40354],[114.09685,22.40352],[114.09683310723153,22.40350310723154],[114.09683246,22.40350285],[114.09683246401984,22.40350246401984],[114.09682,22.40349],[114.09681,22.40344],[114.09681,22.40336],[114.0968347200791,22.40328583976268],[114.09683789677996,22.40298081654315],[114.09689386,22.40300451],[114.09688144358003,22.403145669259903],[114.09691,22.40306],[114.0969,22.403],[114.09684,22.40294],[114.09679,22.4029],[114.09665,22.40284],[114.09647,22.40279],[114.09623,22.40275],[114.09616,22.40272],[114.0961,22.40267],[114.09604,22.40257],[114.09602,22.4025],[114.09602,22.40242],[114.09604,22.40225],[114.09603,22.40218],[114.09601,22.40212],[114.09594,22.40202],[114.09588,22.40195],[114.09557,22.4017],[114.09555,22.4017],[114.09552,22.40167],[114.09551,22.40166],[114.09546,22.40161],[114.09525,22.40147],[114.09515,22.40137],[114.09511,22.4013],[114.09508,22.40123],[114.09506,22.40112],[114.09505,22.40102],[114.09503,22.40095],[114.09501,22.40089],[114.09496,22.40084],[114.09485,22.40076],[114.09476,22.4007],[114.09460353472554,22.400617649855544],[114.09495975,22.40084584],[114.09497398614388,22.400863012243622],[114.09454369002103,22.40058531536057],[114.09414,22.40036],[114.09413,22.40036],[114.09404,22.40032],[114.09384,22.40028],[114.09369,22.40024],[114.09363,22.40021],[114.0936,22.40019],[114.09358,22.40017],[114.09354,22.40001],[114.09349,22.39993],[114.09342036154274,22.399860361542743],[114.09328442,22.39977263],[114.09304380394579,22.39970138039458],[114.09303,22.3997],[114.09295,22.39969],[114.09282,22.3997],[114.09272,22.39969],[114.09266,22.39965],[114.09258,22.3996],[114.0924616726695,22.399529003601707],[114.09201293778051,22.39939612724861],[114.09222538,22.39936552],[114.09227624304967,22.399385072477855],[114.09227,22.39938],[114.09223,22.39936],[114.0921,22.39935],[114.09197,22.39937],[114.09192,22.39939],[114.0918,22.39946],[114.09173,22.39949],[114.09165,22.39949],[114.09158,22.39946],[114.09152,22.39941],[114.09151804914161,22.399407723998543],[114.09151594,22.39940787],[114.09151425043287,22.399403292171673],[114.09146,22.39934],[114.09143,22.39928],[114.09111,22.39925],[114.09101,22.3993],[114.09088,22.39944],[114.09077,22.3995],[114.09067,22.39952],[114.09041,22.39946],[114.09034,22.39948],[114.09026,22.3997],[114.09022,22.39976],[114.08998,22.39988],[114.08991,22.39995],[114.08986,22.40002],[114.08969,22.40034],[114.08943,22.40061],[114.0894,22.40069],[114.08941,22.40086],[114.0894,22.40094],[114.08935,22.401],[114.08933,22.40107],[114.08933,22.40111],[114.08935,22.40123],[114.08922,22.4014],[114.08907,22.40145],[114.0888,22.40145],[114.08859,22.4015],[114.08838,22.40154],[114.08826,22.40149],[114.08809,22.40137],[114.08797,22.40135],[114.08767,22.40148],[114.08732,22.40154],[114.08726,22.4016],[114.08721,22.40166],[114.08711,22.40172],[114.08706,22.40174],[114.08697,22.40176],[114.08689,22.40181],[114.08689,22.40184],[114.08683,22.40197],[114.08672,22.40201],[114.08658,22.40202],[114.08642,22.402],[114.08626,22.40197],[114.08599,22.40181],[114.08595,22.4018],[114.08581,22.40177],[114.08555,22.4018],[114.08545,22.4018],[114.0853,22.40178],[114.08488,22.40156],[114.08486,22.40154],[114.08481,22.40133],[114.08457,22.40089],[114.0845,22.40081],[114.0844,22.40076],[114.08414,22.40068],[114.08403,22.40063],[114.08387,22.4005],[114.08376,22.40047],[114.08351,22.40046],[114.08334,22.40048],[114.08325,22.40045],[114.08264,22.39978],[114.08259,22.39968],[114.08254,22.39924],[114.08248,22.39892],[114.08245,22.39878],[114.08243,22.39871],[114.08236,22.39864],[114.08196,22.39847],[114.08124,22.39822],[114.08115,22.39814],[114.08114,22.39805],[114.08115,22.3979],[114.08114,22.39777],[114.08108,22.39766],[114.08098,22.39758],[114.08077,22.39748],[114.08062,22.39744],[114.08031,22.3974],[114.07999,22.39725],[114.07974,22.39714],[114.07953,22.39706],[114.07935,22.39695],[114.07926,22.39695],[114.07916,22.397],[114.07879,22.39716],[114.07864,22.39725],[114.07855,22.39728],[114.07842,22.39725],[114.07832,22.39718],[114.07831,22.39702],[114.07829,22.39695],[114.07826,22.3969],[114.07816,22.39684],[114.07798,22.39679],[114.07777,22.39681],[114.07751,22.39672],[114.0773,22.39655],[114.07723,22.39647],[114.07708,22.39643],[114.07701,22.39642],[114.07692,22.39642],[114.07651,22.39647],[114.07626,22.39648],[114.07612,22.39651],[114.07583,22.39661],[114.07569,22.39665],[114.07548,22.39666],[114.0752,22.39656],[114.07512,22.39653],[114.07473,22.39635],[114.07463,22.39633],[114.07436,22.39637],[114.07425,22.39633],[114.07407,22.39616],[114.07401,22.39604],[114.07391,22.39568],[114.07382,22.39556],[114.07358,22.39529],[114.07349,22.39506],[114.07346,22.39497],[114.07333,22.39479],[114.07337,22.39453],[114.07341,22.39446],[114.07359,22.39438],[114.07376,22.39425],[114.07411,22.39375],[114.07418,22.39362],[114.07419,22.39349],[114.07406,22.39328],[114.07399,22.39322],[114.07392,22.39326],[114.07386,22.39353],[114.07374,22.39367],[114.07365,22.3937],[114.07358,22.39363],[114.07361,22.39354],[114.07367,22.39342],[114.07364,22.39333],[114.07352,22.39326],[114.07332,22.39318],[114.07259409397726,22.3930160857368],[114.07024985,22.39310782],[114.06977214286515,22.393045059508463],[114.06966,22.39326],[114.06961,22.39332],[114.06946,22.39333],[114.06933,22.39339],[114.06923,22.39336],[114.06916,22.39328],[114.06912,22.39316],[114.0692,22.39299],[114.06926,22.39288],[114.06927,22.39278],[114.06923,22.39267],[114.06917,22.39262],[114.06902,22.39255],[114.06893,22.39253],[114.06884,22.39254],[114.06849,22.39262],[114.06833,22.39263],[114.06819,22.39258],[114.06801,22.39242],[114.06776,22.39231],[114.0676,22.3921],[114.06743,22.39201],[114.06733,22.39181],[114.0673,22.39167],[114.06715,22.39153],[114.06709,22.39138],[114.06701,22.3913],[114.06694,22.39124],[114.06684,22.39122],[114.06677,22.39125],[114.06671,22.3913],[114.06666,22.39138],[114.06653,22.39152],[114.06645,22.39155],[114.06629,22.39157],[114.0662,22.39166],[114.06614,22.3918],[114.06605,22.39183],[114.06597,22.39181],[114.06596493133759,22.391996590134898],[114.06724188,22.39208986],[114.06724767011877,22.392098837896956],[114.06596488505761,22.39199829381634],[114.06581,22.3977],[114.06477795489631,22.397715915286298],[114.06546949132004,22.397859842122344],[114.06519543,22.39794503],[114.06441375809604,22.39772153160706],[114.05738,22.39783],[114.05745,22.40487],[114.05973,22.40488],[114.05978,22.40861],[114.05163,22.40862],[114.05161,22.40458],[114.04205387459396,22.40457757704731],[114.0420655359287,22.404581028604785],[114.04206486322641,22.404581028463717],[114.04205053674016,22.404577576201],[114.01217,22.40457],[114.01217,22.41469],[114.01022780772912,22.41471970848598],[114.01021763,22.41473767],[114.0101064314679,22.41481195107195],[114.01016327928775,22.414720695536708],[114.00694,22.41477],[114.00683291796818,22.419273744279476],[114.00689692,22.4219106],[114.00683291441688,22.41927389364346],[114.00677,22.42192],[114.00214,22.42187],[114.00185,22.42196],[114.00119,22.42194],[114.00109,22.42195],[114.00078,22.42203],[114.00006,22.42212],[113.99997,22.42219],[113.99949,22.42228],[113.99934,22.42236],[113.99924,22.42243],[113.99916,22.42247],[113.99911,22.42253],[113.99892,22.42265],[113.99884,22.42265],[113.99873,22.42254],[113.99866,22.4225],[113.99854,22.42248],[113.99844,22.42244],[113.99838,22.42239],[113.99826,22.42237],[113.99818,22.42238],[113.99799,22.42244],[113.99786,22.42247],[113.99769,22.42244],[113.99758,22.42238],[113.99745,22.42237],[113.99735,22.42237],[113.99708,22.42275],[113.99698,22.42295],[113.99676,22.42304],[113.99656,22.42332],[113.9965,22.42349],[113.9964970866275,22.423542440705027],[113.99673883336578,22.423270785818264],[113.99649258758261,22.423623423512982],[113.99649,22.42367],[113.99634,22.42388],[113.99627,22.42406],[113.99625,22.42417],[113.99604,22.42454],[113.9959,22.42475],[113.99581,22.42486],[113.99561,22.42505],[113.99538,22.4252],[113.99467600341711,22.42541511006699],[113.99378693271039,22.42592443934017],[113.99382041,22.42574442],[113.99451842118289,22.425443996409676],[113.99407,22.42552],[113.99394,22.42556],[113.99383,22.42562],[113.99379,22.42566],[113.99376,22.4257],[113.9937,22.42595],[113.99367,22.42609],[113.99358761378339,22.426996248382668],[113.99362753435872,22.426781581194426],[113.99358676113049,22.427199168766624],[113.99358,22.42719501443554],[113.99358,22.42728],[113.99366,22.42743],[113.99379,22.42752],[113.99441,22.42763],[113.99451,22.42775],[113.99469,22.42808],[113.99467,22.42833],[113.99466,22.42901],[113.99476,22.42913],[113.99525,22.42941],[113.99555,22.43004],[113.99566,22.43023],[113.99594,22.43088],[113.99652,22.43231],[113.99653,22.43242],[113.99653,22.43247],[113.99649,22.43259],[113.99646,22.43272],[113.99613533248045,22.43249904571587],[113.9963996594921,22.43270831251127],[113.99639716,22.43270659],[113.99612395459513,22.4324913024328],[113.99574,22.43223],[113.99477,22.43153],[113.99399,22.43088],[113.99365,22.43062],[113.99339,22.43045],[113.99332,22.43038],[113.99325,22.43032],[113.99306,22.43055],[113.99299,22.43067],[113.99293,22.43088],[113.99288,22.43111],[113.99279,22.432],[113.99201,22.43199],[113.99206,22.43184],[113.99197,22.43181],[113.99188,22.43179],[113.99178,22.43177],[113.99168,22.43177],[113.99146,22.4317],[113.99144,22.43165],[113.99139,22.43158],[113.99118,22.4314],[113.99109,22.43129],[113.99103,22.43119],[113.99093,22.43095],[113.99089,22.43091],[113.99079,22.43086],[113.99071,22.4308],[113.99028,22.43031],[113.99021,22.43025],[113.9901,22.43015],[113.99004,22.43007],[113.98999,22.42999],[113.98996,22.42995],[113.98989,22.4299],[113.9898,22.42986],[113.98966,22.42984],[113.98963,22.42981],[113.98954,22.42974],[113.9895,22.42973],[113.98945,22.42973],[113.98924,22.42983],[113.98917,22.43009],[113.98905,22.43013],[113.98906,22.43033],[113.98892,22.43036],[113.98888,22.43033],[113.98884,22.43031],[113.98879,22.4303],[113.98846,22.43029],[113.98838,22.43012],[113.9881,22.43018],[113.98807,22.4299],[113.98807,22.42985],[113.9881,22.42977],[113.98815,22.42969],[113.98819,22.42965],[113.98799,22.42964],[113.98781,22.42961],[113.98771,22.42961],[113.98757,22.42961],[113.98713,22.42974],[113.9869,22.42979],[113.98664,22.42983],[113.98656,22.42987],[113.98651,22.42989],[113.98636,22.42988],[113.98617,22.42991],[113.98604,22.42996],[113.986,22.42998],[113.98589,22.42998],[113.98586,22.43004],[113.98573,22.43003],[113.9857,22.42999],[113.98566,22.42996],[113.98562,22.42994],[113.98557,22.42993],[113.98552,22.42992],[113.98547,22.42993],[113.98544,22.43002],[113.9854,22.4301],[113.98519,22.43028],[113.98511,22.43032],[113.98481,22.43034],[113.98476,22.43033],[113.98466,22.43032],[113.98457,22.43028],[113.98453,22.43025],[113.98446,22.43018],[113.98441,22.43019],[113.98441,22.43024],[113.98445,22.43033],[113.98448,22.43046],[113.98448,22.43056],[113.98447,22.43064],[113.98443,22.43072],[113.98439,22.43076],[113.98431,22.43081],[113.98422,22.43084],[113.98414,22.43083],[113.9836,22.43076],[113.9835,22.43076],[113.98334,22.4307],[113.98329,22.4307],[113.98302,22.43069],[113.98278,22.43073],[113.98274,22.43071],[113.98269,22.43067],[113.9825,22.43057],[113.98242,22.43053],[113.98236,22.43051],[113.98231,22.43052],[113.98227,22.43054],[113.98223,22.43057],[113.98218,22.43063],[113.98214,22.43071],[113.98208,22.43078],[113.982,22.43084],[113.98191,22.43086],[113.98185,22.43087],[113.98164,22.43086],[113.98155,22.43088],[113.98138,22.43089],[113.98106,22.43087],[113.98098,22.43083],[113.98099,22.43035],[113.98094631948688,22.430350825718584],[113.98093265890279,22.43054006964013],[113.98090443,22.4304427],[113.98091581608237,22.430351402342488],[113.97488604980626,22.430465386582114],[113.97576056,22.43197734],[113.97487587783509,22.4304655788689],[113.97041,22.43055],[113.97037,22.4334],[113.95022,22.43335],[113.94848,22.43124],[113.94849,22.43114],[113.94846,22.43106],[113.9484,22.43096],[113.9482,22.4307],[113.94818,22.4306],[113.94827,22.43044],[113.94835,22.43035],[113.94842,22.43023],[113.94841,22.43015],[113.94835,22.43008],[113.94826,22.43003],[113.94813,22.42999],[113.94803,22.42993],[113.94797,22.42987],[113.94796,22.42973],[113.948,22.42946],[113.94803,22.42909],[113.94807,22.42897],[113.94807,22.4289],[113.94806,22.42886],[113.948,22.4288],[113.94791,22.42874],[113.94733,22.42856],[113.94725,22.42852],[113.9472,22.42848],[113.94708,22.42834],[113.94696,22.42816],[113.94691,22.42805],[113.94686,22.42791],[113.94686,22.42783],[113.94678,22.42762],[113.94673,22.42753],[113.94669,22.42746],[113.94658,22.42734],[113.94648,22.42728],[113.94637,22.42722],[113.94633,22.42719],[113.94627,22.42711],[113.94617,22.42696],[113.9461,22.42683],[113.94584,22.42619],[113.94582,22.42614],[113.94581,22.42607],[113.94581,22.42594],[113.94583,22.42582],[113.94585,22.42577],[113.94588,22.4257],[113.94601,22.42529],[113.94604,22.42512],[113.94603,22.42505],[113.946,22.42497],[113.94599,22.42495],[113.94592,22.42491],[113.94571,22.42484],[113.94555,22.42476],[113.94549,22.4247],[113.94541,22.42464],[113.94528,22.42447],[113.94523,22.42442],[113.94517,22.42437],[113.9451,22.42433],[113.94502,22.42432],[113.94494,22.42433],[113.94451,22.42432],[113.94396,22.42433],[113.94394,22.42433],[113.94389,22.42429],[113.94385,22.42424],[113.94383,22.42417],[113.94382,22.424],[113.94384,22.42391],[113.94394,22.42361],[113.94402,22.42352],[113.94408,22.42346],[113.94421,22.42338],[113.94433,22.42328],[113.9444,22.42321],[113.94447,22.42311],[113.94448,22.42307],[113.94448,22.42301],[113.94445,22.42297],[113.94441426837517,22.422944477410837],[113.94441205510344,22.422949338945376],[113.94357001285161,22.423054829870303],[113.94429076455238,22.422892542939195],[113.94425,22.42288],[113.94418,22.42286],[113.94406,22.42287],[113.94394,22.42288],[113.94347,22.42304],[113.94331,22.42306],[113.94323,22.42307],[113.94297,22.42318],[113.94289,22.42321],[113.94283,22.42321],[113.94279,22.4232],[113.94272189369141,22.423161082109385],[113.94271768,22.42316161],[113.9427136787866,22.423153678786615],[113.94269,22.42313],[113.94265,22.42307],[113.94259,22.42297],[113.94251973518064,22.42276924337325],[113.94233451176365,22.42240209313637],[113.94232,22.42239],[113.94226,22.42235],[113.94219,22.42232],[113.94185,22.42232],[113.94173,22.42228],[113.94154,22.42213],[113.94093,22.42159],[113.94089,22.42154],[113.94085,22.42148],[113.94081,22.42136],[113.94081,22.42131],[113.94089,22.42094],[113.9409,22.42083],[113.94089,22.42075],[113.94085,22.42063],[113.94079,22.42059],[113.94042,22.42055],[113.9403,22.42052],[113.94022,22.42049],[113.94014,22.42043],[113.94004,22.42035],[113.94,22.4203],[113.93998,22.42024],[113.93996,22.4202],[113.93996,22.42015],[113.93996,22.4201],[113.94005,22.41978],[113.94006,22.4197],[113.94006,22.41965],[113.94004,22.41961],[113.94002,22.41956],[113.93998,22.41954],[113.93991,22.41952],[113.93936,22.41957],[113.93893,22.41964],[113.93899,22.41981],[113.93908,22.42001],[113.93917,22.42027],[113.93924,22.42048],[113.93929,22.42075],[113.93933230511973,22.420998542578474],[113.93950622,22.42158805],[113.93945354340151,22.42178567184085],[113.93946,22.42196],[113.93945,22.42213],[113.93943,22.42226],[113.93937,22.42239],[113.93924,22.42262],[113.93922554785071,22.422641021308046],[113.93890689,22.4238365],[113.93939934,22.42386161],[113.93909725,22.42394389],[113.93940853,22.42422301],[113.93912615,22.42472234],[113.9398414,22.42532622],[113.93813945,22.42707168],[113.9458584,22.43175754],[113.94637079,22.43254588],[113.94612841,22.43310741],[113.94682975,22.43494089],[113.94653951,22.43856192],[113.94724098,22.43942639],[113.9503305,22.44175009],[113.95273563,22.44308349],[113.95253567,22.443712],[113.95326884,22.44360128],[113.95384275,22.44472391],[113.95358141,22.44665843],[113.95434157,22.4476702],[113.95461695,22.44765259],[113.95427481,22.44795713],[113.95533686,22.44928289],[113.95675675,22.45003133],[113.95917284,22.44978408],[113.96036202,22.450321],[113.96085734,22.45013434],[113.96070354,22.44977279],[113.96191869,22.45120759],[113.96330763,22.45220109],[113.96356595,22.45203267],[113.96334468,22.45140363],[113.96402562,22.45201183],[113.96398635,22.45231185],[113.96438435,22.45249261],[113.96493339,22.45210015],[113.96541423,22.45286937],[113.96694731,22.45326647],[113.9676323,22.45286515],[113.96740731,22.4532979],[113.97240778,22.45461946],[113.97361695,22.45529884],[113.97396434,22.45609282],[113.97505985,22.45644469],[113.97526921,22.45695235],[113.97611367,22.45702071],[113.9786109,22.46009441],[113.97925737,22.46184293],[113.97903858,22.46195731],[113.97929113,22.46192678],[113.98016239,22.46419066],[113.97984546,22.46434695],[113.98045462,22.46593197],[113.98102647,22.4668673],[113.98184715,22.46743435],[113.98164436,22.46762631],[113.98190565,22.46769413],[113.9819396,22.46835893],[113.98170484,22.46840708],[113.98193544,22.46856823],[113.98143239,22.46891364],[113.98208566,22.46855785],[113.9822281,22.46894073],[113.98257815,22.46866434],[113.98290626,22.46890654],[113.98291114827697,22.468830597682224],[113.98291397,22.46889748],[113.98468453,22.4706947],[113.9846385,22.47152526],[113.98501282,22.47224218],[113.98551799,22.47235247],[113.98626242,22.47312821],[113.98775658,22.47350535],[113.98902974,22.4744349],[113.99010463,22.47585793],[113.9909589,22.47604872],[113.99207834,22.47700144],[113.99335354,22.47746021],[113.99273647,22.47754408],[113.99347986,22.47948231],[113.99328575,22.48007981],[113.994093,22.48033766],[113.99558508,22.48581531],[113.99617925,22.4858384],[113.99585899,22.48647661],[113.99649573,22.48617878],[113.99601689,22.48651555],[113.99649387,22.4864097],[113.99646753,22.48684826],[113.99661738,22.4863933],[113.99738782,22.48682945],[113.9968747,22.48739788],[113.99749059,22.4869719],[113.99830351,22.48768504],[113.99855487,22.48912879],[113.9992608,22.48912778],[113.99935183,22.48949179],[113.99940096,22.48920377],[113.99962942,22.48899037],[114.0025277,22.4893161],[114.00356491,22.4889449],[114.00383256,22.48828669],[114.00625415,22.48748115],[114.00749914,22.48767082],[114.00917485,22.48696352],[114.0090457,22.48657861],[114.01089211,22.48678575],[114.01162799,22.48644301],[114.01307742,22.48722734],[114.01405367,22.48734186],[114.0140579,22.48728304],[114.01295819,22.48715205],[114.01149931,22.48602497],[114.0117631,22.48417097],[114.01115213,22.47936323],[114.01134794,22.47851065],[114.01034388,22.47600342],[114.01094432,22.47517908],[114.01247563,22.47399273],[114.01258838,22.47495032],[114.0132908,22.47517442],[114.01309724,22.47492308],[114.01362323,22.4747138],[114.01401479,22.47368304],[114.01578635,22.47581819],[114.01633069,22.47560956],[114.01684774,22.47656391],[114.01780834,22.47741086],[114.019073,22.47800543],[114.02450832,22.47954139],[114.02645283,22.47954245],[114.02750976,22.480211],[114.02854932462223,22.4801718901186],[114.02811918,22.48238289],[114.02657084,22.48376649],[114.02837204131548,22.48299030601095],[114.02769522,22.48345449],[114.02870534,22.48375888],[114.02875208,22.48462301],[114.02748717,22.48501747],[114.02856017,22.48574712],[114.02851932,22.48646161],[114.02604372,22.48708692],[114.02809774,22.48768314],[114.0279723,22.48855615],[114.02624257,22.48910032],[114.02826721,22.48994992],[114.02808045,22.49022631],[114.02832739,22.49046979],[114.02849387,22.49269537],[114.02905051,22.49356788],[114.02860808,22.49380395],[114.02840506,22.49451265],[114.02912122,22.49447323],[114.02941031,22.49506104],[114.03074035,22.49577],[114.03007062,22.49729101],[114.03147228,22.49632209],[114.03299915,22.49700694],[114.03309524,22.49748395],[114.03214571,22.49764959],[114.03083482,22.49951149],[114.03195789,22.49894585],[114.03402069,22.49888052],[114.03415061,22.49952801],[114.03385874,22.50006864],[114.03480634,22.49920631],[114.0348813,22.49955066],[114.03359535,22.50140019],[114.03514303,22.50020333],[114.03542889,22.50043217],[114.03590665,22.50009847],[114.03634969,22.50046402],[114.03631705,22.50090591],[114.03713598,22.5013683],[114.03742087,22.50361114],[114.03805943,22.50300586],[114.03752978,22.50299298],[114.03805669,22.50271576],[114.03814396,22.50230777],[114.03970192,22.50298751],[114.03982563,22.50380373],[114.04063301,22.5030628],[114.04115296,22.50307001],[114.04075859,22.50385024],[114.04112995,22.50424563],[114.04250223,22.50413729],[114.04306319,22.50376765],[114.04404309657427,22.504281127089918],[114.04405,22.50428],[114.04535,22.50407],[114.04541471140092,22.504051816631147],[114.04754726898615,22.50326365183569],[114.04855,22.50279],[114.04942,22.50251],[114.04969309046945,22.502470584880697],[114.04969562,22.50246965],[114.0496988674693,22.502469751086906],[114.05039,22.50237],[114.0511,22.50235],[114.05179,22.50242],[114.05237550438682,22.50255306917882],[114.05248283,22.50255641],[114.05260837417364,22.502605994130374],[114.05267,22.50262],[114.05326,22.50283],[114.0546617335138,22.503416975908898],[114.05516279,22.50361487],[114.05534999384146,22.503777233357663],[114.05562,22.50393],[114.05637,22.50465],[114.05638409414583,22.504674116649525],[114.05655089,22.50481878],[114.05710149,22.50592481],[114.05768454,22.50991004],[114.05888176,22.51234496],[114.06067598,22.51410478],[114.06446206,22.51654462],[114.07192988477065,22.517740227285138],[114.071658,22.51778862],[114.06977155,22.51753926],[114.07003666654055,22.51762179163041],[114.0701,22.51764],[114.07077,22.51784],[114.07153,22.51805],[114.07166,22.51807],[114.07196,22.51809],[114.07225,22.51805],[114.07255,22.51795],[114.07286,22.51778],[114.07388,22.51725],[114.07452,22.51668],[114.07489,22.51624],[114.07526,22.51569],[114.07547,22.51549],[114.07568,22.51536],[114.07615,22.5152],[114.07663,22.51515],[114.07709,22.51524],[114.07772,22.51536],[114.07806,22.51548],[114.07891,22.51589],[114.08052,22.51699],[114.08251,22.51858],[114.08311,22.51924],[114.08398,22.52031],[114.08412,22.52048],[114.08455,22.52036],[114.08463,22.52031],[114.08465,22.52029],[114.08472,22.52018],[114.08475,22.52008],[114.08476,22.51999],[114.08488,22.51969],[114.0849,22.51962],[114.08496,22.51958],[114.08508,22.51944],[114.08521233821322,22.51932656724582],[114.08518171887097,22.519297800084498],[114.08523767289854,22.51930821806764],[114.08543,22.51918],[114.08551,22.51916],[114.0856,22.51913],[114.08569,22.51912],[114.08579,22.51912],[114.08589,22.51914],[114.08597,22.51916],[114.08628,22.51935],[114.08653,22.51949],[114.08669,22.51959],[114.08693,22.51975],[114.08708,22.51986],[114.08731,22.52004],[114.08751,22.52022],[114.08783,22.52055],[114.08797,22.52067],[114.08809,22.5208],[114.08827,22.52103],[114.08836,22.52118],[114.08849,22.52142],[114.08856,22.5216],[114.08861,22.52177],[114.08865,22.52204],[114.08866,22.52231],[114.08865,22.5225],[114.08866,22.52253],[114.08869,22.52253],[114.08873,22.52255],[114.08888,22.52273],[114.08898,22.52287],[114.08906,22.52296],[114.08912,22.523],[114.08932,22.5231],[114.08941,22.52317],[114.08947,22.52315],[114.08953,22.52309],[114.08952,22.523],[114.08943,22.52291],[114.08938,22.52283],[114.08934,22.52275],[114.08932,22.52266],[114.08929,22.52244],[114.08929,22.52237],[114.08969,22.52171],[114.08975,22.52153],[114.08973,22.52136],[114.08967,22.52095],[114.09166,22.5208],[114.09166,22.52059],[114.09169,22.52048],[114.09173,22.52026],[114.09171093075004,22.520197343893],[114.09169238449653,22.520226993317017],[114.09169864847105,22.520156987833452],[114.09166,22.52003],[114.09164,22.51988],[114.09167,22.51972],[114.09172,22.51959],[114.09176,22.51946],[114.09175,22.5191],[114.09167,22.51888],[114.09154,22.51863],[114.0913,22.51831],[114.0912,22.51812],[114.09116,22.51795],[114.09118,22.51785],[114.09118,22.51777],[114.09119,22.51772],[114.09119,22.51756],[114.09119,22.5175],[114.09122,22.51745],[114.09126,22.51731],[114.09129,22.51723],[114.09135,22.51701],[114.09135,22.51688],[114.09134,22.51682],[114.09131,22.51672],[114.0913,22.51667],[114.09131,22.51658],[114.09135,22.51655],[114.09126,22.51653],[114.0912,22.51648],[114.09115,22.51642],[114.09112,22.51608],[114.09105,22.51584],[114.09097,22.5157],[114.09073,22.51551],[114.0906729035861,22.515183734777665],[114.09061098,22.5152515],[114.09067061796013,22.515170674057906],[114.09066,22.51511],[114.09053,22.51492],[114.09084845896736,22.51492965027174],[114.09144114315326,22.514126399161526],[114.09105291,22.51476788],[114.09092593458445,22.514906833794658],[114.09123,22.5148],[114.09144,22.51451],[114.09148,22.51443],[114.09156,22.51426],[114.09164,22.51379],[114.0916,22.51345],[114.09158,22.51327],[114.09159,22.513],[114.09162,22.51273],[114.09165,22.51256],[114.09169,22.51238],[114.09175,22.51221],[114.09182,22.51203],[114.09195,22.51179],[114.09204,22.51164],[114.09215,22.51148],[114.09227,22.51134],[114.09244,22.51119],[114.09276,22.51092],[114.09293,22.51073],[114.09316,22.51054],[114.09327,22.51039],[114.09313,22.51025],[114.09291,22.5099],[114.09281,22.50972],[114.09263,22.50925],[114.09258,22.50918],[114.09236,22.50904],[114.09234352753606,22.50903309219254],[114.09256452432037,22.509409424590842],[114.0923363878542,22.509030098132406],[114.09205,22.50891],[114.09182,22.50886],[114.09164,22.50868],[114.09141,22.50854],[114.09088,22.5085],[114.0902,22.50841],[114.08966,22.50836],[114.08966,22.50831],[114.0897,22.50818],[114.08975,22.5081],[114.08982,22.50798],[114.08999,22.50778],[114.09001,22.50771],[114.09004,22.50766],[114.09021,22.50737],[114.09027671658762,22.507311622985824],[114.09042983484011,22.507039240264515],[114.0903870596892,22.506842474570366],[114.08960449452931,22.505242308732438],[114.08936,22.50482],[114.08932,22.50472],[114.08931,22.50448],[114.0896,22.5045],[114.08989,22.50455],[114.09008,22.50459],[114.09026,22.50465],[114.0905,22.50475],[114.09117,22.50486],[114.09137,22.50485],[114.09132,22.50426],[114.09124,22.5035],[114.0912382745325,22.503474117987547],[114.0909493521121,22.503457092058444],[114.09095582269985,22.50344293369653],[114.09123512910955,22.50342693664328],[114.09122,22.5032],[114.09129,22.50303],[114.09132,22.50292],[114.09141,22.50273],[114.09155,22.50225],[114.09162,22.50198],[114.0917,22.50126],[114.0913,22.50034],[114.09106,22.4994],[114.09039,22.49878],[114.09029,22.49841],[114.09024,22.49781],[114.09036,22.49762],[114.09042,22.49741],[114.09031,22.4971],[114.08993,22.49683],[114.0897,22.49653],[114.0898,22.49637],[114.09047,22.49604],[114.09057,22.4959],[114.09061,22.49583],[114.09068,22.49573],[114.09071,22.49567],[114.09075,22.49562],[114.09077,22.49553],[114.09082,22.4954],[114.09085,22.49535],[114.09092,22.49525],[114.091,22.49517],[114.09105,22.49508],[114.0911,22.49498],[114.09117,22.49472],[114.09118,22.49466],[114.09118,22.49458],[114.09123,22.49442],[114.09124,22.4944],[114.09131,22.49432],[114.09135,22.49425],[114.09135,22.49421],[114.09138,22.49416],[114.09143,22.49414],[114.09148,22.49413],[114.09153,22.49414],[114.09168,22.49417],[114.09181,22.49416],[114.09193,22.49413],[114.09203,22.49406],[114.09207,22.49401],[114.0921,22.49396],[114.09214,22.4939],[114.09213,22.49386],[114.09207,22.49372],[114.09206,22.49368],[114.09211,22.49353],[114.09216,22.49348],[114.09229,22.49342],[114.09231,22.4934],[114.0923,22.4933],[114.0923,22.49328],[114.09234,22.49323],[114.09242,22.49313],[114.09253,22.49305],[114.09261,22.49298],[114.09264,22.49296],[114.09272,22.49293],[114.09276,22.49291],[114.09278,22.49286],[114.09277,22.49284],[114.09267,22.49275],[114.09256,22.49266],[114.09248,22.49256],[114.09245,22.49251],[114.09254,22.4924],[114.09316,22.4921],[114.0932,22.49201],[114.0931983826422,22.492007535454785],[114.09232922,22.49234833],[114.09318489364128,22.491986980786727],[114.09299,22.49169],[114.09261,22.49142],[114.09248,22.49123],[114.09246,22.49108],[114.09266,22.49058],[114.09241,22.48984],[114.0924,22.4895],[114.09249,22.48876],[114.09243,22.48856],[114.0923,22.48817],[114.0921,22.48713],[114.0922,22.48626],[114.0922,22.48613998545286],[114.09202702,22.48700692],[114.09221432462341,22.48589815899195],[114.09225,22.48552],[114.09228,22.48536],[114.09231,22.48527],[114.09231,22.4852],[114.09234,22.48511],[114.09229,22.4849],[114.09219,22.48482],[114.09195,22.48467],[114.09169,22.48456],[114.09158,22.48455],[114.09134,22.48444],[114.09124,22.48436],[114.09103,22.48412],[114.09076,22.48348],[114.09071,22.48343],[114.09047,22.4832],[114.09044,22.48314],[114.09037,22.48304],[114.09035,22.48298],[114.09028,22.48286],[114.09022,22.48279],[114.09011,22.48261],[114.09002,22.48249],[114.09002,22.48247],[114.08987,22.48227],[114.08981,22.4822],[114.08964,22.48196],[114.08946,22.48174],[114.0893075697814,22.48161805582512],[114.09115829,22.48430644],[114.0892908,22.48165633],[114.08929278741272,22.48160622993018],[114.08926,22.48158],[114.08934,22.48123],[114.08942,22.48103],[114.08945,22.48092],[114.08956,22.4807],[114.08964,22.47929],[114.08953,22.47824],[114.08952,22.47816],[114.08948001306183,22.477996053553515],[114.08947318661095,22.47810912528436],[114.08946786732618,22.477946256037363],[114.08942,22.47775],[114.08941,22.47747],[114.08944189576762,22.477151042323843],[114.08943556952859,22.476957341510282],[114.08937,22.47677],[114.08933,22.47669],[114.08934,22.47651],[114.08941,22.47627],[114.08941247452013,22.476250203838983],[114.08939500963687,22.47571545292555],[114.08945345011156,22.475922399107503],[114.08946,22.47587],[114.08951,22.47532],[114.08953,22.47487],[114.08958894001597,22.474676339947532],[114.08959622025053,22.47461543162837],[114.08956,22.47438],[114.08953,22.47407],[114.08953,22.47392],[114.08973973851117,22.47341472085943],[114.08976319223191,22.473218500985194],[114.08977,22.47313],[114.08955,22.47144],[114.08967,22.47074],[114.08986,22.47029],[114.08988,22.46945],[114.0901,22.46859],[114.09011,22.46825],[114.09,22.46793],[114.0897,22.4673],[114.08909,22.46637],[114.08893,22.46609],[114.08916,22.46594],[114.08943,22.46598],[114.0898,22.46618],[114.09016,22.46624],[114.09057,22.46615],[114.09088,22.46595],[114.09104,22.46591],[114.09127,22.46592],[114.09176,22.46604],[114.09193,22.46607],[114.09196,22.46607],[114.09203,22.46604],[114.09244,22.46602],[114.09253,22.46605],[114.09259,22.46609],[114.09269,22.46616],[114.09271,22.4662],[114.09281,22.46629],[114.09301,22.46637],[114.09324,22.46639],[114.0937,22.46648],[114.09402,22.46666],[114.09407,22.46669],[114.09413,22.46673],[114.09423,22.46682],[114.09455,22.46682],[114.09479,22.46677],[114.09524,22.46674],[114.09628,22.46675],[114.09629752052382,22.466752841166027],[114.09627885,22.4667471],[114.09632831439997,22.466757834767566],[114.09702,22.46687],[114.09722,22.46689],[114.09729,22.46692],[114.0974,22.46698],[114.09745103132525,22.46700148687379],[114.09925098813262,22.467392113626946],[114.09845530680145,22.46738526534007],[114.09895,22.46741],[114.09904,22.4674],[114.09909,22.46742],[114.09947,22.46739],[114.09998,22.46755],[114.09998091373025,22.46755052213157],[114.0999833,22.46755104],[114.09999042495795,22.46755595711883],[114.10005,22.46759],[114.10071,22.46788],[114.10092,22.46821],[114.1013,22.46844],[114.1014,22.46848],[114.10143,22.46851],[114.1017,22.46867],[114.10196,22.46875],[114.1024,22.46914],[114.10258,22.46934],[114.10274,22.46938],[114.10287,22.46938],[114.10339,22.4695],[114.10377,22.46975],[114.10418,22.46993],[114.10425,22.46999],[114.10467,22.46994],[114.10495694226672,22.46988808379526],[114.10425456,22.46998427],[114.10535834268448,22.469815458780804],[114.10876,22.4692],[114.10887,22.46917],[114.10896,22.4692],[114.10908,22.46926],[114.10916,22.46935],[114.1093,22.46969],[114.10937,22.46994],[114.10959,22.4702],[114.10982,22.47031],[114.11007,22.47039],[114.11024,22.4704],[114.11035,22.47041],[114.11065,22.47058],[114.11082166484746,22.470665832423727],[114.1115041,22.47060771],[114.11152955279492,22.470625332580433],[114.11162,22.47065],[114.11175,22.4707],[114.11186,22.4708],[114.11196,22.47091],[114.11203,22.47104],[114.11212,22.47114],[114.11234,22.47122],[114.11271,22.47119],[114.11287,22.47121],[114.11308,22.47122],[114.11341,22.47133],[114.11368,22.47125],[114.11385,22.47114],[114.11403,22.47105],[114.11412,22.47099],[114.11417,22.47095],[114.11425,22.47093],[114.11439,22.47095],[114.11444,22.47101],[114.11457,22.47126],[114.11472,22.47138],[114.11487,22.47143],[114.11499,22.4714],[114.11514,22.4713],[114.11525751255814,22.47109435302324],[114.11495967,22.47138855],[114.11527035073549,22.47107188621289],[114.11534,22.47095],[114.11545,22.47087],[114.11548285158193,22.470858405324027],[114.11575395155825,22.470595677506807],[114.11577,22.47057],[114.11609,22.47026],[114.11621,22.47004],[114.11622,22.46987],[114.11619,22.46971],[114.1161,22.46964],[114.11608,22.46953],[114.1161,22.46942],[114.11657,22.46943],[114.11687,22.46934],[114.11703,22.46926],[114.11723,22.4691],[114.11731,22.46894],[114.11882,22.46801],[114.11942,22.46799],[114.1197,22.46791],[114.12021,22.46781],[114.12029926679986,22.467760407333408],[114.12073686572012,22.466675843719685],[114.12076,22.46661]],[[114.08394544,22.51983309],[114.08477933,22.51922288],[114.08507228720423,22.51927742519267],[114.08394544,22.51983309]],[[114.08096615395863,22.516908829322634],[114.08097256,22.51691228],[114.08394544,22.51983309],[114.08096615395863,22.516908829322634]],[[114.11639540913018,22.433354089676012],[114.11609913,22.43223664],[114.11640298,22.43331455],[114.11639540913018,22.433354089676012]],[[114.12138074945995,22.425319830648633],[114.12138085,22.42531905],[114.12270008,22.42357988],[114.12138074945995,22.425319830648633]],[[113.9829439,22.46832178],[113.98309773144015,22.468309894232036],[113.98294036444531,22.468376706964744],[113.9829439,22.46832178]],[[113.98352903,22.46827657],[113.98429321,22.46887426],[113.98330295348917,22.468294037774776],[113.98352903,22.46827657]],[[113.98407141076127,22.4671996381473],[113.98414356608549,22.46722681450022],[113.9841249048518,22.467250155675938],[113.98407141076127,22.4671996381473]],[[113.99466919,22.46189224],[113.99251907,22.46163383],[113.98981328,22.460982],[113.99466919,22.46189224]],[[113.9937722132707,22.463409878002565],[113.99263264,22.46281281],[113.99262252356982,22.46270779046271],[113.9937722132707,22.463409878002565]],[[113.99412666,22.46362633],[113.99388689,22.46414237],[113.99409459765512,22.463606750305733],[113.99412666,22.46362633]],[[113.99941682,22.47423235],[114.00715396,22.47446696],[114.00801828,22.47436391],[114.00712355,22.47448071],[113.99941682,22.47423235]],[[114.0135603,22.46355317],[114.00932519892164,22.462755372478107],[114.00932533381086,22.462755190858374],[114.01358982,22.46352036],[114.01462578,22.46251238],[114.0135603,22.46355317]],[[114.01473501,22.46042493],[114.0152381701512,22.460533560147745],[114.0147198573851,22.46046426464529],[114.01473501,22.46042493]],[[114.01548565,22.46058699],[114.01726333,22.46267301],[114.01547647983014,22.460585010199125],[114.01548565,22.46058699]],[[114.0191919,22.46041074],[114.02062175,22.46138179],[114.02065869351445,22.461299029005037],[114.0233151168014,22.463397311950732],[114.0191919,22.46041074]],[[114.02437127,22.45290031],[114.02450423860685,22.452560962337518],[114.02376646,22.45687264],[114.02437127,22.45290031]],[[114.01545831,22.43732037],[114.01751407,22.44465927],[114.01730461,22.44394944],[114.01501649601803,22.43574253724912],[114.01552106363836,22.43729680498411],[114.01545831,22.43732037]],[[114.0196145,22.43575737],[114.01962666564835,22.435755084390344],[114.0193248989166,22.43586840272556],[114.0196145,22.43575737]],[[114.02035988927643,22.42969257013822],[114.02033047,22.4296906],[114.02032140556427,22.42969284506184],[114.01953317,22.42765774],[114.02035988927643,22.42969257013822]],[[113.99745029,22.42247131],[113.99880751,22.42270645],[113.99739053006405,22.422538463247857],[113.99745029,22.42247131]],[[113.98110833,22.43114601],[113.98108359037025,22.431060675870526],[113.98122749988732,22.431214349951055],[113.98110833,22.43114601]],[[113.98316906136135,22.433197931216608],[113.98241697,22.43285652],[113.98322001,22.43315617],[113.98316906136135,22.433197931216608]],[[113.98259409,22.43382254],[113.98260203846839,22.433815253145347],[113.98261839462101,22.433849747820815],[113.98259409,22.43382254]],[[113.98284524,22.43410369],[113.98268619719848,22.433925649451925],[113.98372311,22.43412122],[113.98284524,22.43410369]],[[113.98387582,22.43451058],[113.98384710026845,22.43465945585104],[113.98372311,22.43412122],[113.98387582,22.43451058]],[[113.98448548518041,22.43848210853042],[113.9844192005879,22.438433396568854],[113.98447565,22.4384364],[113.98448548518041,22.43848210853042]],[[113.985283737685,22.442189244467414],[113.98556442,22.4407318],[113.98534086,22.44208366],[113.985283737685,22.442189244467414]],[[113.98356355,22.4448801],[113.9850716434041,22.442581277978125],[113.98462104,22.44341417],[113.98356355,22.4448801]],[[113.98183548,22.44620868],[113.98118982452341,22.446638103625304],[113.98356355,22.4448801],[113.98183548,22.44620868]],[[113.98926323,22.44533228],[113.98883130333277,22.44548566944243],[113.9909732467669,22.444348373099267],[113.98926323,22.44533228]],[[113.99577783,22.44627154],[113.99198374471823,22.443898592942887],[113.99216969,22.44384231],[113.99577783,22.44627154]],[[113.9975327061661,22.446634197241526],[114.00087173551188,22.446403915960236],[113.99984499,22.44653619],[113.99784967,22.4466997],[113.9975327061661,22.446634197241526]],[[114.00276661,22.44662311],[114.00150722680519,22.446360088328277],[114.0016812,22.44634809],[114.00276661,22.44662311]],[[114.00338769071192,22.447105915406432],[114.00330751,22.44711143],[114.00614875058378,22.449782645433274],[114.0060039,22.44989232],[114.00276661,22.44662311],[114.00338769071192,22.447105915406432]],[[114.00404427576494,22.44706075741739],[114.00571808741448,22.44428232135413],[114.00572729,22.44428983],[114.00405587,22.44705996],[114.00404427576494,22.44706075741739]],[[114.00598156342949,22.439141243433102],[114.00383856,22.43783479],[114.00368245529248,22.437727211296913],[114.00598156342949,22.439141243433102]],[[114.01133245,22.44240334],[114.011194194293,22.442319054253844],[114.01413095,22.44341593],[114.01133245,22.44240334]],[[113.98405592424956,22.467185013348725],[113.98402284,22.46715377],[113.9838076,22.46420261],[113.98405592424956,22.467185013348725]],[[113.98331088,22.46336128],[113.98466278346629,22.46163519446207],[113.98468879,22.46169363],[113.98331088,22.46336128]],[[113.98457096242497,22.461428876618964],[113.98445000289638,22.46119908440429],[113.98447361,22.46121013],[113.98457096242497,22.461428876618964]],[[113.98427905619391,22.461119099659253],[113.98310998,22.46061532],[113.98313449897162,22.460583569483564],[113.98427905619391,22.461119099659253]],[[113.98330700638415,22.460360183302537],[113.98335488,22.46029819],[113.98336325444073,22.460297182675028],[113.98330700638415,22.460360183302537]],[[113.97754391,22.44841],[113.98027684332632,22.447245324828707],[113.97993042,22.44747573],[113.97754391,22.44841]],[[114.00750669319666,22.450967894375427],[114.00906981,22.45148049],[114.00770859,22.4511549],[114.00750669319666,22.450967894375427]],[[114.06271043,22.39815853],[114.06177419,22.39776497],[114.06273054434799,22.39814715794291],[114.06271043,22.39815853]],[[114.06705928,22.39736568],[114.06601840760224,22.397689219675208],[114.0672286290454,22.397130581822402],[114.06705928,22.39736568]],[[114.06785375,22.39626276],[114.06777369262205,22.396373899354895],[114.06784978060725,22.396182645661685],[114.06785375,22.39626276]],[[114.06768071,22.39277029],[114.0676811232615,22.39277863086548],[114.06761588455767,22.392669774593735],[114.06768071,22.39277029]],[[114.02469279853293,22.452079740704356],[114.02476867,22.45188611],[114.02651778,22.45066673],[114.02469279853293,22.452079740704356]],[[114.02608698346758,22.44991012178034],[114.02694134395101,22.45113621101944],[114.02651778,22.45066673],[114.02608698346758,22.44991012178034]],[[114.02851486387097,22.452880310663367],[114.03066285,22.45243406],[114.02851501571125,22.452880478964104],[114.02851486387097,22.452880310663367]],[[114.03032269714782,22.454884124745696],[114.03047453,22.45504379],[114.03049230228656,22.455072116177092],[114.03032269714782,22.454884124745696]],[[114.03057307468524,22.455200854438278],[114.03211765,22.45766266],[114.03248264,22.45861608],[114.03057307468524,22.455200854438278]],[[114.03206624,22.45984427],[114.03193718167323,22.46001029064749],[114.03248264,22.45861608],[114.03206624,22.45984427]],[[114.03304034,22.45698917],[114.03323319,22.45607711],[114.03339995307253,22.4558376115318],[114.03304034,22.45698917]],[[114.03366929343505,22.455450795654208],[114.03418894,22.4547045],[114.03460521030979,22.45450285622972],[114.03366929343505,22.455450795654208]],[[114.03522812999115,22.454201110296435],[114.03545544,22.454091],[114.03581748851389,22.45414531644396],[114.03522812999115,22.454201110296435]],[[114.0362810282245,22.45421485913713],[114.03679828,22.45429246],[114.03732448,22.45467223],[114.0362810282245,22.45421485913713]],[[114.04044576,22.45846909],[114.04545837,22.4572119],[114.04626487,22.45708667],[114.04044576,22.45846909]],[[114.04773318359851,22.457989603341574],[114.04790876203019,22.45800422442321],[114.04775679,22.45800412],[114.04773318359851,22.457989603341574]],[[114.04865184512865,22.458004735011396],[114.04881871633683,22.457966325306092],[114.04880464,22.45800484],[114.04865184512865,22.458004735011396]],[[114.04936824937741,22.447014814724184],[114.04940669,22.44707635],[114.05213255,22.45790911],[114.05612764,22.47397459],[114.05184722,22.45678855],[114.04936824937741,22.447014814724184]],[[114.05972166,22.46456277],[114.05998423078313,22.46707253748549],[114.0599073,22.46699902],[114.05972166,22.46456277]],[[114.06036223664309,22.467433771821064],[114.06102826810566,22.467975345853407],[114.06087488,22.46792367],[114.06036223664309,22.467433771821064]],[[114.06133977284871,22.468080290584076],[114.06210787726397,22.468112591230344],[114.06187317,22.46825999],[114.06133977284871,22.468080290584076]],[[114.06359186354571,22.466272356470434],[114.06373177,22.46449683],[114.06362331,22.46620315],[114.06359186354571,22.466272356470434]],[[114.0670186431471,22.46431465707899],[114.0671012021516,22.464325255311557],[114.06707619,22.46433582],[114.0670186431471,22.46431465707899]],[[114.07590336645056,22.462099852913823],[114.07838533,22.46141299],[114.07658289,22.46196263],[114.07590336645056,22.462099852913823]],[[114.07563873784314,22.450121275327053],[114.0756705,22.45030304],[114.07482212955408,22.451033533162867],[114.07482212514213,22.451033533084356],[114.07563873784314,22.450121275327053]],[[114.0756224469866,22.450028047961446],[114.0740919,22.44938823],[114.0756123,22.44996998],[114.0756224469866,22.450028047961446]],[[114.07199970590136,22.44202609708438],[114.07189498968071,22.441943471236176],[114.07209706,22.44201255],[114.07199970590136,22.44202609708438]],[[114.0711538019601,22.441358640502994],[114.07080116,22.44108039],[114.07094701837188,22.44105993468004],[114.0711538019601,22.441358640502994]],[[114.07148910211342,22.44098391232881],[114.07173070758644,22.44095002934225],[114.07168376,22.44100623],[114.07148910211342,22.44098391232881]],[[114.07248683,22.44004488],[114.07018345,22.43986939],[114.07248730301542,22.44004474963136],[114.07248683,22.44004488]],[[114.08144685190052,22.441354234573797],[114.0828335,22.44152661],[114.08158063,22.44142854],[114.08144685190052,22.441354234573797]],[[114.08360051,22.44028048],[114.08311387803238,22.441421438106996],[114.0828335,22.44152661],[114.08360051,22.44028048]],[[114.08438248192658,22.440966318952132],[114.08440703,22.44095704],[114.08554033498874,22.44148389216324],[114.08438248192658,22.440966318952132]],[[114.08592629973131,22.44165642270076],[114.08600654628806,22.441664050324434],[114.08594598,22.44166522],[114.08592629973131,22.44165642270076]],[[114.08916374,22.44107648],[114.0921203480651,22.440161138814428],[114.09207826,22.44018896],[114.08736321,22.44163785],[114.0871971381984,22.44164105723186],[114.08916374,22.44107648]],[[114.10028596,22.43676743],[114.10294492,22.43220229],[114.1029765664157,22.432177805157234],[114.10028596,22.43676743]],[[114.10317663873901,22.43202300913155],[114.10371474,22.43160668],[114.10418203922747,22.43157229796538],[114.10317663873901,22.43202300913155]],[[114.10503793183891,22.43150932476177],[114.10613917,22.4314283],[114.10726362,22.43172413],[114.10503793183891,22.43150932476177]],[[114.10870337,22.43143036],[114.10873480757613,22.431442608155972],[114.10726362,22.43172413],[114.10870337,22.43143036]],[[114.06416032,22.42481147],[114.06347942,22.42497166],[114.06452844,22.42470224],[114.0645768137775,22.424724906866896],[114.06416032,22.42481147]],[[114.06100446539068,22.435766387415146],[114.06093562,22.43566975],[114.06331833,22.43276266],[114.06100446539068,22.435766387415146]],[[114.0669315,22.43641916],[114.06254552243064,22.436612519261267],[114.06278646,22.43648729],[114.0669315,22.43641916]],[[114.09156378,22.40085014],[114.09136856896714,22.401053008138806],[114.09167377209135,22.40043180467215],[114.09156378,22.40085014]],[[114.05562853,22.40907561],[114.05722132,22.40888068],[114.05723775633273,22.408920256378135],[114.05562853,22.40907561]],[[114.00922807439912,22.415269892512942],[114.0097111071127,22.41507602934995],[114.0093428,22.41532206],[114.00922807439912,22.415269892512942]],[[114.06242819,22.41644062],[114.0624063427404,22.41646511444388],[114.06204918,22.41605011],[114.06242819,22.41644062]],[[114.04872640996084,22.44598736608106],[114.04754423047532,22.44433733087782],[114.04781946,22.44438538],[114.04829384,22.44417507],[114.04784772,22.44458077],[114.04872640996084,22.44598736608106]],[[114.05015716,22.43556018],[114.05006238088453,22.435714389728567],[114.049801,22.4341676],[114.05015716,22.43556018]],[[114.0259317243609,22.44058323118542],[114.02593171783901,22.440581874969656],[114.0260197428911,22.44058342791866],[114.0259317243609,22.44058323118542]],[[114.03974636,22.44117216],[114.0386942224271,22.438718958008096],[114.03920162,22.43945591],[114.03974636,22.44117216]],[[114.03997739563523,22.444410884167127],[114.03997739568787,22.444410872239065],[114.0399774,22.44441088],[114.03997739563523,22.444410884167127]],[[114.04714602564381,22.444267812926846],[114.04522197807519,22.444085690654063],[114.04580999,22.44403457],[114.04714602564381,22.444267812926846]],[[114.03067585097716,22.43397454073153],[114.031113,22.43391428],[114.03196050607379,22.434093355551155],[114.03067585097716,22.43397454073153]],[[114.03306324,22.43432636],[114.03569258,22.43562342],[114.03570025775761,22.43563041859144],[114.03273238916148,22.43425645218684],[114.03306324,22.43432636]],[[114.03579674323049,22.435718369063416],[114.03802971,22.43775381],[114.03831932956034,22.438174457877086],[114.03579674323049,22.435718369063416]],[[114.0618471,22.43697553],[114.06209322337658,22.43684760537325],[114.06028445,22.43874873],[114.0618471,22.43697553]],[[114.05923054592161,22.445582904478343],[114.05953074,22.44603491],[114.05957197364029,22.447056883270534],[114.0592208,22.44559685],[114.05923054592161,22.445582904478343]],[[114.0597848617536,22.44794198309774],[114.05970080958372,22.447592529293637],[114.05983052,22.44762504],[114.0597848617536,22.44794198309774]],[[114.0600695,22.44912539],[114.06003857852527,22.448996831427525],[114.06010464488897,22.449144043617125],[114.0600695,22.44912539]],[[114.06192317,22.45010925],[114.06182683793085,22.45005812047341],[114.06195665925492,22.45005511652227],[114.06192317,22.45010925]],[[114.0669580112071,22.449155305973054],[114.06527705,22.44955082],[114.0668989,22.44913059],[114.0669580112071,22.449155305973054]],[[114.02539077330648,22.448687367438488],[114.02536472,22.44864161],[114.02539639,22.44775338],[114.02539077330648,22.448687367438488]],[[114.03985717,22.4533384],[114.03816053,22.45346296],[114.03293055,22.45166057],[114.03828509,22.45342859],[114.03985717,22.4533384]],[[114.03972898,22.44589907],[114.03958541,22.44478512],[114.03997478156307,22.446387186412796],[114.03972898,22.44589907]],[[114.04035781,22.44714781],[114.04018190504172,22.44679849530825],[114.04118711,22.44778549],[114.04035781,22.44714781]],[[114.04084345,22.44818105],[114.04132099,22.4493228],[114.0412585340297,22.449423910445272],[114.04084345,22.44818105]],[[114.03193208,22.48056843],[114.03422622,22.48014773],[114.03188807797846,22.480602078195986],[114.03193208,22.48056843]],[[114.04269930573321,22.48523346198401],[114.0426784,22.48521653],[114.04184253,22.48350345],[114.04269930573321,22.48523346198401]],[[114.04750259,22.48251926],[114.04964175,22.48236123],[114.04735036685452,22.482662760626113],[114.04750259,22.48251926]],[[114.06355486,22.47786052],[114.06358539778444,22.47785451148548],[114.06252325,22.47897287],[114.06355486,22.47786052]],[[114.06632535,22.47699794],[114.06763407,22.47743579],[114.06627685974546,22.477003767141674],[114.06632535,22.47699794]],[[114.06908983,22.47690132],[114.07139418,22.47731345],[114.06907115022578,22.47690817812148],[114.06908983,22.47690132]],[[114.08530878,22.47956687],[114.08533497326336,22.479589207403492],[114.0837449,22.47966865],[114.08530878,22.47956687]],[[114.08697853450258,22.480309823050842],[114.08644754,22.48047971],[114.08642737777696,22.480461587191904],[114.08697853450258,22.480309823050842]],[[114.08798667276001,22.47975777513354],[114.08767611,22.48008664],[114.08759914138625,22.480111265420618],[114.08798667276001,22.47975777513354]],[[114.08945448484708,22.47841889691319],[114.0893516675902,22.480121937833335],[114.08941790154262,22.47845226670896],[114.08945448484708,22.47841889691319]],[[114.09237021,22.49085998],[114.09260777,22.49054648],[114.09237792,22.49089813],[114.09246296,22.49133859],[114.09237021,22.49085998]],[[114.09015429,22.46623766],[114.08966938221378,22.466085537980486],[114.09059083027195,22.466075779340127],[114.09015429,22.46623766]],[[114.07653714,22.47044156],[114.07724824,22.47097347],[114.0772611556774,22.471124305510433],[114.07653714,22.47044156]],[[114.0782874,22.47108007],[114.07886767,22.471336],[114.07897214343886,22.471510754702372],[114.0782874,22.47108007]],[[114.08838588,22.47506017],[114.08923462,22.47514749],[114.08926264172536,22.475246718986504],[114.08838588,22.47506017]],[[114.0283845,22.4693445],[114.02795413,22.46706941],[114.02795483642392,22.467059769743926],[114.0283845,22.4693445]],[[114.02808689880412,22.467385504099305],[114.02795503374688,22.467057076964362],[114.02805725091515,22.465662164294887],[114.02808689880412,22.467385504099305]],[[114.03056874867107,22.461770643030295],[114.0281107073651,22.46493266766958],[114.02812024,22.46480258],[114.03056874867107,22.461770643030295]],[[114.02398707,22.46628299],[114.02362184733876,22.46363959542214],[114.02365306,22.46366425],[114.02398707,22.46628299]],[[114.02614476,22.46935148],[114.02613168552391,22.469308964967702],[114.02625566498868,22.469351134372015],[114.02614476,22.46935148]],[[114.02849803,22.46840948],[114.02816868821617,22.4675892113045],[114.03009056,22.47052566],[114.02849803,22.46840948]],[[114.03033416195784,22.471884350340137],[114.03038036,22.47214202],[114.02932666436296,22.47813499623983],[114.03033416195784,22.471884350340137]],[[114.02929315026941,22.478325610264687],[114.02928415,22.4783768],[114.02921002080541,22.478539637409664],[114.02929315026941,22.478325610264687]],[[114.07298493,22.51755244],[114.07236433707895,22.517662899207416],[114.0734669252452,22.517201153951547],[114.07298493,22.51755244]],[[114.07434825,22.51655883],[114.07404568056867,22.51677934756936],[114.0749278970251,22.515827652455165],[114.07434825,22.51655883]],[[114.07604121027207,22.515126821241065],[114.07548197140495,22.515229942135473],[114.07555998,22.51514579],[114.07604121027207,22.515126821241065]],[[114.07772288396377,22.51516180995627],[114.07740993663455,22.515072869854546],[114.07754769,22.51506744],[114.07772288396377,22.51516180995627]],[[114.09155784,22.51393358],[114.09153636335525,22.513969066037102],[114.09148804466516,22.513478257262722],[114.09155784,22.51393358]],[[114.0915986075437,22.512419651703],[114.09143873000923,22.512977331724578],[114.09143219,22.5129109],[114.0915986075437,22.512419651703]],[[114.09176764249793,22.51192067706637],[114.09180809,22.51180128],[114.09309231620732,22.51030819416906],[114.09310215,22.51032494],[114.09176764249793,22.51192067706637]],[[114.09061639,22.50418565],[114.0894711,22.50422678],[114.08855271930656,22.50409845126588],[114.09061639,22.50418565]],[[114.0588230145904,22.48698265471629],[114.05902489593414,22.487461941396244],[114.05882787,22.48704007],[114.0588230145904,22.48698265471629]],[[114.05973096522129,22.48897377504038],[114.06036177784314,22.48974001333464],[114.05981677,22.4891575],[114.05973096522129,22.48897377504038]],[[114.06130041537214,22.490743244543008],[114.06303264516116,22.49174707335191],[114.06152828,22.49098679],[114.06130041537214,22.490743244543008]],[[114.06426584820683,22.49237031548046],[114.06577055279625,22.492803653494448],[114.06432409,22.49239975],[114.06426584820683,22.49237031548046]],[[114.07674885179112,22.49596528024618],[114.07694556,22.49602193],[114.0773998393694,22.496405041258125],[114.07674885179112,22.49596528024618]],[[114.07807315,22.49697287],[114.08089591006278,22.50060887217489],[114.08067822,22.50042534],[114.07794641016861,22.496865985427366],[114.07807315,22.49697287]],[[114.08159689351594,22.50119986386314],[114.08360080479197,22.50259926932171],[114.08285602,22.50226142],[114.08159689351594,22.50119986386314]],[[114.08528850451364,22.503364843770008],[114.08685661366306,22.503861448145365],[114.08617254,22.50376586],[114.08528850451364,22.503364843770008]],[[114.08960921,22.4965049],[114.08976451099052,22.4963666614709],[114.08961509875414,22.496510746877938],[114.08960921,22.4965049]]],[[[114.1203,22.46776],[114.12037,22.46771],[114.12043,22.46763],[114.1205,22.46752],[114.12054,22.46743],[114.12061,22.46714],[114.12061883261589,22.467069339072907],[114.12029944251508,22.467760309713846],[114.1203,22.46776]]],[[[114.11562,22.47081],[114.11574037369498,22.470617402088042],[114.11550390769283,22.470850973755475],[114.11562,22.47081]]],[[[114.09038,22.50681],[114.09003,22.50575],[114.09001,22.5057],[114.08995,22.50562],[114.08976,22.50547],[114.08973298739616,22.50543912845276],[114.0903844284308,22.5068303707817],[114.09038,22.50681]]],[[[114.09038,22.50724],[114.09041,22.50718],[114.09043,22.50709],[114.09043,22.507042435820672],[114.09029702127795,22.507295319148035],[114.09038,22.50724]]],[[[113.93855,22.42326],[113.93847,22.42329],[113.93829,22.42337],[113.93811,22.42343],[113.93792,22.42347],[113.93047351981077,22.4244252165669],[113.93680638,22.42650869],[113.93763839,22.42628911],[113.93802497,22.42538655],[113.93864141681921,22.423206225400467],[113.93855,22.42326]]],[[[113.94238,22.42244],[113.94234223805947,22.42240853171622],[113.94243763636597,22.422547038965387],[113.94238,22.42244]]],[[[114.07239,22.39297],[114.07198,22.39259],[114.07193,22.3925],[114.07183,22.39253],[114.07173,22.39259],[114.07167,22.3927],[114.07165,22.39292],[114.07159,22.39296],[114.07132,22.39287],[114.07118,22.39287],[114.07103,22.39285],[114.07096,22.39281],[114.0709,22.39277],[114.07074,22.39245],[114.07066,22.39238],[114.07059,22.39238],[114.07048,22.39244],[114.0704,22.39255],[114.07033,22.39276],[114.07029,22.39285],[114.07022,22.39287],[114.06996,22.39289],[114.06983,22.39296],[114.06981014641885,22.392987795013614],[114.07243430808917,22.39298000505239],[114.07239,22.39297]]],[[[114.09337,22.39982],[114.09329,22.39977],[114.09313,22.39971],[114.09311850703837,22.399708850703835],[114.09328442,22.39977263],[114.09341675058113,22.3998574004649],[114.09337,22.39982]]],[[[114.10069,22.40715],[114.10065,22.40705],[114.10059,22.40704],[114.10047469599802,22.407044804333417],[114.10072848064748,22.40728468226617],[114.10069,22.40715]]],[[[114.10413,22.40738],[114.10387,22.4073],[114.10352,22.40733],[114.10318,22.4073],[114.10294891804584,22.407377027318056],[114.10421752352022,22.407401880880055],[114.10413,22.40738]]],[[[114.11042,22.40586],[114.11032,22.40577],[114.11012,22.40565],[114.10972,22.40551],[114.10955,22.40548],[114.1092,22.40538],[114.10909515592496,22.405370468720452],[114.11047027681434,22.40592368396483],[114.11042,22.40586]]],[[[114.11173,22.40642],[114.11167183516531,22.406407074481184],[114.1118833913789,22.4064921841783],[114.11173,22.40642]]],[[[114.12499,22.46273],[114.12493184559241,22.46235199635066],[114.12491233218017,22.462885335639665],[114.12499,22.46273]]]]}},{"type":"Feature","properties":{"地區號碼":"N","District":"North","地區":"北區","Administrative District Boundary of Hong Kong":"Administrative District Boundary of Hong Kong"},"geometry":{"type":"MultiPolygon","coordinates":[[[[114.22632537415029,22.543713877549102],[114.22606736,22.54350935],[114.22769476,22.54138515],[114.22731591,22.54117029],[114.22602751,22.54348675],[114.22506872,22.54302711],[114.22420915,22.54463003],[114.22093327,22.543752],[114.22004266,22.54402954],[114.21960558,22.54477422],[114.21890262,22.54422124],[114.21861061,22.54437052],[114.21946596,22.54351465],[114.21765073,22.54286784],[114.21709541,22.54172318],[114.21579524,22.54088736],[114.21528672,22.53999656],[114.21489349,22.54003414],[114.21562659,22.53891983],[114.21496248,22.5379695],[114.21499888,22.53687743],[114.21466558,22.53620958],[114.21405411,22.53608787],[114.21214374,22.53416253],[114.21152216,22.53429767],[114.21111643,22.53505615],[114.21050224,22.53510665],[114.21042546,22.53575178],[114.2101593,22.53555592],[114.20981291,22.53589389],[114.20931248,22.53551242],[114.20970228,22.53514035],[114.20955062,22.5344785],[114.20911289,22.53453512],[114.20903294,22.53510037],[114.2089509,22.53414422],[114.20833838,22.53381855],[114.20843023,22.53230254],[114.20901156,22.53164242],[114.20965154,22.53158101],[114.20941255,22.53061509],[114.20893875,22.53049848],[114.20836953,22.52939576],[114.20842569,22.52885844],[114.20796835,22.52800264],[114.20851418,22.52697696],[114.20788958,22.52597311],[114.20813192,22.52488086],[114.20848207,22.52496239],[114.20921698,22.52424776],[114.21031112,22.52420362],[114.21028291,22.52496283],[114.20987653,22.52516009],[114.21022847,22.52564211],[114.21440217,22.52547309],[114.21520997,22.52576021],[114.21522301,22.52647667],[114.21633636,22.52737745],[114.21579283,22.52558903],[114.21604009,22.52499766],[114.21558987,22.52435022],[114.21570645,22.52401827],[114.21919576,22.5252552],[114.22020851,22.52750176],[114.22028262,22.52830838],[114.22075453,22.52860765],[114.22170766,22.52731604],[114.22126038,22.52814996],[114.22179634,22.52820669],[114.22130302,22.53017416],[114.22183349,22.53071074],[114.22350116,22.52982812],[114.22399408,22.52856144],[114.22589901,22.52922527],[114.22572633,22.52941256],[114.22593217,22.5292902],[114.22704538,22.5307291],[114.22739614,22.53072585],[114.2273608,22.53003046],[114.22808452,22.52994002],[114.22901758,22.53096697],[114.22914718,22.53384799],[114.23081052,22.5335785],[114.23181261,22.53234141],[114.2333319,22.53176695],[114.23611389,22.53365971],[114.23562634,22.53422139],[114.23604493,22.5340524],[114.23752894,22.53570191],[114.23764144,22.53667998],[114.23841575,22.53778801],[114.23876012,22.54107449],[114.24072923,22.54342997],[114.24059641,22.54366575],[114.24088369,22.54355818],[114.24085527,22.54601211],[114.24139621,22.54653928],[114.24185707,22.54801028],[114.24283541,22.54857776],[114.24266493,22.55035505],[114.24309051,22.54992891],[114.24309496,22.54846991],[114.24359063,22.54827311],[114.24377687,22.54619363],[114.24345975,22.54586349],[114.24435172,22.54588676],[114.24481962,22.54632273],[114.24443149,22.54817892],[114.24413513,22.54836598],[114.24492357,22.54942696],[114.24718835,22.54943109],[114.24751533,22.54915638],[114.2466444,22.54817923],[114.24649425,22.54714015],[114.24695026,22.5464975],[114.24728698,22.54673853],[114.24697826,22.54648033],[114.2471135,22.54617369],[114.24930127,22.5446064],[114.25122604,22.54551004],[114.25116036,22.54582088],[114.25060086,22.54574839],[114.25069838,22.54627714],[114.25027373,22.54655405],[114.2502476,22.54706359],[114.25042704,22.54772228],[114.25097626,22.54761227],[114.25132475,22.54808745],[114.25212749,22.54741423],[114.2533706,22.54774592],[114.2532309,22.54633562],[114.25455479,22.54644493],[114.2553847,22.54770984],[114.25489824,22.54882125],[114.2556007,22.54989064],[114.2553875,22.55071577],[114.25591291,22.55153504],[114.25616005,22.55116735],[114.25591177,22.55110036],[114.25563611,22.54950909],[114.25730021,22.54906926],[114.25736792,22.54850801],[114.25844942,22.5477424],[114.2591878,22.54788175],[114.25946913,22.54846345],[114.26033967,22.54899401],[114.26067614,22.54890373],[114.26076013,22.548348],[114.26033595,22.54779907],[114.25939102,22.5477198],[114.25915562,22.54713734],[114.25808401,22.54618214],[114.25722718,22.54604934],[114.25683933,22.54522708],[114.25585702,22.54456486],[114.25763986,22.5443183],[114.25821637,22.54453311],[114.25896878,22.54405581],[114.25794974,22.54329284],[114.25828408,22.54148344],[114.25611434,22.53952553],[114.2562835,22.53869645],[114.25720027,22.53788305],[114.25778949,22.53804164],[114.26008846,22.53941448],[114.26034353,22.54006262],[114.26131935,22.54062319],[114.2623722,22.5405994],[114.26317934,22.53956622],[114.26335036,22.53807954],[114.26259355,22.53744097],[114.26267067,22.53651963],[114.26181604,22.53544847],[114.26162779,22.53437996],[114.26104059,22.53436295],[114.2611351,22.53412466],[114.26193735,22.53371165],[114.26249012,22.53380541],[114.26295218,22.5351435],[114.2635527,22.5352934],[114.26373768,22.53614924],[114.26435636,22.53667306],[114.26719182,22.5369874],[114.26706356,22.53651582],[114.26768098,22.53532552],[114.26714394,22.53339632],[114.26396144,22.53276866],[114.26278811,22.52975403],[114.26333859,22.52962325],[114.26272042,22.52966828],[114.26227265,22.5277237],[114.26252015,22.52757635],[114.26161948,22.52679136],[114.26178433,22.5259102],[114.26146202,22.52573663],[114.26198716,22.52571308],[114.26307792,22.52465867],[114.26387252,22.52567937],[114.26443885,22.52530448],[114.26631974,22.52646368],[114.26648861,22.52627845],[114.26659648,22.52694597],[114.26795027,22.5272023],[114.26901527,22.52594267],[114.27098329,22.5256457],[114.27175838,22.52489228],[114.27250454,22.5256688],[114.27352709,22.52521407],[114.27433795,22.52657273],[114.27572555,22.52683165],[114.27541057,22.52808536],[114.27463043,22.52823474],[114.27373381,22.52889447],[114.27370345,22.5293216],[114.2744133,22.52969824],[114.27513081,22.52876843],[114.27624878,22.52837492],[114.27977263,22.52868757],[114.2804029,22.52906413],[114.28153961,22.52870108],[114.27957451,22.52705405],[114.27950808,22.52614102],[114.27853884,22.52489394],[114.27785039,22.52451429],[114.27850407,22.52350335],[114.27739171,22.52362853],[114.27732844,22.52274002],[114.27767983,22.5228675],[114.27817395,22.52227594],[114.27882071,22.52274667],[114.27948366,22.52266702],[114.27918891,22.522028],[114.27935889,22.52179624],[114.28028911,22.52162049],[114.28075744,22.52310386],[114.28212423,22.52362567],[114.28262759,22.52464122],[114.28294528,22.52471804],[114.28283432,22.52415728],[114.28340447,22.52385554],[114.28490353,22.52426233],[114.28470296,22.52473614],[114.28436772,22.52477084],[114.28455405,22.52483808],[114.28466362,22.52478916],[114.28475499,22.52522061],[114.28406393,22.525903],[114.28410792,22.5262499],[114.28457573,22.52609672],[114.28478951,22.52527409],[114.28563102,22.52561111],[114.28603164,22.5252408],[114.28589858,22.52499841],[114.28640236,22.52493859],[114.28588268,22.52497747],[114.28574487,22.52396739],[114.28506469,22.52368981],[114.28300711,22.52129667],[114.28139513,22.52041006],[114.2804981,22.52115312],[114.28167501,22.51952418],[114.28191254,22.51835498],[114.28157335,22.51817837],[114.28056549,22.51863336],[114.27953311,22.51821135],[114.27910067,22.51626537],[114.27959063,22.51529906],[114.27899827,22.51508419],[114.27899258,22.51445432],[114.27830973,22.51337821],[114.27726538,22.51403563],[114.27682325,22.51534371],[114.27617555,22.51560717],[114.27665869,22.51644403],[114.27478819,22.51627716],[114.27413568,22.51742613],[114.27247257,22.51741289],[114.27238567,22.51701841],[114.27313438,22.51659642],[114.27279836,22.51671479],[114.27247029,22.51693904],[114.27200956,22.51628782],[114.27260636,22.51569016],[114.2735075,22.51585265],[114.27369385,22.51533124],[114.27306801,22.51555345],[114.27243559,22.51523849],[114.2722387,22.51384003],[114.27181577,22.51371411],[114.27232956,22.51323878],[114.27125876,22.5128994],[114.2720135,22.51268459],[114.27224588,22.51213202],[114.2722308,22.51273392],[114.27330861,22.51337012],[114.27513665,22.51343611],[114.27521041,22.51313512],[114.27476184,22.51309071],[114.2745247,22.51262397],[114.27406457,22.51267642],[114.27417223,22.51178929],[114.27517349,22.51160733],[114.2743004,22.5109519],[114.27361529,22.51090334],[114.27337922,22.51139472],[114.27316644,22.51100284],[114.27370681,22.5101014],[114.27442124,22.50971153],[114.27463647,22.50884338],[114.27418892,22.50873767],[114.27317634,22.50943863],[114.27214179,22.50926634],[114.27187354,22.50955594],[114.2723315,22.50858399],[114.27187314,22.50856264],[114.27202989,22.50838068],[114.27155784,22.50812253],[114.2716719,22.50782075],[114.27222557,22.50816741],[114.27177406,22.50765537],[114.2728508,22.50764056],[114.2727399,22.50857039],[114.27305541,22.5087004],[114.27332267,22.50827647],[114.27386126,22.50815352],[114.27392456,22.50777136],[114.27448227,22.50823596],[114.27547912,22.50779014],[114.27593017,22.50844948],[114.27540554,22.50980206],[114.27585925,22.51004945],[114.27707672,22.5097765],[114.27757044,22.50897201],[114.27819474,22.50885176],[114.27792173,22.51013804],[114.27810929,22.51046104],[114.27898496,22.51052764],[114.27959837,22.50953459],[114.27975286,22.51035417],[114.28022388,22.51055196],[114.28203686,22.51070456],[114.28340628,22.51022951],[114.28402378,22.51137129],[114.28430567,22.51068724],[114.28533145,22.51093887],[114.28591049,22.51051559],[114.28481582,22.51020963],[114.2840059,22.50901752],[114.28318774,22.5097374],[114.28167912,22.50991093],[114.28231991,22.50939714],[114.28230061,22.50888931],[114.28303494,22.50928044],[114.28325183,22.50845247],[114.28453118,22.50803051],[114.28524619,22.50868373],[114.2860895,22.50854386],[114.28623052,22.50823866],[114.2876975,22.50924465],[114.28786627,22.50816199],[114.28653179,22.50681747],[114.28586803,22.50559735],[114.28632455,22.50542585],[114.28670404,22.50606762],[114.28822511,22.50661254],[114.28832993,22.50604859],[114.28915286,22.50592509],[114.28919282,22.50549268],[114.29017195,22.50504525],[114.29103623,22.5050576],[114.29112818,22.5047082],[114.29064897,22.50436438],[114.29112314,22.5038521],[114.29097473,22.50421142],[114.29150375,22.5043654],[114.29163608,22.50557669],[114.29003993,22.50604017],[114.28994449,22.50690413],[114.29037142,22.50748257],[114.28972789,22.50814536],[114.29060156,22.50871464],[114.2917077,22.50892423],[114.29160977,22.5075526],[114.2922617,22.5076976],[114.29245527,22.50742022],[114.2921518,22.50647318],[114.29293962,22.50706647],[114.29280101,22.50828838],[114.29313765,22.50844113],[114.29373992,22.50803763],[114.29350805,22.50689252],[114.29386337,22.50618236],[114.29262185,22.50517155],[114.2926427,22.50480245],[114.29322926,22.50447069],[114.29269165,22.50386617],[114.29348816,22.50414988],[114.29402874,22.50369904],[114.29429353,22.50426288],[114.29381068,22.50485254],[114.29460706,22.50528081],[114.29614544,22.50465845],[114.29689656,22.50475209],[114.29701327,22.50399281],[114.29746439,22.50383239],[114.29756048,22.50329262],[114.29724786,22.50231326],[114.29635121,22.50238732],[114.29615181,22.50210417],[114.29697805,22.50172453],[114.29673967,22.50107089],[114.29773019,22.50086724],[114.2982344,22.50020791],[114.29866841,22.50063054],[114.29833074,22.50064083],[114.29805686,22.50113601],[114.29870274,22.50130546],[114.29825194,22.50243204],[114.2990889,22.5022869],[114.29952776,22.50259167],[114.30054985,22.50223659],[114.30000633,22.50152146],[114.30021409,22.50103357],[114.30153405,22.50123182],[114.30303262,22.49980914],[114.3036771,22.49859775],[114.30336304,22.49809846],[114.30428278,22.4979199],[114.30474295,22.49725335],[114.304607,22.49781866],[114.30487832,22.49789586],[114.30437976,22.49930373],[114.30699655,22.5012911],[114.30850664,22.50155178],[114.30897954,22.50080216],[114.30966237,22.50045097],[114.30960912,22.50065148],[114.30901645,22.50122502],[114.30940607,22.5020919],[114.31052006,22.50261352],[114.31188562,22.50249379],[114.31215637,22.50289531],[114.31317683,22.5027213],[114.31364303,22.50363867],[114.31457996,22.50406204],[114.31585913,22.50409481],[114.316391,22.50366272],[114.31742035,22.50442754],[114.31724541,22.50422277],[114.31764711,22.5038165],[114.32012992,22.50363069],[114.32035748,22.50383009],[114.32022762,22.50458602],[114.32163888,22.50470499],[114.32249794,22.50538238],[114.324249,22.50588777],[114.32685159,22.50597462],[114.32826797,22.50791316],[114.33033197,22.50943831],[114.33149752,22.50967786],[114.33373466,22.51135569],[114.33439894,22.51030284],[114.33580924,22.51002141],[114.33580948815539,22.51002063471704],[114.33479,22.50903],[114.33426,22.5089],[114.3339,22.50871],[114.33348,22.50848],[114.3328,22.50794],[114.33183,22.50673],[114.33148,22.50651],[114.33106,22.50609],[114.33036,22.5055],[114.32986,22.505],[114.32913,22.50459],[114.32869,22.50441],[114.3278,22.50394],[114.32749,22.5037],[114.32723,22.50355],[114.32681,22.50319],[114.3267,22.50313],[114.32652,22.50297],[114.3263,22.50291],[114.32605,22.50297],[114.32578,22.50307],[114.32549,22.50313],[114.32495,22.50328],[114.32471,22.50333],[114.3244,22.5033],[114.32397,22.50318],[114.32385,22.50302],[114.32361,22.50281],[114.32307,22.50252],[114.32288,22.50242],[114.32255,22.50236],[114.32219,22.50227],[114.32202,22.50217],[114.32187,22.50196],[114.32145,22.50147],[114.32094,22.50107],[114.32054,22.5009],[114.32004,22.50075],[114.31912,22.50056],[114.31883,22.50045],[114.31848,22.50025],[114.31832,22.50022],[114.31821,22.50016],[114.31810171881878,22.500110024070207],[114.31808904,22.50010574],[114.31808015598209,22.500100071991735],[114.31808,22.5001],[114.31807990170802,22.500099909764735],[114.31603028,22.49879225],[114.31780206155601,22.499844843395685],[114.31747,22.49954],[114.31699,22.49917],[114.31676,22.49905],[114.31638,22.49895],[114.31603,22.49879],[114.31601,22.49869],[114.31611,22.49821],[114.31613,22.49786],[114.31601,22.49766],[114.31596,22.49748],[114.31582,22.49713],[114.31574,22.49685],[114.31563,22.49667],[114.31545,22.4965],[114.3153,22.49639],[114.3151,22.49632],[114.31488,22.49631],[114.31467,22.4962],[114.31449,22.49609],[114.31385,22.49558],[114.3136,22.49551],[114.31317,22.49556],[114.31272,22.49557],[114.31247,22.49556],[114.31214,22.49547],[114.3116,22.49521],[114.31154,22.49515],[114.31149,22.49501],[114.31142,22.49492],[114.31135,22.49488],[114.31133,22.49481],[114.31124,22.49471],[114.31119,22.49463],[114.31111,22.49457],[114.31106,22.49451],[114.31101,22.4945],[114.311,22.49445],[114.31096,22.49442],[114.31095,22.49437],[114.31087,22.4943],[114.31079,22.49426],[114.31073,22.49419],[114.31062,22.49417],[114.31045,22.49402],[114.31039,22.49396],[114.31032,22.49391],[114.31025,22.49383],[114.31015,22.4938],[114.31009,22.49378],[114.31004,22.49371],[114.31001,22.49371],[114.30991,22.49378],[114.30973,22.49378],[114.30969,22.4938],[114.30957,22.49374],[114.30954,22.49372],[114.30947,22.4937],[114.30935,22.49362],[114.30921,22.49361],[114.30914,22.49356],[114.30885,22.49348],[114.30874,22.49344],[114.30856,22.49331],[114.30847,22.49318],[114.30803,22.49279],[114.30772,22.49259],[114.30669,22.49206],[114.30535,22.49119],[114.3051,22.49107],[114.30491,22.49102],[114.30461,22.49101],[114.30401,22.491],[114.30386,22.49097],[114.3038494159698,22.49096576638792],[114.3038558,22.49096931],[114.30384786277283,22.49096514510913],[114.30336,22.49077],[114.30302554266792,22.490533650152],[114.30210955496449,22.490053005117943],[114.30222528,22.49006425],[114.30285934159724,22.49041620139538],[114.30261,22.49024],[114.30222,22.49006],[114.30207,22.49004],[114.30148,22.48997],[114.30111,22.48996],[114.30088,22.49017],[114.30068,22.49041],[114.30053,22.49052],[114.30031,22.49059],[114.29996679854884,22.49067825180173],[114.2999619,22.49068135],[114.29995029659734,22.49068149283118],[114.29944,22.49076],[114.29865,22.49065],[114.29844,22.49065],[114.29822,22.4907],[114.29790054209654,22.490822145668968],[114.29805659480061,22.490807132979334],[114.29643532720486,22.491851661357387],[114.29628,22.49203],[114.29603,22.49212],[114.29564,22.49214],[114.29544,22.49213],[114.29412,22.49193],[114.29364,22.49199],[114.29342,22.49235],[114.29318,22.49258],[114.29286,22.49279],[114.29259,22.49301],[114.29203,22.4934],[114.29175,22.49358],[114.29158,22.49364],[114.29138,22.49367],[114.29105,22.49368],[114.29076,22.49373],[114.29027,22.49398],[114.28959,22.49446],[114.28945,22.4946],[114.28932,22.49477],[114.28864,22.49537],[114.2883,22.49559],[114.28756,22.49596],[114.28707,22.49623],[114.28621,22.49657],[114.28579,22.4967],[114.28488,22.49686],[114.2845,22.49689],[114.28377,22.49682],[114.28356,22.49682],[114.28264,22.49697],[114.28232,22.49709],[114.2818,22.49737],[114.2812,22.49783],[114.28102,22.498],[114.28068,22.49822],[114.28055,22.49825],[114.2804,22.49826],[114.2785,22.49751],[114.27817,22.4974],[114.27775,22.49734],[114.27695,22.49705],[114.27619,22.49675],[114.27551,22.49655],[114.27539,22.49648],[114.27515,22.4963],[114.27488,22.49614],[114.27472,22.49606],[114.27436,22.49599],[114.27333,22.49599],[114.27298,22.49594],[114.27206,22.49586],[114.27113,22.49584],[114.27067,22.49587],[114.27032,22.49597],[114.27,22.49604],[114.26944,22.49604],[114.26909,22.496],[114.26886,22.49595],[114.26858,22.49584],[114.26835,22.49572],[114.26794,22.49541],[114.26774,22.49532],[114.26757,22.49529],[114.26738,22.4953],[114.26705,22.49542],[114.26684,22.4956],[114.26651,22.4958],[114.26627,22.49585],[114.26612,22.49585],[114.26599,22.49582],[114.26591,22.4957],[114.26589,22.49556],[114.26594,22.49525],[114.26603,22.49488],[114.26604,22.49464],[114.26599,22.49444],[114.26588,22.49431],[114.2655,22.49414],[114.26541,22.49405],[114.26531,22.49391],[114.26528,22.49378],[114.26521,22.49369],[114.26467,22.4936],[114.26456,22.49355],[114.26419,22.49315],[114.26399,22.49303],[114.2638,22.49299],[114.26361,22.49302],[114.26342,22.49311],[114.26332,22.49318],[114.26313,22.49304],[114.26296,22.49295],[114.26269,22.49287],[114.26243,22.49282],[114.26215,22.49282],[114.26173,22.49286],[114.26154,22.4929],[114.26149,22.49293],[114.26137,22.49295],[114.26122,22.49294],[114.26105,22.4929],[114.26098,22.49292],[114.26085,22.49307],[114.26065,22.49322],[114.26032,22.49339],[114.26018,22.49349],[114.26014,22.49349],[114.26006,22.49346],[114.25971,22.49326],[114.2595,22.49323],[114.25937,22.49323],[114.25881,22.49328],[114.25841,22.49323],[114.25822,22.49318],[114.25784,22.49295],[114.25763,22.4929],[114.2572,22.49291],[114.25685,22.49289],[114.25657,22.49298],[114.25638,22.49299],[114.25611,22.49283],[114.25609,22.4928],[114.25585,22.49273],[114.25552,22.49274],[114.25486,22.49286],[114.25468,22.49284],[114.25434,22.49284],[114.25423,22.49284],[114.25415,22.49287],[114.2537,22.49321],[114.25348,22.49329],[114.2528,22.49332],[114.25246,22.49332],[114.25227,22.49328],[114.25202,22.49316],[114.25189,22.49315],[114.25168,22.49316],[114.2515,22.49326],[114.25125,22.49348],[114.2505,22.49423],[114.25029,22.49429],[114.24961,22.49439],[114.24939,22.49447],[114.24904,22.49462],[114.24879,22.49481],[114.24848,22.49526],[114.24825,22.49573],[114.24809,22.49588],[114.24805,22.49593],[114.24801,22.49604],[114.248,22.49625],[114.24797,22.49636],[114.24768,22.49665],[114.24755,22.49687],[114.2475,22.49706],[114.24749,22.49727],[114.24755,22.49763],[114.24755,22.49769],[114.24752,22.4978],[114.24732,22.49798],[114.24683,22.4985],[114.24671,22.49867],[114.24634,22.49906],[114.24604,22.4995],[114.24556,22.49992],[114.24494,22.50082],[114.24473,22.50099],[114.24442,22.50116],[114.2442,22.50125],[114.24373,22.50137],[114.24345,22.50148],[114.24325,22.50162],[114.24306,22.50188],[114.24289,22.50202],[114.2424,22.50215],[114.24218,22.50224],[114.2422,22.50234],[114.24217,22.50242],[114.24216,22.50251],[114.24239,22.50365],[114.24252,22.50458],[114.24165,22.50465],[114.24159,22.5042],[114.24141,22.50398],[114.24128,22.50391],[114.2411,22.50383],[114.24079,22.50381],[114.24065,22.50376],[114.24036,22.5035],[114.24024,22.50344],[114.24009,22.50342],[114.23975,22.5035],[114.23949,22.50351],[114.2393,22.50347],[114.239,22.50334],[114.23875,22.50319],[114.23847,22.503],[114.23844,22.50294],[114.23835,22.5008],[114.23832,22.50072],[114.23805,22.50047],[114.23768,22.50018],[114.23753,22.50013],[114.23735,22.50012],[114.23691,22.50017],[114.23669,22.50014],[114.23655,22.50008],[114.23627,22.49984],[114.23592,22.49955],[114.23572,22.49939],[114.23564,22.49936],[114.23535,22.49913],[114.23521,22.49907],[114.23538,22.49892],[114.23543,22.49885],[114.23555,22.49861],[114.23554,22.49835],[114.23466,22.49786],[114.23458,22.49782],[114.23441,22.49781],[114.23414,22.49789],[114.23391,22.49792],[114.23384,22.49791],[114.23365,22.49777],[114.23344,22.49781],[114.23321,22.49792],[114.23296,22.49814],[114.23286,22.4982],[114.23256,22.49828],[114.23245,22.49835],[114.23189,22.4976],[114.23171,22.49729],[114.23136,22.49657],[114.2313,22.49635],[114.2312,22.49578],[114.23115,22.49565],[114.23084,22.49502],[114.23043,22.49407],[114.23027,22.49386],[114.22998,22.49366],[114.2294,22.49286],[114.22934,22.49272],[114.22924,22.49261],[114.22905,22.49241],[114.22881,22.49225],[114.22868,22.49218],[114.22804,22.49168],[114.22756,22.49138],[114.22732,22.49122],[114.22711,22.49106],[114.22686,22.49092],[114.2266,22.49081],[114.22632,22.49072],[114.22604,22.49067],[114.22549,22.49048],[114.22469,22.49026],[114.22469,22.48991],[114.2246,22.48962],[114.22461,22.48921],[114.22459,22.48902],[114.22444,22.48887],[114.22431,22.48871],[114.22412,22.48863],[114.22403,22.48846],[114.22402,22.48829],[114.22414,22.48779],[114.2241,22.48749],[114.22404,22.48738],[114.22364,22.48696],[114.2235,22.48715],[114.22317726767339,22.487433613256712],[114.22317395,22.4874379],[114.2231717447079,22.48743846677184],[114.22317,22.48744],[114.22302,22.4875],[114.22288543080789,22.487512050972427],[114.2221718643811,22.487695441352987],[114.22248615500646,22.487547807014344],[114.22235,22.48756],[114.22211,22.48767],[114.22197,22.48775],[114.22176,22.48788],[114.2216,22.48804],[114.22149670577265,22.48816911778419],[114.22176298,22.48788751],[114.22189356550996,22.487826168986803],[114.22124704541359,22.48847370134719],[114.22087,22.48892],[114.22053901163915,22.489182843698327],[114.22052326,22.48919862],[114.22053566244674,22.489185503351116],[114.22053,22.48919],[114.22044,22.48923],[114.22028,22.48925],[114.21985,22.48907],[114.21955,22.48915],[114.21944,22.4891],[114.21886,22.48935],[114.2181,22.48972],[114.21777,22.48994],[114.21767,22.48997],[114.21661,22.49001],[114.21637,22.49008],[114.21615,22.49017],[114.216,22.49016],[114.21585,22.49014],[114.21525,22.48995],[114.21505,22.4899],[114.21465,22.48994],[114.21454,22.48995],[114.21376,22.49019],[114.21358,22.49024],[114.21327,22.49037],[114.21277,22.49018],[114.21241,22.49025],[114.21208442802849,22.490381988637104],[114.21214349275999,22.490381257526366],[114.21204641390348,22.49039739976886],[114.21204,22.4904],[114.21152,22.49039],[114.211,22.49033],[114.21054,22.49026],[114.20972,22.49015],[114.20933,22.49026],[114.20893,22.49009],[114.20864,22.48996],[114.20823,22.4897],[114.20783,22.4896],[114.20756,22.48954],[114.20745,22.48953],[114.20731,22.48957],[114.20715,22.48979],[114.20705,22.48984],[114.20677,22.48985],[114.20664,22.48989],[114.20613,22.49024],[114.2057,22.49065],[114.20558,22.49076],[114.20549,22.49078],[114.2052,22.49081],[114.20492,22.4909],[114.20464,22.49111],[114.20434,22.49139],[114.2037,22.49174],[114.20249,22.49247],[114.20106,22.49276],[114.2008,22.49284],[114.2006,22.49293],[114.20047,22.49293],[114.20017,22.49279],[114.20006,22.4928],[114.19932,22.49305],[114.19891,22.49298],[114.19865,22.49298],[114.1984,22.49301],[114.19816,22.49305],[114.19798,22.49307],[114.19756,22.49297],[114.19744,22.49299],[114.19735,22.49307],[114.1972,22.49325],[114.19714,22.49328],[114.19662,22.49312],[114.19599,22.49315],[114.19584,22.49308],[114.19577,22.49308],[114.19565,22.49317],[114.19548,22.49325],[114.19543,22.49332],[114.19535,22.4935],[114.1953,22.49359],[114.19507,22.49375],[114.19485,22.49386],[114.19476,22.49399],[114.19474,22.49416],[114.19472065891698,22.494193846895282],[114.19482932322313,22.494077581416704],[114.19434385873014,22.499037642915802],[114.1946870901997,22.49423234723642],[114.19459,22.49425],[114.19429,22.49446],[114.19422,22.49454],[114.1941,22.49477],[114.19403,22.49487],[114.19395,22.49492],[114.19383,22.49498],[114.19366,22.49496],[114.1934,22.4948],[114.19333,22.49478],[114.19269,22.49477],[114.19237,22.49473],[114.19229,22.49469],[114.19211,22.49458],[114.19196,22.49442],[114.19184,22.49437],[114.19158,22.49435],[114.19156,22.49437],[114.19153,22.49451],[114.19151,22.49467],[114.19151,22.49478],[114.19149,22.49487],[114.19143,22.49492],[114.19128,22.49501],[114.19086,22.49511],[114.19021,22.49512],[114.18991,22.49518],[114.18968,22.49518],[114.18922,22.49511],[114.18905,22.49511],[114.18891,22.49511],[114.18877,22.49513],[114.18864,22.49518],[114.18851,22.49518],[114.18816,22.4953],[114.18798,22.49531],[114.18779,22.4953],[114.1877811092454,22.49531778150919],[114.18778408367099,22.49531757655582],[114.18778092687712,22.49531814624576],[114.18775,22.49538],[114.18722,22.49549],[114.18665,22.49558],[114.18612,22.49562],[114.18545930329817,22.49562],[114.18334402,22.49562352],[114.18339510468385,22.49562],[114.18335,22.49562],[114.17938254056742,22.494520703935557],[114.17938452,22.49452259],[114.17938215850374,22.494520598074086],[114.17938,22.49452],[114.17922,22.49444],[114.1791,22.49436],[114.17898,22.49428],[114.17884,22.49415],[114.17872,22.494],[114.17864062867719,22.49389511646629],[114.17804179584027,22.49339],[114.178,22.49339],[114.17775,22.49338],[114.17754,22.49322],[114.17733,22.49285],[114.17719,22.49251],[114.17707,22.49238],[114.1770086874902,22.492339124993467],[114.17706634,22.49238302],[114.17726348604815,22.492733494431775],[114.17576915372483,22.491473022700635],[114.17562,22.49141],[114.17548,22.49127],[114.17542441611258,22.491182235967237],[114.17482377,22.49067559],[114.17536407814428,22.491086965490968],[114.17529,22.49097],[114.17501,22.49074],[114.17482,22.49067],[114.17486,22.49046],[114.17486,22.49037],[114.17482,22.49036],[114.17473,22.49025],[114.1747,22.49021],[114.17463,22.49001],[114.17442,22.48983],[114.17439,22.48948],[114.17429,22.48917],[114.17422,22.48907],[114.17391,22.48893],[114.17389,22.4889],[114.17381,22.48883],[114.17376,22.48867],[114.17373,22.48853],[114.17371,22.48836],[114.17368,22.48822],[114.17363,22.4881],[114.17357,22.48804],[114.17341,22.48794],[114.17303,22.48776],[114.17291,22.48769],[114.17285,22.48765],[114.17277,22.48753],[114.17275,22.48747],[114.17274,22.48738],[114.17267,22.48737],[114.17262,22.48735],[114.1725,22.48728],[114.17243,22.48717],[114.17238,22.48706],[114.17238,22.48698],[114.17243,22.48687],[114.17243,22.48667],[114.17208,22.48622],[114.172,22.48602],[114.17199,22.48578],[114.17203,22.48518],[114.17187,22.48478],[114.17184,22.48466],[114.17183,22.48449],[114.17186645438701,22.484386245206185],[114.17181057146772,22.48409390115151],[114.17190483800998,22.484046823390756],[114.17178,22.48397],[114.17171,22.48397],[114.17167,22.48401],[114.17161,22.48412],[114.17154,22.48427],[114.17149,22.48432],[114.17132,22.48437],[114.17106,22.48447],[114.17066,22.48467],[114.17062,22.48468],[114.17005,22.48468],[114.16976,22.48464],[114.16964,22.48466],[114.16961,22.48485],[114.16961,22.48502],[114.16974,22.48506],[114.17009,22.48519],[114.17011,22.48525],[114.17007,22.48531],[114.16995,22.48538],[114.16983,22.48544],[114.16976,22.48552],[114.16975,22.48559],[114.16978,22.48566],[114.16976,22.48573],[114.16962,22.48596],[114.16939,22.48627],[114.1693,22.48658],[114.169,22.48689],[114.16889,22.48696],[114.16874,22.48671],[114.16858,22.48645],[114.16845,22.4864],[114.16832,22.4864],[114.16809,22.48642],[114.16795,22.48639],[114.16785,22.48635],[114.1677,22.48626],[114.16751,22.48622],[114.16714,22.48617],[114.16699,22.48608],[114.1669,22.48608],[114.16678,22.4861],[114.1665,22.48611],[114.16636,22.48609],[114.16619,22.48593],[114.16608,22.4858],[114.1659,22.48572],[114.16559,22.48563],[114.16533,22.48559],[114.16513,22.48566],[114.16499,22.48574],[114.16496229696428,22.485782620054966],[114.16558928,22.48563265],[114.16495323458601,22.485796562175373],[114.16486,22.48594],[114.16475,22.48601],[114.16469,22.48601],[114.16453,22.48598],[114.16431422870394,22.4859612372786],[114.16412625518878,22.486009679020505],[114.16412331,22.4859833],[114.1641519461574,22.485976450426953],[114.16412,22.48598],[114.16406,22.48603],[114.16416,22.48623],[114.16416,22.48632],[114.16423,22.48646],[114.16426,22.48684],[114.16423,22.487],[114.16412,22.48706],[114.16385,22.48712],[114.1638,22.48723],[114.1638,22.48752],[114.16384,22.48772],[114.16434,22.4886],[114.16444,22.48895],[114.16441,22.48915],[114.1643,22.48957],[114.16419,22.48969],[114.16407,22.48976],[114.16382,22.48979],[114.16363,22.48978],[114.16348,22.48974],[114.15954,22.4883],[114.15318,22.48827],[114.1515,22.48824],[114.15144,22.48822],[114.1514,22.48819],[114.1514,22.48814],[114.15142,22.48809],[114.15191,22.48741],[114.15193,22.48736],[114.15194,22.4873],[114.15194,22.48725],[114.15192,22.48718],[114.15188,22.48715],[114.15181,22.48713],[114.15169,22.48713],[114.15163,22.48712],[114.15157,22.4871],[114.15152,22.48706],[114.15149,22.48701],[114.15149,22.48696],[114.15152,22.48691],[114.152,22.48658],[114.15233,22.48632],[114.15218,22.48634],[114.15212,22.48634],[114.15207,22.48631],[114.15205,22.48628],[114.15205,22.48619],[114.15197,22.48606],[114.15194,22.48584],[114.15193,22.48581],[114.15189,22.48578],[114.15174,22.48568],[114.15169,22.48566],[114.15155,22.48564],[114.15143,22.48562],[114.15133,22.48559],[114.15119,22.48553],[114.15134,22.48545],[114.15201,22.48503],[114.15207,22.48498],[114.15241,22.48469],[114.15274,22.48446],[114.15288,22.48439],[114.15315,22.4842],[114.15324,22.4841],[114.15332,22.48399],[114.15323,22.48366],[114.15309,22.48321],[114.15306,22.48306],[114.15303,22.48283],[114.15302,22.48234],[114.15303,22.48198],[114.15304,22.4818],[114.1531,22.48143],[114.15317,22.48114],[114.15332,22.4808],[114.15293,22.48013],[114.15162,22.48011],[114.15152,22.48012],[114.15143,22.48014],[114.15129,22.48022],[114.15121,22.48028],[114.15114,22.48034],[114.15108,22.48042],[114.14979,22.47971],[114.14958,22.47965],[114.14928,22.47962],[114.149,22.47972],[114.14842,22.47796],[114.14841,22.47788],[114.14842,22.47778],[114.14848,22.47767],[114.14853,22.47752],[114.14851,22.47735],[114.14832,22.47682],[114.14822,22.47664],[114.14813,22.47654],[114.148,22.47643],[114.14757,22.47614],[114.14713,22.47572],[114.14685,22.47561],[114.14654,22.47552],[114.14636,22.47536],[114.14625,22.4752],[114.14602,22.47485],[114.14579,22.47468],[114.1456,22.4746],[114.14532,22.47457],[114.14504,22.47461],[114.14441,22.47472],[114.1439,22.47473],[114.14389,22.47469],[114.14396,22.47416],[114.14393,22.47397],[114.14373,22.47366],[114.14359,22.47354],[114.1434,22.47348],[114.14229,22.47342],[114.14214,22.47338],[114.14205,22.47332],[114.14197,22.47319],[114.14193,22.47313],[114.14185,22.47286],[114.14165,22.47259],[114.14124,22.47244],[114.14108,22.47229],[114.14086,22.47224],[114.14054,22.47224],[114.14014,22.472],[114.13998,22.47198],[114.13992,22.47196],[114.13954,22.47173],[114.1389,22.47165],[114.13871,22.47158],[114.13852,22.47145],[114.1385,22.47142],[114.13849,22.47134],[114.13852,22.47131],[114.13868,22.47127],[114.13871,22.47122],[114.13872,22.47115],[114.13865,22.47108],[114.13847,22.47096],[114.13814,22.47071],[114.13805,22.47061],[114.13779,22.47049],[114.13765,22.47042],[114.13763,22.4704],[114.13762,22.47034],[114.13761,22.47015],[114.13758,22.4701],[114.13746,22.46999],[114.13719,22.46979],[114.13676,22.46959],[114.13624,22.46925],[114.13615,22.46903],[114.13587,22.46888],[114.13575,22.46845],[114.13557,22.46838],[114.13528,22.46835],[114.13505,22.46816],[114.13487,22.468],[114.13469,22.46798],[114.13456,22.46793],[114.13419,22.46781],[114.13401,22.4678],[114.13356,22.46785],[114.13315,22.46785],[114.13281,22.46787],[114.13274,22.46792],[114.13221,22.46818],[114.13145,22.46862],[114.13133,22.46866],[114.13124,22.46866],[114.13114,22.46865],[114.13105,22.46862],[114.13093,22.46855],[114.13075,22.46843],[114.13061,22.46838],[114.12998,22.4683],[114.12961,22.46779],[114.12938,22.4675],[114.1293,22.46744],[114.12922,22.4674],[114.12913,22.46738],[114.12892,22.46737],[114.12883,22.46736],[114.12873,22.46733],[114.12864,22.46729],[114.1281,22.467],[114.1279,22.46651],[114.12657,22.46617],[114.12595,22.4657],[114.12579,22.46571],[114.12559,22.46576],[114.12532,22.46593],[114.12503,22.46602],[114.12472,22.46597],[114.12453,22.46596],[114.12426,22.46604],[114.12388,22.46623],[114.12367,22.46625],[114.1235,22.46618],[114.12334,22.4659],[114.12311,22.4658],[114.12266,22.46568],[114.12235,22.46572],[114.12176,22.46587],[114.12151,22.46595],[114.12092,22.46642],[114.12076,22.46661],[114.12073686572012,22.466675843719685],[114.12076363,22.46660951],[114.1208785675835,22.466507426738776],[114.12061883261589,22.467069339072907],[114.12061,22.46714],[114.12054,22.46743],[114.1205,22.46752],[114.12043,22.46763],[114.12037,22.46771],[114.1203,22.46776],[114.12029944251508,22.467760309713846],[114.12029837,22.46776263],[114.12029926679986,22.467760407333408],[114.12021,22.46781],[114.1197,22.46791],[114.11942,22.46799],[114.11882,22.46801],[114.11731,22.46894],[114.11723,22.4691],[114.11703,22.46926],[114.11687,22.46934],[114.11657,22.46943],[114.1161,22.46942],[114.11608,22.46953],[114.1161,22.46964],[114.11619,22.46971],[114.11622,22.46987],[114.11621,22.47004],[114.11609,22.47026],[114.11577,22.47057],[114.11575395155825,22.470595677506807],[114.11619987,22.47016353],[114.11574037369498,22.470617402088042],[114.11562,22.47081],[114.11550390769283,22.470850973755475],[114.11525751255814,22.47109435302324],[114.11514,22.4713],[114.11499,22.4714],[114.11487,22.47143],[114.11472,22.47138],[114.11457,22.47126],[114.11444,22.47101],[114.11439,22.47095],[114.11425,22.47093],[114.11417,22.47095],[114.11412,22.47099],[114.11403,22.47105],[114.11385,22.47114],[114.11368,22.47125],[114.11341,22.47133],[114.11308,22.47122],[114.11287,22.47121],[114.11271,22.47119],[114.11234,22.47122],[114.11212,22.47114],[114.11203,22.47104],[114.11196,22.47091],[114.11186,22.4708],[114.11175,22.4707],[114.11162,22.47065],[114.11152955279492,22.470625332580433],[114.11159116476291,22.470667990444348],[114.11088836,22.47072232],[114.11080225895122,22.470667485207468],[114.11082166484746,22.470665832423727],[114.11065,22.47058],[114.11035,22.47041],[114.11024,22.4704],[114.11007,22.47039],[114.10982,22.47031],[114.10959,22.4702],[114.10937,22.46994],[114.1093,22.46969],[114.10916,22.46935],[114.10908,22.46926],[114.10896,22.4692],[114.10887,22.46917],[114.10876,22.4692],[114.10535834268448,22.469815458780804],[114.10864442,22.46931289],[114.10873531277096,22.469370663102694],[114.10495694226672,22.46988808379526],[114.10467,22.46994],[114.10425,22.46999],[114.10418,22.46993],[114.10377,22.46975],[114.10339,22.4695],[114.10287,22.46938],[114.10274,22.46938],[114.10258,22.46934],[114.1024,22.46914],[114.10196,22.46875],[114.1017,22.46867],[114.10143,22.46851],[114.1014,22.46848],[114.1013,22.46844],[114.10092,22.46821],[114.10071,22.46788],[114.10005,22.46759],[114.09999042495795,22.46755595711883],[114.10013464955402,22.467655490264452],[114.09972896004956,22.467495843126034],[114.09998091373025,22.46755052213157],[114.09998,22.46755],[114.09947,22.46739],[114.09909,22.46742],[114.09904,22.4674],[114.09895,22.46741],[114.09845530680145,22.46738526534007],[114.09835128,22.46738437],[114.09629752052382,22.466752841166027],[114.09628,22.46675],[114.09524,22.46674],[114.09479,22.46677],[114.09455,22.46682],[114.09423,22.46682],[114.09413,22.46673],[114.09407,22.46669],[114.09402,22.46666],[114.0937,22.46648],[114.09324,22.46639],[114.09301,22.46637],[114.09281,22.46629],[114.09271,22.4662],[114.09269,22.46616],[114.09259,22.46609],[114.09253,22.46605],[114.09244,22.46602],[114.09203,22.46604],[114.09196,22.46607],[114.09193,22.46607],[114.09176,22.46604],[114.09127,22.46592],[114.09104,22.46591],[114.09088,22.46595],[114.09057,22.46615],[114.09016,22.46624],[114.0898,22.46618],[114.08943,22.46598],[114.08916,22.46594],[114.08893,22.46609],[114.08909,22.46637],[114.0897,22.4673],[114.09,22.46793],[114.09011,22.46825],[114.0901,22.46859],[114.08988,22.46945],[114.08986,22.47029],[114.08967,22.47074],[114.08955,22.47144],[114.08977,22.47313],[114.08976319223191,22.473218500985194],[114.08977381,22.47312967],[114.08948001306183,22.477996053553515],[114.08952,22.47816],[114.08953,22.47824],[114.08964,22.47929],[114.08956,22.4807],[114.08945,22.48092],[114.08942,22.48103],[114.08934,22.48123],[114.08926,22.48158],[114.08929278741272,22.48160622993018],[114.08929314925538,22.481597108350975],[114.0893075697814,22.48161805582512],[114.08946,22.48174],[114.08964,22.48196],[114.08981,22.4822],[114.08987,22.48227],[114.09002,22.48247],[114.09002,22.48249],[114.09011,22.48261],[114.09022,22.48279],[114.09028,22.48286],[114.09035,22.48298],[114.09037,22.48304],[114.09044,22.48314],[114.09047,22.4832],[114.09071,22.48343],[114.09076,22.48348],[114.09103,22.48412],[114.09124,22.48436],[114.09134,22.48444],[114.09158,22.48455],[114.09169,22.48456],[114.09195,22.48467],[114.09219,22.48482],[114.09229,22.4849],[114.09234,22.48511],[114.09231,22.4852],[114.09231,22.48527],[114.09228,22.48536],[114.09225,22.48552],[114.09221432462341,22.48589815899195],[114.09233616041422,22.48517694468456],[114.09238496,22.48521301],[114.0922,22.48613998545286],[114.0922,22.48626],[114.0921,22.48713],[114.0923,22.48817],[114.09243,22.48856],[114.09249,22.48876],[114.0924,22.4895],[114.09241,22.48984],[114.09266,22.49058],[114.09246,22.49108],[114.09248,22.49123],[114.09261,22.49142],[114.09299,22.49169],[114.09318489364128,22.491986980786727],[114.09319953394318,22.491980798217444],[114.09322033,22.49199893],[114.0931983826422,22.492007535454785],[114.0932,22.49201],[114.09316,22.4921],[114.09254,22.4924],[114.09245,22.49251],[114.09248,22.49256],[114.09256,22.49266],[114.09267,22.49275],[114.09277,22.49284],[114.09278,22.49286],[114.09276,22.49291],[114.09272,22.49293],[114.09264,22.49296],[114.09261,22.49298],[114.09253,22.49305],[114.09242,22.49313],[114.09234,22.49323],[114.0923,22.49328],[114.0923,22.4933],[114.09231,22.4934],[114.09229,22.49342],[114.09216,22.49348],[114.09211,22.49353],[114.09206,22.49368],[114.09207,22.49372],[114.09213,22.49386],[114.09214,22.4939],[114.0921,22.49396],[114.09207,22.49401],[114.09203,22.49406],[114.09193,22.49413],[114.09181,22.49416],[114.09168,22.49417],[114.09153,22.49414],[114.09148,22.49413],[114.09143,22.49414],[114.09138,22.49416],[114.09135,22.49421],[114.09135,22.49425],[114.09131,22.49432],[114.09124,22.4944],[114.09123,22.49442],[114.09118,22.49458],[114.09118,22.49466],[114.09117,22.49472],[114.0911,22.49498],[114.09105,22.49508],[114.091,22.49517],[114.09092,22.49525],[114.09085,22.49535],[114.09082,22.4954],[114.09077,22.49553],[114.09075,22.49562],[114.09071,22.49567],[114.09068,22.49573],[114.09061,22.49583],[114.09057,22.4959],[114.09047,22.49604],[114.0898,22.49637],[114.0897,22.49653],[114.08993,22.49683],[114.09031,22.4971],[114.09042,22.49741],[114.09036,22.49762],[114.09024,22.49781],[114.09029,22.49841],[114.09039,22.49878],[114.09106,22.4994],[114.0913,22.50034],[114.0917,22.50126],[114.09162,22.50198],[114.09155,22.50225],[114.09141,22.50273],[114.09132,22.50292],[114.09129,22.50303],[114.09122,22.5032],[114.09123512910955,22.50342693664328],[114.09197921,22.50338432],[114.09538352744077,22.50368217814675],[114.09510567,22.50370202],[114.0912382745325,22.503474117987547],[114.09124,22.5035],[114.09132,22.50426],[114.09137,22.50485],[114.09117,22.50486],[114.0905,22.50475],[114.09026,22.50465],[114.09008,22.50459],[114.08989,22.50455],[114.0896,22.5045],[114.08931,22.50448],[114.08932,22.50472],[114.08936,22.50482],[114.08960449452931,22.505242308732438],[114.08936796,22.50475865],[114.0893815478138,22.504688580671676],[114.08973298739616,22.50543912845276],[114.08976,22.50547],[114.08995,22.50562],[114.09001,22.5057],[114.09003,22.50575],[114.09038,22.50681],[114.0903844284308,22.5068303707817],[114.09045842,22.50698839],[114.09043,22.507042435820672],[114.09043,22.50709],[114.09041,22.50718],[114.09038,22.50724],[114.09029702127795,22.507295319148035],[114.08999952373698,22.507861065057455],[114.08998401,22.50783232],[114.09027671658762,22.507311622985824],[114.09021,22.50737],[114.09004,22.50766],[114.09001,22.50771],[114.08999,22.50778],[114.08982,22.50798],[114.08975,22.5081],[114.0897,22.50818],[114.08966,22.50831],[114.08966,22.50836],[114.0902,22.50841],[114.09088,22.5085],[114.09141,22.50854],[114.09164,22.50868],[114.09182,22.50886],[114.09205,22.50891],[114.0923363878542,22.509030098132406],[114.09225904414679,22.508901497408857],[114.09226752,22.50890366],[114.09234352753606,22.50903309219254],[114.09236,22.50904],[114.09258,22.50918],[114.09263,22.50925],[114.09281,22.50972],[114.09291,22.5099],[114.09313,22.51025],[114.09327,22.51039],[114.09316,22.51054],[114.09293,22.51073],[114.09276,22.51092],[114.09244,22.51119],[114.09227,22.51134],[114.09215,22.51148],[114.09204,22.51164],[114.09195,22.51179],[114.09182,22.51203],[114.09175,22.51221],[114.09169,22.51238],[114.09165,22.51256],[114.09162,22.51273],[114.09159,22.513],[114.09158,22.51327],[114.0916,22.51345],[114.09164,22.51379],[114.09156,22.51426],[114.09148,22.51443],[114.09144,22.51451],[114.09123,22.5148],[114.09092593458445,22.514906833794658],[114.0906729035861,22.515183734777665],[114.09073,22.51551],[114.09097,22.5157],[114.09105,22.51584],[114.09112,22.51608],[114.09115,22.51642],[114.0912,22.51648],[114.09126,22.51653],[114.09135,22.51655],[114.09131,22.51658],[114.0913,22.51667],[114.09131,22.51672],[114.09134,22.51682],[114.09135,22.51688],[114.09135,22.51701],[114.09129,22.51723],[114.09126,22.51731],[114.09122,22.51745],[114.09119,22.5175],[114.09119,22.51756],[114.09119,22.51772],[114.09118,22.51777],[114.09118,22.51785],[114.09116,22.51795],[114.0912,22.51812],[114.0913,22.51831],[114.09154,22.51863],[114.09167,22.51888],[114.09175,22.5191],[114.09176,22.51946],[114.09172,22.51959],[114.09167,22.51972],[114.09164,22.51988],[114.09166,22.52003],[114.09169864847105,22.520156987833452],[114.09172343830242,22.51987993943143],[114.0917765,22.52009252],[114.09171093075004,22.520197343893],[114.09173,22.52026],[114.09169,22.52048],[114.09166,22.52059],[114.09166,22.5208],[114.08967,22.52095],[114.08973,22.52136],[114.08975,22.52153],[114.08969,22.52171],[114.08929,22.52237],[114.08929,22.52244],[114.08932,22.52266],[114.08934,22.52275],[114.08938,22.52283],[114.08943,22.52291],[114.08952,22.523],[114.08953,22.52309],[114.08947,22.52315],[114.08941,22.52317],[114.08932,22.5231],[114.08912,22.523],[114.08906,22.52296],[114.08898,22.52287],[114.08888,22.52273],[114.08873,22.52255],[114.08869,22.52253],[114.08866,22.52253],[114.08865,22.5225],[114.08866,22.52231],[114.08865,22.52204],[114.08861,22.52177],[114.08856,22.5216],[114.08849,22.52142],[114.08836,22.52118],[114.08827,22.52103],[114.08809,22.5208],[114.08797,22.52067],[114.08783,22.52055],[114.08751,22.52022],[114.08731,22.52004],[114.08708,22.51986],[114.08693,22.51975],[114.08669,22.51959],[114.08653,22.51949],[114.08628,22.51935],[114.08597,22.51916],[114.08589,22.51914],[114.08579,22.51912],[114.08569,22.51912],[114.0856,22.51913],[114.08551,22.51916],[114.08543,22.51918],[114.08523767289854,22.51930821806764],[114.08525675,22.51931177],[114.08679132279468,22.520810038177576],[114.08521233821322,22.51932656724582],[114.08508,22.51944],[114.08496,22.51958],[114.0849,22.51962],[114.08488,22.51969],[114.08476,22.51999],[114.08475,22.52008],[114.08472,22.52018],[114.08465,22.52029],[114.08463,22.52031],[114.08455,22.52036],[114.08412,22.52048],[114.08468,22.52126],[114.08508,22.52193],[114.08532,22.52251],[114.08533,22.52302],[114.0853,22.52342],[114.08513,22.52381],[114.08483,22.52422],[114.08419,22.52475],[114.08373,22.52505],[114.08192,22.52606],[114.0806,22.52662],[114.07968,22.5273],[114.07869,22.52846],[114.07841,22.5289],[114.07834,22.52942],[114.07849696989881,22.52995958402714],[114.07850192,22.52996726],[114.07955958,22.53069971],[114.08162570071066,22.53130987066616],[114.08327,22.53173],[114.08454,22.5321],[114.08525,22.53238],[114.08559,22.53264],[114.08595,22.53296],[114.08631,22.53341],[114.08707,22.5345],[114.0871113396893,22.534555775771285],[114.08845549173581,22.536125114897782],[114.08847,22.53614],[114.08850032721097,22.536159455191942],[114.08958110167583,22.536699103910564],[114.08961,22.53671],[114.08962681502058,22.53671341555106],[114.0927163606672,22.536890713594666],[114.09272,22.53689],[114.09272829318951,22.536886427549135],[114.09487363062412,22.53539210424153],[114.09533,22.53494],[114.09572,22.5346],[114.09623,22.53434],[114.09652550955104,22.534241496816318],[114.09653231,22.53423676],[114.09654162225152,22.534236125916163],[114.09668,22.53419],[114.09728,22.53412],[114.09789,22.53414],[114.09804342602541,22.534170995156646],[114.10330940287855,22.535120995202423],[114.10337,22.53502],[114.10335,22.53455],[114.10314,22.53387],[114.10298,22.53317],[114.10283,22.53265],[114.10268,22.53219],[114.10266,22.53196],[114.10268,22.53177],[114.10276,22.53164],[114.10293,22.53157],[114.10335,22.53156],[114.10356,22.53161],[114.10379,22.53179],[114.10379,22.5318],[114.10394,22.53197],[114.1043,22.53256],[114.10445,22.53307],[114.10448,22.53367],[114.10455,22.53428],[114.1046,22.53444],[114.10466,22.5346],[114.10483,22.53472],[114.1051,22.53478],[114.10529,22.53474],[114.10533242546504,22.53472181765784],[114.10789655,22.53345082],[114.10945078,22.53078048],[114.11134222,22.52968506],[114.112234769462,22.529653454027162],[114.11235,22.52962],[114.11246264485544,22.529645384756154],[114.11256529,22.52964175],[114.11266018007585,22.529689899735402],[114.11306,22.52978],[114.11319,22.52981],[114.11387,22.53021],[114.11429,22.53043],[114.11547,22.53095],[114.11556,22.53102],[114.11561,22.5312],[114.11563,22.53151],[114.11562486834951,22.531684476116702],[114.11664744,22.53405838],[114.1187923514167,22.534664411905858],[114.11884,22.53466],[114.11956,22.53463],[114.11997,22.53457],[114.12045,22.53443],[114.12077,22.53438],[114.12084,22.53449],[114.12089,22.53462],[114.12085,22.53472],[114.12074,22.53489],[114.12036,22.53534],[114.12035235832262,22.535424058451134],[114.12085981994558,22.536084214978622],[114.1209,22.5361],[114.1213,22.53597],[114.12157,22.5357],[114.12187,22.53527],[114.122,22.53523],[114.12217,22.53526],[114.12234,22.53539],[114.1224,22.53554],[114.12242,22.53571],[114.12232,22.536],[114.12193,22.53641],[114.1215035887746,22.53692169347048],[114.12229181,22.53794709],[114.12522298,22.53971256],[114.12634289507965,22.5397356746995],[114.12654,22.53953],[114.12692,22.5393],[114.12715,22.53928],[114.12726,22.53928],[114.12774,22.53953],[114.12794,22.53967],[114.12804071722131,22.53977071722131],[114.12806217,22.53977116],[114.12833094212193,22.54002921441847],[114.12851,22.54018],[114.12864,22.54024],[114.12877,22.54033],[114.12898,22.54059],[114.12902495928004,22.540695556570544],[114.13009043,22.54171854],[114.13046353330812,22.54188094922675],[114.13065,22.54173],[114.13091,22.54162],[114.13111,22.54161],[114.1313,22.54171],[114.1315,22.54193],[114.1315122237359,22.541941668111534],[114.13236522186337,22.541854778136628],[114.13242,22.5418],[114.13253,22.54175],[114.13265,22.54173],[114.1328,22.54174],[114.13295,22.54179],[114.13295944104988,22.541794248472446],[114.13345490271067,22.541743778664966],[114.13355,22.54158],[114.13382,22.54133],[114.13418,22.54111],[114.13429,22.54112],[114.13438,22.54116],[114.13446,22.54122],[114.13457,22.54151],[114.13471,22.54177],[114.13486,22.54192],[114.13498,22.54202],[114.13505,22.54207],[114.13549,22.54224],[114.13562,22.54235],[114.13572055987736,22.54249245982626],[114.13746294,22.54354111],[114.13858719,22.54347566],[114.13941022733471,22.543153668662956],[114.13943,22.5431],[114.13948,22.54304],[114.13957,22.54296],[114.13992,22.54295],[114.13994582331884,22.5429441310639],[114.14025979,22.5428213],[114.14032601284734,22.54281939443282],[114.14044,22.54277],[114.14063,22.54272],[114.14076,22.54269],[114.14087,22.54272],[114.14095,22.5428],[114.14095272168232,22.542801360841157],[114.14129882545068,22.542791401680407],[114.14133450531338,22.542772189446644],[114.14179504870482,22.542299902590344],[114.14184,22.54221],[114.14188,22.54207],[114.14192,22.54202],[114.14198,22.54197],[114.14207,22.54193],[114.1421557536264,22.54193],[114.14217472,22.54191055],[114.14317353620724,22.542024585517105],[114.14321,22.54201],[114.14325,22.54197],[114.14331,22.5419],[114.14345,22.54189],[114.14351,22.54191],[114.14363,22.54197],[114.14396,22.54204],[114.14404,22.54207],[114.14408,22.54211],[114.14413473367404,22.542134326077345],[114.1442315506568,22.542145379737285],[114.14425603472404,22.542135586110387],[114.14431539286375,22.54185325716399],[114.14428,22.54174],[114.14426,22.54155],[114.14429,22.54137],[114.14431,22.54119],[114.14442,22.54096],[114.14446,22.54093],[114.14451,22.5409],[114.14451596685849,22.540899254142687],[114.14451663,22.5408961],[114.14452600204996,22.540897999743756],[114.14459,22.54089],[114.14485,22.5409],[114.14496,22.54093],[114.1450455273273,22.541003309137686],[114.1461859679858,22.541234480015788],[114.14619,22.54123],[114.14621,22.54119],[114.14625,22.54115],[114.14631,22.54112],[114.14642,22.54109],[114.1465,22.54112],[114.14656,22.54117],[114.14656,22.54124],[114.14658,22.54131],[114.14658335430846,22.541315031462698],[114.14739719742252,22.54148],[114.14743,22.54148],[114.14759,22.54154],[114.14772,22.54159],[114.14782863337261,22.541656851306215],[114.14822839866962,22.54183],[114.14825,22.54183],[114.1484,22.54186],[114.14851,22.54186],[114.14854,22.54188],[114.14858,22.54191],[114.14862613493352,22.54200226986704],[114.14863447,22.54200588],[114.14863118614522,22.542015139962675],[114.14866,22.54214],[114.14867,22.54228],[114.14866,22.54235],[114.14858,22.54246],[114.14852,22.54261],[114.14844,22.54284],[114.1484,22.54288],[114.14829615266723,22.54295988256367],[114.14826068,22.54305991],[114.14892635,22.5445725],[114.14900018543928,22.544650185439274],[114.14925,22.5449],[114.14951,22.54515],[114.14981,22.54538],[114.14992,22.54549],[114.15010336402868,22.545810887050195],[114.15045094383316,22.54617659070222],[114.15053,22.54625],[114.15053884746911,22.54625505569663],[114.15114470974974,22.546231763416753],[114.15115,22.54623],[114.15121,22.54622],[114.15123734077231,22.546228202231692],[114.15126315,22.54622721],[114.15127441783217,22.546239325349653],[114.15131,22.54625],[114.1514,22.54632],[114.1516,22.54644],[114.15168,22.5465],[114.15184,22.54679],[114.15195,22.54694],[114.151977813922,22.546995627843987],[114.15199345,22.54701244],[114.15199193897163,22.547023877943257],[114.15201,22.54706],[114.15201,22.54744],[114.15197,22.54765],[114.1519,22.54778],[114.15173,22.54801],[114.15164,22.54809],[114.15147,22.54815],[114.15129,22.54818],[114.15117,22.54816],[114.15104,22.54812],[114.15100129992506,22.548058079880107],[114.15083683671385,22.54799316328615],[114.15079,22.54804],[114.15076,22.54805],[114.15072,22.54805],[114.15068,22.548],[114.15064,22.54791],[114.15065,22.54784],[114.15068,22.54778],[114.15072162801299,22.547744318846007],[114.15075,22.547678335465694],[114.15075,22.5476],[114.15078,22.54751],[114.15083,22.54744],[114.15085863813027,22.54742568093486],[114.15104491789546,22.546992458947738],[114.15102896158889,22.54698448079445],[114.14983964,22.54715222],[114.14952669,22.54879408],[114.14957558143281,22.54900051172532],[114.14961,22.54909],[114.14972,22.54925],[114.14976,22.54941],[114.14975,22.54957],[114.1497249575844,22.549631214793692],[114.1499652455731,22.550645770130416],[114.14998672942271,22.550669402364985],[114.15033625426734,22.550899374573262],[114.15043,22.55089],[114.15063,22.55084],[114.15078,22.55082],[114.15098,22.5508],[114.15111,22.55079],[114.15115,22.5508],[114.1511509986447,22.550800748983516],[114.15115567,22.55080012],[114.15116342759259,22.550810070694443],[114.15119,22.55083],[114.15121671825288,22.55087842683336],[114.15153200551244,22.551282847037452],[114.15154,22.55129],[114.15163,22.5514],[114.15167,22.55161],[114.15174,22.5518],[114.15175,22.55207],[114.15179,22.55224],[114.15186,22.55239],[114.15185,22.55246],[114.1518,22.55251],[114.15174,22.55255],[114.1517387347419,22.552550140584234],[114.15196654927,22.554866549269995],[114.1519828111683,22.554882811168298],[114.15263936,22.55502914],[114.15279999111556,22.554980005076825],[114.1528,22.55498],[114.15298,22.55489],[114.15312,22.55481],[114.1532,22.5548],[114.15328,22.55478],[114.15353,22.55467],[114.15361,22.55466],[114.15380388933352,22.55467292595557],[114.15426082530547,22.55453315531525],[114.15432,22.55451],[114.1543677355734,22.55450045288532],[114.15436817,22.55450032],[114.1543683955352,22.554500320892963],[114.15442,22.55449],[114.15444255584694,22.554500614516208],[114.15561460587969,22.55450525501902],[114.1557,22.55445],[114.15577,22.55443],[114.15585,22.55441],[114.1559,22.55441],[114.15598,22.55443],[114.15616389583471,22.554507429825136],[114.15616394,22.55450743],[114.15616394976792,22.55450745253386],[114.15617,22.55451],[114.1562,22.55453],[114.15621,22.55459],[114.15626,22.5547],[114.15631,22.55476],[114.15634,22.55485],[114.15635516483155,22.554948571405028],[114.15679716148516,22.55596822467501],[114.15682,22.556],[114.15708,22.55629],[114.15712,22.5564],[114.1572,22.55676],[114.15737633018064,22.557304323601077],[114.1574898,22.55756609],[114.15768202418677,22.557863790959058],[114.15789,22.55813],[114.15815,22.55841],[114.1583,22.55864],[114.15841,22.55896],[114.15857,22.55923],[114.15875,22.55946],[114.15907,22.55976],[114.15925,22.56004],[114.15929,22.56016],[114.15932,22.56038],[114.1593804187785,22.56049412435939],[114.15944826069676,22.560599192324418],[114.15949527549142,22.560659639917542],[114.15973314936038,22.560839921154447],[114.15978,22.56086],[114.16005,22.56095],[114.16032,22.56107],[114.16044,22.56119],[114.16056,22.56133],[114.16073425731916,22.56159864670039],[114.16113752620055,22.56190427847516],[114.16115455480985,22.561909245152876],[114.16220331898818,22.561467794513796],[114.16221,22.56146],[114.16223214650444,22.561430471327427],[114.16290376305064,22.56005889501264],[114.16309,22.55958],[114.16315,22.5595],[114.16324,22.55937],[114.16324156793443,22.55936902937393],[114.16324264,22.55936684],[114.16324735172098,22.559365448934635],[114.16345,22.55924],[114.16366,22.55919],[114.16384915797163,22.5591877746121],[114.16387644,22.55917972],[114.16391712652177,22.559186974982097],[114.16451,22.55918],[114.16476,22.55921],[114.16492,22.55925],[114.1654597589332,22.55946204815233],[114.16548108,22.55946585],[114.16551982034662,22.559498588966804],[114.16587,22.55975],[114.16612,22.55998],[114.16624938095012,22.560115131214573],[114.16755134,22.5612154],[114.16904517253455,22.561084624689624],[114.1690796144806,22.561068416715013],[114.16993600845248,22.560155575131226],[114.17007,22.55998],[114.17036,22.55979],[114.17058,22.5597],[114.17101,22.55961],[114.17126,22.5596],[114.17154956279234,22.55963278069347],[114.17340618,22.55960948],[114.17341859912847,22.559612552821555],[114.17391,22.55968],[114.17472,22.55993],[114.175082181806,22.560024167269564],[114.17521209,22.56005631],[114.1752297225451,22.559901132005265],[114.17595498,22.56002565],[114.1772686861033,22.55954236501406],[114.17728878768064,22.559506182174857],[114.17772201,22.5556762],[114.17779998828603,22.55564002603107],[114.1778,22.55564],[114.17805,22.55549],[114.17856,22.55528],[114.17863297886103,22.555253603390693],[114.18062496264537,22.554329526148244],[114.18071,22.55427],[114.18094,22.55416],[114.181,22.55415],[114.18104,22.55416],[114.1811,22.55419],[114.18115,22.55425],[114.18121,22.55435],[114.18116,22.55464],[114.18115446822397,22.55473404019254],[114.1812661476745,22.555141813808344],[114.18127,22.55515],[114.18127131971376,22.55515169677484],[114.18169274,22.55545465],[114.18660148,22.55460447],[114.1866089407529,22.554611577779927],[114.18694,22.55467],[114.18709,22.55481],[114.18719,22.55497],[114.18722,22.55507],[114.18722,22.55519372742359],[114.18774076463875,22.555689854354522],[114.18774123024228,22.555689765668138],[114.18900623,22.55430767],[114.18901563735045,22.55430564489427],[114.18904,22.55428],[114.18939,22.55416],[114.1896,22.55418],[114.19026,22.55434],[114.19045,22.55437],[114.19065,22.55444],[114.19065181366298,22.554444534157454],[114.19065264,22.55444474],[114.19091742629762,22.555032205725112],[114.19108,22.55518],[114.19143,22.55539],[114.19157,22.55554],[114.19168044085441,22.555708062169767],[114.19209594357199,22.556066350312744],[114.19211707171944,22.556075593877253],[114.1924498065747,22.555880193425295],[114.19245,22.55588],[114.19263,22.55574],[114.19288,22.55562],[114.19301069416112,22.55555080897353],[114.19305248,22.55552627],[114.19310727512166,22.555517726759643],[114.19361,22.55541],[114.19410622220545,22.555361978496247],[114.19423,22.55534268],[114.1942604198264,22.555351601043498],[114.19461,22.55537],[114.19478,22.55542],[114.19540062620312,22.55568598265848],[114.19578902047803,22.555799884762123],[114.19579,22.5558],[114.19579019988886,22.555800230640997],[114.1957903,22.55580026],[114.19579035704425,22.555800411974126],[114.19592,22.55595],[114.19595,22.55607],[114.19596373728844,22.556262322038034],[114.19630049,22.55715948],[114.19705354578595,22.55675870519695],[114.19733,22.5566],[114.1974619240718,22.556541367079195],[114.19750134,22.55652039],[114.19750802560276,22.55652087750988],[114.19751,22.55652],[114.19758,22.55651],[114.19767106493526,22.556532766233815],[114.1990045073151,22.55663],[114.19901,22.55663],[114.19918,22.55666],[114.19926,22.55668],[114.19942,22.55678],[114.19954,22.55685],[114.1996,22.5569],[114.19961784811838,22.556958006384725],[114.20071082,22.55754638],[114.2010854642421,22.55689525091601],[114.20109,22.5568],[114.2011,22.5567],[114.20112,22.55663],[114.20118,22.55652],[114.20134,22.55634],[114.201479444685,22.556210515649642],[114.2015495,22.55608876],[114.20229959221012,22.55615346926329],[114.20234,22.55614],[114.20255,22.55612],[114.20268,22.55613],[114.20288,22.55611],[114.20293,22.55612],[114.20311,22.55617],[114.20316,22.55616],[114.20331,22.55622],[114.20355,22.55622],[114.20379,22.55623],[114.20411,22.5563],[114.20414075962847,22.556312303851385],[114.20449185435214,22.55634259223541],[114.20458,22.55633],[114.20495,22.55632],[114.20519,22.5564],[114.20537,22.55639],[114.20559,22.55643],[114.20582,22.55644],[114.20591706201905,22.55646554263659],[114.20681597,22.55654309],[114.20843475089247,22.55692019773899],[114.20849,22.55693],[114.20852168225674,22.55691881802703],[114.20872962632882,22.55680553117701],[114.20893,22.55662],[114.2091,22.55651],[114.20927,22.55644],[114.20944417477966,22.556416248893683],[114.20978475055257,22.556230704982177],[114.20983,22.5562],[114.20987,22.55618],[114.2098996288764,22.55618],[114.21011670104055,22.556099793756697],[114.21012,22.55608],[114.21014,22.55605],[114.21019,22.55605],[114.21023,22.55603],[114.21031,22.556],[114.21044,22.55594],[114.2106,22.5559],[114.21064,22.5559],[114.21069,22.55592],[114.21073,22.55594],[114.21092,22.55615],[114.21099,22.55621],[114.21108,22.55626],[114.21121,22.55634],[114.2114,22.55636],[114.21142960203441,22.55635089168172],[114.2119475923802,22.555829630479202],[114.21197,22.55574],[114.21216,22.5556],[114.21219780366773,22.555577839229258],[114.2126531862822,22.555119581095393],[114.2127,22.55506],[114.21282,22.55498],[114.21316,22.5549],[114.21331,22.55484],[114.21347,22.5548],[114.21362,22.5548],[114.21369017548292,22.55481619434221],[114.2150948297368,22.554956028611617],[114.21521,22.55496],[114.21531,22.55501],[114.21548195343902,22.555146129805895],[114.21584693,22.55539802],[114.21597338256692,22.555346617433088],[114.21598,22.55534],[114.21619,22.55509],[114.21624,22.55507],[114.2163,22.55507],[114.21652879612829,22.55512084358406],[114.21653188,22.55511959],[114.21653817506204,22.55512292779156],[114.21657,22.55513],[114.21669,22.55515],[114.21681,22.55521],[114.21691542374533,22.555322954012862],[114.21692379,22.55532739],[114.21692411097713,22.555332261761215],[114.21695,22.55536],[114.21698,22.55544],[114.21698,22.5556],[114.21694442935173,22.555640652169448],[114.2169508778384,22.555738526703042],[114.21696606939595,22.555747641637574],[114.21718973600679,22.555806710665536],[114.21729,22.55579],[114.21734,22.55581],[114.21738945536613,22.555859455366125],[114.21786703,22.55598558],[114.21921203852042,22.55478085849241],[114.21923,22.55476],[114.21924329832008,22.554740052519872],[114.21939,22.554468428988926],[114.21939,22.55444],[114.2194598342818,22.55433912825962],[114.21948608789673,22.554290518730472],[114.21953,22.55415],[114.21959063660407,22.55409694297145],[114.2197213556284,22.553854911912424],[114.21972,22.55384],[114.21976,22.55377],[114.2198,22.55372],[114.21988,22.5537],[114.22007,22.55358],[114.22016,22.55358],[114.22035033742188,22.55368876424107],[114.22043388,22.55368087],[114.22084577918201,22.552767924171437],[114.22085,22.55254],[114.22089,22.5524],[114.22097,22.55219],[114.22112,22.55193],[114.22128,22.55175],[114.2213123368752,22.551733831562398],[114.22132516,22.55170541],[114.22153362220712,22.551623188896443],[114.22154,22.55162],[114.2215431673907,22.551619424110783],[114.22321451255429,22.550960216642533],[114.22326,22.55094],[114.22329186772774,22.55094],[114.22420489207065,22.5508968859344],[114.22427966496696,22.550827453959258],[114.22433175698966,22.55076001967639],[114.22452,22.55028],[114.22459,22.55014],[114.22474,22.55003],[114.22493,22.54988],[114.2253557107179,22.549434488783586],[114.22606883,22.54851134],[114.22606936313099,22.54851101899044],[114.22607,22.54851],[114.22636,22.54827],[114.22663,22.54812],[114.22675819118203,22.54809626089222],[114.22690568627809,22.548007450941103],[114.22690577775462,22.548006444699176],[114.22662516887452,22.547073611369562],[114.22662,22.54706],[114.22621,22.54656],[114.22566,22.54597],[114.22561,22.54574],[114.2254,22.54526],[114.22540367068997,22.545247152585073],[114.22540291,22.54524602],[114.22540488778225,22.545242892762115],[114.22542,22.54519],[114.22563206400469,22.544883685326575],[114.22627353036599,22.543869408902033],[114.22632537415029,22.543713877549102]],[[114.22103055,22.52754793],[114.22103591534585,22.527464216948296],[114.22170766,22.52731604],[114.22103055,22.52754793]],[[114.18377763,22.53865216],[114.18377430759513,22.538666483095906],[114.18255996,22.53759552],[114.18377763,22.53865216]],[[114.17132214,22.53735745],[114.17374644,22.53959716],[114.17170874,22.53780629],[114.17132214,22.53735745]],[[114.17014616375837,22.53329812432801],[114.17016987495997,22.533722011165292],[114.17013294,22.53360548],[114.17014616375837,22.53329812432801]],[[114.16467553628063,22.520743244804496],[114.16541904,22.52093155],[114.16468466,22.52078611],[114.16467553628063,22.520743244804496]],[[114.16317186,22.52080289],[114.16488406387735,22.51985960273995],[114.16454012,22.52010703],[114.16315326421929,22.520833297952276],[114.16317186,22.52080289]],[[114.16524054,22.51960316],[114.16521500776369,22.51962152744797],[114.16620145,22.51678637],[114.16524054,22.51960316]],[[114.17603140297705,22.51983150838025],[114.17602475,22.51981197],[114.17559262,22.51964671],[114.17641858,22.51988643],[114.17603140297705,22.51983150838025]],[[114.17876926,22.51912532],[114.1787605284187,22.519128428924155],[114.17942088,22.51764499],[114.17876926,22.51912532]],[[114.19364106,22.50621824],[114.1931137945908,22.506681285023205],[114.19367612467731,22.505859979080068],[114.19364106,22.50621824]],[[114.20845409144427,22.489905913067428],[114.20755621742181,22.489568056670937],[114.20758635,22.48955077],[114.20845409144427,22.489905913067428]],[[114.08819351384602,22.52212740991753],[114.08860401197182,22.52228440773255],[114.08830421,22.52223141],[114.08819351384602,22.52212740991753]],[[114.08936246482106,22.522418483839548],[114.08979859633406,22.5223909153942],[114.08959166,22.522459],[114.08936246482106,22.522418483839548]],[[114.09027974863022,22.52223261035531],[114.09057596324622,22.52201178758834],[114.0904788,22.52216712],[114.09027974863022,22.52223261035531]],[[114.09663623,22.51980149],[114.09764501226928,22.520194943397254],[114.09762482,22.52020805],[114.09663623,22.51980149]],[[114.10269190170798,22.519420691929472],[114.1028055334195,22.519397867127235],[114.10273256,22.5194456],[114.10269190170798,22.519420691929472]],[[114.10319295397646,22.519144450249158],[114.1033085976809,22.518961091509986],[114.1032915,22.51907999],[114.10319295397646,22.519144450249158]],[[114.10333527209734,22.518775595719223],[114.09972929,22.51644064],[114.10333990292492,22.518743392614585],[114.10333527209734,22.518775595719223]],[[114.10630117,22.52031218],[114.10791617746557,22.520447760388063],[114.1077629,22.52050427],[114.10630117,22.52031218]],[[114.1127212686033,22.51790422757184],[114.11259734,22.51773886],[114.11313340166828,22.517184148670726],[114.1127212686033,22.51790422757184]],[[114.11284138,22.51659594],[114.11379468507805,22.517746022125852],[114.11321812226365,22.517096480633896],[114.11323229,22.51708182],[114.11282131240554,22.516589588018903],[114.11284138,22.51659594]],[[114.11400709971171,22.517985323229947],[114.11477165,22.51794934],[114.11402706,22.51800781],[114.11400709971171,22.517985323229947]],[[114.11891510963034,22.50022887152353],[114.11892491,22.50022199],[114.1192991266292,22.500248725245182],[114.11891510963034,22.50022887152353]],[[114.12093049291846,22.500333067064208],[114.12157205052743,22.500013971082602],[114.12098142,22.5003357],[114.12093049291846,22.500333067064208]],[[114.12300625327417,22.49930063166166],[114.12302787,22.49928988],[114.12379835,22.50008839],[114.12300625327417,22.49930063166166]],[[114.1291130460112,22.498482824634696],[114.12881556,22.49862205],[114.12379835,22.50008839],[114.1291130460112,22.498482824634696]],[[114.12401887,22.4924203],[114.12748259,22.49278262],[114.12780238827214,22.49294282943047],[114.12401887,22.4924203]],[[114.12804027362537,22.493062002922876],[114.12820403,22.49314404],[114.12869835609658,22.493854420999067],[114.12804027362537,22.493062002922876]],[[114.12966407658463,22.493852821044047],[114.12855168,22.49400291],[114.12873093560417,22.49390124001856],[114.12874566,22.4939224],[114.12916311,22.49372149],[114.12966407658463,22.493852821044047]],[[114.13031026784749,22.493765634357814],[114.13083696,22.49326053],[114.13055466,22.49373266],[114.13031026784749,22.493765634357814]],[[114.1306834,22.49186181],[114.13139387,22.49126028],[114.13166583,22.49121667],[114.1306834,22.49186181]],[[114.1308315665383,22.487986471743003],[114.13079177116695,22.487892964563304],[114.13081774,22.4878828],[114.1308315665383,22.487986471743003]],[[114.12740239,22.48771597],[114.12593378,22.48778211],[114.12589052613744,22.487764617615912],[114.12740239,22.48771597]],[[114.12497006,22.48739237],[114.12504365111045,22.487010725141158],[114.12505291,22.48701749],[114.12497006,22.48739237]],[[114.12477205207072,22.482052385744982],[114.12471628,22.48200155],[114.12562301,22.48190954],[114.12477205207072,22.482052385744982]],[[114.12499088172696,22.480168095577913],[114.12498721406669,22.48013476613051],[114.12499841,22.48016368],[114.12499088172696,22.480168095577913]],[[114.12469374074465,22.47937686153306],[114.12430116690487,22.47910096842121],[114.12462868,22.47920884],[114.12469374074465,22.47937686153306]],[[114.12426895629017,22.47909035934965],[114.12408403,22.47958106],[114.12424306,22.47908183],[114.12426895629017,22.47909035934965]],[[114.11616122,22.48136658],[114.11573099,22.48231783],[114.1156599080197,22.482300427400542],[114.11616122,22.48136658]],[[114.11327001414983,22.481402348773596],[114.11370482274693,22.48182177492408],[114.11331753847496,22.481726958304847],[114.11335516,22.48168311],[114.11327001414983,22.481402348773596]],[[114.11685357550071,22.473635742859265],[114.11686626,22.47362648],[114.11955788,22.47306678],[114.11685357550071,22.473635742859265]],[[114.12041490862944,22.473154005056667],[114.12043974298292,22.47311085231174],[114.12042606,22.47315514],[114.12041490862944,22.473154005056667]],[[114.12058788918499,22.47263134774393],[114.11845641,22.47163436],[114.12060912,22.47256263],[114.12058788918499,22.47263134774393]],[[114.10998707541235,22.474078449672813],[114.10996274,22.47409586],[114.10999777,22.47292105],[114.10998707541235,22.474078449672813]],[[114.11494246216304,22.50199725189717],[114.11535924,22.50195563],[114.1163242,22.50204813],[114.11494246216304,22.50199725189717]],[[114.09987477,22.49694593],[114.09987948870183,22.496951974887992],[114.09732418,22.49534231],[114.09987477,22.49694593]],[[114.10067367,22.49796936],[114.10063792650035,22.49801376101173],[114.0999634828559,22.497059575510225],[114.10067367,22.49796936]],[[114.10036068,22.49835816],[114.10021193984268,22.498365374229937],[114.10050499996497,22.498178883977193],[114.10036068,22.49835816]],[[114.09869787,22.49843881],[114.09868399094441,22.498431657673912],[114.0989639005701,22.498425906922993],[114.09869787,22.49843881]],[[114.1094369,22.5026492],[114.1044220347988,22.50302466883689],[114.10537355,22.50295286],[114.1125335553038,22.502237819568233],[114.1094369,22.5026492]],[[114.11223512753111,22.482988520269245],[114.112105,22.4834378],[114.11137032047581,22.48400458245183],[114.11136913,22.48399785],[114.11223512753111,22.482988520269245]],[[114.11121085,22.49422757],[114.11191729,22.49443636],[114.11192107732923,22.494442814361303],[114.11121085,22.49422757]],[[114.1122256340403,22.494961839491257],[114.11252344,22.49546936],[114.11252877370057,22.495518732960566],[114.1122256340403,22.494961839491257]],[[114.0901142097076,22.508073564136133],[114.09030502811369,22.508366492374183],[114.0902667,22.50835611],[114.0901142097076,22.508073564136133]],[[114.09128651,22.49501188],[114.09168431,22.49502973],[114.0911453029455,22.495137573052236],[114.09128651,22.49501188]],[[114.10319549,22.50779699],[114.10307707333237,22.507964538758984],[114.10288205,22.50539758],[114.10319549,22.50779699]],[[114.09241479,22.50625556],[114.09246661434861,22.50623403935219],[114.09246522840873,22.50629675924112],[114.09241479,22.50625556]],[[114.09443032,22.50907077],[114.09434931,22.50783572],[114.09444050629206,22.509084226026705],[114.09443032,22.50907077]],[[114.09542342,22.51187414],[114.09509376,22.50994717],[114.09553403064619,22.51195736789274],[114.09542342,22.51187414]],[[114.09681472,22.51292101],[114.09658674344696,22.512749471285073],[114.09686089753494,22.512934197556277],[114.09681472,22.51292101]],[[114.09844510614425,22.513386621883683],[114.09722562691991,22.513038358362945],[114.09840864,22.51332142],[114.09844510614425,22.513386621883683]],[[114.09919855515813,22.515107006836004],[114.09868363682381,22.513813117471294],[114.09895683,22.51430159],[114.09919855515813,22.515107006836004]],[[114.11270368012084,22.51655235395729],[114.11024776,22.51584865],[114.11014557362982,22.51574263836826],[114.11270368012084,22.51655235395729]],[[114.10872671343917,22.514270664329338],[114.10844967,22.51398325],[114.10844911232573,22.513973792957632],[114.10872671343917,22.514270664329338]],[[114.10786048,22.5097725],[114.10781663,22.51160521],[114.10784813153614,22.5097495092354],[114.10786048,22.5097725]],[[114.14809008,22.5404499],[114.14816443,22.54086009],[114.14814596486582,22.540876130177345],[114.14809008,22.5404499]],[[114.1520918,22.53340516],[114.15212261509255,22.53336960605152],[114.14863869,22.54019845],[114.1520918,22.53340516]],[[114.15458277,22.53004502],[114.15463258194205,22.530020215515595],[114.15423156,22.53093634],[114.15458277,22.53004502]],[[114.16174341507168,22.523135179608644],[114.16168176,22.52323699],[114.16006832,22.52482535],[114.16174341507168,22.523135179608644]],[[114.13447103952339,22.49004079455732],[114.13378714,22.49073801],[114.13369395873279,22.49072508440645],[114.13447103952339,22.49004079455732]],[[114.13452209,22.48999584],[114.13501828,22.48996902],[114.13451160013089,22.490005077277562],[114.13452209,22.48999584]],[[114.13616226743156,22.48828424910259],[114.13607725,22.48862488],[114.13595242655107,22.4887833171518],[114.13616226743156,22.48828424910259]],[[114.13636813,22.48745944],[114.13631694440842,22.487664520225007],[114.13609811,22.48542585],[114.13610719013467,22.485400320207372],[114.13636813,22.48745944]],[[114.14067766,22.4799667],[114.14073472176698,22.479989122409457],[114.1401755,22.48087401],[114.14067766,22.4799667]],[[114.14776156,22.48195959],[114.14779854115231,22.481993511584715],[114.14687697,22.48216685],[114.14776156,22.48195959]],[[114.14842248,22.48256583],[114.14842170770613,22.48257161707245],[114.14840237193926,22.482547385542663],[114.14842248,22.48256583]],[[114.14907947,22.48312285],[114.14836103,22.48326821],[114.14836398701152,22.48323738817114],[114.14907947,22.48312285]],[[114.14926590017843,22.483656258708848],[114.14922471,22.48364171],[114.14907947,22.48312285],[114.14926590017843,22.483656258708848]],[[114.14965397186366,22.48374386236293],[114.14961683,22.48378021],[114.14941559760967,22.48370913306932],[114.14965397186366,22.48374386236293]],[[114.15015251,22.48329411],[114.15098425,22.48339533],[114.15013625186079,22.48331299989777],[114.15015251,22.48329411]],[[114.1514028724331,22.48450761059075],[114.15128949,22.48443623],[114.15098425,22.48339533],[114.1514028724331,22.48450761059075]],[[114.13563662307415,22.488814519659165],[114.13559513,22.48878051],[114.13559658551598,22.488543376578722],[114.13563662307415,22.488814519659165]],[[114.13543076,22.48742037],[114.13544725866419,22.487532102553992],[114.13498160250428,22.487168107981752],[114.13543076,22.48742037]],[[114.13162177,22.4981496],[114.13114931,22.49752984],[114.13192562877015,22.49839345397745],[114.13162177,22.4981496]],[[114.13686747,22.5033593],[114.136662170545,22.50311113998498],[114.13766617,22.50356179],[114.13686747,22.5033593]],[[114.14218622,22.50744949],[114.13828676,22.50627956],[114.1426193608606,22.50750152450449],[114.14218622,22.50744949]],[[114.14319007863716,22.508252458988725],[114.14350350933103,22.508120106201105],[114.14340986,22.50830348],[114.14319007863716,22.508252458988725]],[[114.14121917,22.50815541],[114.14169517497191,22.508402782515606],[114.14167569,22.50842046],[114.14121917,22.50815541]],[[114.1424409259806,22.50969849092516],[114.14189161,22.50982376],[114.14224739,22.50955401],[114.1424409259806,22.50969849092516]],[[114.14257961,22.51067098],[114.14248016744823,22.509727785961314],[114.142512,22.50975155],[114.14257961,22.51067098]],[[114.13763861,22.51335395],[114.1376674936946,22.513394417389172],[114.13756711257005,22.513393803514756],[114.13763861,22.51335395]],[[114.13736488292675,22.513506528714537],[114.13749130999904,22.513436056766167],[114.13696525,22.51514954],[114.13736488292675,22.513506528714537]],[[114.15048521,22.51465814],[114.15000472025636,22.514593346054365],[114.15104427580829,22.514359307192645],[114.15048521,22.51465814]],[[114.15283302,22.51488998],[114.15142555170138,22.51427346918634],[114.15149906,22.51425692],[114.15283302,22.51488998]],[[114.13390442359704,22.49572611285837],[114.14141237,22.48940016],[114.13413069,22.49557798],[114.13390442359704,22.49572611285837]],[[114.14921312,22.48672777],[114.15092935116681,22.48567203047758],[114.14889367602868,22.487003453289454],[114.14921312,22.48672777]],[[114.14510553,22.50732322],[114.14569322740495,22.50729255901341],[114.14452154124099,22.507676775713545],[114.14510553,22.50732322]],[[114.14669452,22.49035305],[114.14756658,22.48881631],[114.14670796998513,22.49037332465209],[114.14669452,22.49035305]],[[114.14702082094982,22.490844919557265],[114.14777818,22.49174036],[114.14779928966925,22.492018391668175],[114.14702082094982,22.490844919557265]],[[114.14780795873658,22.492132570399328],[114.14781108,22.49217368],[114.14724592795699,22.49316885437178],[114.14780795873658,22.492132570399328]],[[114.14710530821303,22.493416471215912],[114.14709825,22.4934289],[114.14581037,22.49455739],[114.14710530821303,22.493416471215912]],[[114.14573435667545,22.49525157823304],[114.14573138,22.49524888],[114.14581037,22.49455739],[114.14573435667545,22.49525157823304]],[[114.14772253169117,22.497062967883917],[114.14773293,22.49707233],[114.14773826546913,22.497971614844275],[114.14772253169117,22.497062967883917]],[[114.14776303,22.4994018],[114.14776242014102,22.49936657981955],[114.14835756328871,22.499880793108687],[114.14776303,22.4994018]],[[114.14922700921647,22.500632008428866],[114.14930716,22.50070126],[114.14928331287064,22.50083347469487],[114.14922700921647,22.500632008428866]],[[114.14916041575836,22.501514848287147],[114.14910009,22.50184931],[114.1487518130914,22.50240797392042],[114.14916041575836,22.501514848287147]],[[114.14862533772703,22.50261085048545],[114.14859221,22.50266399],[114.14696207,22.50373117],[114.14862533772703,22.50261085048545]],[[114.14669491,22.50598195],[114.14654343348737,22.506187877553955],[114.14696207,22.50373117],[114.14669491,22.50598195]],[[114.1458020209324,22.5071958046],[114.14574281,22.5072763],[114.14573381551817,22.50727924945032],[114.1458020209324,22.5071958046]],[[114.11634908,22.51656815],[114.11634348151281,22.516395895720944],[114.11635870598326,22.516600932422673],[114.11634908,22.51656815]],[[114.1209883726979,22.516085485840343],[114.12128967,22.51605441],[114.12147692050567,22.51615031032311],[114.1209883726979,22.516085485840343]],[[114.1217263,22.51627803],[114.12242846370488,22.517836913349857],[114.12212393,22.51763274],[114.1216630495291,22.516245636279223],[114.1217263,22.51627803]],[[114.12262682632472,22.517969904739413],[114.12524308,22.51836285],[114.12268402,22.51800825],[114.12262682632472,22.517969904739413]],[[114.12544018,22.5180374],[114.12552955155502,22.517955231958712],[114.12524308,22.51836285],[114.12544018,22.5180374]],[[114.126259550915,22.51728407190631],[114.12636398,22.51718806],[114.12697838255608,22.517293910765243],[114.126259550915,22.51728407190631]],[[114.12871958163358,22.517317743066325],[114.12950251238632,22.517150238740474],[114.12921763,22.51732456],[114.12871958163358,22.517317743066325]],[[114.12985264842797,22.5169359883736],[114.13369002932464,22.51339909819321],[114.13024215,22.51669765],[114.12985264842797,22.5169359883736]],[[114.1339614079048,22.51314897023844],[114.13397765,22.513134],[114.13437069,22.51331687],[114.1339614079048,22.51314897023844]],[[114.13519538202377,22.508645897273013],[114.13524805,22.50852457],[114.13553535762507,22.508278089397358],[114.13519538202377,22.508645897273013]],[[114.13631835262548,22.507606359645962],[114.13657062,22.50738994],[114.13773271026723,22.50699527654157],[114.13631835262548,22.507606359645962]],[[114.13789698927583,22.506939484901704],[114.13790516,22.50693671],[114.13826287649374,22.50703169975746],[114.13789698927583,22.506939484901704]],[[114.11626063,22.51384672],[114.11637635814931,22.513539636899523],[114.11626906299912,22.51410618655526],[114.11626063,22.51384672]],[[114.12729316,22.52194247],[114.12634595,22.52216456],[114.12560602469364,22.521999348773992],[114.12668183,22.52201517],[114.12729316,22.52194247]],[[114.11713926,22.51852637],[114.11788526448635,22.51944345950647],[114.11700801198474,22.518669423442255],[114.11713926,22.51852637]],[[114.11699190854493,22.518655214713124],[114.11695142,22.51861949],[114.1168472358287,22.51826467850154],[114.11699190854493,22.518655214713124]],[[114.13630082,22.51409965],[114.13649252636256,22.513992790601613],[114.13630249386874,22.514114944411237],[114.13630082,22.51409965]],[[114.13657851,22.51668105],[114.13624534,22.51738549],[114.13610048312351,22.51748060578122],[114.13657851,22.51668105]],[[114.13341612,22.51824495],[114.13367782,22.51898544],[114.13367313729971,22.51898914162725],[114.13341612,22.51824495]],[[114.13366524383572,22.51899538133074],[114.13341368,22.51919424],[114.13239745451449,22.519279674712223],[114.13366524383572,22.51899538133074]],[[114.13236345,22.5192873],[114.13237524754317,22.519284654478867],[114.13234570678237,22.519316682127116],[114.13236345,22.5192873]],[[114.13203326424815,22.519655427620336],[114.13195857,22.51973641],[114.13152084,22.51939134],[114.13203326424815,22.519655427620336]],[[114.13063936,22.5196065],[114.1306457465995,22.51960494109821],[114.12989072,22.52007253],[114.13063936,22.5196065]],[[114.12576372,22.51931185],[114.12734231,22.51954654],[114.12577823673128,22.51933348887906],[114.12576372,22.51931185]],[[114.22105098,22.52722917],[114.22201925795609,22.52645964221043],[114.22103910819978,22.52741440030046],[114.22105098,22.52722917]],[[114.22357163771991,22.524720873273917],[114.22353049,22.52498756],[114.22289354009503,22.52560800914137],[114.22357163771991,22.524720873273917]],[[114.22397029498394,22.523895245018103],[114.22405128,22.52407381],[114.22404124793778,22.524081799090364],[114.22397029498394,22.523895245018103]],[[114.2236389,22.52302392],[114.22372065728852,22.522995408540122],[114.22364878873407,22.523049920095982],[114.2236389,22.52302392]],[[114.2251779,22.52248722],[114.22672362,22.52273403],[114.22468753451754,22.52265822659807],[114.2251779,22.52248722]],[[114.23559358,22.51731424],[114.23561786835734,22.517311398633243],[114.23555735573864,22.51736064096269],[114.23559358,22.51731424]],[[114.23616935381104,22.517246883260164],[114.23715934,22.51713107],[114.23705793989623,22.5170324365352],[114.23766503599595,22.51723886970566],[114.23616935381104,22.517246883260164]],[[114.23535721,22.51537811],[114.23656688,22.51647338],[114.23658848581339,22.516575791216024],[114.23535721,22.51537811]],[[114.23347227,22.51477266],[114.23310122,22.51438423],[114.23352342044721,22.51478908972098],[114.23347227,22.51477266]],[[114.23313817385562,22.513754682386594],[114.23326333,22.51377861],[114.23310122,22.51438423],[114.23313817385562,22.513754682386594]],[[114.23211679856784,22.51373614888892],[114.23253073,22.51363855],[114.23280971391961,22.513691886729156],[114.23211679856784,22.51373614888892]],[[114.20553907,22.55521321],[114.20533399,22.55373052],[114.20540269770694,22.55361324178107],[114.20566659083184,22.55534602181287],[114.20553907,22.55521321]],[[114.20671118,22.55053369],[114.2067098862433,22.550542162647783],[114.20520015,22.54904692],[114.20671118,22.55053369]],[[114.19805203,22.54336236],[114.20076708,22.54370241],[114.19798944098446,22.54336667163747],[114.19805203,22.54336236]],[[114.19544108184644,22.543542223220438],[114.19780889140812,22.54337910935218],[114.19575399,22.5436622],[114.19544108184644,22.543542223220438]],[[114.19434048261955,22.54265184017339],[114.19504026770049,22.54338854109395],[114.19473113,22.54327001],[114.19434048261955,22.54265184017339]],[[114.19453120311285,22.542191162323487],[114.19433267843895,22.54263949064998],[114.19432603,22.54262897],[114.19453120311285,22.542191162323487]],[[114.19460371,22.54202742],[114.19460286507392,22.542029328096792],[114.19455008264814,22.54188679830114],[114.19460371,22.54202742]],[[114.19419418,22.54095355],[114.1942010617375,22.5409715952994],[114.19329922,22.5401803],[114.19419418,22.54095355]],[[114.19073686,22.54295503],[114.19068146573653,22.542980359875916],[114.19040968,22.54238912],[114.19042163967181,22.542378684734583],[114.19073686,22.54295503]],[[114.19024946659103,22.54314579285241],[114.19041105244251,22.543104010498816],[114.1902726,22.54316732],[114.19024946659103,22.54314579285241]],[[114.23035421072854,22.513848739762164],[114.23031507,22.51385124],[114.23031047082611,22.513838933880727],[114.23035421072854,22.513848739762164]],[[114.22544262,22.51025717],[114.22777761,22.51220642],[114.22534533382694,22.510237602988777],[114.22544262,22.51025717]],[[114.22507927,22.51018409],[114.2252661021657,22.510221667252427],[114.22457321,22.51079182],[114.22507927,22.51018409]],[[114.22151197,22.50384064],[114.22145063,22.50441531],[114.22148271139743,22.503843278889693],[114.22151197,22.50384064]],[[114.2116639853511,22.49463649255439],[114.21163298,22.49463004],[114.21152848891339,22.494333224676012],[114.2116639853511,22.49463649255439]],[[114.21046135,22.49084174],[114.21056612319165,22.49159954754856],[114.21026489552436,22.490743886165767],[114.21046135,22.49084174]],[[114.2569847,22.51264294],[114.25869228877497,22.511316389657686],[114.25868988,22.51133151],[114.2569847,22.51264294]],[[114.31012869865582,22.4938049002926],[114.31024187,22.4938344],[114.31159734,22.49521148],[114.31012869865582,22.4938049002926]],[[114.2386313971123,22.51723369214351],[114.2391026215695,22.517185627891017],[114.23907601,22.51723131],[114.2386313971123,22.51723369214351]]],[[[114.09053,22.51492],[114.09066,22.51511],[114.09067061796013,22.515170674057906],[114.09084845896736,22.51492965027174],[114.09053,22.51492]]],[[[114.09042983484011,22.507039240264515],[114.09045842,22.50698839],[114.0903870596892,22.506842474570366],[114.09042983484011,22.507039240264515]]],[[[114.08941,22.47747],[114.08942,22.47775],[114.08946786732618,22.477946256037363],[114.08944189576762,22.477151042323843],[114.08941,22.47747]]],[[[114.08941,22.47627],[114.08934,22.47651],[114.08933,22.47669],[114.08937,22.47677],[114.08943556952859,22.476957341510282],[114.08941247452013,22.476250203838983],[114.08941,22.47627]]],[[[114.08953,22.47487],[114.08951,22.47532],[114.08946,22.47587],[114.08945345011156,22.475922399107503],[114.08945737,22.47593628],[114.08951129,22.47532598],[114.08958894001597,22.474676339947532],[114.08953,22.47487]]],[[[114.08953,22.47392],[114.08953,22.47407],[114.08956,22.47438],[114.08959622025053,22.47461543162837],[114.08973973851117,22.47341472085943],[114.08953,22.47392]]],[[[114.0974,22.46698],[114.09729,22.46692],[114.09722,22.46689],[114.09702,22.46687],[114.09632831439997,22.466757834767566],[114.09745103132525,22.46700148687379],[114.0974,22.46698]]],[[[114.11545,22.47087],[114.11534,22.47095],[114.11527035073549,22.47107188621289],[114.11542078,22.47091856],[114.11548285158193,22.470858405324027],[114.11545,22.47087]]],[[[114.17674,22.49209],[114.1766,22.49201],[114.1765,22.49192],[114.17633,22.49171],[114.17599830241541,22.49156984609102],[114.17685978089678,22.492225751683023],[114.17674,22.49209]]],[[[114.17809,22.49339],[114.17808677250059,22.49339],[114.17812788720552,22.49340262906851],[114.17809,22.49339]]],[[[114.17837,22.49353],[114.17827049236547,22.493461110099176],[114.17838877870108,22.49357381696917],[114.17837,22.49353]]],[[[114.29769,22.49092],[114.29689,22.49142],[114.29675,22.49153],[114.29655,22.49172],[114.29648180925903,22.491798293072947],[114.29786141435086,22.49083880372854],[114.29769,22.49092]]],[[[114.21091183,22.52826952],[114.21140584,22.52768001],[114.21125552,22.5272165],[114.21045851,22.52732948],[114.21027819,22.52773815],[114.21091183,22.52826952]]],[[[114.2092645,22.52799636],[114.20933295,22.52790579],[114.20924481,22.52783283],[114.20920573,22.52794328],[114.2092645,22.52799636]]],[[[114.22748457,22.53233682],[114.22747418,22.53181196],[114.22715695,22.53140726],[114.22685546,22.53152739],[114.22715382,22.53221705],[114.22748457,22.53233682]]],[[[114.22018029,22.54211111],[114.22006056,22.54173473],[114.219456,22.54121858],[114.21903412,22.54118615],[114.21945741,22.5412878],[114.22016035,22.54223072],[114.22018029,22.54211111]]],[[[114.22302354,22.54399324],[114.22298843,22.54351489],[114.2219379,22.54292556],[114.22160196,22.54315091],[114.22290365,22.54355485],[114.22302354,22.54399324]]],[[[114.224391,22.54358424],[114.22464084,22.54362295],[114.2243105,22.54348554],[114.22382366,22.54428393],[114.22391593,22.54427082],[114.224391,22.54358424]]],[[[114.28603469,22.52129495],[114.28600419,22.52080267],[114.28644469,22.52033836],[114.28725836,22.52015612],[114.28751253,22.52053488],[114.28843841,22.52047592],[114.28898312,22.51993967],[114.28890871,22.51949393],[114.28593562,22.51923589],[114.28496622,22.52079879],[114.28603469,22.52129495]]],[[[114.27309889,22.52732299],[114.27345764,22.52716306],[114.27341703,22.52693814],[114.27310159,22.52717534],[114.27309889,22.52732299]]],[[[114.27991816,22.53279221],[114.28062735,22.53291946],[114.28088858,22.53235281],[114.28003264,22.53227927],[114.27991816,22.53279221]]],[[[114.28804126,22.53275038],[114.28815186,22.53291813],[114.28875688,22.53288642],[114.28854169,22.53269194],[114.28804126,22.53275038]]],[[[114.27255063,22.53243576],[114.27252622,22.5333151],[114.27289203,22.5333386],[114.27301055,22.53263781],[114.27255063,22.53243576]]],[[[114.27596635,22.53203356],[114.27516515,22.53204286],[114.27504625,22.5340713],[114.27458838,22.53488283],[114.2750721,22.53463831],[114.27543766,22.53371634],[114.2772435,22.53348445],[114.27596635,22.53203356]]],[[[114.26760886,22.53804566],[114.26717458,22.53824274],[114.26711963,22.53884828],[114.2676609,22.53843764],[114.26760886,22.53804566]]],[[[114.26586027,22.54249627],[114.26606134,22.54212523],[114.26585987,22.54166503],[114.26503435,22.54229377],[114.26513602,22.54238753],[114.26586027,22.54249627]]],[[[114.26004228,22.54527649],[114.26045221,22.54626152],[114.26164679,22.54673133],[114.26215641,22.54652723],[114.26222839,22.54585027],[114.26134835,22.54513327],[114.25944556,22.54467246],[114.25860617,22.54505674],[114.25901339,22.54578894],[114.25947856,22.54593253],[114.2596943,22.54562275],[114.25930703,22.54510845],[114.26004228,22.54527649]]],[[[114.26256186,22.55198229],[114.26259389,22.55139677],[114.26077357,22.55131556],[114.26053271,22.55158818],[114.26077961,22.55178691],[114.26256186,22.55198229]]],[[[114.26861018,22.55156599],[114.26812839,22.55318158],[114.26764579,22.5534432],[114.26797748,22.55366798],[114.27105237,22.55097239],[114.27070842,22.54981175],[114.27029052,22.54974026],[114.2700956,22.55039558],[114.2697593,22.55035754],[114.26978001,22.55051696],[114.27013629,22.55042615],[114.27018052,22.55099811],[114.26861018,22.55156599]]],[[[114.2646112,22.55241265],[114.26467765,22.55260211],[114.26497426,22.55267445],[114.26510252,22.55233964],[114.2646112,22.55241265]]],[[[114.30372354,22.50094412],[114.30422313,22.50149087],[114.30511329,22.50171496],[114.30469634,22.50109207],[114.30372354,22.50094412]]],[[[114.30057423,22.51424105],[114.30033901,22.5143787],[114.30034419,22.51478338],[114.3007101,22.51463714],[114.30057423,22.51424105]]],[[[114.31407247,22.52385734],[114.31533968,22.5232528],[114.3163639,22.52169699],[114.31628282,22.52133558],[114.31741637,22.52051274],[114.31639668,22.51966075],[114.31669686,22.51885111],[114.31746471,22.51820072],[114.31626722,22.51791794],[114.31574072,22.51742924],[114.31619899,22.51735742],[114.31632837,22.51782037],[114.31707391,22.51754637],[114.31768948,22.51846953],[114.31826366,22.51838077],[114.31890357,22.51892866],[114.31963547,22.51799246],[114.32031106,22.51784782],[114.3201155,22.51769857],[114.3205203,22.51700909],[114.32127824,22.51694734],[114.32129086,22.51640484],[114.31875447,22.5155102],[114.31838524,22.51389471],[114.31717078,22.51317084],[114.31616966,22.51192873],[114.31336134,22.51100064],[114.31172667,22.5108303],[114.3105132,22.50812039],[114.30912318,22.50814921],[114.30844608,22.50868509],[114.3082375,22.50852094],[114.3084234,22.50870003],[114.30732845,22.50953064],[114.3057295,22.50989915],[114.30444828,22.50913728],[114.30417852,22.50844728],[114.30475653,22.50784025],[114.3037072,22.50736893],[114.30314321,22.50591946],[114.30228645,22.50598454],[114.30100511,22.50536151],[114.30035449,22.50539442],[114.30007821,22.50483648],[114.29907697,22.50432703],[114.29802508,22.50474612],[114.29798458,22.50510882],[114.29721046,22.50554197],[114.29816391,22.50689769],[114.29636716,22.50637719],[114.29566187,22.50717722],[114.2967035,22.50719232],[114.29713663,22.5075136],[114.29726355,22.50771705],[114.29660477,22.50855465],[114.2977044,22.50837955],[114.29800007,22.50865033],[114.29786208,22.5096167],[114.29625344,22.51099747],[114.29501936,22.51102088],[114.29514054,22.51177087],[114.29456128,22.5123803],[114.2945629,22.51342563],[114.29511614,22.5131513],[114.29513908,22.51243025],[114.29642654,22.51194847],[114.29720928,22.51314196],[114.29787728,22.51315415],[114.29812026,22.51226293],[114.30016462,22.51116437],[114.29960844,22.51271311],[114.30007455,22.51336691],[114.30095062,22.51301044],[114.30157329,22.51345688],[114.30164705,22.5128402],[114.30080253,22.51224115],[114.30198359,22.51182982],[114.30243082,22.51261127],[114.30232589,22.51068917],[114.30290916,22.51016946],[114.30368832,22.51050469],[114.30399247,22.50975925],[114.30468387,22.51081911],[114.30587822,22.51090181],[114.30471787,22.51194393],[114.30399004,22.51208104],[114.30381525,22.51248084],[114.30457993,22.5129173],[114.30577163,22.51209894],[114.30617681,22.51216703],[114.30607155,22.51305116],[114.3070562,22.51308327],[114.30747124,22.51380955],[114.30584743,22.51361315],[114.30579983,22.51445229],[114.30632879,22.51461809],[114.30722173,22.51429539],[114.30798338,22.51469483],[114.3078618,22.51625444],[114.30951847,22.51662417],[114.30920094,22.51717215],[114.30929294,22.51772393],[114.31027633,22.51878685],[114.31032088,22.51958706],[114.30950971,22.52006592],[114.30909789,22.52142937],[114.30944238,22.52311441],[114.31033772,22.52393159],[114.30941574,22.52449583],[114.30864614,22.52456055],[114.30830318,22.52515343],[114.30926394,22.52622547],[114.30981045,22.52590064],[114.31040201,22.52607099],[114.3109825,22.52565591],[114.31112132,22.52509585],[114.31192144,22.52501262],[114.31206215,22.52461449],[114.31295362,22.5247151],[114.31329728,22.5243354],[114.31407612,22.52432484],[114.31407247,22.52385734]]],[[[114.31965847,22.53109384],[114.3201434,22.52879772],[114.32018406,22.52775428],[114.31990457,22.52763031],[114.32072288,22.525368],[114.32017338,22.52358677],[114.31898866,22.52301078],[114.31780198,22.52482852],[114.31622552,22.52452731],[114.31143801,22.52794795],[114.3080904,22.52901976],[114.30787455,22.5330482],[114.30936278,22.53503867],[114.31004043,22.53518355],[114.31053808,22.53452128],[114.31196999,22.533915],[114.31202364,22.53289737],[114.31266535,22.53179189],[114.31338442,22.53155445],[114.31399608,22.53030793],[114.31412398,22.52886304],[114.31549955,22.52854289],[114.31609213,22.52916041],[114.31694151,22.5292383],[114.31815058,22.53052518],[114.31908577,22.53236667],[114.31839994,22.53315276],[114.31804216,22.5344843],[114.31828514,22.53709612],[114.31977069,22.53775003],[114.32004782,22.53754345],[114.32021542,22.53525279],[114.3205735,22.53511115],[114.32098531,22.53552888],[114.32160737,22.53374403],[114.32115103,22.53222783],[114.32057757,22.53225317],[114.32009236,22.53158233],[114.31981095,22.53164036],[114.31990402,22.53109803],[114.31965847,22.53109384]]],[[[114.30981634,22.54058448],[114.30930266,22.53961781],[114.30784165,22.5384149],[114.30547983,22.53725144],[114.30517909,22.53928679],[114.30538767,22.54061996],[114.30758757,22.5420093],[114.30892454,22.54168308],[114.30981634,22.54058448]]],[[[114.33110204,22.53963128],[114.32909798,22.54175566],[114.33021507,22.54243101],[114.33097247,22.54229453],[114.33129215,22.54187083],[114.33147469,22.54105365],[114.33110204,22.53963128]]],[[[114.31199902,22.54204347],[114.31176744,22.54171736],[114.31135577,22.5418979],[114.31164941,22.54218205],[114.31199902,22.54204347]]],[[[114.30193563,22.55035024],[114.30253817,22.55067522],[114.30366057,22.55014295],[114.30471952,22.55052888],[114.30508225,22.55138964],[114.30542738,22.55144756],[114.30619911,22.55080656],[114.30807166,22.55037508],[114.3086934,22.55057427],[114.30927943,22.55035707],[114.31125881,22.5510088],[114.31352709,22.54980798],[114.31589136,22.55069673],[114.31713108,22.55006464],[114.3167694,22.54977418],[114.31560866,22.54997239],[114.31493133,22.54965848],[114.31452916,22.54890042],[114.31412512,22.54895419],[114.31424296,22.54849641],[114.3133265,22.54828078],[114.31309854,22.54849343],[114.31276061,22.54805502],[114.31200252,22.54807783],[114.31157933,22.54744713],[114.31126453,22.54748714],[114.31149943,22.54713556],[114.31067446,22.54734291],[114.31041521,22.54798539],[114.30964667,22.54846788],[114.30826602,22.54877851],[114.30791013,22.54832752],[114.30824913,22.5472807],[114.3057367,22.54722412],[114.30507932,22.54532095],[114.30306877,22.5447216],[114.30262914,22.54487006],[114.30243627,22.54572008],[114.30188919,22.54636968],[114.3006511,22.54693079],[114.29880987,22.54869266],[114.29818896,22.54887765],[114.29719074,22.54826503],[114.29575562,22.54840931],[114.29553479,22.54867391],[114.29484787,22.54778026],[114.29436295,22.54611032],[114.29406461,22.54637231],[114.29435406,22.54673542],[114.29415678,22.54707437],[114.29365103,22.54661885],[114.29355169,22.5437],[114.29400595,22.54405264],[114.29441467,22.54356513],[114.29538241,22.54323162],[114.29649821,22.54349437],[114.29717564,22.54321674],[114.29757076,22.54162662],[114.29743209,22.54018258],[114.29865582,22.53959884],[114.29881332,22.5388782],[114.30054954,22.53816146],[114.30058941,22.53770182],[114.30218515,22.5364826],[114.30243981,22.53586439],[114.30353884,22.53563053],[114.30392161,22.53659889],[114.30452296,22.53649562],[114.30473286,22.5368296],[114.30530624,22.53654498],[114.30565308,22.53515815],[114.30455738,22.53341663],[114.30464845,22.53221846],[114.30432621,22.53189518],[114.30196416,22.5328619],[114.30000731,22.53233963],[114.29957815,22.53261511],[114.2993646,22.53312066],[114.30006196,22.53428184],[114.30096131,22.5345662],[114.30147153,22.53369673],[114.30227091,22.53411292],[114.30229156,22.53470315],[114.30196687,22.53508625],[114.3001777,22.535199],[114.30004141,22.53549618],[114.3007036,22.53637245],[114.29900907,22.53741724],[114.29870837,22.53708676],[114.29880365,22.53647838],[114.29822488,22.53605529],[114.29841211,22.53571954],[114.2965373,22.53531082],[114.29603915,22.5357508],[114.2957876,22.5345201],[114.29517436,22.53451491],[114.29411932,22.53376109],[114.29396497,22.53404329],[114.29440721,22.53477822],[114.29396315,22.53499837],[114.29354762,22.535009],[114.292719,22.53425021],[114.29100521,22.53433334],[114.29031178,22.53367182],[114.28856497,22.53435516],[114.28626596,22.53258786],[114.28584669,22.53413966],[114.28784213,22.53683618],[114.28757749,22.53845587],[114.28875436,22.53882462],[114.28951037,22.53854299],[114.29047925,22.53869393],[114.2919054,22.54032672],[114.29210142,22.53988694],[114.29166073,22.53895531],[114.29189247,22.53832756],[114.29438332,22.53885337],[114.29472884,22.53859657],[114.29480154,22.53881786],[114.29328119,22.54081581],[114.29250625,22.54261247],[114.29114489,22.5430035],[114.29011874,22.54448437],[114.28955285,22.54488958],[114.28882896,22.54488033],[114.28759872,22.54656243],[114.2863539,22.54704236],[114.28660236,22.5476842],[114.28720214,22.54754384],[114.28795473,22.54791095],[114.2886052,22.54770447],[114.28940485,22.54816286],[114.29008954,22.54802936],[114.29006413,22.54762103],[114.28945722,22.54743992],[114.28936139,22.54584915],[114.28994167,22.54547202],[114.29062314,22.54599054],[114.29056664,22.54661425],[114.29102498,22.54706268],[114.29113045,22.54825348],[114.29145119,22.54831282],[114.29181674,22.54947246],[114.29049598,22.55034661],[114.2899085,22.55009102],[114.2902694,22.55052134],[114.28938307,22.55143583],[114.2887126,22.55164197],[114.28832584,22.5530336],[114.28870254,22.5536139],[114.2900552,22.554422],[114.29038015,22.55504253],[114.29184804,22.55520439],[114.29298857,22.55489353],[114.29358142,22.5543962],[114.29272239,22.55266096],[114.2930174,22.55175809],[114.29372085,22.55107201],[114.29533742,22.55123939],[114.29662886,22.55078127],[114.29768553,22.55127011],[114.29879107,22.55060023],[114.30193563,22.55035024]]]]}},{"type":"Feature","properties":{"地區號碼":"P","District":"Tai Po","地區":"大埔","Administrative District Boundary of Hong Kong":"Administrative District Boundary of Hong Kong"},"geometry":{"type":"MultiPolygon","coordinates":[[[[114.31821,22.50016],[114.31832,22.50022],[114.31848,22.50025],[114.31883,22.50045],[114.31912,22.50056],[114.32004,22.50075],[114.32054,22.5009],[114.32094,22.50107],[114.32145,22.50147],[114.32187,22.50196],[114.32202,22.50217],[114.32219,22.50227],[114.32255,22.50236],[114.32288,22.50242],[114.32307,22.50252],[114.32361,22.50281],[114.32385,22.50302],[114.32397,22.50318],[114.3244,22.5033],[114.32471,22.50333],[114.32495,22.50328],[114.32549,22.50313],[114.32578,22.50307],[114.32605,22.50297],[114.3263,22.50291],[114.32652,22.50297],[114.3267,22.50313],[114.32681,22.50319],[114.32723,22.50355],[114.32749,22.5037],[114.3278,22.50394],[114.32869,22.50441],[114.32913,22.50459],[114.32986,22.505],[114.33036,22.5055],[114.33106,22.50609],[114.33148,22.50651],[114.33183,22.50673],[114.3328,22.50794],[114.33348,22.50848],[114.3339,22.50871],[114.33426,22.5089],[114.33479,22.50903],[114.33580948815539,22.51002063471704],[114.33613223,22.50901233],[114.33649115,22.50903955],[114.33633475,22.50836344],[114.33662177,22.50824977],[114.33600824,22.50749256],[114.33481036,22.50682443],[114.33395514,22.50552743],[114.33215029,22.50421081],[114.33088918,22.50350413],[114.32930001,22.50331826],[114.32700847,22.50065175],[114.32584985,22.50082991],[114.32547771,22.50060856],[114.32433784,22.49923247],[114.32415087,22.49831887],[114.3232051,22.49710314],[114.32181643,22.49667671],[114.32139368,22.49515525],[114.31963031,22.49485608],[114.31964214,22.49409585],[114.31883617,22.49293963],[114.3187866,22.4920284],[114.31845599,22.49170325],[114.31803723,22.49213013],[114.31685352,22.49182502],[114.31472792,22.48892382],[114.31385338,22.4887789],[114.31278346,22.48763319],[114.31207494,22.48751073],[114.31171809,22.48875768],[114.31279334,22.48993984],[114.31281226,22.49035305],[114.31228893,22.49035222],[114.31192258,22.48999196],[114.31093108,22.48988812],[114.31044569,22.48846489],[114.30868325,22.48869096],[114.30900076,22.48809117],[114.30851266,22.48753305],[114.30764447,22.48701433],[114.30600209,22.48667135],[114.30608839,22.48593251],[114.30637151,22.48607045],[114.3062382,22.48591642],[114.30588012,22.48571372],[114.30539804,22.485643],[114.30927446,22.48600485],[114.30930237,22.48567343],[114.30719054,22.48323999],[114.29986363,22.47961809],[114.29859244,22.4793675],[114.29757767,22.47952798],[114.2959983,22.47880096],[114.29454912,22.47956338],[114.29421987,22.4786556],[114.29433756,22.477756],[114.29206552,22.47559164],[114.29094675,22.47527881],[114.28949669,22.47569758],[114.28945802,22.47513102],[114.29010146,22.47469084],[114.2897678,22.47434321],[114.28913115,22.47427182],[114.28870158,22.47490236],[114.28712694,22.47397317],[114.28512846,22.47369762],[114.27970283,22.47049348],[114.27817848,22.47064298],[114.27674208,22.47150607],[114.27410014,22.47106018],[114.27333868,22.47124977],[114.27184116,22.46920768],[114.270394,22.46886901],[114.26993838,22.46812154],[114.27000768,22.4671351],[114.2708713,22.46719729],[114.27359925,22.46880109],[114.27444279,22.46889704],[114.27484918,22.46848689],[114.27068596,22.46613128],[114.26796594,22.46531012],[114.26581048,22.46336405],[114.26279168,22.46223523],[114.26242804,22.46133798],[114.26116308,22.46045102],[114.26045432,22.45862669],[114.25996745,22.4584347],[114.25941708,22.45756286],[114.2592769,22.45682923],[114.25954745,22.45684926],[114.2587124,22.45562855],[114.25821302,22.45552369],[114.25820883,22.45509727],[114.25765586,22.45579211],[114.25705786,22.45556767],[114.25736162,22.45469764],[114.25674097,22.45390553],[114.25414875,22.45285497],[114.25343162,22.45364661],[114.25088765,22.45347425],[114.25044103,22.45269271],[114.2497426,22.45280205],[114.24876166,22.45236427],[114.24769351,22.45140674],[114.24681303,22.4498119],[114.24660063,22.44994835],[114.24691708,22.4530256],[114.24662397,22.45373649],[114.24764926,22.455137],[114.23485705,22.46776636],[114.23438095155481,22.467901832176903],[114.2338394,22.46764767],[114.23247263,22.46793862],[114.2329106,22.4680683],[114.23285253,22.46831694],[114.23165368,22.46838629],[114.23183816,22.46913898],[114.23254512,22.46879587],[114.23331235,22.46919356],[114.23284012,22.47035587],[114.23244271,22.470418],[114.23283838,22.47052555],[114.23270531,22.47101867],[114.23232797,22.47086641],[114.232555,22.47114355],[114.23128032,22.47230585],[114.23051167,22.47196593],[114.22845212,22.47185652],[114.22911627,22.4709405],[114.22861492,22.4715857],[114.22696937,22.47062238],[114.22729888,22.47014057],[114.22669009,22.47095226],[114.22568973,22.47119015],[114.22350424,22.46834568],[114.22310313,22.46838709],[114.22312353,22.46912901],[114.22295567,22.46832999],[114.22273482,22.46884566],[114.22232138,22.46888129],[114.22232329,22.46764802],[114.20972904,22.46764884],[114.20953228,22.4670935],[114.20907534,22.46694366],[114.20876662,22.46516084],[114.20947858,22.46463261],[114.20957823,22.46406957],[114.20890145,22.46264753],[114.20833338,22.46221993],[114.20888633,22.46199242],[114.20832743,22.46220025],[114.20822287,22.46121149],[114.20883701,22.45913628],[114.21147504,22.4583264],[114.2120897,22.45746612],[114.21324151,22.45722543],[114.2134578,22.45738547],[114.21325485,22.45759503],[114.21378475,22.45758701],[114.21366787,22.4578477],[114.2138026,22.45759461],[114.21440551,22.45773125],[114.21496306,22.45629839],[114.21550754,22.45626213],[114.21641946,22.45691828],[114.21659401,22.45742873],[114.2173899,22.45692439],[114.21926843,22.45678297],[114.21996369,22.45637734],[114.21981144,22.45591911],[114.21903773,22.45562356],[114.21776037,22.45610918],[114.21573105,22.45446008],[114.21512859,22.4535989],[114.21582209,22.45235246],[114.22042926,22.45121565],[114.22106308,22.45023082],[114.22180932,22.4500204],[114.22312069,22.45034298],[114.22584103,22.45231088],[114.22680436,22.4526411],[114.22684904,22.45384939],[114.22756979,22.45489932],[114.22747012,22.45561706],[114.22990631,22.45801369],[114.23214885,22.45881139],[114.23439824,22.45747006],[114.23357799,22.45613458],[114.23366485,22.45539512],[114.23313884,22.45439925],[114.23220865,22.45341311],[114.23114738,22.45305022],[114.22959676,22.45089339],[114.22707776,22.45039387],[114.22605112,22.44926876],[114.22494976,22.44883539],[114.22461691,22.44998175],[114.22278048,22.45025697],[114.22083094,22.44909563],[114.21926186,22.44899659],[114.21779812,22.44977024],[114.21719761,22.44971493],[114.2166328,22.44950552],[114.21649751,22.44902604],[114.21750163,22.44788882],[114.21599334,22.44714144],[114.21561184,22.44737482],[114.2163311,22.44844333],[114.21498936,22.44921968],[114.21409392,22.44905597],[114.21406608,22.44880722],[114.2140567,22.4490406],[114.21334612,22.44913029],[114.21273614,22.44882294],[114.2121032,22.44926945],[114.21133971,22.44915222],[114.21069727,22.44959658],[114.20990224,22.44945673],[114.20967981,22.4497007],[114.211216,22.45083744],[114.21188598,22.45227214],[114.21259495,22.45283314],[114.21264932,22.45358552],[114.21383516,22.45424887],[114.21383145,22.45457688],[114.21416108,22.45454107],[114.21396398,22.45545695],[114.21320673,22.45549],[114.21362849,22.45568723],[114.21319302,22.45691632],[114.21125217,22.45721224],[114.20920458,22.45671684],[114.2114758,22.45335981],[114.20898248,22.45664484],[114.20778089,22.45656889],[114.20619962,22.45752579],[114.20547701,22.45722409],[114.20417376,22.45927091],[114.20306559,22.45884472],[114.20311113,22.45975706],[114.20314282174768,22.45977085499864],[114.20066515,22.45934586],[114.19935978,22.45837747],[114.19948988,22.45766324],[114.19830826,22.45724044],[114.19830755536323,22.457241858630756],[114.19835135,22.45429322],[114.19778822,22.45306644],[114.19653799,22.45225321],[114.19383628,22.45178796],[114.19302083,22.45075929],[114.18639221,22.45256951],[114.18240397,22.45253003],[114.18132589,22.45185123],[114.18085795,22.45019731],[114.18023365,22.44952907],[114.17708026,22.44947158],[114.17691134665633,22.449253375709507],[114.17704571,22.44919478],[114.17700079,22.44883488],[114.17812974,22.44821026],[114.17765277,22.44738227],[114.17776902,22.44664829],[114.1782259,22.44626705],[114.17914707,22.44617988],[114.17952606,22.4453052],[114.17772814372896,22.445047712065026],[114.17832004,22.44504581],[114.1811707,22.44305351],[114.18335979,22.44194296],[114.18400495,22.44262715],[114.18368466,22.44179638],[114.1851957,22.44083413],[114.18551665,22.44105232],[114.1861719,22.44028246],[114.18852873,22.43940925],[114.19303577,22.44008439],[114.19491271,22.43959437],[114.19653574,22.4387422],[114.19974024,22.43619614],[114.20187708,22.43515083],[114.21083145070938,22.428789075898784],[114.20771,22.42672],[114.20754,22.42657],[114.20689,22.42588],[114.20666,22.42553],[114.20663,22.42546],[114.20615,22.42553],[114.20535,22.42517],[114.20521,22.4252],[114.20515,22.4254],[114.20504,22.42606],[114.20473,22.42609],[114.20448,22.42579],[114.20365,22.42467],[114.20341,22.42471],[114.20329,22.42432],[114.20342,22.42414],[114.20341,22.42392],[114.20398,22.4226],[114.20369,22.4227],[114.20353,22.42239],[114.20336,22.42247],[114.20352,22.42284],[114.20355,22.42306],[114.20347,22.42317],[114.20317,22.42339],[114.20303,22.4234],[114.20286,22.42333],[114.20264,22.42316],[114.20239,22.42282],[114.20221,22.4229],[114.20249,22.42337],[114.20228,22.42419],[114.20223,22.42487],[114.20252,22.42505],[114.20233,22.42539],[114.20107,22.42459],[114.20106,22.4245],[114.201,22.42445],[114.20087,22.4244],[114.20075,22.42438],[114.20054,22.42435],[114.20052,22.42401],[114.20042,22.42354],[114.20027,22.42303],[114.20005,22.42255],[114.20024,22.42222],[114.20013,22.42169],[114.19963,22.42154],[114.1992,22.42164],[114.19868,22.41861],[114.19161169763755,22.418473160192537],[114.19357789,22.4190167],[114.19149865540545,22.418470971735324],[114.18525,22.41835],[114.18518219630974,22.4168131163542],[114.1835015337976,22.416371999686238],[114.18517731002115,22.416702360479434],[114.18513,22.41563],[114.17343,22.41572],[114.1734208897362,22.414408122014528],[114.16596761990633,22.412996871701036],[114.16148,22.41309],[114.16136,22.41308],[114.1609,22.41287],[114.16078,22.41286],[114.16072,22.41289],[114.16054,22.41305],[114.16047,22.41308],[114.16038,22.41305],[114.15997,22.4127],[114.15997,22.41265],[114.16015,22.41205],[114.16009,22.41205],[114.16002,22.41212],[114.15986,22.41239],[114.15977,22.41242],[114.15947,22.41253],[114.15935,22.41264],[114.15903,22.41286],[114.15885,22.41299],[114.15874,22.41303],[114.15871,22.41301],[114.15867,22.41297],[114.15867,22.41292],[114.15873,22.41277],[114.15885,22.41257],[114.1589,22.4124],[114.15882,22.41225],[114.15872,22.41219],[114.15862,22.41218],[114.15849,22.41219],[114.15836,22.41209],[114.15828,22.41198],[114.15826759602585,22.41193968708402],[114.1580976987716,22.411946422569233],[114.15804,22.412],[114.15796,22.41208],[114.15783,22.41215],[114.15763,22.41219],[114.15724,22.41221],[114.15685,22.41226],[114.15657,22.41232],[114.1563,22.41241],[114.15597,22.41258],[114.15515,22.4129],[114.15345,22.41258],[114.15299,22.41256],[114.15272,22.41242],[114.15262,22.4124],[114.15236,22.4124],[114.1518,22.4125],[114.15162,22.41251],[114.15132,22.41248],[114.15094,22.41248],[114.15064,22.41254],[114.1506,22.41255],[114.15041,22.41258],[114.15022,22.41258],[114.1501,22.41257],[114.14987,22.41252],[114.14951,22.41252],[114.1493,22.4125],[114.14919,22.41248],[114.14897,22.41242],[114.14852,22.41237],[114.14824,22.41229],[114.14775,22.41209],[114.14749,22.41194],[114.14733,22.41183],[114.14722,22.41195],[114.14722,22.41213],[114.14712,22.41247],[114.14705,22.4129],[114.14711,22.41314],[114.14723,22.4135],[114.14728,22.41383],[114.14721,22.41404],[114.14702,22.41434],[114.14689,22.4146],[114.14686,22.41468],[114.14678,22.41506],[114.14677,22.41532],[114.14693,22.41572],[114.14694,22.41589],[114.14686,22.41608],[114.14659043530594,22.416414632034],[114.14681832,22.41634496],[114.14645682,22.41660983],[114.14641690742505,22.41659261679419],[114.14629,22.4167],[114.14616,22.41685],[114.14611,22.41685],[114.14581,22.41671],[114.14568,22.41666],[114.14536,22.41659],[114.14509,22.41647],[114.145,22.41644],[114.14468,22.41631],[114.14428,22.41608],[114.14424,22.41607],[114.14409,22.41598],[114.14388,22.41588],[114.1436,22.4158],[114.14342,22.41578],[114.14316,22.41579],[114.1429,22.41581],[114.14247373067941,22.41587698517895],[114.14024532,22.41741251],[114.1397493674083,22.4175077494569],[114.1409951,22.41689193],[114.14247212254983,22.415877237885027],[114.1422,22.41592],[114.14198,22.41598],[114.14188,22.41602],[114.14167,22.41621],[114.1415,22.41639],[114.14132,22.41651],[114.14121,22.4166],[114.14098,22.41673],[114.14084,22.41681],[114.14072,22.41684],[114.14059,22.41693],[114.14041,22.41699],[114.14004,22.41705],[114.13993,22.41709],[114.13987,22.41712],[114.13975,22.41716],[114.1397,22.41719],[114.13945,22.41731],[114.13926,22.41734],[114.1391,22.41731],[114.13878,22.41719],[114.13865,22.41715],[114.13848,22.41717],[114.1384,22.41721],[114.13835,22.41725],[114.13832,22.4173],[114.13818,22.41745],[114.13809,22.41748],[114.13797,22.41751],[114.13775,22.41755],[114.13752,22.41754],[114.13731,22.41747],[114.13713,22.41734],[114.13689,22.4171],[114.13679,22.41705],[114.13669,22.41705],[114.13656,22.41708],[114.13638,22.41718],[114.13625,22.41723],[114.1361,22.41723],[114.13552,22.41714],[114.13523,22.41707],[114.13459,22.41683],[114.13418,22.41664],[114.13401,22.41661],[114.1339,22.41662],[114.13372,22.41667],[114.13354,22.41681],[114.13325,22.41688],[114.13289,22.4169],[114.13243,22.41688],[114.13235,22.41677],[114.13224,22.41676],[114.13219,22.41672],[114.13208,22.4167],[114.132,22.4167],[114.13171,22.4168],[114.13158,22.41681],[114.13146,22.4168],[114.13136,22.41678],[114.13127,22.41674],[114.1311,22.41655],[114.13098,22.4165],[114.13088,22.41648],[114.13076,22.41647],[114.13053,22.41651],[114.13039,22.41657],[114.13011,22.41673],[114.13001,22.41676],[114.12992,22.41676],[114.12969,22.41669],[114.12957,22.41668],[114.12923,22.41671],[114.12902,22.41679],[114.12879,22.41682],[114.12861,22.41685],[114.12852,22.41689],[114.12844,22.4169],[114.12818,22.41687],[114.1279,22.4168],[114.12786,22.41678],[114.12784,22.41674],[114.12784,22.41669],[114.12789,22.41648],[114.12788,22.41643],[114.12785,22.41641],[114.12779,22.41641],[114.12746,22.41645],[114.12723,22.41644],[114.12682,22.41641],[114.12672,22.4164],[114.12662,22.41636],[114.12653,22.41632],[114.12643,22.41624],[114.12636,22.41621],[114.12619,22.41623],[114.12604,22.41619],[114.12598,22.41619],[114.12588,22.41622],[114.12581,22.41621],[114.12577,22.41618],[114.12572,22.41613],[114.12565,22.41601],[114.12557,22.41594],[114.12558,22.41621],[114.1256,22.41629],[114.12565,22.41642],[114.12566,22.41655],[114.12564,22.41666],[114.12556,22.41683],[114.12555,22.41694],[114.12559,22.41707],[114.12566,22.41719],[114.12579,22.41762],[114.12585,22.41776],[114.12585,22.41779],[114.12594,22.41818],[114.12603,22.41838],[114.12606,22.41857],[114.12605,22.41873],[114.12603,22.41879],[114.12593,22.41889],[114.1259,22.41897],[114.1259,22.41906],[114.12594,22.41915],[114.12596,22.41941],[114.12593,22.41952],[114.12593,22.41964],[114.12594,22.41976],[114.126,22.41995],[114.12601,22.42003],[114.12597,22.4201],[114.12527,22.42089],[114.12517,22.42103],[114.12507,22.42126],[114.125,22.42135],[114.12492,22.42147],[114.12482,22.42178],[114.12472,22.42199],[114.12459,22.42233],[114.12451,22.42252],[114.12444,22.42264],[114.12437,22.42274],[114.12417,22.4229],[114.12383,22.42305],[114.12345,22.42314],[114.12329,22.42318],[114.12314,22.42321],[114.12305,22.42324],[114.12297,22.4233],[114.12291,22.42335],[114.12283,22.42349],[114.12269,22.42364],[114.12242,22.42404],[114.12225,22.42425],[114.12214,22.42447],[114.12198,22.42464],[114.12152,22.42541],[114.12135,22.42578],[114.1214,22.42607],[114.1214,22.42619],[114.12134,22.42634],[114.12133,22.42642],[114.12136,22.42647],[114.12139,22.42648],[114.12139,22.42655],[114.12145,22.42668],[114.12146,22.42677],[114.12146,22.42686],[114.12145,22.42695],[114.12143,22.42701],[114.12131,22.42713],[114.12111209150578,22.427469271704364],[114.12110513,22.42752549],[114.12109649073554,22.427526972723776],[114.12110160734242,22.427487244555838],[114.1211,22.42749],[114.12102,22.4276],[114.12078,22.42761],[114.12046,22.42765],[114.12016,22.42777],[114.11998,22.42788],[114.11981,22.42802],[114.11953,22.42832],[114.11942,22.42839],[114.11932,22.4284],[114.11918,22.42835],[114.11896,22.42829],[114.1188,22.4283],[114.11863,22.42832],[114.11845,22.42839],[114.11832,22.42847],[114.11826,22.42856],[114.1182,22.42868],[114.11815620904768,22.428758823714162],[114.11824885426601,22.428657713808008],[114.11772895900464,22.429482081990745],[114.11745,22.43004],[114.11745,22.43011],[114.11749,22.43017],[114.11751,22.43018],[114.11754,22.43025],[114.11756,22.43034],[114.11754,22.43043],[114.11751,22.43051],[114.11746,22.43059],[114.1173,22.43073],[114.11716,22.43085],[114.11704,22.431],[114.11693,22.43115],[114.11683,22.4313],[114.11676,22.43147],[114.11667,22.43173],[114.11662,22.4319],[114.11659,22.43217],[114.11659,22.43235],[114.1166,22.43253],[114.11689,22.43455],[114.11693,22.43464],[114.1169,22.43481],[114.11681,22.43495],[114.11666,22.43509],[114.11637,22.43529],[114.11599,22.43548],[114.11563,22.43593],[114.11556,22.43604],[114.1154,22.43619],[114.11521,22.43632],[114.11513,22.43639],[114.11506,22.43656],[114.11503,22.43671],[114.11504,22.43702],[114.11498,22.43713],[114.11483,22.43725],[114.11464,22.43738],[114.1146,22.43743],[114.11455,22.43753],[114.11428,22.438],[114.11422,22.43807],[114.11421,22.4381],[114.11413,22.43827],[114.11407,22.4385],[114.11394,22.43879],[114.11385,22.43907],[114.11368,22.43951],[114.11312,22.44034],[114.11259,22.44099],[114.11251,22.44113],[114.11249,22.44124],[114.11251,22.44138],[114.11267,22.44162],[114.11281,22.44179],[114.11286,22.44196],[114.11282,22.44209],[114.11270536128772,22.442265779358817],[114.11202499067306,22.44365473462535],[114.11194019510093,22.443525462826024],[114.11195,22.4438],[114.112,22.44387],[114.1132,22.44558],[114.11329,22.44574],[114.11336,22.44584],[114.11366,22.44633],[114.11373,22.44639],[114.11471772012158,22.447759830825543],[114.11436398403504,22.44722055620011],[114.11483427942844,22.44788861210226],[114.11476088825285,22.44781969903679],[114.1151,22.44829],[114.11516,22.44835],[114.11526,22.44851],[114.11535,22.44859],[114.11542,22.44863],[114.11608,22.44906],[114.11617,22.44923],[114.11624,22.44933],[114.11629,22.44936],[114.11646,22.4495],[114.11653,22.44958],[114.11658,22.44974],[114.11676,22.44977],[114.11686,22.44981],[114.11708,22.44994],[114.11718,22.45004],[114.11721,22.45011],[114.11736,22.45042],[114.11747,22.45056],[114.11755,22.45062],[114.11783,22.45074],[114.11791,22.45079],[114.11808,22.45094],[114.11809,22.45097],[114.1181,22.45114],[114.11807,22.45131],[114.11807,22.45141],[114.11809,22.45147],[114.11822,22.45161],[114.11837,22.45175],[114.11842,22.45185],[114.11842,22.45192],[114.11842,22.45203],[114.11836,22.45236],[114.11836,22.45252],[114.1184,22.45265],[114.11851,22.45279],[114.11863,22.45291],[114.11879,22.45304],[114.1189,22.4531],[114.11909,22.45327],[114.11933,22.45362],[114.11952,22.45386],[114.11969,22.45402],[114.12003,22.45425],[114.12057,22.45493],[114.12093,22.45516],[114.12112,22.45526],[114.12146,22.45539],[114.12155,22.45545],[114.12161,22.4555],[114.1217,22.45553],[114.1218,22.45564],[114.12186,22.45579],[114.12193,22.45614],[114.12196,22.45649],[114.12202,22.45681],[114.12206,22.45723],[114.12214,22.45749],[114.1223,22.45786],[114.12242,22.458],[114.12259,22.45816],[114.12288,22.45851],[114.12291,22.45859],[114.12302,22.4587],[114.1234,22.45892],[114.12357,22.45901],[114.12376,22.45908],[114.12386,22.45916],[114.12386,22.45921],[114.1239,22.45948],[114.12388,22.45977],[114.12393,22.46003],[114.12405,22.46018],[114.12412,22.46024],[114.12438,22.46043],[114.12439,22.46053],[114.12429,22.46074],[114.12415,22.46098],[114.12407,22.46122],[114.12407,22.46141],[114.12426,22.4617],[114.12443,22.46201],[114.12446,22.46211],[114.12493,22.46234],[114.12493128566346,22.462348356812456],[114.12493241,22.46233657],[114.12493184559241,22.46235199635066],[114.12499,22.46273],[114.12491233218017,22.462885335639665],[114.12488748356057,22.463564496462002],[114.12482392424579,22.46355588636869],[114.12488,22.46364],[114.12509,22.46373],[114.1253,22.46381],[114.12542,22.46383],[114.12555,22.46383],[114.12649,22.46382],[114.12686,22.46384],[114.1269,22.46392],[114.12694,22.46398],[114.12713,22.46415],[114.12719,22.46423],[114.12732,22.46436],[114.12742,22.46451],[114.12749,22.46468],[114.1275,22.46486],[114.12747,22.46496],[114.12754,22.46527],[114.12761,22.4655],[114.12762,22.46566],[114.12766,22.46584],[114.12773,22.46605],[114.1279,22.46651],[114.1281,22.467],[114.12864,22.46729],[114.12873,22.46733],[114.12883,22.46736],[114.12892,22.46737],[114.12913,22.46738],[114.12922,22.4674],[114.1293,22.46744],[114.12938,22.4675],[114.12961,22.46779],[114.12998,22.4683],[114.13061,22.46838],[114.13075,22.46843],[114.13093,22.46855],[114.13105,22.46862],[114.13114,22.46865],[114.13124,22.46866],[114.13133,22.46866],[114.13145,22.46862],[114.13221,22.46818],[114.13274,22.46792],[114.13281,22.46787],[114.13315,22.46785],[114.13356,22.46785],[114.13401,22.4678],[114.13419,22.46781],[114.13456,22.46793],[114.13469,22.46798],[114.13487,22.468],[114.13505,22.46816],[114.13528,22.46835],[114.13557,22.46838],[114.13575,22.46845],[114.13587,22.46888],[114.13615,22.46903],[114.13624,22.46925],[114.13676,22.46959],[114.13719,22.46979],[114.13746,22.46999],[114.13758,22.4701],[114.13761,22.47015],[114.13762,22.47034],[114.13763,22.4704],[114.13765,22.47042],[114.13779,22.47049],[114.13805,22.47061],[114.13814,22.47071],[114.13847,22.47096],[114.13865,22.47108],[114.13872,22.47115],[114.13871,22.47122],[114.13868,22.47127],[114.13852,22.47131],[114.13849,22.47134],[114.1385,22.47142],[114.13852,22.47145],[114.13871,22.47158],[114.1389,22.47165],[114.13954,22.47173],[114.13992,22.47196],[114.13998,22.47198],[114.14014,22.472],[114.14054,22.47224],[114.14086,22.47224],[114.14108,22.47229],[114.14124,22.47244],[114.14165,22.47259],[114.14185,22.47286],[114.14193,22.47313],[114.14197,22.47319],[114.14205,22.47332],[114.14214,22.47338],[114.14229,22.47342],[114.1434,22.47348],[114.14359,22.47354],[114.14373,22.47366],[114.14393,22.47397],[114.14396,22.47416],[114.14389,22.47469],[114.1439,22.47473],[114.14441,22.47472],[114.14504,22.47461],[114.14532,22.47457],[114.1456,22.4746],[114.14579,22.47468],[114.14602,22.47485],[114.14625,22.4752],[114.14636,22.47536],[114.14654,22.47552],[114.14685,22.47561],[114.14713,22.47572],[114.14757,22.47614],[114.148,22.47643],[114.14813,22.47654],[114.14822,22.47664],[114.14832,22.47682],[114.14851,22.47735],[114.14853,22.47752],[114.14848,22.47767],[114.14842,22.47778],[114.14841,22.47788],[114.14842,22.47796],[114.149,22.47972],[114.14928,22.47962],[114.14958,22.47965],[114.14979,22.47971],[114.15108,22.48042],[114.15114,22.48034],[114.15121,22.48028],[114.15129,22.48022],[114.15143,22.48014],[114.15152,22.48012],[114.15162,22.48011],[114.15293,22.48013],[114.15332,22.4808],[114.15317,22.48114],[114.1531,22.48143],[114.15304,22.4818],[114.15303,22.48198],[114.15302,22.48234],[114.15303,22.48283],[114.15306,22.48306],[114.15309,22.48321],[114.15323,22.48366],[114.15332,22.48399],[114.15324,22.4841],[114.15315,22.4842],[114.15288,22.48439],[114.15274,22.48446],[114.15241,22.48469],[114.15207,22.48498],[114.15201,22.48503],[114.15134,22.48545],[114.15119,22.48553],[114.15133,22.48559],[114.15143,22.48562],[114.15155,22.48564],[114.15169,22.48566],[114.15174,22.48568],[114.15189,22.48578],[114.15193,22.48581],[114.15194,22.48584],[114.15197,22.48606],[114.15205,22.48619],[114.15205,22.48628],[114.15207,22.48631],[114.15212,22.48634],[114.15218,22.48634],[114.15233,22.48632],[114.152,22.48658],[114.15152,22.48691],[114.15149,22.48696],[114.15149,22.48701],[114.15152,22.48706],[114.15157,22.4871],[114.15163,22.48712],[114.15169,22.48713],[114.15181,22.48713],[114.15188,22.48715],[114.15192,22.48718],[114.15194,22.48725],[114.15194,22.4873],[114.15193,22.48736],[114.15191,22.48741],[114.15142,22.48809],[114.1514,22.48814],[114.1514,22.48819],[114.15144,22.48822],[114.1515,22.48824],[114.15318,22.48827],[114.15954,22.4883],[114.16348,22.48974],[114.16363,22.48978],[114.16382,22.48979],[114.16407,22.48976],[114.16419,22.48969],[114.1643,22.48957],[114.16441,22.48915],[114.16444,22.48895],[114.16434,22.4886],[114.16384,22.48772],[114.1638,22.48752],[114.1638,22.48723],[114.16385,22.48712],[114.16412,22.48706],[114.16423,22.487],[114.16426,22.48684],[114.16423,22.48646],[114.16416,22.48632],[114.16416,22.48623],[114.16406,22.48603],[114.16412,22.48598],[114.1641519461574,22.485976450426953],[114.16496229696428,22.485782620054966],[114.16499,22.48574],[114.16513,22.48566],[114.16533,22.48559],[114.16559,22.48563],[114.1659,22.48572],[114.16608,22.4858],[114.16619,22.48593],[114.16636,22.48609],[114.1665,22.48611],[114.16678,22.4861],[114.1669,22.48608],[114.16699,22.48608],[114.16714,22.48617],[114.16751,22.48622],[114.1677,22.48626],[114.16785,22.48635],[114.16795,22.48639],[114.16809,22.48642],[114.16832,22.4864],[114.16845,22.4864],[114.16858,22.48645],[114.16874,22.48671],[114.16889,22.48696],[114.169,22.48689],[114.1693,22.48658],[114.16939,22.48627],[114.16962,22.48596],[114.16976,22.48573],[114.16978,22.48566],[114.16975,22.48559],[114.16976,22.48552],[114.16983,22.48544],[114.16995,22.48538],[114.17007,22.48531],[114.17011,22.48525],[114.17009,22.48519],[114.16974,22.48506],[114.16961,22.48502],[114.16961,22.48485],[114.16964,22.48466],[114.16976,22.48464],[114.17005,22.48468],[114.17062,22.48468],[114.17066,22.48467],[114.17106,22.48447],[114.17132,22.48437],[114.17149,22.48432],[114.17154,22.48427],[114.17161,22.48412],[114.17167,22.48401],[114.17171,22.48397],[114.17178,22.48397],[114.17190483800998,22.484046823390756],[114.17216842443322,22.483915185396253],[114.17187254310235,22.484418097510105],[114.17186645438701,22.484386245206185],[114.17183,22.48449],[114.17184,22.48466],[114.17187,22.48478],[114.17203,22.48518],[114.17199,22.48578],[114.172,22.48602],[114.17208,22.48622],[114.17243,22.48667],[114.17243,22.48687],[114.17238,22.48698],[114.17238,22.48706],[114.17243,22.48717],[114.1725,22.48728],[114.17262,22.48735],[114.17267,22.48737],[114.17274,22.48738],[114.17275,22.48747],[114.17277,22.48753],[114.17285,22.48765],[114.17291,22.48769],[114.17303,22.48776],[114.17341,22.48794],[114.17357,22.48804],[114.17363,22.4881],[114.17368,22.48822],[114.17371,22.48836],[114.17373,22.48853],[114.17376,22.48867],[114.17381,22.48883],[114.17389,22.4889],[114.17391,22.48893],[114.17422,22.48907],[114.17429,22.48917],[114.17439,22.48948],[114.17442,22.48983],[114.17463,22.49001],[114.1747,22.49021],[114.17473,22.49025],[114.17482,22.49036],[114.17486,22.49037],[114.17486,22.49046],[114.17482,22.49067],[114.17501,22.49074],[114.17529,22.49097],[114.17536407814428,22.491086965490968],[114.17599830241541,22.49156984609102],[114.17633,22.49171],[114.1765,22.49192],[114.1766,22.49201],[114.17674,22.49209],[114.17685978089678,22.492225751683023],[114.1770086874902,22.492339124993467],[114.17707,22.49238],[114.17719,22.49251],[114.17733,22.49285],[114.17754,22.49322],[114.17775,22.49338],[114.178,22.49339],[114.17804179584027,22.49339],[114.17801603706091,22.493368272427958],[114.17808677250059,22.49339],[114.17809,22.49339],[114.17812788720552,22.49340262906851],[114.17824776,22.49343945],[114.17827049236547,22.493461110099176],[114.17837,22.49353],[114.17838877870108,22.49357381696917],[114.17938254056742,22.494520703935557],[114.18335,22.49562],[114.18339510468385,22.49562],[114.1877811092454,22.49531778150919],[114.18779,22.4953],[114.18798,22.49531],[114.18816,22.4953],[114.18851,22.49518],[114.18864,22.49518],[114.18877,22.49513],[114.18891,22.49511],[114.18905,22.49511],[114.18922,22.49511],[114.18968,22.49518],[114.18991,22.49518],[114.19021,22.49512],[114.19086,22.49511],[114.19128,22.49501],[114.19143,22.49492],[114.19149,22.49487],[114.19151,22.49478],[114.19151,22.49467],[114.19153,22.49451],[114.19156,22.49437],[114.19158,22.49435],[114.19184,22.49437],[114.19196,22.49442],[114.19211,22.49458],[114.19229,22.49469],[114.19237,22.49473],[114.19269,22.49477],[114.19333,22.49478],[114.1934,22.4948],[114.19366,22.49496],[114.19383,22.49498],[114.19395,22.49492],[114.19403,22.49487],[114.1941,22.49477],[114.19422,22.49454],[114.19429,22.49446],[114.19459,22.49425],[114.1946870901997,22.49423234723642],[114.19468729,22.49422955],[114.19472065891698,22.494193846895282],[114.19474,22.49416],[114.19476,22.49399],[114.19485,22.49386],[114.19507,22.49375],[114.1953,22.49359],[114.19535,22.4935],[114.19543,22.49332],[114.19548,22.49325],[114.19565,22.49317],[114.19577,22.49308],[114.19584,22.49308],[114.19599,22.49315],[114.19662,22.49312],[114.19714,22.49328],[114.1972,22.49325],[114.19735,22.49307],[114.19744,22.49299],[114.19756,22.49297],[114.19798,22.49307],[114.19816,22.49305],[114.1984,22.49301],[114.19865,22.49298],[114.19891,22.49298],[114.19932,22.49305],[114.20006,22.4928],[114.20017,22.49279],[114.20047,22.49293],[114.2006,22.49293],[114.2008,22.49284],[114.20106,22.49276],[114.20249,22.49247],[114.2037,22.49174],[114.20434,22.49139],[114.20464,22.49111],[114.20492,22.4909],[114.2052,22.49081],[114.20549,22.49078],[114.20558,22.49076],[114.2057,22.49065],[114.20613,22.49024],[114.20664,22.48989],[114.20677,22.48985],[114.20705,22.48984],[114.20715,22.48979],[114.20731,22.48957],[114.20745,22.48953],[114.20756,22.48954],[114.20783,22.4896],[114.20823,22.4897],[114.20864,22.48996],[114.20893,22.49009],[114.20933,22.49026],[114.20972,22.49015],[114.21054,22.49026],[114.211,22.49033],[114.21152,22.49039],[114.21204,22.4904],[114.21204641390348,22.49039739976886],[114.21204533,22.49039758],[114.2118733326339,22.490384601602667],[114.21208442802849,22.490381988637104],[114.21241,22.49025],[114.21277,22.49018],[114.21327,22.49037],[114.21358,22.49024],[114.21376,22.49019],[114.21454,22.48995],[114.21465,22.48994],[114.21505,22.4899],[114.21525,22.48995],[114.21585,22.49014],[114.216,22.49016],[114.21615,22.49017],[114.21637,22.49008],[114.21661,22.49001],[114.21767,22.48997],[114.21777,22.48994],[114.2181,22.48972],[114.21886,22.48935],[114.21944,22.4891],[114.21955,22.48915],[114.21985,22.48907],[114.22028,22.48925],[114.22044,22.48923],[114.22053,22.48919],[114.22053566244674,22.489185503351116],[114.22149670577265,22.48816911778419],[114.2216,22.48804],[114.22176,22.48788],[114.22197,22.48775],[114.22211,22.48767],[114.22235,22.48756],[114.22248615500646,22.487547807014344],[114.22343317702646,22.48710295451696],[114.22317726767339,22.487433613256712],[114.2235,22.48715],[114.22364,22.48696],[114.22404,22.48738],[114.2241,22.48749],[114.22414,22.48779],[114.22402,22.48829],[114.22403,22.48846],[114.22412,22.48863],[114.22431,22.48871],[114.22444,22.48887],[114.22459,22.48902],[114.22461,22.48921],[114.2246,22.48962],[114.22469,22.48991],[114.22469,22.49026],[114.22549,22.49048],[114.22604,22.49067],[114.22632,22.49072],[114.2266,22.49081],[114.22686,22.49092],[114.22711,22.49106],[114.22732,22.49122],[114.22756,22.49138],[114.22804,22.49168],[114.22868,22.49218],[114.22881,22.49225],[114.22905,22.49241],[114.22924,22.49261],[114.22934,22.49272],[114.2294,22.49286],[114.22998,22.49366],[114.23027,22.49386],[114.23043,22.49407],[114.23084,22.49502],[114.23115,22.49565],[114.2312,22.49578],[114.2313,22.49635],[114.23136,22.49657],[114.23171,22.49729],[114.23189,22.4976],[114.23245,22.49835],[114.23256,22.49828],[114.23286,22.4982],[114.23296,22.49814],[114.23321,22.49792],[114.23344,22.49781],[114.23365,22.49777],[114.23384,22.49791],[114.23391,22.49792],[114.23414,22.49789],[114.23441,22.49781],[114.23458,22.49782],[114.23466,22.49786],[114.23554,22.49835],[114.23555,22.49861],[114.23543,22.49885],[114.23538,22.49892],[114.23521,22.49907],[114.23535,22.49913],[114.23564,22.49936],[114.23572,22.49939],[114.23592,22.49955],[114.23627,22.49984],[114.23655,22.50008],[114.23669,22.50014],[114.23691,22.50017],[114.23735,22.50012],[114.23753,22.50013],[114.23768,22.50018],[114.23805,22.50047],[114.23832,22.50072],[114.23835,22.5008],[114.23844,22.50294],[114.23847,22.503],[114.23875,22.50319],[114.239,22.50334],[114.2393,22.50347],[114.23949,22.50351],[114.23975,22.5035],[114.24009,22.50342],[114.24024,22.50344],[114.24036,22.5035],[114.24065,22.50376],[114.24079,22.50381],[114.2411,22.50383],[114.24128,22.50391],[114.24141,22.50398],[114.24159,22.5042],[114.24165,22.50465],[114.24252,22.50458],[114.24239,22.50365],[114.24216,22.50251],[114.24217,22.50242],[114.2422,22.50234],[114.24218,22.50224],[114.2424,22.50215],[114.24289,22.50202],[114.24306,22.50188],[114.24325,22.50162],[114.24345,22.50148],[114.24373,22.50137],[114.2442,22.50125],[114.24442,22.50116],[114.24473,22.50099],[114.24494,22.50082],[114.24556,22.49992],[114.24604,22.4995],[114.24634,22.49906],[114.24671,22.49867],[114.24683,22.4985],[114.24732,22.49798],[114.24752,22.4978],[114.24755,22.49769],[114.24755,22.49763],[114.24749,22.49727],[114.2475,22.49706],[114.24755,22.49687],[114.24768,22.49665],[114.24797,22.49636],[114.248,22.49625],[114.24801,22.49604],[114.24805,22.49593],[114.24809,22.49588],[114.24825,22.49573],[114.24848,22.49526],[114.24879,22.49481],[114.24904,22.49462],[114.24939,22.49447],[114.24961,22.49439],[114.25029,22.49429],[114.2505,22.49423],[114.25125,22.49348],[114.2515,22.49326],[114.25168,22.49316],[114.25189,22.49315],[114.25202,22.49316],[114.25227,22.49328],[114.25246,22.49332],[114.2528,22.49332],[114.25348,22.49329],[114.2537,22.49321],[114.25415,22.49287],[114.25423,22.49284],[114.25434,22.49284],[114.25468,22.49284],[114.25486,22.49286],[114.25552,22.49274],[114.25585,22.49273],[114.25609,22.4928],[114.25611,22.49283],[114.25638,22.49299],[114.25657,22.49298],[114.25685,22.49289],[114.2572,22.49291],[114.25763,22.4929],[114.25784,22.49295],[114.25822,22.49318],[114.25841,22.49323],[114.25881,22.49328],[114.25937,22.49323],[114.2595,22.49323],[114.25971,22.49326],[114.26006,22.49346],[114.26014,22.49349],[114.26018,22.49349],[114.26032,22.49339],[114.26065,22.49322],[114.26085,22.49307],[114.26098,22.49292],[114.26105,22.4929],[114.26122,22.49294],[114.26137,22.49295],[114.26149,22.49293],[114.26154,22.4929],[114.26173,22.49286],[114.26215,22.49282],[114.26243,22.49282],[114.26269,22.49287],[114.26296,22.49295],[114.26313,22.49304],[114.26332,22.49318],[114.26342,22.49311],[114.26361,22.49302],[114.2638,22.49299],[114.26399,22.49303],[114.26419,22.49315],[114.26456,22.49355],[114.26467,22.4936],[114.26521,22.49369],[114.26528,22.49378],[114.26531,22.49391],[114.26541,22.49405],[114.2655,22.49414],[114.26588,22.49431],[114.26599,22.49444],[114.26604,22.49464],[114.26603,22.49488],[114.26594,22.49525],[114.26589,22.49556],[114.26591,22.4957],[114.26599,22.49582],[114.26612,22.49585],[114.26627,22.49585],[114.26651,22.4958],[114.26684,22.4956],[114.26705,22.49542],[114.26738,22.4953],[114.26757,22.49529],[114.26774,22.49532],[114.26794,22.49541],[114.26835,22.49572],[114.26858,22.49584],[114.26886,22.49595],[114.26909,22.496],[114.26944,22.49604],[114.27,22.49604],[114.27032,22.49597],[114.27067,22.49587],[114.27113,22.49584],[114.27206,22.49586],[114.27298,22.49594],[114.27333,22.49599],[114.27436,22.49599],[114.27472,22.49606],[114.27488,22.49614],[114.27515,22.4963],[114.27539,22.49648],[114.27551,22.49655],[114.27619,22.49675],[114.27695,22.49705],[114.27775,22.49734],[114.27817,22.4974],[114.2785,22.49751],[114.2804,22.49826],[114.28055,22.49825],[114.28068,22.49822],[114.28102,22.498],[114.2812,22.49783],[114.2818,22.49737],[114.28232,22.49709],[114.28264,22.49697],[114.28356,22.49682],[114.28377,22.49682],[114.2845,22.49689],[114.28488,22.49686],[114.28579,22.4967],[114.28621,22.49657],[114.28707,22.49623],[114.28756,22.49596],[114.2883,22.49559],[114.28864,22.49537],[114.28932,22.49477],[114.28945,22.4946],[114.28959,22.49446],[114.29027,22.49398],[114.29076,22.49373],[114.29105,22.49368],[114.29138,22.49367],[114.29158,22.49364],[114.29175,22.49358],[114.29203,22.4934],[114.29259,22.49301],[114.29286,22.49279],[114.29318,22.49258],[114.29342,22.49235],[114.29364,22.49199],[114.29412,22.49193],[114.29544,22.49213],[114.29564,22.49214],[114.29603,22.49212],[114.29628,22.49203],[114.29643532720486,22.491851661357387],[114.29602449,22.49211635],[114.29648180925903,22.491798293072947],[114.29655,22.49172],[114.29675,22.49153],[114.29689,22.49142],[114.29769,22.49092],[114.29786141435086,22.49083880372854],[114.29788293,22.49082384],[114.29790054209654,22.490822145668968],[114.29822,22.4907],[114.29844,22.49065],[114.29865,22.49065],[114.29944,22.49076],[114.29995029659734,22.49068149283118],[114.29927635626969,22.490689788647025],[114.30006914542571,22.490613520199027],[114.29996679854884,22.49067825180173],[114.30031,22.49059],[114.30053,22.49052],[114.30068,22.49041],[114.30088,22.49017],[114.30111,22.48996],[114.30148,22.48997],[114.30207,22.49004],[114.30222,22.49006],[114.30261,22.49024],[114.30285934159724,22.49041620139538],[114.3038494159698,22.49096576638792],[114.30386,22.49097],[114.30401,22.491],[114.30461,22.49101],[114.30491,22.49102],[114.3051,22.49107],[114.30535,22.49119],[114.30669,22.49206],[114.30772,22.49259],[114.30803,22.49279],[114.30847,22.49318],[114.30856,22.49331],[114.30874,22.49344],[114.30885,22.49348],[114.30914,22.49356],[114.30921,22.49361],[114.30935,22.49362],[114.30947,22.4937],[114.30954,22.49372],[114.30957,22.49374],[114.30969,22.4938],[114.30973,22.49378],[114.30991,22.49378],[114.31001,22.49371],[114.31004,22.49371],[114.31009,22.49378],[114.31015,22.4938],[114.31025,22.49383],[114.31032,22.49391],[114.31039,22.49396],[114.31045,22.49402],[114.31062,22.49417],[114.31073,22.49419],[114.31079,22.49426],[114.31087,22.4943],[114.31095,22.49437],[114.31096,22.49442],[114.311,22.49445],[114.31101,22.4945],[114.31106,22.49451],[114.31111,22.49457],[114.31119,22.49463],[114.31124,22.49471],[114.31133,22.49481],[114.31135,22.49488],[114.31142,22.49492],[114.31149,22.49501],[114.31154,22.49515],[114.3116,22.49521],[114.31214,22.49547],[114.31247,22.49556],[114.31272,22.49557],[114.31317,22.49556],[114.3136,22.49551],[114.31385,22.49558],[114.31449,22.49609],[114.31467,22.4962],[114.31488,22.49631],[114.3151,22.49632],[114.3153,22.49639],[114.31545,22.4965],[114.31563,22.49667],[114.31574,22.49685],[114.31582,22.49713],[114.31596,22.49748],[114.31601,22.49766],[114.31613,22.49786],[114.31611,22.49821],[114.31601,22.49869],[114.31603,22.49879],[114.31638,22.49895],[114.31676,22.49905],[114.31699,22.49917],[114.31747,22.49954],[114.31780206155601,22.499844843395685],[114.3184419198139,22.500224975232],[114.31810171881878,22.500110024070207],[114.31821,22.50016]],[[114.19362385649941,22.418951105571793],[114.19423267925318,22.420397826969143],[114.19414399,22.42026183],[114.19357789,22.4190167],[114.19362385649941,22.418951105571793]],[[114.1996543,22.48115237],[114.19991573803472,22.481487558524734],[114.19917498838996,22.480860591555647],[114.1996543,22.48115237]],[[114.19810199,22.48089973],[114.19914108,22.48083995],[114.19915877322025,22.480850720655607],[114.19803555698714,22.48094888296481],[114.19810199,22.48089973]],[[114.19569937832321,22.481741181912817],[114.1966863763858,22.481743300416124],[114.19641243,22.48191515],[114.19569937832321,22.481741181912817]],[[114.19481347761284,22.48132895186212],[114.19544150766635,22.481678267447606],[114.19511079,22.48159758],[114.19481347761284,22.48132895186212]],[[114.19332683,22.48001534],[114.1933685448717,22.480062183016823],[114.19239568,22.4796374],[114.19332683,22.48001534]],[[114.19214075,22.4740138],[114.18889263,22.47335104],[114.19215573814645,22.474007893472205],[114.19214075,22.4740138]],[[114.19884753014178,22.472665721252184],[114.1988533,22.47251052],[114.19902122332901,22.472329455098787],[114.19884753014178,22.472665721252184]],[[114.20176990435513,22.469475374256564],[114.20022918445365,22.471026959710066],[114.20150244,22.46965406],[114.20176990435513,22.469475374256564]],[[114.2030664961122,22.461849301445028],[114.20381792,22.4630564],[114.2030386,22.4618628],[114.2030664961122,22.461849301445028]],[[114.20402439,22.46015459],[114.20410214565572,22.460232336285088],[114.20352656872718,22.459937894983707],[114.20402439,22.46015459]],[[114.17371006656354,22.44431563239015],[114.17412949153649,22.44453233237986],[114.1739716,22.44450972],[114.17371006656354,22.44431563239015]],[[114.172032,22.43975855],[114.17063578836796,22.44074459510833],[114.17061939,22.44072225],[114.172032,22.43975855]],[[114.18152622,22.43285889],[114.18212230440696,22.432873443519046],[114.18119328,22.43318669],[114.1819677,22.43288345],[114.18152622,22.43285889]],[[114.18297329,22.43258651],[114.18276696604707,22.432656077873258],[114.18301573640427,22.432476421916487],[114.18297329,22.43258651]],[[114.18363856,22.43086108],[114.18360191604565,22.4309561189739],[114.18169026,22.42973345],[114.18363856,22.43086108]],[[114.1815487,22.429334],[114.18166766945649,22.429273150111083],[114.18169026,22.42973345],[114.1815487,22.429334]],[[114.1827575869516,22.42942260096875],[114.18179739246791,22.42920680004891],[114.18192256,22.42914278],[114.1827575869516,22.42942260096875]],[[114.18373386109948,22.430075376185414],[114.18325769202471,22.42959018823736],[114.1833306,22.42961462],[114.18373386109948,22.430075376185414]],[[114.18423933,22.43297144],[114.18456224578954,22.431021868099297],[114.1846182,22.4310858],[114.18423933,22.43297144]],[[114.19178974,22.42812669],[114.18827025,22.42694189],[114.19190161433951,22.428110177819992],[114.19178974,22.42812669]],[[114.19192228521838,22.422832501624523],[114.19162097710812,22.423308370151535],[114.19175247,22.42302899],[114.19192228521838,22.422832501624523]],[[114.12790926,22.46650798],[114.12749072,22.46467432],[114.12809927,22.46699244],[114.12790926,22.46650798]],[[114.12819433030498,22.46385777509059],[114.1269286014487,22.46392519892961],[114.12685827,22.46383147],[114.12595825504958,22.463709549039535],[114.12819433030498,22.46385777509059]],[[114.1184177714159,22.42847336325563],[114.11847594,22.42840988],[114.11943627,22.42840418],[114.1184177714159,22.42847336325563]],[[114.17223075251403,22.48323712406804],[114.17236099,22.48358788],[114.17219120530211,22.483876464551997],[114.17223075251403,22.48323712406804]],[[114.17231709872966,22.48184120691939],[114.17232377,22.48185386],[114.17231415964207,22.48188872171468],[114.17231709872966,22.48184120691939]],[[114.17054294,22.47685738],[114.17053495491173,22.47678513633091],[114.17058826333532,22.476849624575124],[114.17054294,22.47685738]],[[114.16940221,22.47499381],[114.16932794,22.47350953],[114.16942065034117,22.475014688319742],[114.16940221,22.47499381]],[[114.16855159,22.472162],[114.16899522,22.47016186],[114.16856358264295,22.472182815928562],[114.16855159,22.472162]],[[114.1510373557614,22.461758867592703],[114.15103259937764,22.4616764098874],[114.15127985,22.46158015],[114.1510373557614,22.461758867592703]],[[114.15813279586985,22.45106243363619],[114.15932858964774,22.452922519413125],[114.15909005,22.45281254],[114.15813279586985,22.45106243363619]],[[114.15764627547225,22.450469010634098],[114.15778394,22.45051978],[114.15787846494692,22.45066681581218],[114.15764627547225,22.450469010634098]],[[114.16035114,22.44927549],[114.16085394371258,22.449209317117667],[114.15778394,22.45051978],[114.16035114,22.44927549]],[[114.15596525388031,22.449981095948704],[114.15616546,22.4499229],[114.15654419604891,22.45006257424551],[114.15596525388031,22.449981095948704]],[[114.15852122112098,22.443062778725647],[114.1581244,22.44451819],[114.15806024087294,22.44456749708882],[114.15852122112098,22.443062778725647]],[[114.15909458,22.44138052],[114.15927005932713,22.44121305794402],[114.15902866080043,22.441569331282363],[114.15909458,22.44138052]],[[114.16008631,22.4404341],[114.16045921697543,22.44033298230937],[114.15974346324681,22.44076128282612],[114.16008631,22.4404341]],[[114.16733241,22.43960487],[114.16740733647482,22.439660759100207],[114.16510341,22.43907366],[114.16733241,22.43960487]],[[114.16411527794237,22.489657961591842],[114.16407035,22.48975802],[114.16396814667303,22.48972504584336],[114.16411527794237,22.489657961591842]],[[114.16433577913705,22.488727537103838],[114.16443378,22.48894863],[114.16431473665735,22.489213749806034],[114.16433577913705,22.488727537103838]],[[114.1321511282095,22.416957495634634],[114.13252147,22.41694464],[114.13494012768439,22.41805985550673],[114.13448893,22.41805974],[114.1321511282095,22.416957495634634]],[[114.13687174,22.41806035],[114.13596080959259,22.418060116801573],[114.13857293468746,22.417733663819053],[114.13687174,22.41806035]],[[114.17489383307388,22.430201254850573],[114.1755534,22.43084022],[114.17495106,22.43031967],[114.17489383307388,22.430201254850573]],[[114.17529654,22.4261898],[114.17527754987914,22.426245678707637],[114.17432645911227,22.425804973155586],[114.17529654,22.4261898]],[[114.17320232098268,22.42516454001802],[114.17339106924246,22.425371542905474],[114.17329766,22.42532826],[114.17320232098268,22.42516454001802]],[[114.15659225,22.4443996],[114.1565876817675,22.444293864384413],[114.15671757474726,22.44442034027461],[114.15659225,22.4443996]],[[114.134913289415,22.465080287636894],[114.13494441728261,22.464763006236296],[114.13491979,22.46509916],[114.134913289415,22.465080287636894]],[[114.13496294082042,22.46451016644683],[114.13470584,22.46409848],[114.13498247,22.4642436],[114.13496294082042,22.46451016644683]],[[114.1349227,22.46408176],[114.13508357,22.46417362],[114.13470584,22.46409848],[114.1349227,22.46408176]],[[114.13536684880934,22.464832060342562],[114.13536162,22.46484268],[114.13508357,22.46417362],[114.13536684880934,22.464832060342562]],[[114.13568205,22.46419189],[114.13635449,22.46395127],[114.13640404217979,22.464101725658587],[114.13568205,22.46419189]],[[114.13684653222995,22.464046466301117],[114.13797612,22.46344045],[114.13692898,22.46403617],[114.13684653222995,22.464046466301117]],[[114.14862714,22.46265696],[114.15084724317786,22.461898980048435],[114.15051328,22.46214511],[114.14862714,22.46265696]],[[114.14552982082245,22.43938620341699],[114.14549849,22.43943111],[114.14530883308471,22.43931904323173],[114.14552982082245,22.43938620341699]],[[114.14468278,22.43912878],[114.14478725825187,22.43916053189186],[114.14436699236296,22.439561916731336],[114.14468278,22.43912878]],[[114.1442767018411,22.439648150821657],[114.1442506,22.43967308],[114.14352788,22.43972052],[114.1442767018411,22.439648150821657]],[[114.14320082,22.44133954],[114.14322216,22.44049179],[114.14352788,22.43972052],[114.14320082,22.44133954]],[[114.14394258196164,22.442631640928212],[114.14363002,22.44236253],[114.14320082,22.44133954],[114.14394258196164,22.442631640928212]],[[114.14886174,22.45954159],[114.14884584,22.45926163],[114.14929078741224,22.459663686477253],[114.14886174,22.45954159]],[[114.14949788,22.45972262],[114.14945667905793,22.459710895212154],[114.14954616276324,22.45967584311193],[114.14949788,22.45972262]],[[114.16117381944296,22.449167218981678],[114.16140974,22.44913617],[114.16561404904695,22.45044892485708],[114.16480455,22.45033325],[114.16117381944296,22.449167218981678]],[[114.16710761,22.45066235],[114.16671311394524,22.450605977759754],[114.17036797824156,22.45061387990495],[114.16710761,22.45066235]],[[114.17356914,22.45056629],[114.17325290198023,22.45057099133609],[114.17382827054183,22.450462590437557],[114.17356914,22.45056629]],[[114.16025845810577,22.45335123802769],[114.16053936257663,22.453409896893696],[114.16045742,22.45344297],[114.16025845810577,22.45335123802769]],[[114.16840383763169,22.457031904298866],[114.17093482,22.45608762],[114.16846625,22.45706766],[114.16840383763169,22.457031904298866]],[[114.17462526,22.45565262],[114.17487601351682,22.455767113038245],[114.17093482,22.45608762],[114.17462526,22.45565262]],[[114.17630370167359,22.45641898965719],[114.17656173893023,22.456536808421482],[114.17646406,22.45652117],[114.17630370167359,22.45641898965719]],[[114.17758198076042,22.45655966489872],[114.17755379880039,22.45676699063742],[114.17754532,22.45669428],[114.1768460834942,22.45658233205823],[114.17758198076042,22.45655966489872]],[[114.17759699001462,22.45713738038238],[114.17794623705201,22.458501446284355],[114.17772354,22.45822262],[114.17759699001462,22.45713738038238]],[[114.17819302744513,22.45881043846773],[114.1785647379545,22.45900455101504],[114.17833661,22.45899021],[114.17819302744513,22.45881043846773]],[[114.18183777813174,22.45921030711584],[114.18241825,22.45921368],[114.18245503545693,22.459249110324336],[114.18183777813174,22.45921030711584]],[[114.18311078412222,22.459880701986656],[114.18513355689085,22.461828958205952],[114.18481812,22.46168529],[114.18311078412222,22.459880701986656]],[[114.18554867627294,22.46201802758437],[114.18769217760118,22.462169922590515],[114.18592909,22.46219129],[114.18554867627294,22.46201802758437]],[[114.18979070025459,22.462144489938833],[114.19082375323038,22.46208315216552],[114.19068266,22.46213368],[114.18979070025459,22.462144489938833]],[[114.19716525975439,22.45937334394152],[114.198069771046,22.457720584916085],[114.19731801,22.45923409],[114.19716525975439,22.45937334394152]],[[114.17724817,22.45183869],[114.17796745,22.45372389],[114.1779495635865,22.453855474669368],[114.17724817,22.45183869]],[[114.19025111,22.48737927],[114.19108084,22.48677856],[114.18969651,22.48781445],[114.19025111,22.48737927]],[[114.18252607,22.47308984],[114.18186077,22.47368165],[114.18124143187033,22.473874151070557],[114.18252607,22.47308984]],[[114.17987520754174,22.474298797371635],[114.17964767,22.47436952],[114.17961243724051,22.474363909573487],[114.17987520754174,22.474298797371635]],[[114.17829557,22.47416023],[114.178307389352,22.474162287625695],[114.17817238364523,22.474253147728902],[114.17829557,22.47416023]],[[114.17759318675623,22.47464295265176],[114.17757487,22.47465528],[114.17443690326255,22.473643024919856],[114.17481256,22.47358565],[114.17759318675623,22.47464295265176]],[[114.17315096,22.47383943],[114.17361408089684,22.47376869647737],[114.17295882917844,22.473926816513863],[114.17315096,22.47383943]],[[114.17096453,22.47483388],[114.17160864603444,22.474540917869746],[114.17092559285643,22.474916523410755],[114.17096453,22.47483388]],[[114.1870863,22.47172601],[114.18710150363522,22.47173968765765],[114.18442815174375,22.471481568125473],[114.184491,22.47144803],[114.1870863,22.47172601]],[[114.18324429,22.47211332],[114.18332244718337,22.47207161247177],[114.18297823,22.47266764],[114.18324429,22.47211332]],[[114.18501233,22.48293911],[114.18530661,22.48149057],[114.18504709372253,22.483000706320908],[114.18501233,22.48293911]],[[114.18537504,22.48358178],[114.18517979998883,22.483235842755416],[114.1878382,22.485766],[114.18537504,22.48358178]],[[114.19429385,22.48546393],[114.19546462,22.48591327],[114.19547304668464,22.48606050298097],[114.19429385,22.48546393]],[[114.2392056,22.50262098],[114.23963065483528,22.502216027432766],[114.23904949,22.50335743],[114.2392056,22.50262098]],[[114.24094207,22.49811026],[114.24002536,22.50144083],[114.23972886279434,22.5020231478747],[114.24094207,22.49811026]],[[114.24424534,22.48716735],[114.24388329,22.48784571],[114.24384219722755,22.487860269347905],[114.24424534,22.48716735]],[[114.24422298126554,22.48544660464152],[114.24423525,22.48545219],[114.24424534,22.48716735],[114.24422298126554,22.48544660464152]],[[114.24340804,22.48528133],[114.24300929,22.48489407],[114.24407765652074,22.485380445348753],[114.24340804,22.48528133]],[[114.23916364,22.47903401],[114.24009124278238,22.479171327215635],[114.2408889,22.47952156],[114.23916364,22.47903401]],[[114.23794392051344,22.47780075968022],[114.23819796,22.47787299],[114.23916364,22.47903401],[114.23794392051344,22.47780075968022]],[[114.23923164,22.47781194],[114.23933849490516,22.477717155476665],[114.23927597252532,22.47789498333959],[114.23923164,22.47781194]],[[114.23569278,22.47315259],[114.23674937,22.47528023],[114.23673751302873,22.475312730642212],[114.23569278,22.47315259]],[[114.23308016,22.47087138],[114.2330999420308,22.470718983775882],[114.23312495600781,22.470870934636977],[114.23308016,22.47087138]],[[114.23323001,22.46971697],[114.23332401689463,22.469664361084135],[114.23319738670781,22.46996829235386],[114.23323001,22.46971697]],[[114.23385284236636,22.469368415399956],[114.23391396,22.46952227],[114.23355548952433,22.469534822456684],[114.23385284236636,22.469368415399956]],[[114.23362756,22.46916626],[114.23360955602261,22.46875597802496],[114.233797200368,22.46922834490161],[114.23362756,22.46916626]],[[114.23359547,22.46843498],[114.23377738453839,22.46812801461243],[114.2335979664819,22.468491870847135],[114.23359547,22.46843498]],[[114.2338244,22.46804868],[114.23393125592942,22.46802979152214],[114.23381619038716,22.468062533026874],[114.2338244,22.46804868]],[[114.22464047786643,22.47587675435183],[114.22389625,22.47646464],[114.22386320278929,22.476411621980656],[114.22464047786643,22.47587675435183]],[[114.2247796,22.47578102],[114.22529906,22.47608844],[114.2247624500978,22.475792821391554],[114.2247796,22.47578102]],[[114.22771702,22.47558939],[114.22807933,22.47708317],[114.22804660281255,22.477046993265528],[114.22771702,22.47558939]],[[114.22942725993312,22.476891653154624],[114.22940802,22.47646163],[114.2299196,22.47576583],[114.22942725993312,22.476891653154624]],[[114.23118976,22.47536081],[114.2294297,22.47694619],[114.22942867933281,22.476923377523402],[114.23118976,22.47536081]],[[114.23480233716634,22.47731489548242],[114.23399346,22.47727102],[114.23398868650986,22.477266581105347],[114.23480233716634,22.47731489548242]],[[114.23564615224795,22.477341793193567],[114.23562742,22.47735965],[114.23561798600089,22.47735913827674],[114.23564615224795,22.477341793193567]],[[114.19877912,22.47450586],[114.19878581986205,22.474325642923414],[114.19972999568519,22.475583282842376],[114.19968445,22.47559228],[114.19877912,22.47450586]],[[114.20042881,22.47411077],[114.20001309,22.47552736],[114.19978036522615,22.47557333277361],[114.20042881,22.47411077]],[[114.21251111268033,22.477999803074084],[114.21249073,22.4780162],[114.21217415,22.47787649],[114.21251111268033,22.477999803074084]],[[114.21274085,22.47781499],[114.2125640569476,22.477957211853802],[114.21262929,22.47687572],[114.21265626769923,22.476861228003628],[114.21274085,22.47781499]],[[114.21335214,22.47530037],[114.21323868,22.4765275],[114.21323132128315,22.47653126715823],[114.21335214,22.47530037]],[[114.21854102,22.47752228],[114.21899220794681,22.477582388951557],[114.21851484915506,22.477606553374844],[114.21854102,22.47752228]],[[114.21952652386994,22.47737287256843],[114.21935745,22.4775639],[114.21931559060187,22.477566018968442],[114.21952652386994,22.47737287256843]],[[114.22080016889655,22.47588476798876],[114.22080917,22.47592368],[114.22071280462407,22.476032558032195],[114.22080016889655,22.47588476798876]],[[114.2255221388939,22.48611894641858],[114.2256173,22.48609034],[114.22841099,22.48623976],[114.2255221388939,22.48611894641858]],[[114.23680582578362,22.47741668243148],[114.23674107,22.47740102],[114.23668643908917,22.47724985814187],[114.23680582578362,22.47741668243148]],[[114.19633681305643,22.41993872324031],[114.1963627,22.41985047],[114.19644583309848,22.41983268192504],[114.19633681305643,22.41993872324031]],[[114.19336946,22.42789353],[114.19331304137556,22.42790185715068],[114.19361677982394,22.42754108061618],[114.19336946,22.42789353]],[[114.19395011,22.42706606],[114.19390705831866,22.42712741188972],[114.1938402580481,22.426817540518865],[114.19395011,22.42706606]],[[114.19372343793566,22.425963627014276],[114.19368928647374,22.42611721747658],[114.19367186,22.42603638],[114.19372343793566,22.425963627014276]],[[114.19494803,22.42420873],[114.19493166295615,22.42423039992122],[114.1947681,22.42288525],[114.19494803,22.42420873]],[[114.19582406,22.42125515],[114.19447533,22.42076991],[114.19443109687481,22.420702082492753],[114.19595789,22.42123054],[114.1947681,22.42288525],[114.19582406,22.42125515]]],[[[114.31808,22.5001],[114.31808015598209,22.500100071991735],[114.31807990170802,22.500099909764735],[114.31808,22.5001]]],[[[114.30336,22.49077],[114.30384786277283,22.49096514510913],[114.30302554266792,22.490533650152],[114.30336,22.49077]]],[[[114.22302,22.4875],[114.22317,22.48744],[114.2231717447079,22.48743846677184],[114.22288543080789,22.487512050972427],[114.22302,22.4875]]],[[[114.22087,22.48892],[114.22124704541359,22.48847370134719],[114.22053901163915,22.489182843698327],[114.22087,22.48892]]],[[[114.18612,22.49562],[114.18665,22.49558],[114.18722,22.49549],[114.18775,22.49538],[114.18778092687712,22.49531814624576],[114.18611432,22.49561891],[114.18545930329817,22.49562],[114.18612,22.49562]]],[[[114.17872,22.494],[114.17884,22.49415],[114.17898,22.49428],[114.1791,22.49436],[114.17922,22.49444],[114.17938,22.49452],[114.17938215850374,22.494520598074086],[114.17864062867719,22.49389511646629],[114.17872,22.494]]],[[[114.17548,22.49127],[114.17562,22.49141],[114.17576915372483,22.491473022700635],[114.17542441611258,22.491182235967237],[114.17548,22.49127]]],[[[114.16453,22.48598],[114.16469,22.48601],[114.16475,22.48601],[114.16486,22.48594],[114.16495323458601,22.485796562175373],[114.16431422870394,22.4859612372786],[114.16453,22.48598]]],[[[114.1248,22.46321],[114.12481872662075,22.463528352552657],[114.12486794992222,22.463012327498998],[114.1248,22.46321]]],[[[114.11221,22.4429],[114.11208,22.44311],[114.11199,22.44332],[114.11194,22.44352],[114.11194014990534,22.443524197349202],[114.11248985415904,22.442584035626897],[114.11221,22.4429]]],[[[114.11795,22.42895],[114.11787139799343,22.429146505016433],[114.11798922,22.42894107],[114.11812700781816,22.42879069296366],[114.11795,22.42895]]],[[[114.15824,22.41185],[114.15818,22.41187],[114.1581494355031,22.411898381318547],[114.15825578351146,22.41190129641226],[114.15824,22.41185]]],[[[114.17341,22.41284],[114.16919,22.41293],[114.16634161237837,22.41298911050836],[114.17342072694332,22.41438467983911],[114.17341,22.41284]]],[[[114.24822,22.41853],[114.24822,22.41863],[114.24823,22.41867],[114.24829,22.41873],[114.24829,22.41875],[114.24825,22.41886],[114.24826,22.4191],[114.24825,22.41922],[114.24825,22.41949],[114.24828,22.41971],[114.24833,22.41994],[114.24842,22.42019],[114.24938,22.42226],[114.24941,22.42233],[114.24943,22.42242],[114.24943,22.42251],[114.24941,22.42265],[114.24938,22.42273],[114.24931,22.42285],[114.24915,22.42328],[114.24897,22.4237],[114.24877,22.42406],[114.24873,22.4241],[114.24867,22.42417],[114.24865,22.42426],[114.24864,22.42435],[114.24865,22.42444],[114.24868,22.42453],[114.24881,22.42472],[114.24885,22.4248],[114.24887,22.42489],[114.24887,22.42498],[114.24885,22.42507],[114.24882,22.42517],[114.24883,22.42526],[114.24885,22.42534],[114.24891,22.42541],[114.24898,22.42547],[114.24906,22.42551],[114.24913,22.42551],[114.24923,22.42555],[114.2493,22.4256],[114.24934,22.42568],[114.24935,22.42577],[114.24931,22.42588],[114.24923,22.42593],[114.24895,22.4264],[114.24865,22.42687],[114.24838,22.42724],[114.24798,22.42775],[114.24796,22.4278],[114.24793,22.42783],[114.2479,22.42786],[114.24786,22.42789],[114.24781,22.4279],[114.24776,22.4279],[114.24771,22.4279],[114.24767,22.42789],[114.24763,22.42786],[114.2476,22.42782],[114.24738,22.42771],[114.24734,22.42765],[114.24729,22.42763],[114.24724,22.42762],[114.24719,22.42762],[114.24715,22.42763],[114.2471,22.42766],[114.24707,22.42769],[114.24704,22.42773],[114.24703,22.42777],[114.24703,22.42781],[114.24704,22.42786],[114.24704,22.42797],[114.24705,22.42805],[114.24709,22.42823],[114.24714,22.42836],[114.24731,22.42864],[114.24752,22.42897],[114.24767,22.42898],[114.2479,22.42902],[114.24846,22.42917],[114.2488,22.42929],[114.24866,22.42961],[114.24861,22.42966],[114.24853,22.42969],[114.24804,22.42978],[114.24802,22.42981],[114.248,22.42984],[114.24801,22.4299],[114.24803,22.42996],[114.24809,22.43004],[114.24934,22.43129],[114.24948,22.43142],[114.24912,22.43194],[114.24968,22.43237],[114.24972,22.43244],[114.24973,22.4325],[114.24972,22.43256],[114.24961,22.43287],[114.24961,22.43318263973431],[114.25020785,22.43331855],[114.25100791,22.43318472],[114.25312815,22.43448148],[114.2544892,22.43474],[114.25418416,22.43444948],[114.25418219,22.43364307],[114.25442313,22.43322023],[114.25554929,22.43274968],[114.25637623,22.43098754],[114.25670678,22.43099846],[114.25744448,22.43218135],[114.25836078,22.43076264],[114.25748424,22.43228869],[114.25797239,22.43248713],[114.25863713,22.43221353],[114.25933776,22.43266686],[114.26058452,22.43232442],[114.26090835,22.43266699],[114.26123173,22.43228878],[114.26138983,22.43286393],[114.26289399,22.43313633],[114.26339015,22.4336986],[114.26374123,22.43373706],[114.2638285,22.43343833],[114.26444578,22.43394749],[114.2653022,22.43341944],[114.26545712,22.4336511],[114.26592467,22.43340674],[114.26577008,22.43364911],[114.26614661,22.43381081],[114.26690612,22.43329947],[114.26717901,22.43352643],[114.2671597,22.43328403],[114.26773749,22.43365936],[114.26780073,22.43486651],[114.2680271,22.43406502],[114.26867818,22.43347695],[114.26896473,22.43203288],[114.26940843,22.43172057],[114.26984028,22.43193877],[114.26946728,22.43173212],[114.26953304,22.43145926],[114.27075376,22.43010764],[114.27055613,22.42909902],[114.2710672,22.42911188],[114.27039426,22.429024],[114.27042557,22.42867328],[114.27114449,22.42835996],[114.27063845,22.42802642],[114.27137921,22.42794584],[114.27078049,22.42799551],[114.2709757,22.42703583],[114.27063634,22.42584097],[114.27103188,22.42542447],[114.27034017,22.42446851],[114.27076786,22.42385135],[114.27045698,22.4224264],[114.26903207,22.42143449],[114.26837993,22.421328],[114.2677194,22.42169328],[114.26730091,22.42105719],[114.26833118,22.41872132],[114.26964961,22.41836929],[114.27010455,22.41654016],[114.27218652,22.41497163],[114.27319299,22.41351429],[114.27421042,22.41303549],[114.2742628,22.41168883],[114.27621637,22.40901854],[114.27638554,22.40971565],[114.27573885,22.41200666],[114.27597085,22.41324359],[114.27502799,22.41509182],[114.27429633,22.415307],[114.27501788,22.4151591],[114.27572848,22.41657703],[114.27595032,22.41901267],[114.27837921,22.41969099],[114.28080612,22.42151008],[114.28264977,22.42225056],[114.28333606,22.42284555],[114.28328791,22.42314915],[114.28437414,22.42353061],[114.28465197,22.42426627],[114.28544041,22.42502727],[114.2875057,22.42528022],[114.28774417,22.42551633],[114.28731532,22.42579071],[114.2873631,22.42628696],[114.28799908,22.42640641],[114.28766547,22.42707142],[114.28800325,22.42707378],[114.28828627,22.42647137],[114.28862675,22.42730413],[114.28837311,22.42777059],[114.28939637,22.42856744],[114.28983708,22.42840979],[114.28848625,22.42934484],[114.28786463,22.4291572],[114.28657378,22.4295954],[114.2857604,22.42946195],[114.28543426,22.43065501],[114.28402936,22.43183354],[114.28340905,22.43299863],[114.28356589,22.43530823],[114.28237569,22.4361265],[114.28205331,22.43788194],[114.28120668,22.43944834],[114.28142969,22.44090033],[114.28181196,22.44053552],[114.28326451,22.44171261],[114.28399103,22.44192357],[114.28378171,22.44360749],[114.2821006,22.4439184],[114.28179503,22.44347396],[114.28106448,22.44339077],[114.28024981,22.44402734],[114.27945499,22.44395264],[114.27857697,22.44437063],[114.27852234,22.44307451],[114.2781655,22.4429161],[114.27723066,22.44405873],[114.27741389,22.44495697],[114.27818839,22.4451428],[114.28024715,22.44723523],[114.28103928,22.4490922],[114.28259252,22.4510019],[114.28474879,22.45220833],[114.28547358,22.45228719],[114.28610781,22.4538265],[114.28686236,22.45384918],[114.28724474,22.45334328],[114.28888102,22.45255125],[114.28918708,22.45106492],[114.2900064,22.44943678],[114.29208381,22.45056425],[114.29208094,22.45128165],[114.29132415,22.45277599],[114.2919997,22.45387998],[114.29153331,22.45503875],[114.29180042,22.45611869],[114.29243184,22.45670492],[114.29172449,22.45810678],[114.29206497,22.45840751],[114.29323697,22.45816804],[114.29463091,22.45606947],[114.29464701,22.45559687],[114.29491441,22.45614164],[114.29650864,22.45582387],[114.29899069,22.45661824],[114.29959348,22.45654247],[114.29983616,22.45702059],[114.30005371,22.45692388],[114.29962956,22.45653733],[114.29995394,22.45567633],[114.29949436,22.45493922],[114.29991015,22.45414019],[114.30145985,22.4544224],[114.30247011,22.4552419],[114.30324321,22.45541707],[114.30370282,22.45730217],[114.3034232,22.45757247],[114.3029869,22.45746756],[114.30357328,22.45765424],[114.30399597,22.45879181],[114.30379913,22.45955891],[114.30271152,22.46077474],[114.30268671,22.46145562],[114.30307052,22.46165755],[114.30287599,22.4621382],[114.30199332,22.4629711],[114.30225372,22.46320806],[114.30367224,22.46253549],[114.30484648,22.46350768],[114.30448466,22.46465983],[114.30529893,22.46538054],[114.30511061,22.46616892],[114.30553978,22.46770727],[114.30770679,22.46919484],[114.30847765,22.47098463],[114.30992103,22.47161124],[114.31219466,22.47159549],[114.31210754,22.47216054],[114.31268084,22.47196511],[114.3131889,22.47308935],[114.31401324,22.47353404],[114.31421271,22.47500992],[114.31636153,22.4770029],[114.3178127,22.47739784],[114.32025831,22.47669383],[114.32081728,22.4795057],[114.32158237,22.48049889],[114.32166118517696,22.48005787049792],[114.32165901,22.48047874],[114.32209996,22.48017278],[114.32221638,22.47948058],[114.32313717,22.47819692],[114.32365742,22.47661292],[114.32284106,22.47494013],[114.32300326,22.47363026],[114.3251104,22.47115791],[114.32618221,22.47162254],[114.32833756,22.47115274],[114.32852588,22.47241308],[114.3298593,22.47397025],[114.33045874,22.47388737],[114.33126432,22.47303199],[114.3309149,22.4712653],[114.33151721,22.47024489],[114.33103596,22.47016558],[114.3307687,22.47075658],[114.32963063,22.47098771],[114.32886934,22.47017935],[114.32903659,22.46855217],[114.32854738,22.46840676],[114.32839891,22.46797732],[114.32858787,22.46641755],[114.32787793,22.46565934],[114.32689574,22.46299782],[114.32709042,22.46210334],[114.32749193,22.46173819],[114.32693938,22.46170077],[114.32726829,22.46121],[114.32670622,22.46137487],[114.32706025,22.46119397],[114.32697035,22.46071494],[114.3275618,22.46077023],[114.32779207,22.46178336],[114.32879461,22.46123766],[114.32899503,22.46157826],[114.32968722,22.46136372],[114.33045955,22.46219157],[114.33038102,22.46304399],[114.33150532,22.4639079],[114.33236777,22.46381154],[114.33286528,22.46320727],[114.33351061,22.46346473],[114.33354457,22.46310786],[114.33286704,22.46318393],[114.33313365,22.46206395],[114.33485289,22.46266172],[114.33490086,22.46326717],[114.33570677,22.46295575],[114.3359263,22.46235816],[114.33720513,22.46301011],[114.33620261,22.46632847],[114.33678048,22.46674982],[114.33800822,22.46680042],[114.33843451,22.4673882],[114.33858638,22.46887217],[114.33936181,22.47014014],[114.33969356,22.47158581],[114.33931212,22.47271694],[114.33863054,22.47337654],[114.33852751,22.47407416],[114.3378665,22.47403516],[114.33760609,22.47439009],[114.33823351,22.47505129],[114.33861988,22.47487634],[114.33935062,22.47529729],[114.34010837,22.47744628],[114.34137603,22.47886178],[114.34185102,22.47878881],[114.3424716,22.47811519],[114.34303074,22.47536134],[114.34446246,22.47198451],[114.34384546,22.47129299],[114.34377612,22.47069677],[114.34440334,22.46859874],[114.34538651,22.46798184],[114.34612252,22.46513733],[114.34691193,22.46452815],[114.34714666,22.46372622],[114.3471781,22.46288281],[114.3467066,22.46242821],[114.34656444,22.46159243],[114.34567792,22.46160351],[114.3443762,22.4606138],[114.34371972,22.46066022],[114.34311753,22.46124922],[114.3417063,22.46143226],[114.34149123,22.46226464],[114.33906652,22.46327383],[114.33828123,22.46316039],[114.33775829,22.46264732],[114.33874408,22.45967792],[114.33826561,22.4571032],[114.33798477,22.45698922],[114.33820254,22.45675233],[114.33775637,22.45566213],[114.3371994,22.45541705],[114.33703002,22.45488855],[114.33703216,22.45373995],[114.33817296,22.45235336],[114.33877982,22.45046584],[114.33796496,22.44865134],[114.33829241,22.44815257],[114.3396126,22.4474703],[114.34124764,22.4470669],[114.34155152,22.44445658],[114.34126703,22.44434211],[114.34048499,22.44190047],[114.33955996,22.44158424],[114.33895904,22.44049801],[114.33729149,22.44037466],[114.33686537,22.44110572],[114.33557839,22.44112825],[114.33515541,22.44082421],[114.33477333,22.44140982],[114.33410511,22.4410456],[114.33361047,22.44014489],[114.33281934,22.4399771],[114.33304148,22.43988282],[114.33267264,22.43939643],[114.33322128,22.43944167],[114.33296537,22.43931916],[114.33328887,22.43875519],[114.33263353,22.43843768],[114.33326757,22.43851748],[114.33372965,22.43924345],[114.33401692,22.43910994],[114.33447075,22.43747388],[114.33553042,22.43695002],[114.33680431,22.43548033],[114.33729313,22.43572483],[114.33743728,22.43546844],[114.33681093,22.43538724],[114.33720799,22.43502412],[114.33723434,22.43413942],[114.33757585,22.4337061],[114.33753466,22.43321397],[114.33701175,22.43299095],[114.33669079,22.43111915],[114.33560675,22.42947098],[114.3343314,22.42896857],[114.33322658,22.42944375],[114.33322157,22.42899175],[114.33293197,22.42895779],[114.33319561,22.42831437],[114.33534183,22.42768067],[114.33656049,22.42816026],[114.33656101,22.42857864],[114.33660392,22.42857503],[114.33657679,22.42816054],[114.33671877,22.42813502],[114.33777522,22.42852403],[114.33881695,22.42787123],[114.33908069,22.42805613],[114.33990135,22.42767218],[114.340224,22.42808394],[114.34156672,22.42843439],[114.34142769,22.42868531],[114.34069267,22.428695],[114.3405413,22.42905443],[114.33970493,22.42872425],[114.33855042,22.42939239],[114.33801075,22.43089521],[114.33805837,22.43161069],[114.33915702,22.43164648],[114.33969828,22.43105596],[114.3404494,22.43120519],[114.34116347,22.43086],[114.34192861,22.43135926],[114.34214494,22.43182873],[114.34195583,22.43242014],[114.34241939,22.43305829],[114.34184058,22.43411675],[114.34219147,22.43450276],[114.34210022,22.43559472],[114.34256714,22.43589369],[114.34288934,22.43690837],[114.34383164,22.437962],[114.34546097,22.43895058],[114.34645857,22.43919625],[114.34757417,22.43752663],[114.3469141,22.43658249],[114.34703179,22.43531459],[114.34743566,22.43504854],[114.3482799,22.43313289],[114.3489253,22.43256183],[114.34906911,22.43133311],[114.34966344,22.43004355],[114.34932446,22.42975085],[114.34947026,22.42825983],[114.35096774,22.4265144],[114.34726928,22.42521573],[114.34714165,22.42387763],[114.3467588,22.42325278],[114.34738105,22.42275884],[114.34804455,22.42323223],[114.34859923,22.42286625],[114.34862443,22.42234551],[114.34912727,22.42185901],[114.34972414,22.42185549],[114.34982912,22.42158058],[114.35061177,22.42165269],[114.35074685,22.42223552],[114.35041125,22.42234465],[114.35090456,22.4222947],[114.35116957,22.42259563],[114.35221352,22.422111],[114.3523691,22.42249419],[114.35261834,22.42206307],[114.35273328,22.4227088],[114.35300623,22.42208256],[114.35328835,22.42248991],[114.35477186,22.42197276],[114.35560387,22.4224582],[114.35602876,22.42224843],[114.35562418,22.42307437],[114.35444825,22.42343322],[114.3538063,22.42432675],[114.35402255,22.42463676],[114.35348416,22.42487305],[114.35625845,22.42470845],[114.35601066,22.42571799],[114.35472735,22.42663613],[114.35558211,22.4270831],[114.35547188,22.42763072],[114.35381853,22.42783304],[114.35359203,22.42833325],[114.35432574,22.42879267],[114.35460824,22.42937469],[114.35393975,22.43178702],[114.35429119,22.43330079],[114.35390381,22.43354596],[114.35436294,22.43339664],[114.35518453,22.43377552],[114.35526252,22.43411108],[114.35424756,22.43516178],[114.35448928,22.43723529],[114.35604328,22.43954206],[114.35494571,22.44090345],[114.35534164,22.44199268],[114.35504455,22.44263548],[114.35684683,22.44607242],[114.35512739,22.44576175],[114.35500381,22.44517722],[114.35376423,22.44520195],[114.35414914,22.44765196],[114.35314812,22.44858501],[114.35290066,22.44833385],[114.35300723,22.44857078],[114.35241584,22.44891047],[114.35250367,22.44945036],[114.35329211,22.45023122],[114.35445154,22.45067494],[114.3548687,22.45054508],[114.35488252,22.4495294],[114.35515816,22.44920449],[114.35571866,22.44936973],[114.35604718,22.44991158],[114.35702895,22.44975642],[114.3573459,22.45111401],[114.35848636,22.45251162],[114.36085585,22.45147804],[114.36205237,22.45225583],[114.36186089,22.4517177],[114.3622171,22.45145983],[114.36196493,22.45178295],[114.36223131,22.45212576],[114.36225838,22.45256097],[114.3616852,22.45395322],[114.36121505,22.45432949],[114.36056008,22.4564097],[114.36103639,22.4584188],[114.36042812,22.45842217],[114.36052637,22.45866221],[114.36102386,22.45847488],[114.36168879,22.45984199],[114.36077123,22.46029088],[114.36104579,22.46086377],[114.36695101,22.45856026],[114.36784779,22.45657289],[114.36967527,22.45533483],[114.37018854,22.45347324],[114.36963469,22.44962701],[114.36835595,22.44845206],[114.36821012,22.44794019],[114.36715426,22.4478522],[114.36655637,22.44703791],[114.36663975,22.44515926],[114.36768637141567,22.443042338267837],[114.36379,22.44202],[114.36396,22.44135],[114.36424,22.44053],[114.36457,22.43981],[114.36474,22.43929],[114.36479,22.43885],[114.36476,22.43849],[114.3646,22.43781],[114.36444,22.43759],[114.36432,22.43724],[114.36421,22.43702],[114.36406,22.43665],[114.36398,22.43625],[114.36393,22.43559],[114.36409,22.43491],[114.36443,22.4342],[114.36453,22.43396],[114.36469,22.43403],[114.36471,22.43401],[114.36507,22.43382],[114.36556,22.43369],[114.36591,22.43355],[114.3661,22.43345],[114.36633,22.43326],[114.3665,22.43299],[114.36669,22.43245],[114.36678,22.43199],[114.36677,22.43169],[114.36675,22.43159],[114.36642,22.43101],[114.36622,22.43049],[114.36619,22.43036],[114.36622,22.43006],[114.36638,22.42985],[114.36629,22.42959],[114.36614,22.42948],[114.36593,22.42913],[114.36628,22.42868],[114.36642,22.42817],[114.36626,22.42702],[114.36628,22.42689],[114.36644,22.42654],[114.3667,22.42619],[114.367,22.4259],[114.36787,22.42536],[114.36786576158207,22.425334145650634],[114.36786271,22.42536142],[114.36786507769078,22.425329973913815],[114.36777,22.42475],[114.36784,22.42402],[114.36798908985226,22.423682927290557],[114.36800838284867,22.423426690610043],[114.36806942485686,22.423501300323643],[114.36807,22.4235],[114.36803,22.42343],[114.36803,22.42317],[114.36781,22.42297],[114.3676,22.42272],[114.36756,22.42262],[114.36745,22.42254],[114.36722029036277,22.42246343012092],[114.36738400639626,22.4226635350443],[114.36699552,22.42235728],[114.36698446244274,22.422329801175565],[114.3669,22.42222],[114.36678,22.42174],[114.36667,22.42155],[114.36646,22.42134],[114.36603,22.421],[114.36639,22.42076],[114.36624,22.42049],[114.36606,22.42029],[114.36596,22.42002],[114.36578,22.41931],[114.36566,22.41901],[114.36563,22.41884],[114.36562,22.41863],[114.36574,22.41834],[114.36591,22.41817],[114.36605,22.41797],[114.36607,22.41791],[114.36604,22.41782],[114.36598,22.41767],[114.36596924107862,22.417657773952985],[114.3660654,22.41790871],[114.36591465406929,22.417595743260552],[114.36576,22.41742],[114.36558,22.41704],[114.36546005335998,22.416651937341154],[114.36495353941962,22.41560035329078],[114.36493,22.41556],[114.36486124451933,22.415408737942546],[114.3647509955786,22.415179847840207],[114.3647680539198,22.415203718623584],[114.36473,22.41512],[114.36455800277197,22.414909781165747],[114.36468859721622,22.41509252998357],[114.36429086743783,22.414750500444903],[114.36403,22.4146],[114.3633,22.41413],[114.36302,22.41387],[114.36284,22.41352],[114.36263,22.41324],[114.36246,22.41314],[114.36219,22.41295],[114.36213,22.4129],[114.36191,22.41234],[114.36181,22.4122],[114.36159,22.41195],[114.36113,22.41146],[114.36089,22.41118],[114.36069,22.41083],[114.36053,22.41046],[114.36043,22.41041],[114.36031,22.41029],[114.3601,22.40974],[114.35982,22.40922],[114.35968,22.4089],[114.35956,22.4084],[114.35936,22.40834],[114.35923,22.40825],[114.35899,22.40814],[114.3587,22.40805],[114.35844,22.408],[114.35838,22.40796],[114.35839,22.40777],[114.35824,22.4075],[114.35665,22.40762],[114.35641,22.40758],[114.35623,22.4075],[114.35611,22.40741],[114.35592,22.40721],[114.35562,22.40682],[114.35554,22.40661],[114.35554,22.40636],[114.35559,22.40601],[114.35558,22.4058],[114.35534,22.40589],[114.35503,22.40596],[114.35461,22.40597],[114.35405,22.4059],[114.3533,22.40588],[114.35266,22.40578],[114.35231,22.4058],[114.35205,22.40587],[114.35196,22.40592],[114.35144,22.40598],[114.35120617446668,22.406031961229626],[114.35147308334297,22.406017830347185],[114.35100384653003,22.40613943542921],[114.35111104797757,22.40606947601121],[114.35095,22.40615],[114.35073,22.40632],[114.3509,22.40651],[114.35134,22.40668],[114.35153,22.40681],[114.35164,22.40731],[114.35171,22.40745],[114.35187,22.40767],[114.35206,22.40789],[114.35209,22.40806],[114.35209,22.40821],[114.35204304562312,22.40834147225526],[114.35204496,22.4083471],[114.35204007091639,22.408349801434113],[114.35204,22.40835],[114.3517,22.40866],[114.35127,22.4089],[114.35067,22.40919],[114.34996,22.40961],[114.34934,22.40991],[114.34887,22.4101],[114.34886569394232,22.410101359807694],[114.34887267,22.41009993],[114.34886393261023,22.410101916017826],[114.34849,22.41022],[114.34796,22.41032],[114.34782384996723,22.410338327889026],[114.34653980803952,22.410630191960475],[114.34648,22.41069],[114.34628,22.4108],[114.34602,22.41083],[114.34580358096184,22.410797537144276],[114.34479005378053,22.4110279129313],[114.34482901741126,22.410975423427438],[114.34473,22.41104],[114.34469,22.41115],[114.34468,22.41137],[114.34456,22.41151],[114.34448,22.41167],[114.34378,22.41245],[114.34362,22.41261],[114.34353,22.41287],[114.34344,22.41357],[114.34321,22.41395],[114.34292,22.41419],[114.34289,22.41429],[114.34281,22.41445],[114.34261,22.41458],[114.34206,22.41475],[114.34184,22.4149],[114.34174,22.41507],[114.34172,22.41516],[114.34172,22.41536],[114.34168,22.41537],[114.34147,22.41556],[114.34106,22.41579],[114.34083,22.41602],[114.34058,22.41635],[114.34041,22.41652],[114.34015,22.41674],[114.33982,22.41695],[114.33975,22.41701],[114.33957,22.41724],[114.33943,22.41762],[114.33906,22.41807],[114.33904301283984,22.418074996223577],[114.33875646349777,22.41821929504524],[114.33884570066591,22.418133029215905],[114.33872,22.41817],[114.33852,22.41845],[114.33825,22.41845],[114.33781,22.41872],[114.33759,22.41881],[114.33728,22.41846],[114.33697,22.41789],[114.3366,22.41735],[114.33638,22.41706],[114.33598,22.4167],[114.3358,22.41655],[114.3357,22.41645],[114.33541,22.41631],[114.33511,22.41625],[114.33484,22.4161],[114.33479,22.41567],[114.33463,22.41542],[114.33429097474465,22.415160745392964],[114.33438998617045,22.415328641633682],[114.33266922396537,22.414687919822082],[114.33294300081903,22.414687413168114],[114.3325,22.41462],[114.33211,22.41461],[114.33192,22.41462],[114.33154,22.41469],[114.33153997111657,22.41469000962781],[114.3319635983662,22.41468922565932],[114.3313669838982,22.414760056737077],[114.33153884487503,22.41469038504166],[114.3313,22.41477],[114.32994,22.4154],[114.3294,22.41562],[114.32862,22.41593],[114.32529,22.41716],[114.32521,22.41729],[114.32511,22.4173],[114.32499,22.41732],[114.32482,22.41743],[114.32477,22.41743],[114.32468,22.41756],[114.32437,22.41777],[114.32409,22.41805],[114.32372,22.4186],[114.32355,22.41891],[114.32342,22.41918],[114.3227,22.41999],[114.3225,22.4203],[114.32241,22.42039],[114.32223,22.4207],[114.32232,22.42141],[114.32267,22.42205],[114.32286,22.42222],[114.32274,22.42268],[114.32256,22.42296],[114.3224,22.42306],[114.32207,22.42337],[114.32194,22.42345],[114.32168,22.42367],[114.32153,22.42375],[114.32092,22.42376],[114.32079,22.42383],[114.32049,22.42404],[114.31994,22.4243],[114.31942,22.42502],[114.31925,22.4252],[114.31855,22.42555],[114.31839,22.42566],[114.31826,22.42589],[114.31812,22.426],[114.318,22.42608],[114.31772,22.42613],[114.31734,22.42616],[114.31698629520903,22.426182193241786],[114.31252685298057,22.42665052582265],[114.31257585033066,22.426639068271097],[114.31165,22.42673],[114.31118,22.42681],[114.31089,22.42693],[114.31071,22.42706],[114.31043,22.42721],[114.31028,22.42729],[114.30997,22.42736],[114.30973,22.42739],[114.30861,22.42737],[114.30801,22.4277],[114.30761,22.42739],[114.30722,22.42698],[114.30685,22.42647],[114.30666,22.42615],[114.30652,22.42582],[114.30646,22.42565],[114.30645,22.42556],[114.30648,22.42525],[114.30647,22.42516],[114.30634,22.42491],[114.30628,22.42473],[114.30624,22.42436],[114.30617,22.4241],[114.3061315425545,22.423861563837818],[114.3061143,22.42378803],[114.30651032,22.422326],[114.30648976068888,22.422431129468414],[114.30652,22.42232],[114.30641,22.42212],[114.30636,22.42208],[114.30609,22.42157],[114.30609,22.42135],[114.30637,22.42105],[114.3068,22.42053],[114.30696,22.42],[114.30708,22.41978],[114.30711,22.41955],[114.30652,22.41915],[114.30645,22.41898],[114.30621,22.4189],[114.30564,22.4185],[114.30556,22.41823],[114.30552,22.41801],[114.30558,22.41781],[114.30602,22.4173],[114.3061,22.41719],[114.30616,22.41705],[114.30617,22.41689],[114.30613,22.41672],[114.30603,22.4166],[114.30573,22.41637],[114.3054,22.41621],[114.30448,22.41569],[114.30411,22.41543],[114.30388,22.41519],[114.30362,22.41497],[114.30334,22.41484],[114.30293,22.41478],[114.30259,22.41475],[114.30246,22.41476],[114.30232,22.4148],[114.30229201029843,22.414815789062423],[114.30246015,22.41476244],[114.30253183723383,22.414771216981666],[114.30217961639526,22.41487919075139],[114.30193,22.41502],[114.30147,22.41522],[114.30074,22.41537],[114.30043107450682,22.415415208608756],[114.29975005591604,22.415623975769712],[114.29969,22.41565],[114.29961854140674,22.41566429171865],[114.29959643,22.41567107],[114.29959066927925,22.415669866144146],[114.29959,22.41567],[114.29925,22.41565],[114.29894701755009,22.415535357991924],[114.29779904321428,22.415295458214285],[114.29761,22.41531],[114.29751,22.41527],[114.29746,22.41522],[114.29739,22.41529],[114.29677,22.41545],[114.29645,22.41557],[114.29611,22.4156],[114.29593,22.4156],[114.29571,22.41553],[114.2955,22.41553],[114.2953,22.41556],[114.29465,22.41574],[114.29409,22.41607],[114.29382,22.41608],[114.29321,22.41597],[114.29271,22.41596],[114.29249,22.41599],[114.29212,22.41621],[114.29171,22.41636],[114.29135,22.41657],[114.29126,22.41661],[114.29103,22.41665],[114.29093,22.4163],[114.29083,22.41615],[114.29069,22.41602],[114.29057,22.41597],[114.28952,22.41542],[114.28905,22.41527],[114.28855,22.41516],[114.28827,22.41507],[114.28806,22.41485],[114.28766,22.41434],[114.28765,22.41396],[114.28743,22.41393],[114.28737,22.41388],[114.28723,22.41372],[114.28715,22.41358],[114.28671,22.41221],[114.28669,22.41193],[114.28674,22.4117],[114.28674,22.41156],[114.28692,22.4113],[114.28695048623531,22.411273868941155],[114.2874480831543,22.409981980285686],[114.28745,22.40997],[114.28752,22.40976],[114.28756,22.40967],[114.28749,22.40956],[114.28739,22.40917],[114.2873,22.40895],[114.28701,22.40839],[114.28683,22.40807],[114.28667,22.40783],[114.28644,22.40754],[114.28618,22.40727],[114.28589,22.40702],[114.28558,22.40681],[114.28524,22.40663],[114.28509,22.40653],[114.285,22.40644],[114.28488,22.40629],[114.28479,22.40614],[114.28455,22.4055],[114.28436,22.40518],[114.2841,22.40491],[114.28396,22.40479],[114.28362,22.40457],[114.28348,22.40444],[114.28312,22.404],[114.28292,22.40369],[114.28274,22.40338],[114.2826,22.40303],[114.28248,22.40269],[114.28184,22.40138],[114.28119,22.40159],[114.28016,22.40188],[114.27938,22.40205],[114.27893,22.40221],[114.2783,22.40242],[114.2779,22.4025],[114.27705,22.40282],[114.27691,22.40286],[114.27673,22.40282],[114.27661,22.40276],[114.27644,22.40258],[114.27545,22.40179],[114.27537,22.4017],[114.27521,22.40159],[114.27505,22.4015],[114.27489,22.40139],[114.27477,22.40126],[114.27241,22.39798],[114.27233,22.39792],[114.27233,22.39796],[114.27229,22.39801],[114.27216,22.39806],[114.27194,22.39808],[114.27173,22.39815],[114.27167,22.39814],[114.27148,22.39805],[114.27138,22.39801],[114.27131,22.398],[114.27118,22.39802],[114.27109,22.398],[114.27089,22.39791],[114.27081,22.3979],[114.2705,22.39789],[114.25806,22.39846],[114.25245,22.3936],[114.25246,22.394],[114.25247,22.39407],[114.25246,22.39436],[114.25224,22.3949],[114.2522,22.39539],[114.25221,22.39548],[114.25227,22.39577],[114.2523,22.39585],[114.25243,22.3962],[114.25252,22.39648],[114.25277,22.39676],[114.25286,22.39711],[114.25288,22.39738],[114.25287,22.39769],[114.25277,22.39791],[114.25272,22.39817],[114.25275,22.39911],[114.25283,22.39929],[114.25299,22.39955],[114.25302,22.39962],[114.25309,22.39984],[114.25314,22.39992],[114.25323,22.39997],[114.25331,22.40005],[114.25338,22.40022],[114.2534,22.4003],[114.25346,22.40039],[114.25368,22.40054],[114.25383,22.4007],[114.25386,22.40079],[114.25391,22.40086],[114.25425,22.40108],[114.25438,22.40128],[114.25438,22.4013],[114.25429,22.40146],[114.25424,22.40153],[114.25418,22.40169],[114.25415,22.40179],[114.25406,22.40198],[114.25396,22.40209],[114.25388,22.40214],[114.25377,22.4022],[114.25366,22.40233],[114.2536,22.40242],[114.25356,22.40258],[114.25351,22.40269],[114.25345,22.40275],[114.25302,22.4031],[114.25323,22.40327],[114.25328,22.40332],[114.25348,22.40365],[114.25357,22.40385],[114.25362,22.40412],[114.25363,22.40421],[114.25361,22.4045],[114.25358,22.40459],[114.25351,22.40475],[114.25334,22.40486],[114.25308,22.40498],[114.25299,22.40501],[114.25275,22.40515],[114.25258,22.4053],[114.25247,22.40522],[114.25237,22.40527],[114.25219,22.40544],[114.25197,22.40572],[114.25179,22.40598],[114.25177,22.40609],[114.25184,22.4063],[114.25182,22.40633],[114.25179,22.40645],[114.25179,22.40661],[114.2518,22.40669],[114.2518,22.40676],[114.25174,22.40691],[114.25172,22.40693],[114.25167,22.40701],[114.25163,22.40704],[114.25159,22.40712],[114.25167,22.40727],[114.25169,22.40734],[114.25176,22.40743],[114.25178,22.40752],[114.25178,22.40755],[114.25174,22.40763],[114.25171,22.40774],[114.25168,22.40786],[114.25168,22.40793],[114.25166,22.40797],[114.25167,22.4081],[114.25177,22.4085],[114.25181,22.40857],[114.25185,22.40862],[114.25193,22.40875],[114.25205,22.40888],[114.25207,22.40908],[114.25206,22.40926],[114.25203,22.40953],[114.25206,22.40971],[114.25204,22.40972],[114.25203,22.40976],[114.25199,22.40982],[114.25196,22.40992],[114.25196,22.40998],[114.25192,22.41005],[114.25188,22.41015],[114.25183,22.41018],[114.25182,22.41021],[114.2518,22.41023],[114.25179,22.4103],[114.25179,22.4104],[114.25171,22.41049],[114.25163,22.4106],[114.25161,22.41067],[114.25159,22.4107],[114.25145,22.41083],[114.25143,22.4109],[114.25139,22.41094],[114.25135,22.41101],[114.25135,22.411043372749297],[114.25142322951706,22.410927476844012],[114.25135,22.411062562802922],[114.25135,22.41111],[114.2513,22.41119],[114.25125832501234,22.411231674987658],[114.25117066,22.41139339],[114.25113602209468,22.411429972381637],[114.25112,22.41145],[114.25094,22.41169],[114.25089,22.41175],[114.25086,22.41177],[114.25074,22.41181],[114.25068,22.41186],[114.25064,22.41187],[114.25058,22.41193],[114.25051,22.41203],[114.25048,22.4121],[114.2503,22.41235],[114.25022,22.41242],[114.25016,22.41251],[114.25011,22.41255],[114.24998,22.4127],[114.24987,22.41286],[114.24981,22.41293],[114.24967,22.41306],[114.24962,22.41312],[114.24927,22.41348],[114.24869,22.41402],[114.24861,22.41408],[114.24848,22.41419],[114.24849,22.41431],[114.24852,22.41441],[114.24856,22.41448],[114.24859,22.41451],[114.24867,22.41454],[114.24887,22.41469],[114.24893,22.41477],[114.24897,22.41483],[114.249,22.41494],[114.24901,22.41507],[114.24896,22.41528],[114.24881,22.41564],[114.24843,22.41669],[114.24839,22.41679],[114.24824,22.41798],[114.24825,22.41811],[114.24825246771486,22.418116169287153],[114.24824855,22.4179836],[114.24828966275098,22.41782671582954],[114.24826524352801,22.41814810882003],[114.24827,22.41816],[114.2482570704346,22.418255678783982],[114.24825672491737,22.418260226300383],[114.2482566766447,22.418258592829297],[114.24822,22.41853]],[[114.32166787608288,22.478763263987258],[114.3214753363485,22.477467882363555],[114.32167019,22.47831555],[114.32166787608288,22.478763263987258]],[[114.32128171184502,22.476625561863234],[114.32101137754485,22.47587854979425],[114.32116916,22.47613593],[114.32128171184502,22.476625561863234]],[[114.31070114232901,22.454005252177232],[114.31045011,22.45379273],[114.30949124,22.45254102],[114.31070114232901,22.454005252177232]],[[114.3027081110269,22.443980052860635],[114.30258779,22.443826],[114.30255319,22.44274848],[114.3027081110269,22.443980052860635]],[[114.30348132,22.43993085],[114.30388092430405,22.43906993956959],[114.30255319,22.44274848],[114.30348132,22.43993085]],[[114.30484964924867,22.436982911475596],[114.30526064,22.43609747],[114.30594469626138,22.435243182814766],[114.30484964924867,22.436982911475596]],[[114.30645444652222,22.43460657857606],[114.30655557,22.43448029],[114.30987075,22.43168379],[114.30645444652222,22.43460657857606]],[[114.3126726499782,22.42898668706824],[114.31229489,22.4285165],[114.312681,22.42896875],[114.3126726499782,22.42898668706824]],[[114.3035201328696,22.41494558970595],[114.3029126866332,22.414817846039835],[114.30342434,22.41488049],[114.3035201328696,22.41494558970595]],[[114.27035742456346,22.400596234694213],[114.27030681,22.40066428],[114.26408547445511,22.39884384436116],[114.26415403090894,22.39880462407835],[114.27035742456346,22.400596234694213]],[[114.27047395,22.40043958],[114.27038286414094,22.400562034185285],[114.26993651,22.39954901],[114.27047395,22.40043958]],[[114.27226767035008,22.39832883899647],[114.27229736779938,22.39838822998674],[114.27225999,22.39837644],[114.27226767035008,22.39832883899647]],[[114.26062445,22.42874065],[114.26071061,22.42536842],[114.26076459,22.42820398],[114.26062445,22.42874065]],[[114.25612073662617,22.424899645167855],[114.25602239,22.42489088],[114.25507655,22.42380251],[114.25612073662617,22.424899645167855]],[[114.26385072475973,22.399046058031146],[114.26386611,22.39896934],[114.26391474206737,22.398941518207454],[114.26385072475973,22.399046058031146]]],[[[114.2872,22.41106],[114.28737,22.41047],[114.28739621498319,22.41030615635507],[114.28719264,22.41105981],[114.28716632022956,22.41108886837466],[114.2872,22.41106]]],[[[114.2982,22.41519],[114.29814335821017,22.415180559701692],[114.29823982332788,22.41521312322264],[114.2982,22.41519]]],[[[114.2995920472973,22.41566959054054],[114.29959643,22.41567107],[114.29961651694711,22.415664696610577],[114.2995920472973,22.41566959054054]]],[[[114.30033,22.41543],[114.29999,22.41552],[114.29976427261468,22.415617815200303],[114.30037864328209,22.415422881470914],[114.30033,22.41543]]],[[[114.31422,22.42631],[114.3138,22.42635],[114.31374367977345,22.426365982766992],[114.31380493,22.42635166],[114.31439244064988,22.42631302527456],[114.31422,22.42631]]],[[[114.33394,22.41497],[114.33333,22.41478],[114.33296988110716,22.41469240351255],[114.33425522191129,22.415141120466135],[114.33394,22.41497]]],[[[114.34544,22.41077],[114.34519,22.41081],[114.34496,22.41089],[114.34493742174087,22.410904724951607],[114.34493701,22.41090658],[114.3456033863005,22.41077],[114.34544,22.41077]]],[[[114.34744,22.41039],[114.34695,22.41039],[114.34679,22.41043],[114.3467,22.41047],[114.34660536477693,22.410564635223057],[114.3474907364234,22.41038317009685],[114.34744,22.41039]]],[[[114.36533,22.41599],[114.36532984184359,22.415989862931117],[114.36533007654563,22.41599019136407],[114.36533,22.41599]]],[[[114.36541,22.41619],[114.36533353789206,22.41599884473015],[114.36541,22.41619838002898],[114.36541,22.41619]]],[[[114.2211793,22.43752693],[114.22116542,22.43850551],[114.2217817,22.43953208],[114.22194998,22.44075805],[114.22237585,22.4411335],[114.22292315,22.43909862],[114.22170302,22.43767414],[114.2211793,22.43752693]]],[[[114.22274988,22.46322027],[114.22254959,22.46230728],[114.2228047,22.46143536],[114.22249816,22.46036929],[114.22115286,22.46034903],[114.22020753,22.46079423],[114.2203492,22.46228064],[114.22131166,22.46217705],[114.22243848,22.46346521],[114.22274988,22.46322027]]],[[[114.27225191,22.41580289],[114.27238118,22.4155303],[114.27397743,22.41536085],[114.27195818,22.41533675],[114.27185285,22.41577714],[114.27225191,22.41580289]]],[[[114.27353011,22.42613771],[114.27365769,22.42548052],[114.27300956,22.42453156],[114.27238402,22.42537691],[114.27256442,22.42611069],[114.27304419,22.4265597],[114.27353011,22.42613771]]],[[[114.27144816,22.43208759],[114.27194676,22.43283397],[114.27220325,22.43296273],[114.27188672,22.43230367],[114.27144816,22.43208759]]],[[[114.27232884,22.43295799],[114.27235516,22.43308017],[114.27249936,22.43314739],[114.27258845,22.43297233],[114.27232884,22.43295799]]],[[[114.33133526,22.47465836],[114.33133723,22.47549288],[114.3318665,22.47554186],[114.33218882,22.47475512],[114.33133526,22.47465836]]],[[[114.33188357,22.47826627],[114.33139448,22.47685067],[114.33111009,22.47675085],[114.3307085,22.47713181],[114.33056518,22.4794533],[114.33072469,22.48048438],[114.33121978,22.48067978],[114.33182436,22.48003252],[114.33188357,22.47826627]]],[[[114.33384398,22.48048141],[114.3343247,22.47982415],[114.33395744,22.47929572],[114.33322232,22.4799959],[114.33336323,22.48036317],[114.33384398,22.48048141]]],[[[114.42832346,22.46586596],[114.42863872,22.46508708],[114.42770128,22.46552586],[114.42810215,22.46556736],[114.42781757,22.46593997],[114.42832346,22.46586596]]],[[[114.42779654,22.46674765],[114.42804333,22.46620996],[114.42781149,22.46597246],[114.42728738,22.4665921],[114.42725193,22.46713455],[114.42779654,22.46674765]]],[[[114.36623329,22.47711417],[114.36677322,22.47670145],[114.36650483,22.47637706],[114.36693924,22.47590098],[114.36619153,22.47383622],[114.36668633,22.47277181],[114.36602526,22.47262698],[114.36583356,22.47216327],[114.36534196,22.47224867],[114.36532544,22.47189024],[114.36421358,22.4717071],[114.36379851,22.47120601],[114.36367711,22.47008931],[114.36441846,22.46855014],[114.36389673,22.46798554],[114.36365947,22.46694207],[114.36333654,22.4670285],[114.3625968,22.46645893],[114.36219724,22.46561507],[114.36075309,22.46513493],[114.35939116,22.46552664],[114.35831501,22.46649411],[114.35818373,22.46726234],[114.35761699,22.46725792],[114.35809349,22.46732873],[114.35827792,22.46851053],[114.3588638,22.46935199],[114.35891884,22.47007352],[114.35860784,22.47048619],[114.35892192,22.47029309],[114.35928006,22.47063115],[114.35966069,22.4724447],[114.36051114,22.47246364],[114.36082239,22.47217019],[114.36080806,22.47283523],[114.36133415,22.47292657],[114.36127556,22.47398728],[114.36095792,22.47355973],[114.35996517,22.47338495],[114.35848724,22.47175709],[114.35774587,22.47188821],[114.35736854,22.47553385],[114.35634768,22.47608436],[114.35619261,22.47647774],[114.356767,22.47771139],[114.35571171,22.47917247],[114.35547065,22.48018147],[114.35437707,22.4800853],[114.35330326,22.48073732],[114.3546728,22.48225725],[114.35630775,22.48258411],[114.35788829,22.48540157],[114.35969589,22.48643002],[114.36084013,22.48606782],[114.36172113,22.48522105],[114.36346822,22.48538223],[114.36436619,22.48441106],[114.36455954,22.48211388],[114.36358256,22.48147816],[114.3633003,22.48041075],[114.36344187,22.47916549],[114.36660054,22.47706929],[114.36623329,22.47711417]]],[[[114.37043738,22.48418168],[114.37151674,22.48329607],[114.37130552,22.48275638],[114.37015409,22.48324822],[114.37002259,22.48385233],[114.37043738,22.48418168]]],[[[114.36321164,22.50282999],[114.36270402,22.5027084],[114.36293184,22.50258212],[114.36266097,22.50174093],[114.36241105,22.50194926],[114.36195749,22.50147905],[114.36219833,22.50105114],[114.36199978,22.5005795],[114.36173278,22.50090781],[114.36134073,22.50054289],[114.3613702,22.49980306],[114.36078641,22.4993069],[114.36088619,22.49871234],[114.36063389,22.49876355],[114.36088445,22.49849752],[114.36067551,22.49859325],[114.36085156,22.49742388],[114.36008546,22.4972604],[114.36041906,22.49689617],[114.36022954,22.49646174],[114.35999777,22.49672077],[114.35974542,22.49637204],[114.3588724,22.4969789],[114.35822129,22.49662794],[114.35794079,22.49588048],[114.3566531,22.49854955],[114.35508368,22.50036492],[114.35652286,22.50071856],[114.35710093,22.50122599],[114.35672648,22.50241573],[114.35689874,22.50370392],[114.35779459,22.50374817],[114.3590735,22.50467846],[114.35979806,22.50476971],[114.36127763,22.50455182],[114.3614145,22.50397532],[114.36219339,22.50328554],[114.36246892,22.5041719],[114.36320905,22.50389134],[114.36376162,22.50405385],[114.36397861,22.50370559],[114.36354173,22.5031891],[114.36314031,22.50321771],[114.36321164,22.50282999]]],[[[114.43598347,22.54169867],[114.4368711,22.54157631],[114.43799686,22.54229762],[114.43883825,22.54227594],[114.4401016,22.54158334],[114.44127847,22.5414895],[114.44187804,22.54087144],[114.44187566,22.54037437],[114.44039872,22.53950826],[114.43945651,22.53814689],[114.43854462,22.53781155],[114.43485721,22.53784114],[114.43219136,22.53902469],[114.4297828,22.54077136],[114.42894435,22.5406897],[114.4286251,22.54095466],[114.42771902,22.54053083],[114.42705824,22.54172306],[114.42568272,22.54301139],[114.42586725,22.54373006],[114.42551356,22.54488178],[114.42583115,22.54719794],[114.42564727,22.54768976],[114.42500574,22.54799952],[114.42422405,22.54767671],[114.42416837,22.54815015],[114.4253549,22.54899902],[114.42582327,22.55146082],[114.43012118,22.55323562],[114.43054399,22.55280718],[114.43011653,22.55015289],[114.43080248,22.54682065],[114.43070045,22.5460927],[114.43147039,22.54478749],[114.43243668,22.54436941],[114.43352637,22.5451106],[114.43295723,22.54454962],[114.43342825,22.54359641],[114.43598347,22.54169867]]]]}},{"type":"Feature","properties":{"地區號碼":"Q","District":"Sai Kung","地區":"西貢","Administrative District Boundary of Hong Kong":"Administrative District Boundary of Hong Kong"},"geometry":{"type":"MultiPolygon","coordinates":[[[[114.36787,22.42536],[114.367,22.4259],[114.3667,22.42619],[114.36644,22.42654],[114.36628,22.42689],[114.36626,22.42702],[114.36642,22.42817],[114.36628,22.42868],[114.36593,22.42913],[114.36614,22.42948],[114.36629,22.42959],[114.36638,22.42985],[114.36622,22.43006],[114.36619,22.43036],[114.36622,22.43049],[114.36642,22.43101],[114.36675,22.43159],[114.36677,22.43169],[114.36678,22.43199],[114.36669,22.43245],[114.3665,22.43299],[114.36633,22.43326],[114.3661,22.43345],[114.36591,22.43355],[114.36556,22.43369],[114.36507,22.43382],[114.36471,22.43401],[114.36469,22.43403],[114.36453,22.43396],[114.36443,22.4342],[114.36409,22.43491],[114.36393,22.43559],[114.36398,22.43625],[114.36406,22.43665],[114.36421,22.43702],[114.36432,22.43724],[114.36444,22.43759],[114.3646,22.43781],[114.36476,22.43849],[114.36479,22.43885],[114.36474,22.43929],[114.36457,22.43981],[114.36424,22.44053],[114.36396,22.44135],[114.36379,22.44202],[114.36768637141567,22.443042338267837],[114.36768642,22.44304224],[114.36834293,22.44155046],[114.36953016,22.43885691],[114.36952549,22.43788328],[114.3715147,22.43686819],[114.37313826,22.43796799],[114.37465735,22.43802415],[114.37504536,22.43873534],[114.37531156,22.43837079],[114.3767067,22.4385991],[114.37691885,22.43797113],[114.37843796,22.43702518],[114.38220085,22.43627913],[114.38357855,22.43699878],[114.38482405,22.43830419],[114.38664416,22.43842445],[114.38801906,22.43904255],[114.38866822,22.43902029],[114.38890194,22.43853453],[114.39059508,22.43888],[114.39056774,22.43917666],[114.39122006,22.43925253],[114.39125206,22.4402034],[114.39177853,22.44084908],[114.39192851,22.44059987],[114.39242248,22.44043053],[114.39251309,22.44018902],[114.39192092,22.43994436],[114.39208269,22.43974667],[114.39183653,22.43984626],[114.39216865,22.439389],[114.39181882,22.43939216],[114.39205285,22.43922772],[114.39162646,22.43891855],[114.39152329,22.43819116],[114.39200292,22.43728713],[114.39279141,22.43701443],[114.39376684,22.43817649],[114.39457812,22.43821795],[114.39505351,22.43777659],[114.39504746,22.43686898],[114.39556684,22.43699408],[114.39565763,22.43579336],[114.39638856,22.43558221],[114.39689427,22.43450322],[114.39669549,22.43422324],[114.39677701,22.43423758],[114.39693845,22.43445386],[114.39682906,22.4355979],[114.3976686,22.43610514],[114.39921237,22.43598097],[114.40034215,22.43641126],[114.40054223,22.43608018],[114.40101402,22.43628948],[114.4012314,22.43594723],[114.40039516,22.4354044],[114.40065119,22.43500974],[114.39999423,22.43457547],[114.40011963,22.43421412],[114.39984513,22.43448672],[114.39963626,22.43382928],[114.39914148,22.43444704],[114.39868019,22.43421946],[114.39886317,22.43376261],[114.39821074,22.43338523],[114.39871678,22.43324116],[114.3987588,22.4319293],[114.3984489,22.43178891],[114.39860071,22.43117831],[114.39800729,22.43085236],[114.39820679,22.43073766],[114.39778757,22.43066954],[114.39772961,22.43093166],[114.39709708,22.4305744],[114.39660461,22.43080517],[114.39663194,22.43035544],[114.3954232,22.42999664],[114.39526808,22.42948058],[114.39673365,22.42827116],[114.39692779,22.42793906],[114.39658552,22.42765483],[114.39685157,22.42739995],[114.3967052,22.42704879],[114.39798052,22.42680813],[114.39763895,22.42589728],[114.39801614,22.42550795],[114.39745154,22.42517448],[114.39756661,22.4246131],[114.3969599,22.42480855],[114.39747708,22.42405919],[114.39681389,22.4231573],[114.39891541,22.42184366],[114.39938133,22.42074229],[114.3996126,22.42102678],[114.40010411,22.42047397],[114.40159642,22.42040829],[114.4023362,22.41926315],[114.40258581,22.41974602],[114.40334546,22.419632],[114.40350237,22.4187913],[114.40302528,22.41856296],[114.40285467,22.41775846],[114.4032066,22.4173273],[114.40338962,22.41753667],[114.40337474,22.41721161],[114.40406656,22.41705874],[114.40446069,22.41592988],[114.40339979,22.41558407],[114.40496775,22.41441722],[114.40562816,22.41269746],[114.40502654,22.41267536],[114.40428185,22.41354982],[114.40436212,22.41210348],[114.40284708,22.41229935],[114.40235537,22.41179991],[114.40172453,22.41219659],[114.40162882,22.41272029],[114.40111088,22.41281536],[114.40086187,22.41264592],[114.40113121,22.41221853],[114.40098108,22.41181903],[114.399177,22.41193754],[114.3983053,22.41264187],[114.39840981,22.41371628],[114.39751605,22.41428846],[114.39657044,22.41423035],[114.39618628,22.41507805],[114.39584245,22.41490903],[114.39481316,22.41557626],[114.3945576,22.4171359],[114.39504305,22.41745087],[114.39499309,22.41779858],[114.39461349,22.41835888],[114.39349964,22.41871782],[114.39366523,22.41900966],[114.39316046,22.41947659],[114.39336339,22.41994996],[114.39325445,22.42003992],[114.39297554,22.42001315],[114.39291284,22.42032786],[114.39260107,22.42008468],[114.39220776,22.42063323],[114.39058703,22.41981371],[114.39021492,22.4201199],[114.38964706,22.41980807],[114.38964414,22.42003087],[114.38724299,22.42042072],[114.38688146,22.42090105],[114.38595205,22.42068807],[114.38500371,22.42012016],[114.38451788,22.41936757],[114.3835244,22.41892815],[114.38361387,22.41866412],[114.3833062,22.41885579],[114.38333003,22.41837013],[114.38276735,22.41822089],[114.38301624,22.41787474],[114.38271067,22.41812167],[114.38256442,22.41793665],[114.38278119,22.41772388],[114.38261717,22.41704902],[114.38193874,22.41691585],[114.38147442,22.41731015],[114.38120742,22.41711443],[114.37919524,22.41446521],[114.37795139,22.41197275],[114.37831239,22.41183291],[114.37829344,22.41111739],[114.37922031,22.41061826],[114.37914435,22.4105067],[114.37852724,22.4107515],[114.37908155,22.41022004],[114.37884173,22.41004834],[114.37902737,22.40928076],[114.3782488,22.40930297],[114.37662568,22.41101965],[114.3754286,22.41076546],[114.37414548,22.41174073],[114.37390817,22.41235411],[114.37396658,22.41171537],[114.37482601,22.41110351],[114.37412301,22.41029754],[114.37457906,22.41047012],[114.37493254,22.41095072],[114.37535694,22.41047382],[114.37610118,22.41058918],[114.37608788,22.40965392],[114.3754575,22.40951313],[114.37488487,22.40873753],[114.37409399,22.40844463],[114.37490745,22.40764303],[114.37479912,22.40734942],[114.3745251,22.40742382],[114.37470762,22.40697632],[114.37414046,22.40625879],[114.37478421,22.40613767],[114.37484488,22.40565779],[114.37508923,22.40572912],[114.37436051,22.40459805],[114.37464428,22.40396867],[114.37427328,22.40376933],[114.37516319,22.40342321],[114.37519768,22.40314721],[114.37390051,22.40355363],[114.37364905,22.40314881],[114.37450364,22.40251982],[114.37304476,22.40215097],[114.3738839,22.40172514],[114.37309867,22.40148647],[114.37309511,22.40118165],[114.37197569,22.40140953],[114.37168879,22.40085375],[114.37208867,22.40095235],[114.37213233,22.40063139],[114.37084533,22.40061613],[114.36989343,22.40000562],[114.37040823,22.39823223],[114.37157562,22.39815646],[114.37140537,22.39751473],[114.37286796,22.39641482],[114.37400372,22.39699272],[114.37454454,22.39798129],[114.37648698,22.39826755],[114.37669581,22.39739695],[114.37648203,22.39652578],[114.3775521,22.39698712],[114.37839681,22.39578557],[114.37854743,22.39616569],[114.37879844,22.39588688],[114.37906874,22.39609645],[114.37901085,22.39578675],[114.37930318,22.39609932],[114.37984497,22.39591055],[114.38005871,22.39552138],[114.37982866,22.39535429],[114.38091693,22.39418186],[114.38061504,22.39398137],[114.38135434,22.39370262],[114.3815997,22.39319728],[114.3816717,22.39221499],[114.3813654,22.39156658],[114.38224137,22.39140025],[114.38245455,22.39163622],[114.38270828,22.39146447],[114.38262524,22.39171849],[114.38305718,22.39163406],[114.38375043,22.39091764],[114.38443113,22.38926388],[114.38533361,22.38927343],[114.38522184,22.38966312],[114.38636264,22.39062886],[114.38677854,22.39057275],[114.38693081,22.39037601],[114.38660351,22.39009974],[114.38698063,22.39012366],[114.38702218,22.38962198],[114.38787011,22.38943031],[114.38776006,22.38920012],[114.3894323,22.38896652],[114.38973313,22.38809708],[114.39012399,22.38818025],[114.39073818,22.38773471],[114.3906292,22.38746295],[114.38992147,22.3876074],[114.39062365,22.38668533],[114.39046775,22.38594922],[114.39034655753086,22.385936638072828],[114.39041992,22.38594037],[114.38975594,22.3855897],[114.39038074,22.38531057],[114.39036709,22.3849265],[114.39010484,22.38489298],[114.3903823,22.38417527],[114.39004874,22.38378948],[114.39028933,22.38228869],[114.38982084,22.38212447],[114.39019578,22.38184501],[114.38981778,22.38167009],[114.3902197,22.38161104],[114.39005588,22.38131225],[114.39046949,22.38129781],[114.39054136,22.38084442],[114.39133356,22.38053759],[114.39135704,22.3802198],[114.39085737,22.38029355],[114.39150672,22.37950976],[114.39080889,22.37958279],[114.39140799,22.37871992],[114.39129687,22.37822321],[114.39184156,22.37798227],[114.39144931,22.37782253],[114.39157721,22.37720786],[114.39087089,22.3766939],[114.39052332,22.37750473],[114.39027337,22.37675073],[114.38989449,22.37722157],[114.38996724,22.37635786],[114.38972924,22.37691385],[114.38945822,22.37664582],[114.38867455,22.3768067],[114.38880484,22.37649032],[114.38859189,22.37646348],[114.3884192,22.37700719],[114.38794726,22.37710714],[114.38797473,22.37682525],[114.38761433,22.37680328],[114.38685175,22.37746005],[114.38684681,22.37684098],[114.38643472,22.376897],[114.38713777,22.37621664],[114.3868472,22.3759761],[114.38736365,22.3756952],[114.38721572,22.3751578],[114.38767513,22.3751144],[114.38740394,22.37454665],[114.38829077,22.37442679],[114.38872345,22.37327727],[114.3895732,22.372384],[114.38945032,22.37206729],[114.38994449,22.37174661],[114.39010948,22.3710696],[114.38977799,22.3697521],[114.39058305,22.37086754],[114.39120596,22.37015426],[114.39108445,22.36941668],[114.39156541,22.3685791],[114.39145001,22.36766565],[114.39064897,22.3674581],[114.38953315,22.36803239],[114.39000151,22.36740532],[114.38976241,22.36706553],[114.39078654,22.36639755],[114.39062608,22.36591656],[114.39025679,22.36585735],[114.39017206,22.36618825],[114.38938984,22.36655857],[114.38999455,22.36583977],[114.38924215,22.3658014],[114.38988017,22.36530245],[114.3894817,22.3650224],[114.38827096,22.36563535],[114.38798148,22.36621484],[114.38803197,22.3658321],[114.38767414,22.36565842],[114.38638543,22.36647008],[114.38583192,22.36732778],[114.38638949,22.36710688],[114.38529425,22.36855625],[114.38568303,22.36864956],[114.38557101,22.36925552],[114.38601727,22.36910891],[114.38520507,22.36994137],[114.38481208,22.37104171],[114.38460944,22.37090287],[114.38461182,22.37119873],[114.38426223,22.37115026],[114.38366733,22.37169901],[114.38306139,22.37311693],[114.38333713,22.3733282],[114.38292827,22.37383834],[114.38336458,22.37435074],[114.38309384,22.37445542],[114.38328953,22.37472389],[114.38295379,22.37463704],[114.38294757,22.37525008],[114.38268101,22.37524758],[114.38241824,22.3759132],[114.38202429,22.37591936],[114.38163654,22.37574762],[114.38158987,22.37442178],[114.38110252,22.37430335],[114.38123139,22.37407877],[114.38080652,22.37417963],[114.38040082,22.37372201],[114.38011658,22.37406318],[114.37949201,22.37393137],[114.37934382,22.37422769],[114.37923229,22.37390851],[114.37837739,22.37439332],[114.37809424,22.37491824],[114.37739735,22.37492013],[114.37582809,22.37362994],[114.37519007,22.37248266],[114.37544951,22.37233272],[114.37529262,22.37189713],[114.37579397,22.37162102],[114.37551225,22.37095601],[114.37609403,22.37051625],[114.37598094,22.37024483],[114.37569513,22.37010847],[114.37601321,22.36912048],[114.37754322,22.36895228],[114.37936919,22.3679189],[114.37986144,22.36721294],[114.3793064,22.36662924],[114.38018179,22.36689243],[114.38091559,22.36647524],[114.38063669,22.36592383],[114.38105825,22.36590649],[114.38088498,22.36436814],[114.38015434,22.36325064],[114.37811382,22.3629909],[114.37802277,22.36331018],[114.37741143,22.36321712],[114.37708472,22.36351628],[114.37500568,22.36059202],[114.37432873,22.35942423],[114.37574001,22.35965264],[114.37628704,22.35913001],[114.37717001,22.35897346],[114.37776771,22.35830783],[114.37778764,22.35764675],[114.37700338,22.35777254],[114.37685205,22.3573103],[114.3758485,22.35781421],[114.37595724,22.35761587],[114.37536293,22.35787296],[114.37502603,22.35765392],[114.37466198,22.35664317],[114.37554665,22.35621433],[114.37539385,22.35594442],[114.37472293,22.35612747],[114.37470705,22.35571463],[114.37415942,22.35593281],[114.37318188,22.35537356],[114.37407606,22.35450538],[114.37416491,22.35385922],[114.3736842,22.35384805],[114.373953,22.35337878],[114.37182648,22.35402981],[114.37106582,22.35336135],[114.37128252,22.35311077],[114.37093086,22.35309192],[114.37140214,22.35266184],[114.37106952,22.35176874],[114.37050827,22.3521685],[114.37049106,22.3525745],[114.37026079,22.35239098],[114.36962612,22.35298352],[114.36926908,22.35362628],[114.36972909,22.35335265],[114.36924713,22.3539838],[114.36834174,22.35381288],[114.36801998,22.35415098],[114.36790504,22.35384691],[114.36740003,22.35426812],[114.36744074,22.35371238],[114.3671855,22.35367595],[114.3664304,22.35425737],[114.36637899,22.35468911],[114.36616735,22.35436525],[114.36558884,22.3550801],[114.36500745,22.35491752],[114.36476442,22.35452675],[114.36510644,22.35402343],[114.36479916,22.35404702],[114.36520789,22.35360045],[114.3649402,22.35362184],[114.3647946,22.35387462],[114.36449067,22.3534829],[114.36399419,22.35361715],[114.36387457,22.35266918],[114.36668673,22.3518813],[114.36663804,22.35150675],[114.36713848,22.35134737],[114.36657391,22.35076978],[114.3672556,22.35111493],[114.36705502,22.35050861],[114.36766586,22.35074364],[114.36681956,22.34994307],[114.36759605,22.34979528],[114.36754952,22.3495012],[114.36676881,22.34982467],[114.36668233,22.35023609],[114.36622257,22.35035572],[114.36529167,22.34977602],[114.36553071,22.34916189],[114.36441458,22.34913626],[114.36343878,22.35071545],[114.36305758,22.35085542],[114.3630914,22.35061474],[114.36165936,22.35207195],[114.35954752,22.35133641],[114.35938095,22.34922602],[114.35991711,22.34878366],[114.36021126,22.34794373],[114.35976467,22.34776593],[114.36007719,22.3470986],[114.35918327,22.34599301],[114.35920777,22.34527848],[114.35965212,22.3448208],[114.35915955,22.3450164],[114.3600265,22.34427424],[114.36043131,22.34275243],[114.36124205,22.34259321],[114.36125172,22.34205511],[114.36081136,22.3419008],[114.36151463,22.34120384],[114.36113831,22.34107794],[114.36034269,22.34147342],[114.35991068,22.34044451],[114.35867702,22.33946494],[114.35914463,22.33936109],[114.3594745,22.3384689],[114.35918804,22.33648761],[114.35743846,22.33617306],[114.35739995,22.33563311],[114.35698042,22.33576269],[114.35704885,22.33534516],[114.3563514,22.33536594],[114.35564929,22.33591062],[114.35589276,22.33615494],[114.35490705,22.33634784],[114.35503686,22.33744073],[114.35419063,22.33911832],[114.3548571,22.33965473],[114.35431939,22.34068001],[114.35446571,22.34173551],[114.35277055,22.34271563],[114.35261263,22.34474871],[114.35221319,22.34528916],[114.35229178,22.34567194],[114.35243638,22.34545979],[114.35273988,22.34579392],[114.35250164,22.34721302],[114.35214104,22.34728079],[114.35191596,22.34696219],[114.35143746,22.34714205],[114.35105409,22.34784811],[114.35118484,22.34805817],[114.35273013,22.34782343],[114.35281816,22.34833934],[114.35279368,22.3481006],[114.35484074,22.34779774],[114.35497946,22.34810141],[114.35385615,22.34897995],[114.35362492,22.35028824],[114.35291544,22.35047397],[114.35315798,22.35044671],[114.35290758,22.35086625],[114.35315959,22.3511775],[114.35174027,22.35498268],[114.35117652,22.35486387],[114.35130436,22.35386816],[114.35093104,22.35443781],[114.34947925,22.35388099],[114.34939005,22.35349269],[114.34981782,22.35322465],[114.34929968,22.35323726],[114.3496874,22.35267382],[114.34932583,22.35281289],[114.34941268,22.35183589],[114.34851845,22.35077548],[114.34883149,22.34995039],[114.34857042,22.34996858],[114.34843717,22.34944612],[114.34818713,22.34952488],[114.34837174,22.35042963],[114.34772977,22.35015087],[114.34776109,22.35049023],[114.34747795,22.35033949],[114.34706887,22.35072516],[114.34663545,22.35022852],[114.34663492,22.35051824],[114.34558406,22.35050188],[114.3448516,22.34912571],[114.34507587,22.34896178],[114.34476853,22.34886429],[114.34480177,22.34816497],[114.34407335,22.34773765],[114.34431395,22.34726402],[114.34370215,22.34689437],[114.34321638,22.34699984],[114.34289672,22.34719445],[114.34311678,22.34751281],[114.34268566,22.34734766],[114.34240322,22.34759264],[114.34245853,22.34807809],[114.34186585,22.34836377],[114.34176773,22.34880109],[114.3410768,22.34881135],[114.34064988,22.34979399],[114.34082251,22.35032887],[114.33912629,22.35145713],[114.33896509,22.35214203],[114.33951407,22.35320632],[114.33937841,22.35364985],[114.33810361,22.35424947],[114.33812385,22.35466729],[114.33882578,22.35449801],[114.34005847,22.35482033],[114.34202964,22.35401656],[114.34211046,22.35487938],[114.34157684,22.35558251],[114.3412884,22.35551436],[114.34167555,22.35573347],[114.34153884,22.35595246],[114.34082573,22.35684661],[114.33841713,22.35777751],[114.33803905,22.35902644],[114.33739814,22.35966925],[114.33659172,22.35973769],[114.33620597,22.35879061],[114.33489565,22.35920864],[114.33284206,22.3614155],[114.33188112,22.36194095],[114.33114655,22.36339595],[114.33104673,22.36397337],[114.33140919,22.36481159],[114.33210665,22.36518464],[114.33259935,22.36594865],[114.33259576,22.36679725],[114.33332909,22.36807258],[114.33480584,22.36768212],[114.33752434,22.36837749],[114.33682573,22.36911008],[114.33613849,22.36893394],[114.33512141,22.36957387],[114.33487924,22.36937112],[114.3350172,22.36962858],[114.33421378,22.37035197],[114.33416877,22.37081897],[114.33455298,22.37095387],[114.33457813,22.37455426],[114.33512229,22.37609295],[114.33538634,22.37679494],[114.33503042,22.37695446],[114.33567225,22.3781984],[114.33538987,22.37860173],[114.33490088,22.37863499],[114.33433278,22.37780079],[114.33262178,22.37658195],[114.33143604,22.37745612],[114.32644954,22.37880487],[114.32433026,22.3800023],[114.32276497,22.38143822],[114.32290251,22.38231795],[114.32403484,22.38350069],[114.32345554,22.38423683],[114.32307487,22.38415293],[114.32314675,22.38372118],[114.32274449,22.38354039],[114.32254415,22.38289057],[114.321821,22.38267261],[114.32112757,22.38239892],[114.3204769,22.38272326],[114.3198203,22.38255244],[114.31949716,22.38171468],[114.31915866,22.38159303],[114.31805123,22.38230374],[114.31806478,22.38377372],[114.31911597,22.38564359],[114.31913539,22.38699913],[114.31999094,22.38744506],[114.3200287,22.38830832],[114.31979407,22.38825173],[114.32029079,22.38865278],[114.31966468,22.38882398],[114.31928159,22.38825935],[114.31788626,22.3886099],[114.31756373,22.38988768],[114.31823944,22.39005206],[114.31827524,22.39052711],[114.31768404,22.39067704],[114.31747102,22.39041265],[114.31709505,22.39076903],[114.31737804,22.39168231],[114.3189362,22.39242996],[114.31915216,22.39282699],[114.31993744,22.39270404],[114.32078672,22.3916158],[114.32136698,22.39382322],[114.32001817,22.39357338],[114.31913025,22.39380375],[114.31838412,22.39352872],[114.31752603,22.39400516],[114.317064,22.39384716],[114.31691182,22.3944447],[114.31569418,22.39332627],[114.3150579,22.39340177],[114.31501129,22.39305164],[114.31459232,22.39310397],[114.31427593,22.39275657],[114.31248733,22.39316428],[114.31131443,22.39252107],[114.31017531,22.39257351],[114.30990206,22.39226318],[114.30978713,22.39062359],[114.31008914,22.38995976],[114.30936961,22.38964686],[114.30931024,22.38924877],[114.30841727,22.38987744],[114.30845379,22.38889712],[114.30805975,22.38840669],[114.30884577,22.38856155],[114.30872637,22.38755693],[114.30838785,22.38731906],[114.30866809,22.38672372],[114.30973149,22.38661155],[114.31042274,22.38606702],[114.31053483,22.38550397],[114.31016473,22.38530964],[114.31016096,22.38490776],[114.30880208,22.38538136],[114.30815132,22.38480605],[114.30751795,22.38540554],[114.30767965,22.38574723],[114.30689231,22.38559756],[114.30641232,22.38587411],[114.30608091,22.3856155],[114.30596461,22.38445129],[114.30474933,22.38400823],[114.30424491,22.38429117],[114.304469,22.38583468],[114.30318323,22.38639974],[114.30241752,22.38759105],[114.3021284,22.38742088],[114.30154996,22.38822068],[114.30189175,22.3866639],[114.30247774,22.38601159],[114.30237819,22.38536722],[114.30119723,22.38491379],[114.29992864,22.38494607],[114.29936928,22.38419872],[114.2987508,22.38411192],[114.29863223,22.38453852],[114.29971828,22.38581754],[114.2996952,22.38635996],[114.29917259,22.38720922],[114.2980758,22.38679148],[114.29806,22.3868281],[114.29923276,22.38725366],[114.29854137,22.38817546],[114.29712746,22.38804423],[114.29697389,22.38842376],[114.29649524,22.38854233],[114.29698173,22.38964796],[114.29664675,22.39072419],[114.29586512,22.39071863],[114.29578572,22.390305],[114.29531052,22.39071163],[114.29528199,22.39061792],[114.29539253,22.39042097],[114.29527107,22.38964218],[114.29473337,22.38859323],[114.29404874,22.38820178],[114.29299938,22.38820175],[114.29043771,22.38976638],[114.28967774,22.39124588],[114.28919329,22.39258585],[114.28850597,22.39200603],[114.28891416,22.39253792],[114.28917391,22.3926424],[114.28897368,22.39397761],[114.2881092,22.394316],[114.28742486,22.39421362],[114.28733746,22.39497462],[114.28637906,22.39559106],[114.28641319,22.39614867],[114.28581423,22.39570015],[114.28542595,22.39629646],[114.28542744,22.39601755],[114.28421719,22.39523777],[114.28285859,22.39508774],[114.28276552,22.39535651],[114.28264007,22.39459557],[114.28091794,22.39271664],[114.28051679,22.3931487],[114.28080524,22.39356865],[114.27969695,22.3946481],[114.27874859,22.39484037],[114.27763678,22.39398268],[114.27753092,22.39297209],[114.27657206,22.39149339],[114.27642826163796,22.390243992760503],[114.27663987,22.3901852],[114.27642775,22.38980984],[114.27663127,22.38971066],[114.27618752,22.3893283],[114.27595869,22.38756576],[114.27640875,22.38580871],[114.27755179,22.38418342],[114.27709506,22.38360726],[114.27612466,22.38364135],[114.27470359,22.3820609],[114.2758056,22.38113213],[114.27467647,22.38203338],[114.27419324,22.38149778],[114.27472628,22.3809672],[114.27413587693985,22.381434728916037],[114.27397539,22.38125818],[114.27192685,22.37912283],[114.27078043,22.37919482],[114.27002405,22.37829987],[114.27211441,22.37758297],[114.27246693,22.37791675],[114.27308908,22.37750659],[114.27331425,22.37808095],[114.27425841,22.37799943],[114.27458301,22.3776852],[114.27413582,22.37586526],[114.27507777,22.37535778],[114.27315816,22.37179377],[114.27290036,22.37168753],[114.27219382,22.37106193],[114.27223854,22.37069277],[114.27164995,22.36993855],[114.2718833,22.36794972],[114.27250045,22.36648692],[114.27301918,22.36612835],[114.2726794,22.3644778],[114.27322244,22.36383666],[114.27423095,22.36370994],[114.27445581,22.36261752],[114.27495882,22.36255781],[114.27487131,22.3617218],[114.27531838,22.36093646],[114.27635884,22.3606738],[114.27714618,22.36088247],[114.27751446,22.36015792],[114.27816362,22.36014539],[114.27875193,22.35916097],[114.27825939,22.35832848],[114.27709233,22.35803125],[114.27681282,22.35754797],[114.27704697,22.35760517],[114.27695442,22.35665783],[114.27752764,22.35561679],[114.27778205,22.3556276],[114.27789342,22.35488547],[114.2772293,22.35428516],[114.27649005,22.3540862],[114.27616802,22.35433544],[114.2756998,22.35389503],[114.27590579,22.3533003],[114.27525389,22.35286772],[114.27561306,22.35231148],[114.27513504,22.35065162],[114.2741193,22.35131254],[114.27344203,22.35126855],[114.27372165,22.35182259],[114.27308234,22.35248088],[114.27268793,22.35354211],[114.27244499,22.3535144],[114.27233223,22.35421887],[114.27155422,22.35529484],[114.27153353,22.35604015],[114.27128649,22.35609944],[114.2713158,22.35723294],[114.27170096,22.35712968],[114.27227141,22.35814936],[114.27251944,22.36005351],[114.27185008,22.35969706],[114.27150531,22.35886916],[114.26953699,22.35722783],[114.26875206,22.35730562],[114.26860469,22.35765232],[114.26757265,22.35763178],[114.26737022,22.35736623],[114.26700565,22.35764629],[114.26590498,22.35701316],[114.26576774,22.3560203],[114.26520809,22.35639853],[114.26494103,22.35625195],[114.26538413,22.35721507],[114.265561,22.35888558],[114.26510296,22.35904734],[114.26549428,22.3591321],[114.26540746,22.35967137],[114.26716451,22.36018921],[114.26748621,22.3600262],[114.26802784,22.36077318],[114.268852,22.36120114],[114.26897453,22.36189306],[114.27014404,22.36346599],[114.26973727,22.36482926],[114.27009249,22.3655096],[114.26984286,22.36651249],[114.26854119,22.36795694],[114.2678639,22.37037309],[114.26656044,22.37021207],[114.26497892,22.37129171],[114.26415782,22.37235138],[114.26357636,22.37234022],[114.26291897,22.37164404],[114.26345128,22.37154026],[114.26414356,22.37065988],[114.26412084,22.37064212],[114.26381958,22.37088171],[114.26371885,22.37056439],[114.26414822,22.36946053],[114.26368514,22.36918293],[114.26322952,22.36967395],[114.26270094,22.36961331],[114.26309887,22.36829881],[114.26283845,22.36748931],[114.26123807,22.36776946],[114.26045108,22.36874499],[114.25998843,22.36867119],[114.2600694,22.36804831],[114.26057604,22.36748645],[114.26074338,22.36630004],[114.26072909,22.36585544],[114.26030466,22.36594964],[114.26024196,22.36552064],[114.26113117,22.36512767],[114.26083806,22.36451411],[114.26010206,22.36517974],[114.26004619,22.36466892],[114.25947812,22.36466134],[114.26006975,22.36453303],[114.25980653,22.36450526],[114.25985795,22.3637516],[114.25941375,22.363393],[114.25887087,22.36369124],[114.25915039,22.36352576],[114.26011607,22.3621275],[114.25991571,22.36201599],[114.25893796,22.36341836],[114.25856202,22.36308671],[114.25901759,22.36251943],[114.25854789,22.36307203],[114.25822372,22.36298555],[114.25784539,22.36268692],[114.25781596,22.36186584],[114.25742928,22.36184194],[114.25700061,22.36121767],[114.25762552,22.36100586],[114.2571525,22.36109693],[114.25713077,22.36070479],[114.25908586,22.35842604],[114.25908609,22.35804817],[114.25681595,22.35694579],[114.25472002,22.35646469],[114.25371251,22.35581385],[114.25716695,22.3558152],[114.25982024,22.35523764],[114.25976576,22.3564884],[114.26064131,22.35682742],[114.26075739,22.35620368],[114.26006973,22.35557994],[114.26072041,22.35455282],[114.26141404,22.35416011],[114.26278817,22.35465057],[114.26387085,22.35287881],[114.26484461,22.35222382],[114.26440462,22.35094482],[114.26463156,22.35012011],[114.26486768,22.35012236],[114.26609228,22.35117082],[114.26815162,22.35116486],[114.26864351,22.34949047],[114.26665645,22.34805389],[114.26672944,22.34704511],[114.26724906,22.3468876],[114.26637646,22.34690949],[114.26609194,22.34613721],[114.26446983,22.34567622],[114.26602629,22.34611516],[114.2662192,22.34491996],[114.26581518,22.34475619],[114.26551836,22.34407085],[114.2657397,22.34287976],[114.26620349,22.34254469],[114.26618073,22.34186845],[114.26532506,22.34188523],[114.26597089,22.34175076],[114.26584992,22.34038896],[114.26663028,22.33964472],[114.26706219,22.33824527],[114.26955758,22.33786491],[114.26941694,22.33724381],[114.26993598,22.33710658],[114.26969406,22.33619685],[114.26995867,22.33520109],[114.2708052,22.33388493],[114.27038877,22.33334108],[114.27056743,22.33158888],[114.27087221,22.33087204],[114.27165224,22.33052152],[114.27196841,22.32951901],[114.27236449,22.32921832],[114.2719462,22.32778725],[114.27198234,22.32654499],[114.27168207,22.32634124],[114.27226824,22.32456794],[114.2716859,22.32315251],[114.2722147,22.32240877],[114.27616065,22.32185224],[114.27703511,22.32121399],[114.27761705,22.3201969],[114.2775307,22.31960599],[114.27838536,22.31926155],[114.2785167,22.31953661],[114.28172887,22.32069899],[114.28247128,22.32136523],[114.28340895,22.32114353],[114.28486985,22.32156382],[114.28549629,22.32134689],[114.28517991,22.32063757],[114.28568811,22.32016135],[114.28739034,22.31987335],[114.28852296,22.32013557],[114.28842357,22.32092435],[114.28895366,22.32129369],[114.28964078,22.32102432],[114.28959188,22.32071784],[114.28923328,22.32078628],[114.28964701,22.32060879],[114.28958259,22.31960961],[114.28869606,22.31978655],[114.2884465,22.31929415],[114.28912912,22.31891317],[114.28896843,22.31863717],[114.2893604,22.31858487],[114.29004648,22.31733284],[114.29008902,22.31702396],[114.28974812,22.31709294],[114.29033615,22.3160033],[114.28986897,22.31566782],[114.29000834,22.31417901],[114.2923955,22.31306335],[114.29242174,22.31233743],[114.29156994,22.31164948],[114.29257359,22.3105424],[114.29040164,22.30746612],[114.29111639,22.30690041],[114.29232055,22.30671795],[114.29295133,22.30697859],[114.29212609,22.30462227],[114.29235449,22.30406947],[114.29336251,22.3042701],[114.29411773,22.30403362],[114.29598553,22.30449828],[114.29576512,22.30608386],[114.29530295,22.30674894],[114.29469739,22.30692015],[114.29490373,22.30727445],[114.29602181,22.30778928],[114.29885,22.31028129],[114.29975648,22.30989533],[114.3002969,22.31001399],[114.30127351,22.3094128],[114.3023524,22.30982612],[114.30270998,22.31055145],[114.30286524,22.31030842],[114.30333558,22.31051659],[114.30315176,22.30981488],[114.30350497,22.30950913],[114.30417965,22.30958047],[114.30468948,22.30892252],[114.30462068,22.30843285],[114.30382989,22.30832735],[114.30356671,22.30788352],[114.3047803,22.3072442],[114.30521632,22.30663159],[114.30573613,22.30663841],[114.30610534,22.30627342],[114.30592827,22.30593117],[114.30633498,22.30596452],[114.30625413,22.30566412],[114.30668729,22.30578133],[114.30738333,22.30532846],[114.30726939,22.3051277],[114.30876161,22.30340819],[114.30895206,22.30361974],[114.30937814,22.30307134],[114.31033047,22.30277593],[114.311082,22.30113744],[114.31052167,22.30051018],[114.31150541,22.30021654],[114.31183487,22.29980734],[114.3121312,22.29819127],[114.31100165,22.29804919],[114.31160122,22.29802008],[114.31185886,22.29764652],[114.30991588,22.29753988],[114.30917404,22.29700105],[114.3091675,22.29671454],[114.31056959,22.29621508],[114.30996753,22.29604012],[114.31075904,22.29538333],[114.31034645,22.29383222],[114.30994945,22.29356717],[114.31003204,22.29287389],[114.30976123,22.29258568],[114.30898387,22.29257442],[114.30860244,22.2920992],[114.30752696,22.29246657],[114.30755901,22.29215774],[114.30665753,22.29228186],[114.30576701,22.29196653],[114.3060639,22.29143641],[114.30574504,22.29121275],[114.30523959,22.29141626],[114.3052537,22.29115964],[114.30379109,22.29053137],[114.30411862,22.29044695],[114.30379734,22.29042069],[114.30350859,22.2895254],[114.30246072,22.28870662],[114.30202826,22.28737661],[114.30150059,22.28753985],[114.3010309,22.28703131],[114.29877239,22.28735927],[114.29769286,22.28822196],[114.29735471,22.28824603],[114.29715871,22.28778754],[114.29458143,22.28830238],[114.29394439,22.2891149],[114.2945533,22.29000538],[114.29407327,22.29089336],[114.29266303,22.29087855],[114.29164225,22.29131185],[114.29065674,22.29096928],[114.29017819,22.29007624],[114.28812888,22.28865425],[114.28789748,22.28808638],[114.2880932,22.28633054],[114.28870461,22.28584588],[114.28995349,22.28577146],[114.29046575,22.28535403],[114.28999815,22.28468215],[114.28856734,22.28434282],[114.28790001,22.28322571],[114.28784847,22.281362],[114.28825435,22.28105714],[114.28837183,22.28041079],[114.28948476,22.27971322],[114.29198962,22.27927587],[114.29310247,22.27875098],[114.29380155,22.27943306],[114.29482476,22.27913592],[114.29599946,22.27923278],[114.29635119,22.2788147],[114.29573894,22.27836338],[114.29568153,22.27772477],[114.29449176,22.27693015],[114.29381687,22.27716313],[114.29329812,22.27620519],[114.29278988,22.27596167],[114.29277655,22.27367401],[114.29347167,22.2731963],[114.2947493,22.27293039],[114.2951195,22.27296859],[114.29537828,22.27358824],[114.29548868,22.27448036],[114.2952062,22.2748211],[114.2956026,22.27555273],[114.29522059,22.27606754],[114.29583904,22.27632962],[114.29543375,22.27659518],[114.29553505,22.27670609],[114.29584394,22.27639127],[114.29742313,22.27720982],[114.29826095,22.27887514],[114.29951868,22.28026687],[114.30139112,22.28057192],[114.30270636,22.27984781],[114.30313939,22.27933999],[114.30234712,22.27898103],[114.30065243,22.27876508],[114.30031189,22.27900973],[114.3003317,22.27571423],[114.30107761,22.27395018],[114.30165859,22.27350794],[114.30157387,22.27335077],[114.30141857,22.27331542],[114.30179253,22.27203534],[114.30442257,22.26979377],[114.30378422,22.26955652],[114.30147198,22.27147637],[114.30077073,22.27076154],[114.30027641,22.26940903],[114.30131778,22.26908454],[114.3024291,22.26808923],[114.30362989,22.26889111],[114.30476249,22.26868882],[114.30536957,22.26976112],[114.30584984,22.26981121],[114.30683187,22.26866944],[114.30706406,22.26785976],[114.30636294,22.26711728],[114.30654756,22.26590735],[114.30594617,22.26548158],[114.30562902,22.26563423],[114.30577276,22.26537627],[114.30551251,22.26531769],[114.3046906,22.26578142],[114.30497659,22.26538334],[114.30464628,22.26564111],[114.3044792,22.26537132],[114.30526793,22.26475311],[114.30506785,22.26451824],[114.30318333,22.26518105],[114.30290221,22.26586805],[114.30222992,22.26579634],[114.3014675,22.26684251],[114.30147272,22.2665464],[114.30116243,22.26685929],[114.30065579,22.26645373],[114.30064684,22.26670005],[114.30042075,22.26658454],[114.30020046,22.26558846],[114.29970265,22.26537722],[114.30003527,22.26490096],[114.29955316,22.26500384],[114.30022042,22.26445086],[114.3003125,22.26376271],[114.30046586,22.26393193],[114.30068238,22.26362838],[114.30041099,22.26249109],[114.3009543,22.2620326],[114.30037807,22.26210893],[114.30046373,22.26124705],[114.29939271,22.26040418],[114.29898568,22.26057816],[114.29892076,22.26098741],[114.29829612,22.2608927],[114.29721233,22.26146611],[114.29744054,22.26205907],[114.29706677,22.26229476],[114.29738423,22.26250479],[114.29622627,22.26390239],[114.29589608,22.2649697],[114.29514262,22.26568178],[114.2908418,22.26712705],[114.29034353,22.26798104],[114.29025092,22.26961109],[114.28923219,22.27030565],[114.28854836,22.26978521],[114.28922691,22.2703564],[114.28911931,22.27065003],[114.28820879,22.27026005],[114.28717757,22.27076418],[114.2840899,22.27075772],[114.28209783,22.27170366],[114.28146483,22.27098583],[114.28223182,22.26953535],[114.28220775,22.26861495],[114.28061985,22.26808899],[114.27956388,22.26685136],[114.27934289,22.26591069],[114.27882824340317,22.266064175559737],[114.27925148,22.26587265],[114.27809234,22.2649493],[114.2783435,22.26480426],[114.27805299,22.26436898],[114.27778067,22.26452502],[114.27746975,22.26406771],[114.27716058,22.26424805],[114.27508533,22.26378688],[114.27384646,22.26286707],[114.26908246,22.27065315],[114.26841878,22.27033969],[114.26743556,22.27187488],[114.27010103,22.2729021],[114.26921611,22.27495404],[114.26684132,22.27406886],[114.26665145,22.27450724],[114.26626861,22.2744171],[114.26658019,22.27420696],[114.26608652,22.27416208],[114.26620312,22.27375294],[114.26594603,22.27352719],[114.26557462,22.27404439],[114.26577679,22.27440551],[114.26537485,22.27458465],[114.26513654,22.27535162],[114.26490466,22.2752306],[114.26505943,22.27558234],[114.26445191,22.27563891],[114.2648209,22.27609137],[114.26459991,22.27764025],[114.26594662,22.27923963],[114.26706659,22.27987234],[114.26735961,22.28061927],[114.2670504,22.2811885],[114.26749979,22.28176755],[114.26633297,22.28247747],[114.27095153,22.28976731],[114.27102386,22.29188449],[114.26670411,22.29188576],[114.26667138,22.2958063],[114.2651741,22.29649974],[114.26404863,22.29765246],[114.26378472,22.29983718],[114.26690433,22.30569475],[114.26639367,22.30581929],[114.265933,22.30614117],[114.26615579,22.30712144],[114.26581924,22.3080597],[114.26506513,22.3084872],[114.2648463,22.30905009],[114.26439882,22.30863033],[114.26431962,22.30804463],[114.26530337,22.30525165],[114.26331199,22.30158404],[114.2606542,22.30131083],[114.2605643,22.30090145],[114.26034836,22.30167545],[114.25994422,22.30183549],[114.25949648,22.30090151],[114.25937822,22.30130454],[114.25719389,22.30129514],[114.25675045,22.30088099],[114.25618057,22.30088127],[114.25618211,22.30017169],[114.25618089,22.29932244],[114.25588144,22.29753599],[114.25528532,22.29630638],[114.25425985,22.29508235],[114.25219493,22.29376704],[114.25051052,22.29317112],[114.25030947,22.29339897],[114.24927781,22.29237455],[114.24873339,22.29253595],[114.2488824,22.29220154],[114.24862612,22.29251597],[114.24819916,22.29203166],[114.2482971,22.29147032],[114.24730326,22.29092953],[114.24688068,22.28984015],[114.24570177,22.28903618],[114.24505727,22.28913092],[114.24555229,22.2883608],[114.24520139,22.2881202],[114.24488435,22.28837244],[114.24496679,22.28770508],[114.24368272753006,22.286207173287035],[114.24368,22.28621],[114.24347,22.28647],[114.24338,22.28651],[114.24317,22.2866],[114.24292,22.28655],[114.24251,22.28649],[114.24243,22.28647],[114.24228,22.28635],[114.2422,22.28632],[114.24214,22.28631],[114.24197,22.28634],[114.24193,22.28702],[114.24209,22.28713],[114.24226,22.2872],[114.24234,22.28726],[114.24235,22.28729],[114.24218,22.28744],[114.24167,22.28799],[114.24148,22.28833],[114.24139,22.28847],[114.24125,22.28885],[114.24107,22.28922],[114.2411,22.28942],[114.24121,22.28971],[114.24127,22.28978],[114.24143,22.28995],[114.2415,22.29007],[114.24152,22.29011],[114.24152,22.29018],[114.2415,22.29025],[114.24146,22.29034],[114.2413,22.29053],[114.24126,22.29063],[114.24125,22.29069],[114.24126,22.29076],[114.24129,22.29086],[114.2413,22.29093],[114.2413,22.291],[114.24129,22.29107],[114.24126,22.29114],[114.24122,22.2912],[114.24111,22.29133],[114.24107,22.29138],[114.24104,22.29146],[114.24112,22.2916],[114.24117265197641,22.29166581497051],[114.2415846,22.29022867],[114.24119377059996,22.291692213249938],[114.2412,22.2917],[114.24121,22.29175],[114.2412,22.29183],[114.24118,22.29189],[114.24112138807459,22.29196326490677],[114.24108286784849,22.29210751203066],[114.24106,22.292085802130064],[114.24106,22.29212],[114.2411,22.29218],[114.24116,22.29221],[114.2411908222513,22.29221],[114.24113472724464,22.29215674544833],[114.24135818562287,22.29221],[114.24138,22.29221],[114.24146428630155,22.292235285890467],[114.24148927,22.29224124],[114.2414900216073,22.29224751620548],[114.24152,22.29227],[114.24153,22.29232],[114.24150474962713,22.292370500745754],[114.24152333227357,22.292525672877435],[114.24146765600966,22.292472815864844],[114.24146,22.29258],[114.24148,22.29272],[114.24155,22.29283],[114.24161,22.29285],[114.24167,22.29286],[114.24189,22.29281],[114.24194,22.29283],[114.24198,22.29287],[114.24209,22.29308],[114.24213,22.29331],[114.24222,22.29337],[114.24225,22.29341],[114.24226,22.29351],[114.24223,22.29359],[114.24223,22.29367],[114.24221,22.29378],[114.24222,22.29393],[114.24214,22.2941],[114.24214,22.29416],[114.24215,22.29421],[114.24232,22.2942],[114.24256,22.2942],[114.24264,22.29421],[114.24273,22.29428],[114.24315,22.29458],[114.24315,22.29459],[114.24367,22.29484],[114.24415,22.295],[114.24448,22.29508],[114.24466,22.2951],[114.24466,22.29507],[114.24464,22.29501],[114.24413,22.2948],[114.24430204939134,22.29479016860621],[114.24457733977174,22.294750798068478],[114.24498,22.29463],[114.24515,22.29464],[114.24515,22.29465],[114.24517601963463,22.2946651781202],[114.24519097,22.29466304],[114.24521438977848,22.294687560704116],[114.24539,22.29479],[114.24541428460464,22.294896852260365],[114.24543348,22.29491695],[114.24542289893881,22.294934755330786],[114.24544,22.29501],[114.24543,22.29525],[114.24531,22.29537],[114.24519,22.29543],[114.24516,22.29545],[114.24516,22.29549],[114.24513,22.2955],[114.2451,22.29571],[114.24486,22.29582],[114.24482,22.29591],[114.24482,22.2961],[114.24507,22.29631],[114.24529,22.29634],[114.24536,22.29638],[114.24542207445107,22.29650414890213],[114.2454208124842,22.296422619441074],[114.24549543,22.29649047],[114.24542919300409,22.296964043535805],[114.2454244361811,22.296656728641764],[114.24542,22.29669],[114.24542,22.29713],[114.24539851841834,22.297180544897998],[114.2452395915188,22.297620206837067],[114.24522,22.29779],[114.24515,22.29795],[114.24504,22.29802],[114.24482,22.29808],[114.24477,22.29813],[114.24477,22.29824],[114.24485,22.29839],[114.24482,22.29847],[114.24469,22.2986],[114.24449,22.29907],[114.24438,22.29926],[114.24437,22.29935],[114.24441,22.29962],[114.24439,22.29974],[114.24428,22.29984],[114.24414,22.29991],[114.24404,22.30003],[114.24381,22.30024],[114.24375,22.30031],[114.2437,22.30039],[114.24363,22.3007],[114.24366,22.30102],[114.24377,22.30116],[114.24387,22.30122],[114.24386,22.30156],[114.24388,22.30162],[114.24388,22.30172],[114.2439,22.30186],[114.24385,22.30192],[114.24372,22.3022],[114.24365,22.30229],[114.2436349099524,22.30230509004759],[114.2436334,22.30230832],[114.24363062563924,22.302309374360757],[114.24358,22.30236],[114.24352,22.30239],[114.24343,22.30238],[114.24338,22.3024],[114.24319,22.30251],[114.24313,22.30254],[114.24305,22.30254],[114.24297,22.30258],[114.24292,22.3026],[114.24284,22.30261],[114.2428,22.30262],[114.24269,22.30269],[114.24262,22.30271],[114.24259,22.30272],[114.24249,22.30279],[114.24241,22.30282],[114.24228,22.30282],[114.24221,22.30284],[114.24217,22.30287],[114.24216,22.30292],[114.24217,22.30298],[114.2422,22.30306],[114.24224,22.30314],[114.24225,22.30321],[114.24224,22.30323],[114.2422,22.30328],[114.24217,22.30329],[114.2421,22.30329],[114.24203,22.30329],[114.24183,22.30348],[114.24178,22.30356],[114.24174,22.3037],[114.24171,22.30378],[114.24168,22.30382],[114.24164,22.30385],[114.24154,22.30386],[114.24144,22.30392],[114.24139,22.30395],[114.24137,22.30399],[114.24137,22.30402],[114.24146,22.30418],[114.24149,22.30429],[114.24149,22.30438],[114.24147,22.30441],[114.24144,22.30444],[114.24135,22.30446],[114.2413,22.30449],[114.24103,22.30464],[114.24102,22.30465],[114.241,22.30473],[114.24098,22.30476],[114.24095,22.30478],[114.24091,22.30478],[114.24087,22.30476],[114.24075,22.30468],[114.24074,22.30468],[114.24071,22.30468],[114.24069,22.30469],[114.24067,22.30472],[114.24067,22.30495],[114.24065,22.30498],[114.24062,22.30501],[114.2406,22.30501],[114.24056,22.305],[114.24045,22.30493],[114.24043,22.30493],[114.24026,22.30497],[114.24015,22.30499],[114.24014,22.30501],[114.24014,22.30509],[114.24012,22.30514],[114.24011,22.30516],[114.24001,22.3052],[114.23996,22.30528],[114.23996,22.305288687285863],[114.24011483613069,22.305441065608832],[114.24015,22.30546],[114.2402,22.3055],[114.2402,22.305524877620442],[114.24020237,22.30552721],[114.2402,22.305525262893063],[114.2402,22.30554],[114.24018,22.3056],[114.24005,22.30572],[114.23992,22.30581],[114.23988,22.30585],[114.23986,22.3059],[114.23986,22.30594],[114.23987731070653,22.30596885117755],[114.23986235,22.30593457],[114.2398775769997,22.305916327336035],[114.24005030347828,22.306156515543496],[114.2401,22.3062],[114.24011214641735,22.306242512460702],[114.24012524,22.30626072],[114.24011986488492,22.30626952709717],[114.24012,22.30627],[114.24012,22.30631],[114.2401,22.30634],[114.24006097622483,22.306366015850116],[114.2400549483166,22.306375892545336],[114.24005296794834,22.306371354701106],[114.24001,22.3064],[114.24003,22.30658],[114.2404,22.30744],[114.24062,22.30823],[114.24058,22.30834],[114.24057,22.30846],[114.24058,22.30851],[114.24059,22.30857],[114.24066,22.30873],[114.2407,22.30877],[114.24074,22.30887],[114.24078,22.30891],[114.24083,22.30896],[114.24091,22.30897],[114.24096,22.309],[114.24099,22.30903],[114.24103,22.30908],[114.24106,22.3091],[114.24112,22.30912],[114.24118,22.30913],[114.24125,22.30911],[114.24134,22.30907],[114.24141,22.30906],[114.24176,22.30916],[114.24182,22.30919],[114.24186,22.30922],[114.24187,22.30925],[114.24186,22.30936],[114.24186,22.30949],[114.24189,22.30966],[114.24185611106662,22.30973625010011],[114.24185657341897,22.309975384601433],[114.24187,22.31],[114.24188,22.31011],[114.241856952519,22.31017145994932],[114.2418576634425,22.310539158606264],[114.24187,22.31057],[114.2419,22.31062],[114.24196,22.31062],[114.24202,22.31059],[114.24219,22.31044],[114.24225,22.31041],[114.24231,22.31039],[114.24238,22.31041],[114.24241,22.31045],[114.24247,22.31061],[114.24254,22.31072],[114.24258,22.31075],[114.24264,22.31078],[114.2427,22.3108],[114.24275,22.31079],[114.24281,22.31076],[114.24285,22.31073],[114.24289,22.31067],[114.24299,22.31061],[114.24314,22.31064],[114.24338,22.31069],[114.2435,22.31078],[114.24353,22.31083],[114.24351,22.31095],[114.24351,22.311],[114.2436,22.31109],[114.24363,22.31114],[114.2436,22.31123],[114.24354,22.31135],[114.24354,22.31139],[114.24357,22.31143],[114.24379,22.31151],[114.2439,22.31157],[114.24395,22.31166],[114.24401,22.31181],[114.24407,22.31194],[114.244,22.31208],[114.24383,22.31222],[114.24377,22.31235],[114.24379,22.31247],[114.24388,22.31259],[114.24408,22.31276],[114.24436,22.31282],[114.24443,22.31287],[114.24449,22.31293],[114.24445,22.31306],[114.24442,22.31316],[114.24447,22.31324],[114.24465,22.31337],[114.24472,22.31351],[114.24479,22.31353],[114.24504,22.31358],[114.24517,22.3135],[114.24527,22.31346],[114.24533,22.31347],[114.24547,22.31352],[114.24558,22.3136],[114.24544,22.31374],[114.24542,22.3138],[114.24534,22.31399],[114.24529,22.31404],[114.24523,22.31408],[114.24518,22.31413],[114.24499,22.31427],[114.24491,22.31436],[114.24487,22.31445],[114.24477,22.3146],[114.24463,22.31473],[114.24456,22.31481],[114.24452,22.31488],[114.24447,22.31506],[114.24445,22.3151],[114.24443,22.31516],[114.2444,22.31519],[114.24439,22.31521],[114.24437,22.31522],[114.24435,22.31524],[114.24432,22.31525],[114.2443,22.31527],[114.24422,22.31528],[114.24418,22.31529],[114.24414,22.3153],[114.24411,22.31532],[114.24403,22.31534],[114.24391,22.31534],[114.24383,22.31535],[114.24376,22.31536],[114.24372,22.31537],[114.24364,22.31539],[114.24356,22.3154],[114.24344,22.3154],[114.24316,22.31539],[114.24305,22.31539],[114.24293,22.3154],[114.24285,22.31542],[114.24281,22.31542],[114.2427,22.31543],[114.24246,22.31544],[114.24236,22.31543],[114.24230890646172,22.315419051384655],[114.24205395193572,22.315492216289293],[114.24205,22.31551],[114.24206,22.3156],[114.24204,22.31568],[114.24204,22.31577],[114.24203,22.31584],[114.242,22.31594],[114.24197,22.31599],[114.24187,22.31614],[114.24159,22.31652],[114.24165,22.31656],[114.2416,22.3166],[114.24176,22.31676],[114.24191,22.31695],[114.2421,22.31713],[114.24209,22.31717],[114.24213,22.31739],[114.2422,22.31751],[114.24221,22.31752],[114.24223,22.31756],[114.24225,22.31757],[114.24227,22.31764],[114.24227,22.31783],[114.24227311830413,22.317861183041213],[114.2425254,22.31750602],[114.24280759,22.31713467],[114.24227322930906,22.317862293090663],[114.24228,22.31793],[114.24232,22.31804],[114.24236,22.3181],[114.24242,22.31821],[114.24244,22.31827],[114.24243,22.3184],[114.24243,22.318438950876246],[114.24272952192734,22.31931576364053],[114.24279,22.31943],[114.2429,22.31966],[114.24294,22.31971],[114.24302,22.31996],[114.24301,22.32008],[114.24300041263233,22.32010876210301],[114.24331377833111,22.32102610076674],[114.24315001875952,22.321008673426608],[114.24294053191761,22.32028840424717],[114.24292,22.32035],[114.24294,22.32062],[114.24298,22.32078],[114.24299,22.32088],[114.242998435268,22.320955917412068],[114.24308418104151,22.321001666957955],[114.24300910674218,22.320993677529692],[114.24305,22.3211],[114.24305,22.32119],[114.24303,22.32131],[114.24299,22.32141],[114.24294,22.3215],[114.24284,22.32165],[114.24278,22.32162],[114.24275,22.32158],[114.2427,22.32149],[114.24263,22.32144],[114.24256,22.32141],[114.24239,22.3214],[114.24235,22.32138],[114.2423,22.32135],[114.24226,22.3213],[114.24221,22.32118],[114.24218,22.32116],[114.24215,22.32113],[114.24198,22.32105],[114.24191,22.321],[114.24189,22.32095],[114.24187,22.32087],[114.24185,22.32082],[114.24181,22.32077],[114.24175,22.32072],[114.24167,22.32071],[114.2416,22.32071],[114.24153,22.32073],[114.2414,22.32081],[114.24135,22.32083],[114.24126,22.32084],[114.24123,22.32081],[114.2412,22.32075],[114.2412,22.32062],[114.2412,22.32056],[114.24109,22.32019],[114.24105,22.32011],[114.24098,22.32005],[114.24089,22.3199],[114.24081,22.31976],[114.24075,22.31968],[114.24066,22.3196],[114.24051,22.31952],[114.24039,22.31949],[114.24023,22.31945],[114.23936,22.31939],[114.23923033333291,22.31939],[114.23904927300008,22.319477103383992],[114.23912228729597,22.31940253038629],[114.23907,22.31941],[114.23896,22.31944],[114.23884,22.31949],[114.23875,22.31954],[114.23859,22.31966],[114.23848,22.3198],[114.23838,22.31997],[114.23809,22.32063],[114.23803,22.32071],[114.23787,22.32091],[114.23778,22.32108],[114.2377,22.32114],[114.2376,22.32121],[114.23752,22.32125],[114.23743,22.32126],[114.23732,22.32126],[114.23729,22.32125],[114.23724,22.32126],[114.23713,22.32131],[114.23702,22.32141],[114.23679,22.32175],[114.23672,22.32181],[114.23666,22.32184],[114.23664,22.32186],[114.23661,22.32191],[114.23655,22.32208],[114.23649,22.32215],[114.23642,22.32221],[114.23633,22.32222],[114.23619,22.32224],[114.23611,22.32224],[114.23605,22.32222],[114.23601,22.3222],[114.23592,22.3221],[114.23584,22.32204],[114.23575,22.32202],[114.23561,22.32199],[114.23551,22.32199],[114.23524,22.32201],[114.23451,22.32197],[114.2344845053988,22.32197254946012],[114.23449960940167,22.321974178007128],[114.2342583676068,22.322059890386416],[114.23432169563588,22.322003321745647],[114.23423,22.32204],[114.2341,22.32209],[114.23403,22.32213],[114.23393,22.32222],[114.23384,22.32232],[114.23334,22.32309],[114.23313,22.32335],[114.23294,22.32358],[114.2329,22.32361],[114.23286,22.32363],[114.23281,22.32364],[114.23274,22.32363],[114.2327,22.32364],[114.23266,22.32367],[114.23263,22.32371],[114.2326,22.32378],[114.23258,22.32403],[114.23257,22.3241],[114.23253,22.32417],[114.23244,22.32425],[114.2324120798098,22.324296533650333],[114.23241,22.324303331607652],[114.23241,22.32437],[114.23247,22.32451],[114.23247,22.32461],[114.23245,22.32468],[114.23241,22.32476],[114.23235,22.32484],[114.23225,22.32494],[114.23221,22.32499],[114.23219,22.32506],[114.23217,22.32514],[114.23211,22.32529],[114.23211,22.32531],[114.23213,22.32538],[114.23214,22.3255],[114.23213,22.32555],[114.23206,22.3257],[114.232,22.32578],[114.23194336750001,22.325828542142855],[114.23173528283003,22.32650867679031],[114.23174,22.32657],[114.23175,22.32666],[114.23144,22.32769],[114.23137,22.32785],[114.23125,22.32802],[114.23117906601837,22.328105609977825],[114.23085733222814,22.328680919411855],[114.23097005386084,22.328357866030004],[114.23096,22.32837],[114.23091,22.32842],[114.23083,22.3286],[114.2308,22.32871],[114.2308,22.328779686184014],[114.23080302411749,22.32877803065523],[114.2308,22.328783438241793],[114.2308,22.32884],[114.23078,22.32888],[114.23075,22.32891],[114.2307,22.32894],[114.23066,22.32895],[114.23053534219194,22.32895],[114.23032489536331,22.329049188346044],[114.23028,22.32913],[114.23024,22.32928],[114.23024,22.32941],[114.23025,22.32954],[114.23025,22.32963],[114.23022,22.32967],[114.23011,22.32973],[114.23010237030837,22.329740172922172],[114.23006042197913,22.329905907707932],[114.23007,22.33004],[114.23002,22.3301],[114.22997,22.33012],[114.22993,22.33011],[114.22984464729068,22.330053098193783],[114.22969258347342,22.330058708263287],[114.22967,22.33007],[114.22966311932001,22.33007917423999],[114.23202017086435,22.33124538620808],[114.23175922,22.33128608],[114.22966159798415,22.33008120268781],[114.22964,22.33011],[114.22962,22.33015],[114.22953,22.33025],[114.22946,22.3303],[114.22942,22.33033],[114.22935,22.33038],[114.22929,22.33045],[114.22925,22.33054],[114.22924,22.33063],[114.22928,22.33103],[114.2294,22.33152],[114.22943,22.33165],[114.22943,22.33174],[114.2294,22.33186],[114.22931,22.33208],[114.22923,22.33219],[114.22914,22.33229],[114.22902,22.33237],[114.22879,22.33256],[114.22864,22.33269],[114.22855,22.3328],[114.2285,22.33293],[114.22849,22.33299],[114.22849,22.33304],[114.22851,22.33308],[114.22858,22.33317],[114.22862,22.33325],[114.22865,22.33334],[114.22865,22.33343],[114.22865,22.333435620438053],[114.22874856378773,22.33366096859633],[114.22886,22.33379],[114.22889,22.33386],[114.22889,22.3339],[114.22887,22.33394],[114.22871,22.33414],[114.22869,22.33422],[114.22859,22.33436],[114.22854,22.33439],[114.22851,22.33441],[114.2284,22.33442],[114.22825,22.33442],[114.22787,22.33443],[114.22754,22.33441],[114.22523,22.3342],[114.22506,22.33414],[114.22493,22.33414],[114.22480398038415,22.334169651674316],[114.22459897257836,22.33424061645298],[114.22455,22.33427],[114.22437804099701,22.33438904854053],[114.22439121870553,22.334400925759528],[114.2243344123615,22.334419252980496],[114.22429,22.33445],[114.22423,22.33447],[114.22418,22.33449],[114.22412,22.33451],[114.22403,22.33452],[114.22112,22.35318],[114.22122,22.35325],[114.22128,22.3533],[114.22132,22.35334],[114.22137,22.35344],[114.22146,22.35399],[114.22146,22.35411],[114.22146,22.35416],[114.22144,22.3542],[114.22134,22.35431],[114.2213,22.35439],[114.22127,22.35446],[114.22127,22.35452],[114.22129,22.35458],[114.22131,22.35462],[114.22136,22.35468],[114.22143,22.3548],[114.22145,22.35485],[114.22151,22.35494],[114.2216,22.355],[114.22175,22.35508],[114.22178,22.35512],[114.22181,22.35518],[114.22182,22.35524],[114.22181,22.3553],[114.22175,22.35543],[114.22174,22.35547],[114.22176,22.35557],[114.22184,22.3557],[114.22186,22.35574],[114.22186,22.35579],[114.22186,22.35583],[114.22185,22.35587],[114.22183,22.3559],[114.22173,22.356],[114.22168,22.35607],[114.22165,22.35612],[114.22164,22.35618],[114.22164,22.35623],[114.22172,22.35655],[114.22176,22.35658],[114.2221,22.35673],[114.22226,22.35677],[114.22236,22.35682],[114.22246,22.35687],[114.22248,22.35692],[114.22248,22.35697],[114.22247,22.35701],[114.22235,22.35714],[114.2223,22.35725],[114.22227,22.35738],[114.22228,22.35745],[114.22229,22.35752],[114.22235,22.35768],[114.22239,22.35785],[114.22241,22.35793],[114.2224,22.35811],[114.22243,22.35822],[114.22242,22.35826],[114.22234,22.35841],[114.22474,22.35858],[114.22451,22.35915],[114.2245,22.35933],[114.22419,22.36011],[114.22401,22.36075],[114.22385,22.36118],[114.22379,22.36148],[114.22377,22.36193],[114.22378,22.3623],[114.22379,22.36249],[114.22377,22.36295],[114.22374,22.36312],[114.2238,22.36359],[114.22378,22.36366],[114.22366,22.36393],[114.22361,22.364],[114.22361,22.36402],[114.22367,22.36406],[114.22376,22.36415],[114.22383,22.36418],[114.22391,22.36418],[114.22409,22.36419],[114.22427,22.36431],[114.22435,22.36443],[114.22451,22.36456],[114.22459,22.36462],[114.22464,22.36466],[114.22499,22.36487],[114.2251,22.36499],[114.22515,22.36516],[114.22515,22.36529],[114.22518,22.36561],[114.22525,22.36589],[114.2253,22.3661],[114.22536,22.36622],[114.22542,22.36639],[114.2255,22.36659],[114.22552,22.36662],[114.22562,22.36673],[114.22564,22.36674],[114.22567,22.36694],[114.22567,22.36719],[114.22572,22.36734],[114.22584,22.36748],[114.22607,22.36769],[114.22613,22.36776],[114.22623,22.3679],[114.22632,22.36807],[114.22644,22.36836],[114.22654,22.36852],[114.22668,22.36868],[114.22687,22.36898],[114.22692,22.36907],[114.22692,22.3692],[114.22688,22.36929],[114.22675,22.36943],[114.22675,22.36952],[114.22688,22.36969],[114.22686,22.36991],[114.22672,22.37018],[114.22669,22.37027],[114.2267,22.37037],[114.22674,22.37046],[114.2268,22.37054],[114.22688,22.37064],[114.22699,22.37074],[114.22709093943865,22.370725580080194],[114.2270237,22.37072327],[114.22709854938384,22.370724492945165],[114.22727,22.3707],[114.22771,22.37057],[114.22822,22.37073],[114.2283,22.37073],[114.22836,22.37071],[114.22853,22.37069],[114.2286,22.37072],[114.22863956153775,22.370749671153312],[114.23053728940273,22.370780677649318],[114.23054,22.37078],[114.23067,22.37078],[114.23069010493684,22.37078317446371],[114.23131637243934,22.370793406890165],[114.23145,22.37076],[114.23152,22.37076],[114.23156,22.37074],[114.23181,22.37077],[114.23196,22.37079],[114.23231,22.3709],[114.23262,22.37105],[114.23272,22.37108],[114.23304,22.37121],[114.23322,22.37127],[114.23329,22.37127],[114.23334,22.37129],[114.23337,22.37129],[114.23368,22.37139],[114.23411,22.37167],[114.23414,22.3717],[114.2342,22.37173],[114.23461,22.37197],[114.23489,22.3724],[114.23495,22.37248],[114.23505,22.37258],[114.23529,22.37274],[114.23569,22.37294],[114.23601,22.37308],[114.23625,22.37314],[114.23683,22.3732],[114.23714,22.37328],[114.23726,22.37331],[114.23732415194333,22.373337493689995],[114.236821,22.37304579],[114.23455051491052,22.371726440035],[114.2405176,22.37501359],[114.24164435460283,22.375842142780698],[114.2375433578711,22.37346457891515],[114.23765,22.37361],[114.23826,22.37412],[114.2392,22.37481],[114.23976,22.37525],[114.24027,22.37578],[114.2407,22.37628],[114.24086,22.37649],[114.24153,22.3772],[114.24158,22.37728],[114.24172,22.37762],[114.2418,22.37772],[114.24203,22.37789],[114.24222,22.37818],[114.24233,22.37856],[114.24255,22.37892],[114.24276,22.37913],[114.24293,22.37927],[114.24312,22.37937],[114.24335,22.37946],[114.24411,22.37963],[114.24426,22.37965],[114.24449,22.37972],[114.24459,22.37994],[114.24462,22.38009],[114.2446,22.38034],[114.24471,22.38049],[114.24492,22.3806],[114.24502,22.38064],[114.24514,22.38072],[114.24521,22.38079],[114.24549,22.38117],[114.24555,22.38122],[114.24564,22.38124],[114.24564,22.38159],[114.24597,22.38187],[114.24602,22.38192],[114.24616,22.38217],[114.24623,22.38228],[114.24628,22.38243],[114.24618,22.38261],[114.24619,22.38279],[114.24621,22.38287],[114.24626,22.38301],[114.24636,22.38313],[114.2464,22.38321],[114.24657,22.38344],[114.24664,22.38347],[114.2468,22.3836],[114.24711,22.38398],[114.24722,22.38419],[114.24737,22.38452],[114.24747,22.38487],[114.24751,22.38514],[114.24752,22.38531],[114.2474,22.38583],[114.24724,22.38617],[114.24699,22.38655],[114.24685,22.38671],[114.24654,22.387],[114.25444,22.38674],[114.25444,22.3886],[114.25429,22.38869],[114.25361,22.38901],[114.25345,22.38913],[114.25313,22.38946],[114.25291,22.3899],[114.25278,22.39023],[114.25272,22.39063],[114.25267,22.39146],[114.25264,22.39169],[114.25254,22.39203],[114.25246,22.3922],[114.25233,22.39257],[114.25248,22.39284],[114.25245,22.3936],[114.25806,22.39846],[114.2705,22.39789],[114.27081,22.3979],[114.27089,22.39791],[114.27109,22.398],[114.27118,22.39802],[114.27131,22.398],[114.27138,22.39801],[114.27148,22.39805],[114.27167,22.39814],[114.27173,22.39815],[114.27194,22.39808],[114.27216,22.39806],[114.27229,22.39801],[114.27233,22.39796],[114.27233,22.39792],[114.27241,22.39798],[114.27477,22.40126],[114.27489,22.40139],[114.27505,22.4015],[114.27521,22.40159],[114.27537,22.4017],[114.27545,22.40179],[114.27644,22.40258],[114.27661,22.40276],[114.27673,22.40282],[114.27691,22.40286],[114.27705,22.40282],[114.2779,22.4025],[114.2783,22.40242],[114.27893,22.40221],[114.27938,22.40205],[114.28016,22.40188],[114.28119,22.40159],[114.28184,22.40138],[114.28248,22.40269],[114.2826,22.40303],[114.28274,22.40338],[114.28292,22.40369],[114.28312,22.404],[114.28348,22.40444],[114.28362,22.40457],[114.28396,22.40479],[114.2841,22.40491],[114.28436,22.40518],[114.28455,22.4055],[114.28479,22.40614],[114.28488,22.40629],[114.285,22.40644],[114.28509,22.40653],[114.28524,22.40663],[114.28558,22.40681],[114.28589,22.40702],[114.28618,22.40727],[114.28644,22.40754],[114.28667,22.40783],[114.28683,22.40807],[114.28701,22.40839],[114.2873,22.40895],[114.28739,22.40917],[114.28749,22.40956],[114.28756,22.40967],[114.28752,22.40976],[114.28745,22.40997],[114.2874480831543,22.409981980285686],[114.28756759,22.40967171],[114.28739621498319,22.41030615635507],[114.28737,22.41047],[114.2872,22.41106],[114.28716632022956,22.41108886837466],[114.28691477314648,22.411366589238572],[114.28695048623531,22.411273868941155],[114.28692,22.4113],[114.28674,22.41156],[114.28674,22.4117],[114.28669,22.41193],[114.28671,22.41221],[114.28715,22.41358],[114.28723,22.41372],[114.28737,22.41388],[114.28743,22.41393],[114.28765,22.41396],[114.28766,22.41434],[114.28806,22.41485],[114.28827,22.41507],[114.28855,22.41516],[114.28905,22.41527],[114.28952,22.41542],[114.29057,22.41597],[114.29069,22.41602],[114.29083,22.41615],[114.29093,22.4163],[114.29103,22.41665],[114.29126,22.41661],[114.29135,22.41657],[114.29171,22.41636],[114.29212,22.41621],[114.29249,22.41599],[114.29271,22.41596],[114.29321,22.41597],[114.29382,22.41608],[114.29409,22.41607],[114.29465,22.41574],[114.2953,22.41556],[114.2955,22.41553],[114.29571,22.41553],[114.29593,22.4156],[114.29611,22.4156],[114.29645,22.41557],[114.29677,22.41545],[114.29739,22.41529],[114.29746,22.41522],[114.29751,22.41527],[114.29761,22.41531],[114.29779904321428,22.415295458214285],[114.29758232185709,22.415250168521148],[114.29813148,22.41517655],[114.29814335821017,22.415180559701692],[114.2982,22.41519],[114.29823982332788,22.41521312322264],[114.2995920472973,22.41566959054054],[114.29961651694711,22.415664696610577],[114.29976427261468,22.415617815200303],[114.29999,22.41552],[114.30033,22.41543],[114.30037864328209,22.415422881470914],[114.30229201029843,22.414815789062423],[114.30232,22.4148],[114.30246,22.41476],[114.30259,22.41475],[114.30293,22.41478],[114.30334,22.41484],[114.30362,22.41497],[114.30388,22.41519],[114.30411,22.41543],[114.30448,22.41569],[114.3054,22.41621],[114.30573,22.41637],[114.30603,22.4166],[114.30613,22.41672],[114.30617,22.41689],[114.30616,22.41705],[114.3061,22.41719],[114.30602,22.4173],[114.30558,22.41781],[114.30552,22.41801],[114.30556,22.41823],[114.30564,22.4185],[114.30621,22.4189],[114.30645,22.41898],[114.30652,22.41915],[114.30711,22.41955],[114.30708,22.41978],[114.30696,22.42],[114.3068,22.42053],[114.30637,22.42105],[114.30609,22.42135],[114.30609,22.42157],[114.30636,22.42208],[114.30641,22.42212],[114.30652,22.42232],[114.30648976068888,22.422431129468414],[114.30617433397846,22.424044055221717],[114.3061315425545,22.423861563837818],[114.30617,22.4241],[114.30624,22.42436],[114.30628,22.42473],[114.30634,22.42491],[114.30647,22.42516],[114.30648,22.42525],[114.30645,22.42556],[114.30646,22.42565],[114.30652,22.42582],[114.30666,22.42615],[114.30685,22.42647],[114.30722,22.42698],[114.30761,22.42739],[114.30801,22.4277],[114.30861,22.42737],[114.30973,22.42739],[114.30997,22.42736],[114.31028,22.42729],[114.31043,22.42721],[114.31071,22.42706],[114.31089,22.42693],[114.31118,22.42681],[114.31165,22.42673],[114.31257585033066,22.426639068271097],[114.31374367977345,22.426365982766992],[114.3138,22.42635],[114.31422,22.42631],[114.31439244064988,22.42631302527456],[114.31799851,22.42607589],[114.31698629520903,22.426182193241786],[114.31734,22.42616],[114.31772,22.42613],[114.318,22.42608],[114.31812,22.426],[114.31826,22.42589],[114.31839,22.42566],[114.31855,22.42555],[114.31925,22.4252],[114.31942,22.42502],[114.31994,22.4243],[114.32049,22.42404],[114.32079,22.42383],[114.32092,22.42376],[114.32153,22.42375],[114.32168,22.42367],[114.32194,22.42345],[114.32207,22.42337],[114.3224,22.42306],[114.32256,22.42296],[114.32274,22.42268],[114.32286,22.42222],[114.32267,22.42205],[114.32232,22.42141],[114.32223,22.4207],[114.32241,22.42039],[114.3225,22.4203],[114.3227,22.41999],[114.32342,22.41918],[114.32355,22.41891],[114.32372,22.4186],[114.32409,22.41805],[114.32437,22.41777],[114.32468,22.41756],[114.32477,22.41743],[114.32482,22.41743],[114.32499,22.41732],[114.32511,22.4173],[114.32521,22.41729],[114.32529,22.41716],[114.32862,22.41593],[114.3294,22.41562],[114.32994,22.4154],[114.3313,22.41477],[114.33153884487503,22.41469038504166],[114.33153977,22.41469001],[114.33153997111657,22.41469000962781],[114.33154,22.41469],[114.33192,22.41462],[114.33211,22.41461],[114.3325,22.41462],[114.33294300081903,22.414687413168114],[114.33295552,22.41468739],[114.33296988110716,22.41469240351255],[114.33333,22.41478],[114.33394,22.41497],[114.33425522191129,22.415141120466135],[114.33428567,22.41515175],[114.33429097474465,22.415160745392964],[114.33463,22.41542],[114.33479,22.41567],[114.33484,22.4161],[114.33511,22.41625],[114.33541,22.41631],[114.3357,22.41645],[114.3358,22.41655],[114.33598,22.4167],[114.33638,22.41706],[114.3366,22.41735],[114.33697,22.41789],[114.33728,22.41846],[114.33759,22.41881],[114.33781,22.41872],[114.33825,22.41845],[114.33852,22.41845],[114.33872,22.41817],[114.33884570066591,22.418133029215905],[114.33930894069657,22.417685213734348],[114.33906054,22.41806617],[114.33904301283984,22.418074996223577],[114.33906,22.41807],[114.33943,22.41762],[114.33957,22.41724],[114.33975,22.41701],[114.33982,22.41695],[114.34015,22.41674],[114.34041,22.41652],[114.34058,22.41635],[114.34083,22.41602],[114.34106,22.41579],[114.34147,22.41556],[114.34168,22.41537],[114.34172,22.41536],[114.34172,22.41516],[114.34174,22.41507],[114.34184,22.4149],[114.34206,22.41475],[114.34261,22.41458],[114.34281,22.41445],[114.34289,22.41429],[114.34292,22.41419],[114.34321,22.41395],[114.34344,22.41357],[114.34353,22.41287],[114.34362,22.41261],[114.34378,22.41245],[114.34448,22.41167],[114.34456,22.41151],[114.34468,22.41137],[114.34469,22.41115],[114.34473,22.41104],[114.34482901741126,22.410975423427438],[114.34496127600887,22.410797252450042],[114.34493742174087,22.410904724951607],[114.34496,22.41089],[114.34519,22.41081],[114.34544,22.41077],[114.3456033863005,22.41077],[114.34660536477693,22.410564635223057],[114.3467,22.41047],[114.34679,22.41043],[114.34695,22.41039],[114.34744,22.41039],[114.3474907364234,22.41038317009685],[114.34886569394232,22.410101359807694],[114.34887,22.4101],[114.34934,22.40991],[114.34996,22.40961],[114.35067,22.40919],[114.35127,22.4089],[114.3517,22.40866],[114.35204,22.40835],[114.35204007091639,22.408349801434113],[114.35182623913815,22.40846795291328],[114.35199650253375,22.40820464829465],[114.35204304562312,22.40834147225526],[114.35209,22.40821],[114.35209,22.40806],[114.35206,22.40789],[114.35187,22.40767],[114.35171,22.40745],[114.35164,22.40731],[114.35153,22.40681],[114.35134,22.40668],[114.3509,22.40651],[114.35073,22.40632],[114.35095,22.40615],[114.35111104797757,22.40606947601121],[114.35116521,22.40603413],[114.35120617446668,22.406031961229626],[114.35144,22.40598],[114.35196,22.40592],[114.35205,22.40587],[114.35231,22.4058],[114.35266,22.40578],[114.3533,22.40588],[114.35405,22.4059],[114.35461,22.40597],[114.35503,22.40596],[114.35534,22.40589],[114.35558,22.4058],[114.35559,22.40601],[114.35554,22.40636],[114.35554,22.40661],[114.35562,22.40682],[114.35592,22.40721],[114.35611,22.40741],[114.35623,22.4075],[114.35641,22.40758],[114.35665,22.40762],[114.35824,22.4075],[114.35839,22.40777],[114.35838,22.40796],[114.35844,22.408],[114.3587,22.40805],[114.35899,22.40814],[114.35923,22.40825],[114.35936,22.40834],[114.35956,22.4084],[114.35968,22.4089],[114.35982,22.40922],[114.3601,22.40974],[114.36031,22.41029],[114.36043,22.41041],[114.36053,22.41046],[114.36069,22.41083],[114.36089,22.41118],[114.36113,22.41146],[114.36159,22.41195],[114.36181,22.4122],[114.36191,22.41234],[114.36213,22.4129],[114.36219,22.41295],[114.36246,22.41314],[114.36263,22.41324],[114.36284,22.41352],[114.36302,22.41387],[114.3633,22.41413],[114.36403,22.4146],[114.36429086743783,22.414750500444903],[114.36425023673108,22.414715559883145],[114.36455062,22.41489945],[114.36455800277197,22.414909781165747],[114.36473,22.41512],[114.3647680539198,22.415203718623584],[114.36532984184359,22.415989862931117],[114.36533,22.41599],[114.36533007654563,22.41599019136407],[114.36533039,22.41599063],[114.36533353789206,22.41599884473015],[114.36541,22.41619],[114.36541,22.41619838002898],[114.36596924107862,22.417657773952985],[114.36598,22.41767],[114.36604,22.41782],[114.36607,22.41791],[114.36605,22.41797],[114.36591,22.41817],[114.36574,22.41834],[114.36562,22.41863],[114.36563,22.41884],[114.36566,22.41901],[114.36578,22.41931],[114.36596,22.42002],[114.36606,22.42029],[114.36624,22.42049],[114.36639,22.42076],[114.36603,22.421],[114.36646,22.42134],[114.36667,22.42155],[114.36678,22.42174],[114.3669,22.42222],[114.36698446244274,22.422329801175565],[114.36686202371851,22.42202553214681],[114.36722029036277,22.42246343012092],[114.36745,22.42254],[114.36756,22.42262],[114.3676,22.42272],[114.36781,22.42297],[114.36803,22.42317],[114.36803,22.42343],[114.36807,22.4235],[114.36806942485686,22.423501300323643],[114.36807066,22.42350281],[114.36786576158207,22.425334145650634],[114.36787,22.42536]],[[114.25785825,22.36310444],[114.2578205377544,22.363052035248884],[114.25887087,22.36369124],[114.25785825,22.36310444]],[[114.23451833,22.37170871],[114.23452147815033,22.371710444254177],[114.23450048473619,22.37170281227095],[114.23451833,22.37170871]],[[114.29052586590204,22.402577997436865],[114.29062037,22.40243156],[114.29130541,22.40209653],[114.29052586590204,22.402577997436865]],[[114.29229951221271,22.400658344422673],[114.29231166,22.40064077],[114.293675,22.40008887],[114.29229951221271,22.400658344422673]],[[114.29434875828537,22.39869931244195],[114.29445047191129,22.398089142089837],[114.29445724,22.39847558],[114.29434875828537,22.39869931244195]],[[114.29101658,22.39203668],[114.29132612048441,22.39161717755946],[114.29133315,22.39161405],[114.29101658,22.39203668]],[[114.28903921,22.30724161],[114.28861661273382,22.30565514900714],[114.28864795,22.30567694],[114.28903921,22.30724161]],[[114.27622189631118,22.27451484744201],[114.27618066,22.27439327],[114.27619282257218,22.274364655870098],[114.27622189631118,22.27451484744201]],[[114.27622920293415,22.274279066046894],[114.2772794561394,22.27180820041256],[114.27701828,22.27288746],[114.27622920293415,22.274279066046894]],[[114.2773004962322,22.27172125632213],[114.27685052,22.26978384],[114.27732182,22.27163314],[114.2773004962322,22.27172125632213]],[[114.27828300365941,22.266310910714257],[114.27728238205691,22.267656889176234],[114.27728319,22.26765291],[114.27815488,22.26636889],[114.27828300365941,22.266310910714257]],[[114.23378709193508,22.330886063283998],[114.23365836,22.33098992],[114.23361253873088,22.33099706556434],[114.23378709193508,22.330886063283998]],[[114.24289906,22.32166178],[114.24260927,22.32335479],[114.2425714332273,22.323409269719942],[114.24289906,22.32166178]],[[114.2433457120854,22.32111958281537],[114.24341575,22.32132461],[114.24289906,22.32166178],[114.2433457120854,22.32111958281537]],[[114.2450746761532,22.3147033356786],[114.24507216731752,22.314708915636793],[114.24432038,22.31533244],[114.2450746761532,22.3147033356786]],[[114.24036939799606,22.307096427051395],[114.2404452,22.30718999],[114.24044479538904,22.307269193719176],[114.24036939799606,22.307096427051395]],[[114.2400468095314,22.319498822014797],[114.24030184,22.31953779],[114.24032335120866,22.319565364110876],[114.2400468095314,22.319498822014797]],[[114.2445631930057,22.378187342223665],[114.2429648935747,22.376813193828042],[114.24441852,22.37788211],[114.2445631930057,22.378187342223665]],[[114.24582001,22.38168417],[114.24539172205685,22.379015951534583],[114.24547618,22.37907327],[114.24582001,22.38168417]],[[114.25409785,22.39396466],[114.25357556,22.39338021],[114.25476097261586,22.394242032446197],[114.25409785,22.39396466]],[[114.25566478874677,22.395151158549194],[114.25542634639345,22.394725774603966],[114.25559738,22.39485012],[114.25566478874677,22.395151158549194]],[[114.27172283,22.39723923],[114.27194220323368,22.39767794759676],[114.26837738,22.39451292],[114.27172283,22.39723923]],[[114.26675351171629,22.397511715237425],[114.26750814,22.39622135],[114.26689789,22.39750531],[114.26675351171629,22.397511715237425]],[[114.26617547077572,22.397508274407212],[114.26631884880001,22.397530998741193],[114.26618831,22.39753679],[114.26617547077572,22.397508274407212]],[[114.26563848,22.39614259],[114.26610529662618,22.397352419393794],[114.2655956242442,22.396220449908498],[114.26563848,22.39614259]],[[114.26240552,22.39745154],[114.26343274972808,22.398040623084647],[114.26342032,22.398047],[114.26240552,22.39745154]],[[114.26352858,22.39615111],[114.26352269201179,22.396163581947643],[114.26329955770382,22.396208232325506],[114.26352858,22.39615111]],[[114.25993356788405,22.396696229463178],[114.26031487536832,22.3968054833502],[114.26011015,22.39684645],[114.25993356788405,22.396696229463178]],[[114.2571713,22.38768714],[114.25676942,22.3903038],[114.25706203638337,22.38695415415622],[114.2571713,22.38768714]],[[114.25607243,22.38285446],[114.25683263769405,22.384263425099984],[114.2567660092131,22.38426412811526],[114.25607243,22.38285446]],[[114.25569288,22.38401465],[114.25649089052536,22.384267030967557],[114.25593939,22.38427285],[114.25569288,22.38401465]],[[114.25077014,22.3822891],[114.25228463426834,22.383778555885648],[114.25225595,22.38376909],[114.25077014,22.3822891]],[[114.25053977099537,22.36852022211019],[114.24705861,22.37025747],[114.24838461,22.36940375],[114.25053977099537,22.36852022211019]],[[114.2509601,22.36831046],[114.25080927711211,22.368385727057188],[114.25110938754142,22.368162408593186],[114.2509601,22.36831046]],[[114.2528732,22.36717207],[114.25222247532986,22.36733413662749],[114.25222407,22.36733295],[114.2528732,22.36717207]],[[114.25579205,22.36454108],[114.25492475,22.36496013],[114.25579025701752,22.364528794486496],[114.25579205,22.36454108]],[[114.25674666,22.36155978],[114.25674673007117,22.361546881267376],[114.25751873789416,22.362632655646586],[114.25674666,22.36155978]],[[114.27626033,22.30971176],[114.27628637334847,22.30973576689203],[114.27550111,22.31063817],[114.27626033,22.30971176]],[[114.27685065,22.31025592],[114.27684944216855,22.310257322501336],[114.27681223480359,22.31022050867516],[114.27685065,22.31025592]],[[114.27660662090405,22.310539280011803],[114.27660231,22.31053709],[114.2767369275054,22.310387971496926],[114.27660662090405,22.310539280011803]],[[114.27800638,22.31124832],[114.2780075526368,22.31125097690924],[114.27715682820275,22.31081879457935],[114.27800638,22.31124832]],[[114.27847924706823,22.312319721550217],[114.27845569,22.31233112],[114.27803010772274,22.31130208123787],[114.27847924706823,22.312319721550217]],[[114.27998989,22.31224003],[114.27999048821003,22.312244699099814],[114.27921916,22.31230437],[114.27998989,22.31224003]],[[114.28007833436192,22.3129303486726],[114.2800374,22.31292911],[114.28001227753906,22.31241476738188],[114.28007833436192,22.3129303486726]],[[114.28063971100077,22.312886136492544],[114.2806567,22.31294785],[114.28032745812737,22.312937887150504],[114.28063971100077,22.312886136492544]],[[114.27914899,22.31130078],[114.28053777,22.31251583],[114.28061691838687,22.312803341024114],[114.27914899,22.31130078]],[[114.27906546,22.30534114],[114.27914583440555,22.30481093894806],[114.27928275,22.30745506],[114.27906546,22.30534114]],[[114.24470593040692,22.315523471433867],[114.24470211,22.31551297],[114.2447892907951,22.315338067708932],[114.24470593040692,22.315523471433867]],[[114.24500796630073,22.31598499722186],[114.24484481,22.31590522],[114.24472396199818,22.315573036196778],[114.24500796630073,22.31598499722186]],[[114.24544954356651,22.316040363963],[114.24528284,22.3161194],[114.24517495664848,22.3160666491468],[114.24544954356651,22.316040363963]],[[114.24609434,22.31597864],[114.24609156008185,22.31622468102963],[114.24601678797852,22.315986063766413],[114.24609434,22.31597864]],[[114.24607,22.31813289],[114.24591981599679,22.318532619268517],[114.24607742692307,22.31747555848802],[114.24607,22.31813289]],[[114.24574586,22.31899562],[114.245387025784,22.31935375397373],[114.24579774536906,22.318857522065624],[114.24574586,22.31899562]],[[114.24970877,22.32533879],[114.24965721805928,22.324837002027795],[114.25017246,22.32584347],[114.24970877,22.32533879]],[[114.24963894,22.32465909],[114.25043929,22.32352914],[114.24964569961458,22.324724885646955],[114.24963894,22.32465909]],[[114.26075666246264,22.316795345777173],[114.25894719,22.31491389],[114.25840725810788,22.31430145663154],[114.26001489,22.31599154],[114.26075666246264,22.316795345777173]],[[114.26456318456898,22.31264547727446],[114.26335383,22.31373799],[114.26001489,22.31599154],[114.26456318456898,22.31264547727446]],[[114.2670091321095,22.309340199237674],[114.26549625,22.31180256],[114.2651294185625,22.312133950002465],[114.2670091321095,22.309340199237674]],[[114.27351606448859,22.313928874601793],[114.27347602,22.3141151],[114.27107993,22.31586329],[114.27351606448859,22.313928874601793]],[[114.2741903,22.31137095],[114.27434486526992,22.311367485770273],[114.27413802219527,22.311590591112633],[114.2741903,22.31137095]],[[114.27461236481558,22.311361490375063],[114.27415981,22.3123316],[114.27441897714347,22.311365824720827],[114.27461236481558,22.311361490375063]],[[114.26696982,22.30641067],[114.26678372164511,22.306219652304762],[114.26843306,22.30702262],[114.26696982,22.30641067]],[[114.24391867831945,22.301698078654034],[114.24411195,22.30119809],[114.24400613,22.30151101],[114.24391867831945,22.301698078654034]],[[114.24927196,22.30733995],[114.24993063834097,22.308022099018178],[114.24991038,22.30801551],[114.24927196,22.30733995]],[[114.25560839,22.30829808],[114.25557712,22.30017199],[114.25578929,22.31057487],[114.25561552,22.30927723],[114.25560839,22.30829808]],[[114.2565945465045,22.31224533605501],[114.25647115,22.31210537],[114.25578929,22.31057487],[114.2565945465045,22.31224533605501]],[[114.2419724,22.28641693],[114.24201728099058,22.286421256525664],[114.24201124882435,22.286519319893063],[114.2419724,22.28641693]],[[114.22496442,22.33537708],[114.2245952281034,22.334584801756783],[114.22493573,22.3348917],[114.22496442,22.33537708]],[[114.24577075,22.34491262],[114.24651870730528,22.345764102146035],[114.24633781,22.34572677],[114.24642528516158,22.346114208627753],[114.24577075,22.34491262]],[[114.24723454,22.34591183],[114.2471904561335,22.34590273232251],[114.24724622504458,22.345902673690244],[114.24723454,22.34591183]],[[114.25143293404089,22.346253243114383],[114.25141864177802,22.346167176294305],[114.25143936,22.34616038],[114.25143293404089,22.346253243114383]],[[114.25160728,22.34730314],[114.25160386805675,22.34728259356108],[114.25162598483995,22.34730018784677],[114.25160728,22.34730314]],[[114.25463151,22.34760257],[114.25416639,22.34689924],[114.2546447346154,22.347577348977048],[114.25463151,22.34760257]],[[114.25560413,22.34574766],[114.25488753516937,22.347114297450663],[114.25498475,22.3469063],[114.25560413,22.34574766]],[[114.25604869,22.34571293],[114.2571212,22.34269318],[114.2557299,22.34668721],[114.25524295996568,22.347443527961364],[114.25604869,22.34571293]],[[114.26170090215746,22.31781855081637],[114.26192345,22.31805971],[114.2627327,22.31946043],[114.26170090215746,22.31781855081637]],[[114.26226227,22.32571723],[114.26450201,22.3249733],[114.26191578,22.32590753],[114.26178651717488,22.325862611735786],[114.26226227,22.32571723]],[[114.26888267037218,22.323437036164727],[114.26881832,22.32359091],[114.26518627,22.32723836],[114.26888267037218,22.323437036164727]],[[114.26374780747761,22.327107357272634],[114.26358317,22.32747178],[114.26374636,22.32710773],[114.26374780747761,22.327107357272634]],[[114.2597573,22.3350068],[114.25799537416678,22.334439995928967],[114.25811326,22.33435469],[114.2597573,22.3350068]],[[114.25789650024855,22.334511544233084],[114.25764203643487,22.335155213866933],[114.25774473,22.33462137],[114.25789650024855,22.334511544233084]],[[114.25721847561987,22.336226616636402],[114.25706484,22.33661524],[114.25703765498255,22.33662839224814],[114.25721847561987,22.336226616636402]],[[114.25672359321366,22.336780336911193],[114.2527598,22.33869804],[114.25243152,22.33875733],[114.25672359321366,22.336780336911193]],[[114.25197475,22.33823337],[114.25195859297031,22.338161359302752],[114.25243152,22.33875733],[114.25197475,22.33823337]],[[114.25178787466639,22.337400480333145],[114.25136467255214,22.335514299524107],[114.25141475,22.33555491],[114.25178787466639,22.337400480333145]],[[114.25131998083548,22.335478056625163],[114.25021677,22.3353613],[114.25110197,22.33530126],[114.25131998083548,22.335478056625163]],[[114.24632985,22.32837176],[114.24525028,22.32895525],[114.24524279019677,22.328946235298467],[114.24632985,22.32837176]],[[114.24200605,22.32809643],[114.24164245,22.32764561],[114.24168979732315,22.32753092134205],[114.24200605,22.32809643]],[[114.27456429356558,22.31376742175058],[114.27456682,22.31377639],[114.27379454015372,22.31496765444864],[114.27456429356558,22.31376742175058]],[[114.27352041,22.31539509],[114.2735220929317,22.31539246590035],[114.27430599,22.31625506],[114.27352041,22.31539509]],[[114.24679525,22.34775283],[114.2480195,22.3484005],[114.2480424396669,22.34849290571653],[114.24679525,22.34775283]],[[114.24815518461943,22.348947065672963],[114.2481996,22.34912598],[114.24812795757866,22.34913502900012],[114.24815518461943,22.348947065672963]],[[114.24592096,22.34846689],[114.24543161,22.34960776],[114.24541780222535,22.349588235214906],[114.24592096,22.34846689]],[[114.23821201988603,22.3497079110814],[114.23821027,22.34970971],[114.23762339,22.34942628],[114.23821201988603,22.3497079110814]],[[114.23867281684946,22.360032028267405],[114.23912872,22.35983035],[114.23867739,22.36003375],[114.23867281684946,22.360032028267405]],[[114.24324737166832,22.35792928331],[114.243252,22.3579143],[114.2433720145367,22.357899928518552],[114.24324737166832,22.35792928331]],[[114.24355894126103,22.35787754444722],[114.24360257,22.35787232],[114.24398918,22.35905485],[114.24355894126103,22.35787754444722]],[[114.24884759800085,22.361922553946915],[114.24889074,22.36192727],[114.24847312,22.36281257],[114.24884759800085,22.361922553946915]],[[114.24943808,22.36667799],[114.24942685317475,22.366689108712187],[114.24847312,22.36281257],[114.24943808,22.36667799]],[[114.25572941,22.36002625],[114.25575111160758,22.360032573171434],[114.25360385,22.36045903],[114.25572941,22.36002625]],[[114.25033412062368,22.353592792717922],[114.2503006,22.35354416],[114.2511742,22.35229986],[114.25033412062368,22.353592792717922]],[[114.25318856,22.35146297],[114.25211105,22.35188583],[114.25347885900175,22.351133859401127],[114.25318856,22.35146297]],[[114.25367302,22.35091374],[114.25357619618298,22.35102350870128],[114.25396133912217,22.35019627432126],[114.25367302,22.35091374]],[[114.26921049,22.37408992],[114.26935322,22.37334369],[114.26939767172153,22.373316194967465],[114.26921049,22.37408992]],[[114.27024387,22.37302654],[114.26944278927377,22.37328828809405],[114.27064286,22.372546],[114.27024387,22.37302654]],[[114.26006135648551,22.366482267526525],[114.2598939950839,22.365900758949902],[114.26007993,22.3663023],[114.26006135648551,22.366482267526525]],[[114.25970792,22.37068555],[114.25971939148975,22.37059161700093],[114.26055084,22.37351102],[114.25970792,22.37068555]],[[114.26280744077522,22.375588007835688],[114.26230163626425,22.375178271527002],[114.26291910322261,22.375622159891623],[114.26280744077522,22.375588007835688]],[[114.2643601,22.37606289],[114.2632012909096,22.375708467239303],[114.26345701,22.37562791],[114.2643601,22.37606289]],[[114.28676303279518,22.411760545935117],[114.28683996573606,22.412421865673167],[114.28669595,22.41193471],[114.28676303279518,22.411760545935117]],[[114.2662743495564,22.37934051409064],[114.26796621,22.38025218],[114.26825068628258,22.37910048867787],[114.2681078,22.38042774],[114.27073904,22.38144304],[114.26862652,22.38072369],[114.26633141,22.37941693],[114.2662743495564,22.37934051409064]],[[114.2697636,22.37798577],[114.26999573669475,22.377918145957526],[114.2682815264998,22.37897563324096],[114.26829286,22.37892975],[114.2697636,22.37798577]],[[114.27180822470372,22.37739014771824],[114.2718272,22.37738462],[114.27260608,22.37775162],[114.27180822470372,22.37739014771824]],[[114.27097866,22.38492831],[114.27098764086074,22.384672286724904],[114.27101333035993,22.385050045924547],[114.27097866,22.38492831]],[[114.26400364,22.38276423],[114.26563075,22.38234278],[114.26574707031416,22.38240528112051],[114.26400364,22.38276423]],[[114.26597199996907,22.382526140108634],[114.26643997164963,22.382777590206715],[114.26598625,22.38270098],[114.26597199996907,22.382526140108634]],[[114.26631529,22.38585798],[114.26800611,22.38662655],[114.26655349,22.38612446],[114.26631529,22.38585798]],[[114.26816645,22.38630082],[114.26845478,22.38517133],[114.26842503,22.38600543],[114.26800611,22.38662655],[114.26816645,22.38630082]],[[114.27447523,22.3885203],[114.2745013352218,22.38854603981858],[114.27400627584812,22.388513673506598],[114.27447523,22.3885203]],[[114.27267383,22.38842656],[114.27145601,22.3866044],[114.27122474427122,22.385792370723067],[114.27272068617904,22.388429623393584],[114.27267383,22.38842656]],[[114.36643745,22.42654871],[114.36666579404914,22.42635849164959],[114.36643611628939,22.426673169694038],[114.36643745,22.42654871]],[[114.34477584006095,22.409745831042102],[114.34510156,22.41016522],[114.3450479312849,22.410406837649536],[114.34477584006095,22.409745831042102]],[[114.36786516,22.38738498],[114.36789181371252,22.38738355114327],[114.36682008,22.38822709],[114.36786516,22.38738498]],[[114.36626566624412,22.359842586856285],[114.36628324,22.35981816],[114.36818292,22.36066654],[114.36626566624412,22.359842586856285]],[[114.34874371090588,22.365300298735722],[114.34878925,22.36521967],[114.34881271982526,22.365369909110346],[114.34874371090588,22.365300298735722]],[[114.34231242715713,22.370951154940155],[114.34233753,22.37089718],[114.34344048,22.37072154],[114.34231242715713,22.370951154940155]],[[114.30682118367976,22.40456807937814],[114.30681018,22.40452289],[114.30832859,22.40242185],[114.30682118367976,22.40456807937814]],[[114.3107475,22.40003609],[114.3115543,22.39915399],[114.31175987597874,22.39910935825495],[114.3107475,22.40003609]],[[114.31774798,22.39911681],[114.31441765,22.39853234],[114.31791582630886,22.39905351528505],[114.31774798,22.39911681]],[[114.31875013,22.3987389],[114.31829133579011,22.39891191094632],[114.31938115,22.39809579],[114.31875013,22.3987389]]],[[[114.36784,22.42402],[114.36777,22.42475],[114.36786507769078,22.425329973913815],[114.36798908985226,22.423682927290557],[114.36784,22.42402]]],[[[114.36558,22.41704],[114.36576,22.41742],[114.36591465406929,22.417595743260552],[114.36546005335998,22.416651937341154],[114.36558,22.41704]]],[[[114.36493,22.41556],[114.36495353941962,22.41560035329078],[114.36486124451933,22.415408737942546],[114.36493,22.41556]]],[[[114.34796,22.41032],[114.34849,22.41022],[114.34886393261023,22.410101916017826],[114.34782384996723,22.410338327889026],[114.34796,22.41032]]],[[[114.34602,22.41083],[114.34628,22.4108],[114.34648,22.41069],[114.34653980803952,22.410630191960475],[114.34580358096184,22.410797537144276],[114.34602,22.41083]]],[[[114.30074,22.41537],[114.30147,22.41522],[114.30193,22.41502],[114.30217961639526,22.41487919075139],[114.30043107450682,22.415415208608756],[114.30074,22.41537]]],[[[114.29969,22.41565],[114.29975005591604,22.415623975769712],[114.29961854140674,22.41566429171865],[114.29969,22.41565]]],[[[114.29925,22.41565],[114.29959,22.41567],[114.29959066927925,22.415669866144146],[114.29894701755009,22.415535357991924],[114.29925,22.41565]]],[[[114.22907,22.37086],[114.2295,22.37089],[114.22964,22.37094],[114.22976,22.37094],[114.22993,22.37087],[114.23014,22.37084],[114.2303,22.37084],[114.23031466238572,22.37083633440357],[114.22897020602883,22.370790144220184],[114.22907,22.37086]]],[[[114.2289,22.37079],[114.22896600821605,22.37079],[114.22875503805474,22.370782751902738],[114.2289,22.37079]]],[[[114.22865,22.33348],[114.22867,22.33357],[114.22874583258749,22.333657806153944],[114.22865,22.333441660117415],[114.22865,22.33348]]],[[[114.23008,22.32977],[114.23006060454378,22.32989607046542],[114.23010033181038,22.3297428909195],[114.23008,22.32977]]],[[[114.2304,22.32899],[114.23034807737984,22.32902708758583],[114.23048410849306,22.32895261844753],[114.2304,22.32899]]],[[[114.24243,22.31857],[114.24243,22.31858],[114.24243,22.31861],[114.24245,22.31869],[114.24246,22.31869],[114.24247,22.31872],[114.24251,22.31881],[114.24252,22.31887],[114.24253655651556,22.31889943380545],[114.24243,22.318533065334144],[114.24243,22.31857]]],[[[114.24222,22.3154],[114.24217,22.31537],[114.24214,22.31538],[114.24209,22.3154],[114.24207,22.31542],[114.24205428350793,22.31549072421436],[114.24223711256873,22.315403666979012],[114.24222,22.3154]]],[[[114.24185,22.31019],[114.24182,22.31027],[114.24181,22.31034],[114.24181,22.31038],[114.24182,22.31043],[114.24184,22.31046],[114.24185,22.31052],[114.2418573797081,22.31053844927024],[114.24185533996523,22.310175760092722],[114.24185,22.31019]]],[[[114.24181,22.30984],[114.24181,22.30989],[114.24185418847499,22.309971012204144],[114.24185290870876,22.309743455405265],[114.24181,22.30984]]],[[[114.23996,22.30533],[114.24002,22.30539],[114.24006457270126,22.305414000685293],[114.23996,22.305328087507352],[114.23996,22.30533]]],[[[114.24525,22.29753],[114.24524255932492,22.29759448585066],[114.24532653389086,22.297349920256778],[114.24525,22.29753]]],[[[114.24106,22.29204],[114.24106,22.292058818971114],[114.24106840636998,22.292029492037535],[114.24106,22.29204]]],[[[114.28109218,22.242435],[114.28037758,22.24254886],[114.28065277,22.24287799],[114.28097413,22.24272804],[114.28109218,22.242435]]],[[[114.28199673,22.24315313],[114.2820393,22.2430619],[114.28196093,22.24278553],[114.28180813,22.2430819],[114.28199673,22.24315313]]],[[[114.28187002,22.24341121],[114.28191725,22.24343198],[114.28195927,22.24328074],[114.28182475,22.24327138],[114.28187002,22.24341121]]],[[[114.29733124,22.25584249],[114.29774992,22.25488512],[114.29729443,22.25434982],[114.29630333,22.2546131],[114.29589126,22.25512373],[114.29560398,22.25488876],[114.29614468,22.2545021],[114.29627129,22.25412193],[114.29597905,22.25405635],[114.29641907,22.25363321],[114.29618121,22.25346379],[114.29559355,22.25384809],[114.29597311,22.25276997],[114.29564134,22.25272443],[114.29654183,22.25209307],[114.29660358,22.25158835],[114.29617226,22.251355],[114.29655295,22.25074843],[114.2983502,22.25028468],[114.29845264,22.24942365],[114.29810971,22.24933136],[114.29829505,22.2477825],[114.29696882,22.24770526],[114.29647788,22.24804435],[114.29596771,22.24758887],[114.29604346,22.24714743],[114.29559934,22.24656607],[114.29640676,22.24588097],[114.29665069,22.24430758],[114.29645755,22.24447057],[114.29642565,22.24410556],[114.29612198,22.24414662],[114.29615224,22.24338495],[114.29555048,22.24295546],[114.29552522,22.24204747],[114.29578711,22.24209575],[114.2958241,22.24257858],[114.29604229,22.24227676],[114.29578699,22.24166952],[114.29522577,22.24132803],[114.29525999,22.24167981],[114.29387565,22.24174465],[114.29326776,22.24280368],[114.29294172,22.24273445],[114.29264535,22.24201136],[114.2916468,22.24285644],[114.29186093,22.24232116],[114.2915445,22.24202695],[114.29138207,22.24288906],[114.29025577,22.2428979],[114.28985305,22.24227812],[114.29038687,22.24190103],[114.29023225,22.24155612],[114.28970426,22.24202713],[114.28967748,22.24148146],[114.28914326,22.24152094],[114.28874951,22.24108515],[114.289737,22.24038555],[114.28974881,22.23874776],[114.28914303,22.23874676],[114.28895988,22.23772628],[114.28793982,22.23751344],[114.28796865,22.23816021],[114.28752246,22.23848355],[114.28777628,22.23811854],[114.28751135,22.23802746],[114.28727374,22.23852586],[114.28683968,22.23835908],[114.28662185,22.23876101],[114.28713296,22.24000096],[114.28797872,22.24070713],[114.28775668,22.24176774],[114.28677046,22.24194026],[114.28677049,22.24227701],[114.28619604,22.24252237],[114.28573636,22.24221497],[114.28586061,22.24243276],[114.28535842,22.24269066],[114.28514757,22.24243167],[114.28476818,22.2428228],[114.28419182,22.24273395],[114.28244717,22.24358518],[114.28263814,22.2432036],[114.28196633,22.24405458],[114.28039429,22.2450199],[114.2801788,22.24574108],[114.28080319,22.24614086],[114.28093812,22.24704045],[114.28038417,22.249771],[114.28115199,22.2505626],[114.28121021,22.25120827],[114.28202307,22.251625],[114.28261081,22.25301198],[114.28479001,22.25469326],[114.28583766,22.25479504],[114.2868083,22.25367694],[114.28872702,22.25406804],[114.28907521,22.25435209],[114.28867927,22.25472534],[114.28919852,22.25446666],[114.28872055,22.25485272],[114.28920982,22.25447812],[114.28946426,22.2555407],[114.29021835,22.25582247],[114.29149616,22.25730758],[114.29225175,22.25721534],[114.29310603,22.25785387],[114.29310133,22.25850163],[114.29335261,22.25850082],[114.2931531,22.25786484],[114.29336122,22.25808416],[114.29349626,22.25771567],[114.29393894,22.25765021],[114.29463486,22.25803931],[114.29484325,22.25874266],[114.29557475,22.258767],[114.29616787,22.25867469],[114.29615949,22.25829727],[114.29584757,22.25776092],[114.29510895,22.25776601],[114.29550661,22.25750989],[114.29519809,22.25719697],[114.29535239,22.25657053],[114.29590672,22.25657588],[114.29632017,22.25595508],[114.29733124,22.25584249]]],[[[114.27682148,22.26246612],[114.27497131,22.26312193],[114.27509198,22.26369338],[114.27716058,22.26424805],[114.27731446,22.26405719],[114.27765404,22.26381262],[114.27765881,22.26331562],[114.27682148,22.26246612]]],[[[114.27955635,22.26530081],[114.27998681,22.26522804],[114.28000304,22.26480184],[114.27919472,22.26468322],[114.27911084,22.26489817],[114.27955635,22.26530081]]],[[[114.26498296,22.35274334],[114.26514867,22.35284655],[114.26550092,22.35282182],[114.26560643,22.35270088],[114.26498296,22.35274334]]],[[[114.26405259,22.37120056],[114.26361753,22.37152769],[114.26381136,22.37159909],[114.26397486,22.37142036],[114.26405259,22.37120056]]],[[[114.28694253,22.37604059],[114.28644208,22.37508331],[114.2864304,22.37461325],[114.28696096,22.37451426],[114.28643281,22.37458681],[114.28639878,22.37402856],[114.28563359,22.37352936],[114.28445206,22.37425673],[114.28458034,22.37509724],[114.28549373,22.37510127],[114.28618268,22.37589736],[114.28694253,22.37604059]]],[[[114.28837287,22.37902045],[114.28751839,22.37974192],[114.28783756,22.38033236],[114.28971266,22.37898066],[114.28911528,22.37818655],[114.28871842,22.37828101],[114.28837287,22.37902045]]],[[[114.27971074,22.37993315],[114.27972379,22.38102612],[114.27928779,22.38131797],[114.27942581,22.38179336],[114.28073827,22.38146679],[114.28109615,22.38148389],[114.28155002,22.38093225],[114.28193867,22.3810098],[114.282904,22.3802091],[114.28254106,22.37885598],[114.28214554,22.37867183],[114.28120947,22.37891223],[114.28051654,22.38046686],[114.27995549,22.38048096],[114.27971074,22.37993315]]],[[[114.2820042,22.38203065],[114.28177716,22.38195744],[114.28168593,22.38226574],[114.2818611,22.38220516],[114.2820042,22.38203065]]],[[[114.29051156,22.24087503],[114.29033231,22.24126722],[114.29053089,22.24122248],[114.29089544,22.24082298],[114.29051156,22.24087503]]],[[[114.34722078,22.25465313],[114.34746506,22.25351877],[114.34535128,22.25414822],[114.34559804,22.25435819],[114.34539594,22.25455945],[114.34578508,22.25468651],[114.34540835,22.25509679],[114.34596181,22.25533524],[114.34650485,22.25514345],[114.34722078,22.25465313]]],[[[114.35283389,22.25647513],[114.3526304,22.25607888],[114.35200264,22.25623208],[114.35219229,22.25584562],[114.35156787,22.2561776],[114.35260494,22.25458569],[114.35264013,22.25405317],[114.35241569,22.2537576],[114.35162079,22.25369826],[114.34960229,22.25474442],[114.34988974,22.25428849],[114.34946073,22.25427087],[114.34955764,22.25308688],[114.34824976,22.25413022],[114.34835697,22.25507066],[114.3486418,22.25509528],[114.34788317,22.25612705],[114.34780625,22.25678477],[114.34808275,22.25661664],[114.34824911,22.25750405],[114.34789431,22.25797202],[114.34903425,22.25814049],[114.35121922,22.25711928],[114.35085662,22.25770426],[114.35098444,22.2579958],[114.35136318,22.25793595],[114.3513039,22.25913185],[114.35158357,22.25911082],[114.35113628,22.26053914],[114.3517161,22.26007776],[114.35191417,22.26024974],[114.35229486,22.25972771],[114.35229185,22.25943202],[114.35193472,22.25956166],[114.35220181,22.25848695],[114.3518465,22.25827401],[114.35228371,22.25807312],[114.35265611,22.25715983],[114.35183357,22.2570293],[114.35283389,22.25647513]]],[[[114.35170827,22.26076346],[114.35185373,22.26050255],[114.35180803,22.26045953],[114.35167273,22.26059543],[114.35170827,22.26076346]]],[[[114.35112512,22.26067104],[114.35113518,22.2609991],[114.35143615,22.26099096],[114.35154209,22.26059572],[114.35112512,22.26067104]]],[[[114.34480364,22.26272125],[114.34485765,22.26306775],[114.34549618,22.26313433],[114.3453856,22.2624511],[114.34480364,22.26272125]]],[[[114.34965691,22.26727861],[114.34897036,22.26690815],[114.34927997,22.2668028],[114.34934609,22.2662891],[114.34869574,22.26618981],[114.34925868,22.26607628],[114.34844652,22.26571777],[114.34847093,22.26541153],[114.34925303,22.26499541],[114.34891473,22.2639748],[114.3480123,22.26316623],[114.34760276,22.26343184],[114.34765153,22.26288359],[114.3461613,22.26307827],[114.34563704,22.26388028],[114.34617455,22.26424874],[114.34595213,22.26501052],[114.34641725,22.26526321],[114.34605251,22.26552018],[114.34650602,22.26605547],[114.3460723,22.26739691],[114.34640873,22.26752197],[114.3463597,22.26789332],[114.34700273,22.26796227],[114.3488923,22.26927138],[114.34865457,22.27049514],[114.34892417,22.27100712],[114.34991172,22.27104004],[114.35045404,22.27096593],[114.35140722,22.26984788],[114.3508411,22.26918118],[114.34944997,22.26923861],[114.35076573,22.26794711],[114.35000204,22.26781715],[114.34998711,22.26753084],[114.35041893,22.26751062],[114.35026748,22.26719943],[114.34965691,22.26727861]]],[[[114.35129576,22.27150395],[114.35132487,22.27096234],[114.35034296,22.2714315],[114.3502992,22.27205708],[114.35071443,22.27210958],[114.35089586,22.27196603],[114.35062464,22.27177429],[114.35129576,22.27150395]]],[[[114.35123502,22.27199202],[114.35115191,22.27199568],[114.35118626,22.27208636],[114.35125681,22.27204255],[114.35123502,22.27199202]]],[[[114.3134099,22.27509982],[114.313102,22.27495236],[114.31294031,22.27576374],[114.3126917,22.2753022],[114.312483,22.27598995],[114.31234065,22.27547345],[114.31211628,22.27597436],[114.31366584,22.27753856],[114.3146735,22.27785087],[114.31550054,22.27710794],[114.31578229,22.27495208],[114.31541428,22.27426817],[114.31494427,22.27411098],[114.31475063,22.2744743],[114.31440921,22.2739423],[114.31426713,22.27472874],[114.31376665,22.27484288],[114.31362386,22.27444298],[114.3134099,22.27509982]]],[[[114.31785397,22.29978851],[114.31817112,22.30051481],[114.31834632,22.30041869],[114.3188022,22.30017673],[114.31801394,22.29985938],[114.31828912,22.29963985],[114.31785397,22.29978851]]],[[[114.31883731,22.30070894],[114.31919999,22.30068549],[114.31913006,22.30050494],[114.31888653,22.30048415],[114.31883731,22.30070894]]],[[[114.31241477,22.30118373],[114.31250425,22.30097009],[114.31222251,22.30079315],[114.31213673,22.30103455],[114.31241477,22.30118373]]],[[[114.31914328,22.30087779],[114.31943201,22.30142672],[114.32005472,22.30161757],[114.32052975,22.30149366],[114.32126994,22.30053165],[114.31996149,22.30052237],[114.31914328,22.30087779]]],[[[114.311163,22.30184505],[114.31127268,22.30279158],[114.31132836,22.3025328],[114.31210265,22.30207963],[114.31178191,22.30148834],[114.31136451,22.30196683],[114.311163,22.30184505]]],[[[114.3172308,22.3039093],[114.31729505,22.303814],[114.3173298,22.30330034],[114.31712745,22.30364121],[114.3172308,22.3039093]]],[[[114.31686226,22.30340118],[114.31661502,22.30372658],[114.31678899,22.30397904],[114.31694843,22.30382207],[114.31686226,22.30340118]]],[[[114.31149425,22.30385568],[114.31149663,22.30326927],[114.31107973,22.30308332],[114.31069123,22.30439211],[114.31107784,22.30454641],[114.31149425,22.30385568]]],[[[114.30873668,22.3045341],[114.30856839,22.30464212],[114.3086755,22.30480805],[114.30886078,22.30466321],[114.30873668,22.3045341]]],[[[114.31029253,22.30466031],[114.31006976,22.30485338],[114.31027313,22.30487938],[114.31031107,22.30475187],[114.31029253,22.30466031]]],[[[114.31007235,22.30682338],[114.3097591,22.30708383],[114.30989414,22.30717749],[114.31003685,22.30705195],[114.31007235,22.30682338]]],[[[114.30922454,22.30746926],[114.30919078,22.30765407],[114.3093214,22.3077033],[114.30934691,22.30764841],[114.30922454,22.30746926]]],[[[114.3095818,22.30759817],[114.30958347,22.30766007],[114.30975232,22.30773077],[114.3098134,22.30756018],[114.3095818,22.30759817]]],[[[114.31002721,22.30920005],[114.30996739,22.30946136],[114.31010191,22.30951665],[114.31018621,22.30934362],[114.31002721,22.30920005]]],[[[114.3183811,22.31269251],[114.31903222,22.31219298],[114.31906903,22.31101839],[114.31861394,22.31103212],[114.31822614,22.31166889],[114.3183811,22.31269251]]],[[[114.34652793,22.31471383],[114.34682046,22.31488952],[114.34684684,22.31468637],[114.34663893,22.3143913],[114.34652793,22.31471383]]],[[[114.30140056,22.32264433],[114.30211619,22.32196892],[114.30199557,22.32160962],[114.30141003,22.32233981],[114.30132248,22.32232312],[114.30137173,22.32194874],[114.30101917,22.32217273],[114.30114432,22.32263612],[114.30128676,22.32242823],[114.30140056,22.32264433]]],[[[114.30181154,22.32280979],[114.30150488,22.32286756],[114.30165907,22.32300443],[114.30181444,22.32284063],[114.30181154,22.32280979]]],[[[114.32064761,22.32560616],[114.31986734,22.32572579],[114.31994774,22.32623535],[114.32014596,22.32611988],[114.32064761,22.32560616]]],[[[114.29826788,22.32905184],[114.29843901,22.32876369],[114.29798045,22.32864641],[114.29925237,22.32845472],[114.29925964,22.32822539],[114.29861235,22.32817307],[114.29862751,22.32785518],[114.29933914,22.32758669],[114.29955289,22.32689422],[114.29984904,22.32713354],[114.30077427,22.32693144],[114.30035613,22.32670901],[114.30039778,22.32635584],[114.30081242,22.3261928],[114.30063764,22.32600927],[114.302021,22.32557306],[114.30225959,22.32492645],[114.30205736,22.32452735],[114.30078972,22.32389763],[114.3014297,22.3231747],[114.30102847,22.3225588],[114.29934406,22.32200535],[114.29815014,22.32272718],[114.2979639,22.32232976],[114.29712578,22.32269266],[114.29647385,22.32256361],[114.2955139,22.32346486],[114.29527213,22.32332285],[114.29464669,22.32415317],[114.29458672,22.32513935],[114.29390528,22.32547437],[114.29355902,22.32654239],[114.29276348,22.32754551],[114.29335885,22.33028687],[114.29384254,22.33104382],[114.29353784,22.33160387],[114.29388174,22.33168841],[114.29518222,22.33117236],[114.29596111,22.33057852],[114.2962258,22.32996235],[114.29674111,22.33005561],[114.29664542,22.32969779],[114.29703326,22.32976855],[114.29681076,22.32943714],[114.29739056,22.32937201],[114.29732784,22.32886191],[114.29826788,22.32905184]]],[[[114.33021583,22.3333307],[114.33070676,22.33281998],[114.33052086,22.3321825],[114.33080164,22.33135266],[114.33026547,22.33023877],[114.33052943,22.32994385],[114.33025043,22.32938998],[114.33074979,22.32865129],[114.33033592,22.32784612],[114.32853078,22.3279785],[114.32818945,22.32730497],[114.32762023,22.32747968],[114.32762886,22.32738775],[114.32826025,22.32670709],[114.3283196,22.326496],[114.32798844,22.32629707],[114.32815171,22.32610794],[114.32781724,22.32620071],[114.32755216,22.32717542],[114.32729184,22.32712798],[114.32747868,22.32609656],[114.3266862,22.32601674],[114.32707216,22.32550241],[114.32619114,22.32563359],[114.32630977,22.32582426],[114.32462713,22.3273788],[114.32446155,22.32691303],[114.32360176,22.32707461],[114.32373655,22.3267536],[114.32304803,22.3264976],[114.32290807,22.32690606],[114.32250681,22.32667196],[114.32265478,22.32741853],[114.32178295,22.3267746],[114.32159113,22.32620866],[114.32077439,22.32618085],[114.31994913,22.32662711],[114.32012076,22.32727147],[114.31976737,22.32762309],[114.3200334,22.32784175],[114.31925246,22.32848334],[114.3189458,22.32949211],[114.31866565,22.32949262],[114.31912945,22.3296032],[114.31863451,22.32983449],[114.31834985,22.33044383],[114.31922931,22.33059968],[114.3195764,22.33134786],[114.3187312,22.33143367],[114.31777192,22.33209945],[114.31740558,22.3335391],[114.31768009,22.33362897],[114.31736945,22.33376288],[114.31795456,22.33400456],[114.31780457,22.33469754],[114.31570938,22.33758081],[114.31589157,22.33788491],[114.31557199,22.33812385],[114.31563823,22.33851379],[114.31667937,22.33916365],[114.31715137,22.34056981],[114.31929259,22.34045136],[114.32036801,22.3411899],[114.32233373,22.34173997],[114.32444309,22.34119618],[114.32497603,22.34069466],[114.32613526,22.34056892],[114.32673604,22.33785029],[114.32743456,22.33766667],[114.32756209,22.33600396],[114.32863429,22.33496731],[114.33006847,22.33433039],[114.33056933,22.33357274],[114.33021583,22.3333307]]],[[[114.33349996,22.33426722],[114.33274231,22.33494768],[114.33331362,22.33587893],[114.33305586,22.33609217],[114.33314296,22.33658342],[114.33368078,22.33720674],[114.33452636,22.33730685],[114.33504329,22.3368087],[114.33488579,22.33585095],[114.33539196,22.33521064],[114.33604337,22.33496822],[114.33602508,22.33461997],[114.33565623,22.33500013],[114.33532084,22.33435725],[114.33461739,22.33473768],[114.33429503,22.33421324],[114.33349996,22.33426722]]],[[[114.35157659,22.34198313],[114.35153755,22.34247329],[114.35204542,22.34275006],[114.35216808,22.34210235],[114.35157659,22.34198313]]],[[[114.32850426,22.35088282],[114.32901225,22.351053],[114.32897503,22.35060911],[114.32865438,22.35066249],[114.32850426,22.35088282]]],[[[114.35012942,22.35340584],[114.35023332,22.35394181],[114.35058381,22.35400101],[114.35132296,22.35306753],[114.35123554,22.35276955],[114.35047656,22.35295691],[114.35012942,22.35340584]]],[[[114.31233958,22.37765313],[114.31212658,22.37684708],[114.31262073,22.37583175],[114.31232898,22.37575478],[114.31198486,22.37615492],[114.31132151,22.37581978],[114.31170348,22.37540152],[114.3123187,22.37569423],[114.3120676,22.37539264],[114.31241202,22.3750841],[114.3128041,22.37505817],[114.31291242,22.37552948],[114.31327169,22.37557126],[114.31314068,22.37428141],[114.3135216,22.37503602],[114.31347569,22.37594016],[114.31448078,22.3777628],[114.31575687,22.37867889],[114.31670748,22.37791825],[114.31754618,22.37804965],[114.31785458,22.37754964],[114.31721551,22.37710013],[114.31714441,22.37663448],[114.31725628,22.37631375],[114.31778575,22.37634583],[114.31796191,22.37555968],[114.31757176,22.37567878],[114.31748059,22.37523139],[114.31690137,22.37556997],[114.31658158,22.3749906],[114.31717644,22.37395948],[114.31745792,22.37243809],[114.31663166,22.37165773],[114.31772109,22.37058104],[114.31803481,22.3693701],[114.31861497,22.36997339],[114.31949308,22.36956145],[114.31932975,22.36790102],[114.3200204,22.36756304],[114.32033018,22.36693869],[114.32080703,22.36509587],[114.32061161,22.36454042],[114.32088647,22.36423702],[114.32060716,22.36415343],[114.32015829,22.36461498],[114.31935849,22.36475829],[114.31887346,22.36445116],[114.31897685,22.36403039],[114.31971906,22.36379033],[114.3200405,22.36324802],[114.31955347,22.36274187],[114.31951427,22.36102121],[114.31912845,22.36112089],[114.31883178,22.36091458],[114.31907194,22.36104667],[114.31884612,22.36089683],[114.31914513,22.36045832],[114.31895114,22.35979977],[114.31953334,22.36000843],[114.32121176,22.35743036],[114.32035956,22.35910191],[114.32036184,22.36025973],[114.32164643,22.35976028],[114.3222564,22.3598946],[114.32280923,22.3591774],[114.32451058,22.35857059],[114.32460147,22.35737101],[114.32568104,22.35782984],[114.32653872,22.35753286],[114.32725566,22.35633769],[114.32784096,22.35616026],[114.32700318,22.3553886],[114.32725486,22.35479357],[114.32638218,22.35457934],[114.32599482,22.3539031],[114.32663881,22.35322708],[114.3272132,22.35168478],[114.32719846,22.35060013],[114.32637636,22.35094869],[114.32537534,22.35103468],[114.32527618,22.35078047],[114.32628506,22.3484719],[114.32561502,22.34820413],[114.3256715,22.34775853],[114.3236894,22.34784504],[114.32308781,22.34714846],[114.32444341,22.3458404],[114.32475137,22.34402283],[114.32350585,22.34232821],[114.3214382,22.34204919],[114.32054347,22.34243514],[114.32064972,22.34266139],[114.31988627,22.34262635],[114.31837112,22.34343202],[114.31773879,22.34326747],[114.31738829,22.34363472],[114.31675055,22.34338359],[114.31637734,22.34403892],[114.31566207,22.34436563],[114.31540308,22.34500495],[114.31496517,22.34514144],[114.31465984,22.34611615],[114.31398515,22.34638228],[114.31328212,22.34605324],[114.31320064,22.34466476],[114.31272233,22.34367083],[114.31188156,22.34345595],[114.31207602,22.34318545],[114.31169766,22.34312812],[114.31051742,22.34357591],[114.309623,22.3449976],[114.30925493,22.34508607],[114.3093913,22.3454477],[114.30905621,22.34523862],[114.3084216,22.34570648],[114.30811949,22.34538519],[114.3074283,22.34569542],[114.30663593,22.34694273],[114.30575714,22.3473011],[114.3054155,22.34838087],[114.30501433,22.34844853],[114.3047943,22.35026664],[114.30388715,22.35081027],[114.30376418,22.35164333],[114.3032394,22.35190254],[114.30415267,22.35363915],[114.3035461,22.35460618],[114.30393927,22.35499257],[114.30458181,22.35488911],[114.30528093,22.35617808],[114.30599518,22.35684194],[114.30632506,22.35673617],[114.3068941,22.35765264],[114.30577529,22.35817766],[114.30537372,22.35878233],[114.30546727,22.35953673],[114.30516052,22.3598587],[114.30537251,22.36076553],[114.30594741,22.3610326],[114.30631554,22.36081953],[114.30635632,22.36029911],[114.30701438,22.35995599],[114.3084653,22.35974587],[114.30811564,22.36018776],[114.30821228,22.36079057],[114.30727648,22.36097052],[114.30617658,22.36215436],[114.30562551,22.36335145],[114.30619634,22.3641404],[114.30531442,22.36423782],[114.30545336,22.3652057],[114.30420533,22.36528866],[114.30560571,22.36624237],[114.30555372,22.36777759],[114.30405038,22.36820322],[114.3039268,22.36776533],[114.30429802,22.36694721],[114.30394881,22.36661167],[114.30279247,22.36691678],[114.3026504,22.36752815],[114.30202201,22.36783512],[114.30243672,22.36945972],[114.30227605,22.3702963],[114.30280796,22.37063791],[114.30446113,22.37012357],[114.30489296,22.37051775],[114.30416155,22.37111034],[114.30466005,22.37179836],[114.30445998,22.37209973],[114.30523014,22.37181056],[114.30565516,22.37198888],[114.30490196,22.37231497],[114.30491526,22.37291079],[114.3040598,22.3738939],[114.30345896,22.37384385],[114.30311143,22.37462139],[114.30317791,22.37542557],[114.30277064,22.37497524],[114.30220367,22.37507136],[114.30177954,22.37615609],[114.30088913,22.37553687],[114.30055057,22.37580675],[114.30071366,22.376789],[114.30112551,22.37717709],[114.30094199,22.37743361],[114.30045391,22.37731617],[114.30090043,22.3775002],[114.30057763,22.3782105],[114.3010504,22.37909104],[114.30050546,22.37983639],[114.3006819,22.38029341],[114.30166876,22.38059584],[114.30327493,22.38032847],[114.3030222,22.37960777],[114.30330129,22.37939093],[114.30415824,22.37947853],[114.30509004,22.38005706],[114.30564313,22.37982683],[114.30527328,22.37907943],[114.30551885,22.37867567],[114.3060668,22.37859989],[114.30631175,22.37700053],[114.30558086,22.37629562],[114.3056456,22.37556712],[114.30503878,22.37539821],[114.30412261,22.37384559],[114.30471891,22.37315121],[114.30535302,22.37324074],[114.30576638,22.37386821],[114.30555166,22.37434308],[114.30611058,22.37457943],[114.30597183,22.37489863],[114.30623907,22.37507561],[114.30659365,22.37443036],[114.30664218,22.3736826],[114.30628819,22.3731356],[114.30647741,22.37277064],[114.30682706,22.37298782],[114.30699368,22.37388234],[114.30739304,22.37365603],[114.30729194,22.3748724],[114.30784834,22.37539002],[114.30792955,22.37605438],[114.30830105,22.37542647],[114.30872628,22.37570854],[114.30816409,22.37658023],[114.3089535,22.37689375],[114.30880075,22.3772676],[114.30942885,22.37804137],[114.30978671,22.37923488],[114.30739429,22.38081085],[114.30660052,22.3808248],[114.30747033,22.38100102],[114.30776122,22.38068994],[114.30860003,22.38069186],[114.30857742,22.38031969],[114.30990501,22.37938172],[114.31184702,22.38039425],[114.31345635,22.38008295],[114.31370555,22.3794956],[114.31347021,22.37845753],[114.31285079,22.37754659],[114.31233958,22.37765313]]],[[[114.2942673,22.37109138],[114.29367153,22.37021858],[114.29470243,22.36818288],[114.29507395,22.36783386],[114.29588664,22.36796623],[114.29541525,22.36733794],[114.29564761,22.36655902],[114.29656298,22.36650992],[114.29768358,22.36576912],[114.29763296,22.36421198],[114.29622695,22.36358177],[114.29629922,22.36307387],[114.29583835,22.36277671],[114.29632063,22.3617476],[114.29660194,22.35866162],[114.29639459,22.35810752],[114.29692246,22.35737848],[114.29677623,22.35691612],[114.29742101,22.35615864],[114.29731932,22.35561973],[114.29758101,22.35522111],[114.29774833,22.35536659],[114.29772243,22.35495228],[114.29726179,22.35480276],[114.29744136,22.35410608],[114.29783161,22.35386743],[114.29746023,22.35359228],[114.29721815,22.35409364],[114.29691356,22.35406806],[114.29633902,22.35297001],[114.29586689,22.35313828],[114.29583931,22.35351434],[114.29519419,22.35339088],[114.29486924,22.3541212],[114.29523754,22.35520525],[114.29599504,22.35552671],[114.29618879,22.35621204],[114.29582488,22.35697262],[114.29478795,22.35735064],[114.29430034,22.35718338],[114.29445001,22.35760165],[114.2940398,22.35777891],[114.29279403,22.35754038],[114.29272471,22.35800515],[114.2932566,22.35899126],[114.29250218,22.36019465],[114.29236777,22.36286378],[114.2911357,22.36431948],[114.2899281,22.36477322],[114.28847612,22.36608232],[114.28734772,22.36430498],[114.28699691,22.36231095],[114.285875,22.36310025],[114.28675144,22.36432557],[114.28731193,22.36445531],[114.28853636,22.36636079],[114.28815887,22.36640592],[114.28841797,22.36652175],[114.28777099,22.36713297],[114.28747238,22.36677696],[114.28770797,22.36715663],[114.28710248,22.36717754],[114.28735392,22.36729107],[114.28720917,22.36765726],[114.28747274,22.36749099],[114.28747905,22.36785393],[114.28790302,22.36770826],[114.28931506,22.36860358],[114.29048384,22.37094789],[114.29115248,22.37164592],[114.2911286,22.37208498],[114.29078704,22.37211356],[114.29068131,22.37249009],[114.29040365,22.37233905],[114.29065905,22.37250895],[114.29053477,22.3729183],[114.29114519,22.37321514],[114.29169503,22.37440061],[114.29253787,22.37447339],[114.29389934,22.3756368],[114.2949789,22.37529295],[114.29478725,22.37394847],[114.2942668,22.37343922],[114.29377621,22.37373887],[114.29332692,22.37335476],[114.29266412,22.37360733],[114.29292199,22.37295268],[114.29329516,22.37283985],[114.29268506,22.37231304],[114.2942673,22.37109138]]],[[[114.32491644,22.36741332],[114.3253576,22.36689583],[114.32508936,22.3664045],[114.32359759,22.36680363],[114.32354942,22.36726491],[114.32491644,22.36741332]]],[[[114.29466109,22.37189238],[114.29513964,22.37176577],[114.2959211,22.37123667],[114.2965015,22.37088682],[114.29559192,22.37009692],[114.29464914,22.37119561],[114.29466109,22.37189238]]],[[[114.32858014,22.36578544],[114.32751391,22.36569785],[114.32745622,22.36540602],[114.32687232,22.36584458],[114.32719852,22.36600871],[114.32727777,22.36666824],[114.32648504,22.3687331],[114.32592665,22.36916664],[114.32566617,22.36988738],[114.32557981,22.37087893],[114.32608366,22.37109946],[114.32578113,22.37259462],[114.32620341,22.37290115],[114.32566835,22.37355955],[114.32430231,22.37440611],[114.32433595,22.37262405],[114.32292591,22.37069086],[114.32210691,22.37103182],[114.32262707,22.37084793],[114.32273064,22.37115198],[114.32232111,22.37151918],[114.32197992,22.37129421],[114.32130637,22.37247683],[114.32047303,22.37282365],[114.32056236,22.37333076],[114.32118377,22.37352082],[114.3206468,22.37452243],[114.3209524,22.37485876],[114.32059998,22.37569618],[114.32102571,22.37612382],[114.32102627,22.37689684],[114.32105441,22.37648848],[114.32194874,22.37626405],[114.32215875,22.37705101],[114.32247386,22.37713871],[114.32399851,22.37580565],[114.32464658,22.37635221],[114.32640503,22.37566387],[114.32936745,22.3735827],[114.32957908,22.37089419],[114.32830285,22.36984764],[114.32896249,22.36867064],[114.32850897,22.36830478],[114.32883113,22.36693438],[114.32858014,22.36578544]]],[[[114.3007471,22.37145573],[114.30133853,22.37184434],[114.30183911,22.37095079],[114.30104229,22.37091922],[114.3007471,22.37145573]]],[[[114.29551612,22.37358111],[114.29486564,22.37314478],[114.29497647,22.37399622],[114.29562102,22.37427891],[114.29619967,22.37400621],[114.29638461,22.37358135],[114.2960589,22.37303817],[114.29551612,22.37358111]]],[[[114.30004488,22.37571183],[114.30067931,22.37485272],[114.30125818,22.37478092],[114.30131801,22.37513156],[114.30206109,22.3745684],[114.30241419,22.37356133],[114.30189627,22.37279943],[114.30057396,22.37287574],[114.30017041,22.37353721],[114.30040921,22.37429482],[114.29943196,22.37516762],[114.30004488,22.37571183]]],[[[114.31664831,22.38754144],[114.31689725,22.38734901],[114.31806947,22.38813738],[114.31844492,22.38752819],[114.31781957,22.38593609],[114.31674374,22.3844362],[114.31631051,22.38428889],[114.31636511,22.38404494],[114.31627686,22.3843294],[114.31542929,22.38410674],[114.3150322,22.38558691],[114.31605578,22.38765146],[114.31686689,22.38796852],[114.31664831,22.38754144]]],[[[114.3529449,22.25636083],[114.35296582,22.2560662],[114.35272625,22.25597575],[114.35279357,22.25632269],[114.3529449,22.25636083]]],[[[114.35317289,22.25737217],[114.3525765,22.25795319],[114.35307465,22.25798203],[114.35328202,22.25755732],[114.35317289,22.25737217]]],[[[114.35209462,22.25906626],[114.35218003,22.25907792],[114.35219126,22.25885604],[114.35215994,22.25884871],[114.35209462,22.25906626]]],[[[114.35277989,22.25978399],[114.35320802,22.25973227],[114.35318046,22.2594662],[114.35298616,22.2594641],[114.35277989,22.25978399]]],[[[114.35238486,22.26058617],[114.3518394,22.26083386],[114.35206952,22.26077486],[114.35230222,22.26080398],[114.35238486,22.26058617]]],[[[114.35170518,22.2613783],[114.35192339,22.26169081],[114.35224113,22.26144257],[114.35219215,22.26136544],[114.35170518,22.2613783]]],[[[114.35275199,22.26164362],[114.35264152,22.26170318],[114.35271244,22.26176703],[114.35275638,22.26172594],[114.35275199,22.26164362]]],[[[114.36755435,22.26475626],[114.36782828,22.26455996],[114.36791752,22.26431242],[114.36768439,22.26440984],[114.36755435,22.26475626]]],[[[114.36914614,22.26593736],[114.36950305,22.2661763],[114.37009242,22.26565718],[114.37059691,22.26510228],[114.37050815,22.26455503],[114.36985419,22.26484703],[114.36914614,22.26593736]]],[[[114.37017542,22.2658931],[114.36976613,22.26616219],[114.36986148,22.26622572],[114.37011172,22.26606454],[114.37017542,22.2658931]]],[[[114.367085,22.26719876],[114.3673749,22.26678269],[114.36707345,22.26632819],[114.36650886,22.2666671],[114.36664198,22.26718204],[114.367085,22.26719876]]],[[[114.36805868,22.30693125],[114.36801241,22.30720497],[114.36829833,22.30719192],[114.36860648,22.30661563],[114.36805868,22.30693125]]],[[[114.36466731,22.30808769],[114.36498742,22.30756044],[114.36486579,22.30732327],[114.36452251,22.30745111],[114.36466731,22.30808769]]],[[[114.36911747,22.31051359],[114.36935967,22.31033015],[114.36916111,22.31017049],[114.36870286,22.31067455],[114.36893521,22.31055448],[114.36911747,22.31051359]]],[[[114.37247753,22.31174906],[114.37278294,22.31159969],[114.37275928,22.31144361],[114.37247166,22.31146174],[114.37247753,22.31174906]]],[[[114.37006145,22.31217689],[114.37076988,22.31231272],[114.37130939,22.3115174],[114.37054421,22.31152542],[114.37006145,22.31217689]]],[[[114.37204708,22.31154304],[114.37112826,22.31225578],[114.37187936,22.3123207],[114.37209582,22.31169491],[114.37204708,22.31154304]]],[[[114.36593216,22.31997653],[114.36657794,22.31912426],[114.36736711,22.31905535],[114.36781154,22.31857685],[114.36747541,22.31872977],[114.36757239,22.31848061],[114.36813968,22.31823922],[114.36806334,22.31732068],[114.36845751,22.3163272],[114.36949501,22.31514492],[114.36922486,22.31460636],[114.36867441,22.31492389],[114.3683102,22.31463108],[114.36836716,22.31346134],[114.36882791,22.31289232],[114.36934615,22.31278872],[114.36987401,22.311978],[114.36961577,22.31161802],[114.37101942,22.31084863],[114.36919883,22.31101312],[114.36957089,22.31054765],[114.3685325,22.31097194],[114.36849204,22.31041809],[114.36786095,22.31035088],[114.36790092,22.30987941],[114.36754556,22.31033233],[114.36709327,22.31012898],[114.36757525,22.30947275],[114.36758941,22.30883918],[114.36660246,22.30863301],[114.36767715,22.30792457],[114.36773673,22.30698417],[114.36743521,22.3067062],[114.36656768,22.30687637],[114.36502683,22.30799124],[114.36491683,22.3083784],[114.36561693,22.30855565],[114.36515053,22.3089397],[114.36554218,22.3093076],[114.36530775,22.30967625],[114.3655985,22.3103263],[114.36525062,22.31020556],[114.36547593,22.31052283],[114.36508598,22.31064101],[114.3654902,22.31087693],[114.36477746,22.31105331],[114.3652515,22.31188973],[114.36425673,22.31175631],[114.36267872,22.31276169],[114.36185663,22.31426609],[114.36229618,22.31472006],[114.36088363,22.31610898],[114.36093916,22.31655165],[114.36139888,22.31661856],[114.36079191,22.31867151],[114.36091312,22.31891428],[114.36107978,22.31870081],[114.36087817,22.31923779],[114.3611274,22.31997335],[114.36200166,22.32014463],[114.36203461,22.32055587],[114.36236065,22.32068013],[114.36399047,22.32056424],[114.36565271,22.32118282],[114.36640527,22.32101024],[114.36603949,22.32079942],[114.36639262,22.32044369],[114.36593111,22.32057818],[114.36576126,22.32079939],[114.36534553,22.32067851],[114.36577454,22.32046185],[114.36518468,22.3206041],[114.36522821,22.32000911],[114.36593216,22.31997653]]],[[[114.35421214,22.32337698],[114.35465578,22.32253404],[114.35341875,22.32270063],[114.35308466,22.32235852],[114.35346556,22.32148506],[114.35287325,22.32117804],[114.35289761,22.32054624],[114.35370634,22.32012894],[114.35407193,22.31947519],[114.35349041,22.31925553],[114.35368728,22.31729204],[114.35230009,22.31711572],[114.3524417,22.31671413],[114.35198728,22.31602748],[114.35091834,22.31605352],[114.35026017,22.3168792],[114.34886225,22.31624742],[114.34853678,22.31584688],[114.34856751,22.31478877],[114.34754257,22.3147017],[114.34884007,22.31350144],[114.34840005,22.31268415],[114.34802775,22.31262893],[114.34737008,22.3133821],[114.34755947,22.31388243],[114.3469121,22.31443079],[114.34699989,22.31500553],[114.346394,22.31510582],[114.34682877,22.31517807],[114.34653896,22.31582393],[114.34677761,22.31606171],[114.34620792,22.31643941],[114.34615969,22.31697326],[114.34620125,22.31788209],[114.3466119,22.31789154],[114.34668166,22.31853177],[114.3473647,22.31869869],[114.34783198,22.31936425],[114.34786652,22.32027669],[114.34745984,22.32117759],[114.34811939,22.32131561],[114.34806696,22.32236642],[114.34853177,22.32266178],[114.34836141,22.32286707],[114.34886104,22.32367123],[114.34939012,22.32382347],[114.35046621,22.32517921],[114.35134377,22.32484625],[114.35276874,22.3234674],[114.35374087,22.32369085],[114.35444801,22.32453432],[114.35474795,22.32624393],[114.35553099,22.32654745],[114.35756004,22.3261293],[114.35771071,22.32583282],[114.35706326,22.325715],[114.35660735,22.32357189],[114.35528227,22.32388411],[114.35531734,22.32346932],[114.35481197,22.32334876],[114.35535238,22.32323542],[114.35540836,22.32285415],[114.35421214,22.32337698]]],[[[114.36555804,22.32248865],[114.36601293,22.32247147],[114.36658147,22.3219361],[114.3656806,22.32186522],[114.36555804,22.32248865]]],[[[114.3679511,22.32527492],[114.36754385,22.32563022],[114.36764378,22.32616853],[114.36917317,22.32553937],[114.3679511,22.32527492]]],[[[114.36674232,22.32528958],[114.36656804,22.32587845],[114.36721528,22.32620122],[114.3673027,22.32562808],[114.36674232,22.32528958]]],[[[114.36817264,22.32681966],[114.36903557,22.32676594],[114.36938383,22.32627696],[114.36898297,22.32612192],[114.36759353,22.32651296],[114.36817264,22.32681966]]],[[[114.36192503,22.33035928],[114.36203866,22.33023602],[114.36201142,22.33013802],[114.36188243,22.33019143],[114.36192503,22.33035928]]],[[[114.36684726,22.33051013],[114.36709414,22.33019222],[114.36706106,22.33003835],[114.36689137,22.33013228],[114.36684726,22.33051013]]],[[[114.36753997,22.33068639],[114.36727744,22.33063089],[114.36757252,22.33074906],[114.36808912,22.33045637],[114.36784452,22.3299439],[114.36742875,22.33028955],[114.36753997,22.33068639]]],[[[114.36692724,22.33070467],[114.36704736,22.33089577],[114.36706117,22.33064285],[114.367239,22.33044253],[114.36692724,22.33070467]]],[[[114.37248395,22.33185329],[114.37308843,22.33150644],[114.37295209,22.33053965],[114.37526912,22.33049287],[114.37585143,22.32908664],[114.3761913,22.32942666],[114.37749267,22.32900021],[114.37755967,22.32862476],[114.37796455,22.32852232],[114.37813275,22.32794309],[114.37787035,22.32759486],[114.3775953,22.32743322],[114.37639274,22.32857515],[114.37633164,22.32818003],[114.37600673,22.32848554],[114.37580692,22.32789315],[114.37530495,22.32770413],[114.37513079,22.32809774],[114.3746508,22.32801535],[114.37464783,22.3276214],[114.37331127,22.32837001],[114.37338154,22.32791417],[114.37298001,22.32870943],[114.37291571,22.32822137],[114.37248185,22.32854322],[114.37206123,22.32806919],[114.37160448,22.32880146],[114.3721084,22.32958693],[114.3714538,22.3294587],[114.37100049,22.33053995],[114.37146066,22.33158433],[114.37079988,22.33144561],[114.37073705,22.33184949],[114.37000573,22.33227409],[114.37048401,22.33326359],[114.37037554,22.33331473],[114.37004982,22.33373958],[114.37115854,22.33392833],[114.37041761,22.33333607],[114.37118072,22.33357466],[114.37175621,22.33324944],[114.37196617,22.33263044],[114.37146611,22.33227509],[114.37175688,22.33221477],[114.37160568,22.33193325],[114.37242853,22.33215694],[114.37205679,22.33173232],[114.37248395,22.33185329]]],[[[114.37206452,22.3325949],[114.37198159,22.33298483],[114.37212971,22.33308998],[114.3723038,22.33286272],[114.37206452,22.3325949]]],[[[114.36768239,22.33534409],[114.36713894,22.33544802],[114.36688463,22.33492342],[114.36706587,22.33435654],[114.36631309,22.33431101],[114.36582959,22.33358622],[114.36675514,22.33018185],[114.36609007,22.33009605],[114.36612592,22.33039448],[114.36554196,22.33004186],[114.36531501,22.32952708],[114.36618341,22.32929577],[114.3664339,22.32877704],[114.36583315,22.3284244],[114.36531594,22.32916059],[114.36476684,22.32915142],[114.36490778,22.32937109],[114.3644443,22.32977121],[114.36414601,22.32984147],[114.36424985,22.32932398],[114.36403199,22.32930528],[114.36311744,22.33016547],[114.36317945,22.33056923],[114.36288981,22.33039721],[114.36259567,22.33066384],[114.36244458,22.33041906],[114.3622411,22.33081841],[114.36146555,22.33059341],[114.3614749,22.33036428],[114.36140081,22.33073584],[114.36083433,22.32986654],[114.36023505,22.33092419],[114.36104408,22.33204819],[114.36081761,22.33218731],[114.36130416,22.33224229],[114.36147773,22.33268975],[114.36138299,22.3332083],[114.36072412,22.33339739],[114.36059841,22.33397263],[114.3611052,22.3339659],[114.36036784,22.3353008],[114.36111505,22.33633771],[114.3608713,22.33793286],[114.36115057,22.33841752],[114.36084694,22.33834183],[114.36105079,22.33874736],[114.36232282,22.33849689],[114.36271475,22.33883679],[114.36399569,22.33818624],[114.36442737,22.33751072],[114.36500528,22.33776233],[114.36547993,22.33948729],[114.36579436,22.33938522],[114.36594253,22.33966333],[114.36676653,22.33955397],[114.36686706,22.33943],[114.36629201,22.33934893],[114.36746771,22.33897745],[114.36794606,22.33782184],[114.36773037,22.33696935],[114.3673106,22.33676627],[114.36776461,22.33602411],[114.36768239,22.33534409]]],[[[114.36950815,22.33391423],[114.36926379,22.33421452],[114.36958386,22.33448545],[114.36995081,22.33423938],[114.37074334,22.3345192],[114.37097932,22.33425684],[114.37051213,22.33402571],[114.36950815,22.33391423]]],[[[114.3698322,22.33450918],[114.36993048,22.33481201],[114.37015353,22.33474711],[114.37032584,22.33458746],[114.3698322,22.33450918]]],[[[114.37023363,22.33521602],[114.37050359,22.33515058],[114.37044527,22.33496734],[114.37022795,22.33511203],[114.37023363,22.33521602]]],[[[114.36780544,22.33616178],[114.36756267,22.33661887],[114.3679054,22.33683601],[114.36802414,22.33636979],[114.36780544,22.33616178]]],[[[114.37558466,22.33868981],[114.37451002,22.33874832],[114.37464599,22.33919328],[114.37550077,22.33907249],[114.37558466,22.33868981]]],[[[114.37469955,22.33944896],[114.37497246,22.33961578],[114.37510471,22.33956193],[114.37488311,22.33936291],[114.37469955,22.33944896]]],[[[114.36057745,22.34319475],[114.36057641,22.34367281],[114.36071843,22.34352141],[114.36075878,22.3432503],[114.36057745,22.34319475]]],[[[114.36998013,22.34562376],[114.37016054,22.34445466],[114.36926963,22.34428922],[114.36874063,22.34477355],[114.36888798,22.34516676],[114.36998013,22.34562376]]],[[[114.35979094,22.34650524],[114.35992109,22.34686651],[114.35996746,22.34665783],[114.3599047,22.34651374],[114.35979094,22.34650524]]],[[[114.36608305,22.34773388],[114.36555133,22.3479644],[114.36568963,22.34820588],[114.36609184,22.34790743],[114.36608305,22.34773388]]],[[[114.36563367,22.34888759],[114.36510774,22.34898079],[114.36536947,22.34904407],[114.36538486,22.3489989],[114.36563367,22.34888759]]],[[[114.36553285,22.3495843],[114.36575744,22.34945868],[114.36572741,22.34926869],[114.36557608,22.34940255],[114.36553285,22.3495843]]],[[[114.37154278,22.35134492],[114.37143242,22.35156945],[114.37159758,22.35165653],[114.37176169,22.35141845],[114.37154278,22.35134492]]],[[[114.37815373,22.3580735],[114.37728525,22.35898899],[114.37747714,22.3592098],[114.37910217,22.3583975],[114.37948528,22.35762915],[114.37911575,22.35751809],[114.37815373,22.3580735]]],[[[114.392024,22.36259464],[114.39117086,22.36342007],[114.39071251,22.36440279],[114.39076831,22.3646918],[114.39128602,22.36479568],[114.39197394,22.3645635],[114.39224403,22.36278343],[114.392024,22.36259464]]],[[[114.39416727,22.43831276],[114.39444644,22.43857133],[114.39453067,22.43881117],[114.39464271,22.43835135],[114.39416727,22.43831276]]],[[[114.39183181,22.44107861],[114.39213484,22.44119849],[114.39238163,22.44086297],[114.39197967,22.44066461],[114.39183181,22.44107861]]],[[[114.39536219,22.44771022],[114.39527508,22.44798214],[114.39538964,22.44822339],[114.39545639,22.44797851],[114.39536219,22.44771022]]],[[[114.3950708,22.44781407],[114.3949958,22.44802452],[114.39521095,22.44830963],[114.39532946,22.44820487],[114.3950708,22.44781407]]],[[[114.39560343,22.44801516],[114.39556659,22.44831521],[114.39566275,22.44835402],[114.39585165,22.44795664],[114.39560343,22.44801516]]],[[[114.39602112,22.44818061],[114.39575679,22.44830931],[114.39597201,22.4486931],[114.39608117,22.44857867],[114.39602112,22.44818061]]],[[[114.39473942,22.44895315],[114.39451315,22.44919072],[114.39500734,22.44914114],[114.39511451,22.44822034],[114.39456344,22.4480582],[114.39419814,22.44857855],[114.39473942,22.44895315]]]]}},{"type":"Feature","properties":{"地區號碼":"R","District":"Sha Tin","地區":"沙田","Administrative District Boundary of Hong Kong":"Administrative District Boundary of Hong Kong"},"geometry":{"type":"MultiPolygon","coordinates":[[[[114.25135,22.41101],[114.25139,22.41094],[114.25143,22.4109],[114.25145,22.41083],[114.25159,22.4107],[114.25161,22.41067],[114.25163,22.4106],[114.25171,22.41049],[114.25179,22.4104],[114.25179,22.4103],[114.2518,22.41023],[114.25182,22.41021],[114.25183,22.41018],[114.25188,22.41015],[114.25192,22.41005],[114.25196,22.40998],[114.25196,22.40992],[114.25199,22.40982],[114.25203,22.40976],[114.25204,22.40972],[114.25206,22.40971],[114.25203,22.40953],[114.25206,22.40926],[114.25207,22.40908],[114.25205,22.40888],[114.25193,22.40875],[114.25185,22.40862],[114.25181,22.40857],[114.25177,22.4085],[114.25167,22.4081],[114.25166,22.40797],[114.25168,22.40793],[114.25168,22.40786],[114.25171,22.40774],[114.25174,22.40763],[114.25178,22.40755],[114.25178,22.40752],[114.25176,22.40743],[114.25169,22.40734],[114.25167,22.40727],[114.25159,22.40712],[114.25163,22.40704],[114.25167,22.40701],[114.25172,22.40693],[114.25174,22.40691],[114.2518,22.40676],[114.2518,22.40669],[114.25179,22.40661],[114.25179,22.40645],[114.25182,22.40633],[114.25184,22.4063],[114.25177,22.40609],[114.25179,22.40598],[114.25197,22.40572],[114.25219,22.40544],[114.25237,22.40527],[114.25247,22.40522],[114.25258,22.4053],[114.25275,22.40515],[114.25299,22.40501],[114.25308,22.40498],[114.25334,22.40486],[114.25351,22.40475],[114.25358,22.40459],[114.25361,22.4045],[114.25363,22.40421],[114.25362,22.40412],[114.25357,22.40385],[114.25348,22.40365],[114.25328,22.40332],[114.25323,22.40327],[114.25302,22.4031],[114.25345,22.40275],[114.25351,22.40269],[114.25356,22.40258],[114.2536,22.40242],[114.25366,22.40233],[114.25377,22.4022],[114.25388,22.40214],[114.25396,22.40209],[114.25406,22.40198],[114.25415,22.40179],[114.25418,22.40169],[114.25424,22.40153],[114.25429,22.40146],[114.25438,22.4013],[114.25438,22.40128],[114.25425,22.40108],[114.25391,22.40086],[114.25386,22.40079],[114.25383,22.4007],[114.25368,22.40054],[114.25346,22.40039],[114.2534,22.4003],[114.25338,22.40022],[114.25331,22.40005],[114.25323,22.39997],[114.25314,22.39992],[114.25309,22.39984],[114.25302,22.39962],[114.25299,22.39955],[114.25283,22.39929],[114.25275,22.39911],[114.25272,22.39817],[114.25277,22.39791],[114.25287,22.39769],[114.25288,22.39738],[114.25286,22.39711],[114.25277,22.39676],[114.25252,22.39648],[114.25243,22.3962],[114.2523,22.39585],[114.25227,22.39577],[114.25221,22.39548],[114.2522,22.39539],[114.25224,22.3949],[114.25246,22.39436],[114.25247,22.39407],[114.25246,22.394],[114.25245,22.3936],[114.25248,22.39284],[114.25233,22.39257],[114.25246,22.3922],[114.25254,22.39203],[114.25264,22.39169],[114.25267,22.39146],[114.25272,22.39063],[114.25278,22.39023],[114.25291,22.3899],[114.25313,22.38946],[114.25345,22.38913],[114.25361,22.38901],[114.25429,22.38869],[114.25444,22.3886],[114.25444,22.38674],[114.24654,22.387],[114.24685,22.38671],[114.24699,22.38655],[114.24724,22.38617],[114.2474,22.38583],[114.24752,22.38531],[114.24751,22.38514],[114.24747,22.38487],[114.24737,22.38452],[114.24722,22.38419],[114.24711,22.38398],[114.2468,22.3836],[114.24664,22.38347],[114.24657,22.38344],[114.2464,22.38321],[114.24636,22.38313],[114.24626,22.38301],[114.24621,22.38287],[114.24619,22.38279],[114.24618,22.38261],[114.24628,22.38243],[114.24623,22.38228],[114.24616,22.38217],[114.24602,22.38192],[114.24597,22.38187],[114.24564,22.38159],[114.24564,22.38124],[114.24555,22.38122],[114.24549,22.38117],[114.24521,22.38079],[114.24514,22.38072],[114.24502,22.38064],[114.24492,22.3806],[114.24471,22.38049],[114.2446,22.38034],[114.24462,22.38009],[114.24459,22.37994],[114.24449,22.37972],[114.24426,22.37965],[114.24411,22.37963],[114.24335,22.37946],[114.24312,22.37937],[114.24293,22.37927],[114.24276,22.37913],[114.24255,22.37892],[114.24233,22.37856],[114.24222,22.37818],[114.24203,22.37789],[114.2418,22.37772],[114.24172,22.37762],[114.24158,22.37728],[114.24153,22.3772],[114.24086,22.37649],[114.2407,22.37628],[114.24027,22.37578],[114.23976,22.37525],[114.2392,22.37481],[114.23826,22.37412],[114.23765,22.37361],[114.2375433578711,22.37346457891515],[114.23732415194333,22.373337493689995],[114.23726,22.37331],[114.23714,22.37328],[114.23683,22.3732],[114.23625,22.37314],[114.23601,22.37308],[114.23569,22.37294],[114.23529,22.37274],[114.23505,22.37258],[114.23495,22.37248],[114.23489,22.3724],[114.23461,22.37197],[114.2342,22.37173],[114.23414,22.3717],[114.23411,22.37167],[114.23368,22.37139],[114.23337,22.37129],[114.23334,22.37129],[114.23329,22.37127],[114.23322,22.37127],[114.23304,22.37121],[114.23272,22.37108],[114.23262,22.37105],[114.23231,22.3709],[114.23196,22.37079],[114.23181,22.37077],[114.23156,22.37074],[114.23152,22.37076],[114.23145,22.37076],[114.23131637243934,22.370793406890165],[114.23177131,22.37080084],[114.23206015987215,22.370896302768173],[114.23031466238572,22.37083633440357],[114.2303,22.37084],[114.23014,22.37084],[114.22993,22.37087],[114.22976,22.37094],[114.22964,22.37094],[114.2295,22.37089],[114.22907,22.37086],[114.22897020602883,22.370790144220184],[114.22896600821605,22.37079],[114.2289,22.37079],[114.22875503805474,22.370782751902738],[114.22709093943865,22.370725580080194],[114.22699,22.37074],[114.22688,22.37064],[114.2268,22.37054],[114.22674,22.37046],[114.2267,22.37037],[114.22669,22.37027],[114.22672,22.37018],[114.22686,22.36991],[114.22688,22.36969],[114.22675,22.36952],[114.22675,22.36943],[114.22688,22.36929],[114.22692,22.3692],[114.22692,22.36907],[114.22687,22.36898],[114.22668,22.36868],[114.22654,22.36852],[114.22644,22.36836],[114.22632,22.36807],[114.22623,22.3679],[114.22613,22.36776],[114.22607,22.36769],[114.22584,22.36748],[114.22572,22.36734],[114.22567,22.36719],[114.22567,22.36694],[114.22564,22.36674],[114.22562,22.36673],[114.22552,22.36662],[114.2255,22.36659],[114.22542,22.36639],[114.22536,22.36622],[114.2253,22.3661],[114.22525,22.36589],[114.22518,22.36561],[114.22515,22.36529],[114.22515,22.36516],[114.2251,22.36499],[114.22499,22.36487],[114.22464,22.36466],[114.22459,22.36462],[114.22451,22.36456],[114.22435,22.36443],[114.22427,22.36431],[114.22409,22.36419],[114.22391,22.36418],[114.22383,22.36418],[114.22376,22.36415],[114.22367,22.36406],[114.22361,22.36402],[114.22361,22.364],[114.22366,22.36393],[114.22378,22.36366],[114.2238,22.36359],[114.22374,22.36312],[114.22377,22.36295],[114.22379,22.36249],[114.22378,22.3623],[114.22377,22.36193],[114.22379,22.36148],[114.22385,22.36118],[114.22401,22.36075],[114.22419,22.36011],[114.2245,22.35933],[114.22451,22.35915],[114.22474,22.35858],[114.22234,22.35841],[114.21853,22.35816],[114.21808,22.35815],[114.21781,22.35814],[114.21765753115487,22.358106118034417],[114.21763241,22.35810449],[114.21762534507336,22.35809906901467],[114.21758,22.35809],[114.21751,22.35805],[114.21747,22.35802],[114.21742,22.35796],[114.21740678378089,22.357931364858583],[114.2164571466303,22.35720269925118],[114.2164,22.35719],[114.21611,22.35717],[114.21558,22.35719],[114.21547,22.3572],[114.21527,22.35723],[114.21517,22.35723],[114.21483,22.35727],[114.21471,22.35729],[114.2145,22.35731],[114.21442,22.35731],[114.21439,22.3573],[114.21435,22.35728],[114.21428,22.3572],[114.21427,22.35718],[114.21434,22.35711],[114.21446,22.35701],[114.21462,22.35695],[114.21466,22.35695],[114.21467,22.35694],[114.21466,22.35694],[114.21465354274885,22.356936771374432],[114.21403412638593,22.357007119651744],[114.21399,22.35703],[114.21391,22.35704],[114.21381,22.35704],[114.21380761499178,22.35703284497533],[114.21380625,22.357033],[114.21380691559774,22.35703074679324],[114.2138,22.35701],[114.21382,22.35696],[114.2139,22.35686],[114.21392,22.35683],[114.21397,22.35661],[114.21402,22.35656],[114.21405,22.35647],[114.21414,22.35632],[114.21416,22.35618],[114.21415,22.35613],[114.21413,22.35609],[114.21413,22.35605],[114.21419,22.35587],[114.21416,22.35581],[114.21379,22.35581],[114.21353,22.3558],[114.21349,22.35579],[114.21335,22.35578],[114.21332,22.35578],[114.21319,22.35576],[114.21307,22.35573],[114.21281,22.35567],[114.21269,22.35565],[114.2125,22.3556],[114.21196,22.35539],[114.21188,22.35537],[114.21168,22.35537],[114.21154,22.35536],[114.21142,22.35532],[114.21129,22.35528],[114.21118886824512,22.355238357512697],[114.21106130780232,22.35521417639667],[114.21109104,22.355208],[114.21113649079349,22.355216790326736],[114.21112,22.35521],[114.21107,22.3552],[114.21097,22.35519],[114.21088,22.35521],[114.21082,22.35525],[114.21066,22.35536],[114.21056,22.35539],[114.21049,22.35539],[114.2104747428294,22.355388728569118],[114.20976320850265,22.355663143273954],[114.20971,22.35574],[114.20968,22.35577],[114.20962,22.35581],[114.20957,22.35583],[114.20919,22.35592],[114.20911,22.35592],[114.20905,22.35591],[114.20895,22.35586],[114.20886,22.3558],[114.20881518022834,22.355757314503183],[114.20754138031563,22.355054354938307],[114.20733,22.355],[114.20724,22.35497],[114.20719,22.35493],[114.20691,22.35468],[114.20686,22.35465],[114.20679,22.35463],[114.20672,22.35464],[114.20666,22.35466],[114.20643,22.35486],[114.20635,22.3549],[114.20626,22.35492],[114.20499,22.35497],[114.2048,22.35497],[114.20468,22.35496],[114.20462,22.35495],[114.20449,22.3549],[114.20441,22.35486],[114.20377,22.35438],[114.20372,22.35435],[114.20366,22.35435],[114.2036,22.35435],[114.20346,22.3544],[114.20335,22.35443],[114.20327,22.35441],[114.20311,22.35436],[114.20302,22.35434],[114.20293,22.35435],[114.20263,22.35438],[114.20258,22.3544],[114.20247,22.35445],[114.20244,22.35449],[114.20242,22.35454],[114.20237,22.35462],[114.20232,22.35465],[114.20226,22.35469],[114.20221,22.3547],[114.20215,22.3547],[114.20207,22.35468],[114.20137,22.35447],[114.20129,22.35444],[114.20124,22.35444],[114.20118,22.35444],[114.20112,22.35446],[114.20081,22.35464],[114.20069,22.35469],[114.20064,22.35469],[114.20059,22.35468],[114.20043,22.35462],[114.20033,22.3546],[114.20023,22.3546],[114.20015,22.35463],[114.20009,22.35467],[114.20006,22.35472],[114.20001,22.35481],[114.1999,22.3551],[114.19981,22.3552],[114.19972226263192,22.35528773736807],[114.19968682,22.35533848],[114.19966536228902,22.355344637710978],[114.19962,22.35539],[114.19954,22.35541],[114.19947163031057,22.35540023290151],[114.19946505125633,22.355402120890147],[114.19933,22.35546],[114.19923438874083,22.355468314022538],[114.1989535187593,22.355548915171937],[114.19891,22.35558],[114.19885,22.35558],[114.19883,22.35557],[114.19881,22.35554],[114.19881,22.35551],[114.19883,22.35548],[114.19895,22.35543],[114.19915,22.35538],[114.19922,22.35531],[114.19932,22.35519],[114.1994,22.35512],[114.19946,22.35509],[114.19948,22.35504],[114.19946,22.35498],[114.19917,22.35519],[114.19911,22.35521],[114.19906,22.35523],[114.199,22.35521],[114.19893,22.35515],[114.19879,22.35491],[114.19863,22.35473],[114.19855,22.35467],[114.19844,22.35459],[114.1984,22.35455],[114.19828,22.35448],[114.19822,22.35446],[114.19817,22.35442],[114.19816,22.35438],[114.19816,22.35434],[114.1982,22.35419],[114.1982,22.35409],[114.19817,22.354],[114.19816,22.35397],[114.19809,22.35392],[114.19806,22.35391],[114.19799,22.35391],[114.19789,22.35395],[114.19768,22.35408],[114.19765,22.35409],[114.19738,22.35425],[114.19733,22.35413],[114.19738,22.35392],[114.19738,22.35382],[114.19732,22.35356],[114.1972,22.35336],[114.19721,22.35319],[114.1972,22.35307],[114.19715,22.35301],[114.19701,22.35289],[114.19694,22.35286],[114.19691,22.35263],[114.19677,22.35255],[114.19654,22.35257],[114.19647,22.35269],[114.19644,22.35292],[114.19642,22.35293],[114.1961,22.35297],[114.19599,22.35303],[114.19573,22.35303],[114.19549,22.3531],[114.19519,22.35309],[114.19494,22.35322],[114.19485,22.3533],[114.19476,22.35334],[114.1946,22.35345],[114.19457,22.35345],[114.19439,22.35341],[114.19416,22.35344],[114.19406,22.35353],[114.19402,22.35359],[114.19397,22.35362],[114.19358,22.35369],[114.19335,22.35384],[114.19309,22.35396],[114.19288,22.35393],[114.19285,22.35387],[114.1929,22.35362],[114.19274,22.35351],[114.19273,22.35351],[114.19293,22.35319],[114.19289,22.35292],[114.19277,22.35277],[114.19267,22.35269],[114.19246,22.3527],[114.19237,22.35276],[114.19212,22.35274],[114.19203,22.35279],[114.19195,22.35278],[114.19176,22.35279],[114.19166,22.35292],[114.19155,22.35295],[114.19146,22.35299],[114.19139,22.35309],[114.19112,22.35309],[114.19093,22.35319],[114.19089,22.35318],[114.19095,22.35309],[114.19096,22.3529],[114.19102,22.35284],[114.19116,22.35266],[114.19115,22.35246],[114.19119,22.35239],[114.19125,22.3522],[114.19115,22.35221],[114.19108,22.35223],[114.19102,22.35224],[114.19085,22.35222],[114.19083,22.35218],[114.19093,22.3521],[114.19092,22.35206],[114.19093,22.35195],[114.19103,22.35183],[114.19116,22.35179],[114.19124,22.35176],[114.1913,22.35174],[114.19134,22.35176],[114.19146,22.35196],[114.19148,22.35191],[114.19148,22.3518],[114.19152,22.35176],[114.19166,22.3517],[114.19176,22.35156],[114.19174,22.35149],[114.19158,22.35134],[114.19149,22.35129],[114.19147,22.35126],[114.1914,22.35111],[114.19139,22.3509],[114.19153,22.3505],[114.1915,22.35047],[114.19145,22.35029],[114.19132,22.35018],[114.19131,22.35012],[114.19143,22.34992],[114.19138,22.34986],[114.19123,22.34981],[114.19089467370448,22.34979900569523],[114.18907885662992,22.35019895470196],[114.18899,22.35025],[114.18872,22.35029],[114.18869,22.35029],[114.18858,22.35025],[114.18848004371824,22.350184403690097],[114.18787123275746,22.349998085902328],[114.18790028,22.34999389],[114.18846737489116,22.35017608977232],[114.18826,22.35004],[114.188,22.34993],[114.18768,22.34995],[114.18733,22.35003],[114.18714,22.35018],[114.1867,22.35026],[114.18656,22.35019],[114.1864,22.35017],[114.1862,22.35022],[114.18606,22.35035],[114.1859,22.35039],[114.18568,22.35036],[114.18558,22.35038],[114.18555,22.3504],[114.18541,22.35043],[114.18535,22.35041],[114.185,22.35025],[114.18497,22.35017],[114.18507,22.34999],[114.18503,22.34973],[114.18489,22.34963],[114.18479,22.34967],[114.18464,22.34981],[114.18458,22.34987],[114.18444,22.35],[114.18421,22.35013],[114.18416,22.35014],[114.1841,22.35016],[114.1837,22.35019],[114.18369,22.35019],[114.18336,22.35021],[114.18308,22.35015],[114.18302,22.35011],[114.18299,22.34997],[114.18286,22.34985],[114.18266,22.34983],[114.1825,22.34996],[114.18242,22.34998],[114.18239,22.34997],[114.18227,22.34987],[114.18217,22.34971],[114.18199,22.34956],[114.1819,22.34953],[114.18168,22.34948],[114.18164,22.34937],[114.18126,22.34915],[114.18112,22.34915],[114.18097,22.34916],[114.18085,22.34923],[114.18077,22.34914],[114.18062,22.34909],[114.18055,22.3489],[114.18046,22.34882],[114.18033,22.34875],[114.18016,22.34875],[114.1799,22.34885],[114.17964,22.34891],[114.17951,22.34901],[114.17946,22.34902],[114.179,22.34908],[114.1789691774138,22.349074862902302],[114.17891176,22.34908269],[114.17890809518254,22.349078255783557],[114.17894910773467,22.349071517955778],[114.17888,22.34906],[114.17877,22.34882],[114.17866,22.34875],[114.17853,22.34874],[114.17844,22.34881],[114.17831,22.34884],[114.17823,22.34899],[114.17809,22.34905],[114.17809,22.34906],[114.17789,22.34907],[114.17774,22.34895],[114.17757,22.34888],[114.17745,22.34881],[114.17719,22.3488],[114.17711,22.34886],[114.17701,22.34896],[114.17696,22.34904],[114.17691,22.34916],[114.17690078743732,22.349212204521894],[114.17691472,22.34921925],[114.17702409262648,22.34901082779809],[114.1768948,22.34930379],[114.17688567540954,22.349297839345958],[114.17688,22.34933],[114.17666,22.34927],[114.17658,22.34925],[114.17632,22.34908],[114.17624,22.34907],[114.17616,22.34909],[114.1761,22.34912],[114.17603,22.3492],[114.17597,22.34919],[114.17593,22.34917],[114.1758,22.34914],[114.17564,22.34917],[114.17539,22.34908],[114.17521,22.34897],[114.17493,22.34867],[114.1748,22.34843],[114.17453,22.34827],[114.17442,22.34813],[114.17428,22.34803],[114.17425857218909,22.348031714224874],[114.17366113459904,22.34831886540095],[114.17348,22.3485],[114.17346,22.34831],[114.17334,22.34811],[114.1732,22.34802],[114.17312,22.34799],[114.17298986733572,22.34796831122262],[114.1734134635956,22.348310317444902],[114.1729787243742,22.347966454062366],[114.17288,22.34795],[114.17298,22.34782],[114.17306,22.34767],[114.17311,22.34737],[114.17334,22.3471],[114.17333,22.347],[114.17292,22.34674],[114.17275,22.34648],[114.17273,22.34646],[114.17258,22.34637],[114.17228,22.34638],[114.17215,22.34637],[114.172,22.34644],[114.17192,22.34649],[114.17175,22.34657],[114.17148,22.3466],[114.17117,22.34648],[114.17071,22.34616],[114.17042,22.34605],[114.1703,22.34604],[114.16971,22.34618],[114.16965,22.34619],[114.16949,22.34602],[114.16949,22.34597],[114.16932,22.3459],[114.16887,22.34589],[114.16859,22.34594],[114.16855,22.34596],[114.16848,22.34593],[114.16834,22.34585],[114.16824,22.34582],[114.16795,22.3459],[114.16777,22.346],[114.16765,22.34604],[114.16736,22.34608],[114.16714,22.34617],[114.16709,22.34622],[114.16701,22.34636],[114.16693,22.34627],[114.1668,22.3462],[114.16655,22.34619],[114.16652,22.34617],[114.16648,22.34605],[114.16642,22.34581],[114.16637,22.34575],[114.16632,22.34572],[114.16627,22.34571],[114.16615,22.34575],[114.16603,22.34588],[114.1659,22.34615],[114.1658,22.3463],[114.16562,22.34653],[114.16556,22.34667],[114.16557,22.34684],[114.16555,22.34719],[114.16551,22.34727],[114.16545,22.34729],[114.1653,22.34731],[114.16525,22.34735],[114.1652,22.34749],[114.16515,22.34754],[114.16509,22.34757],[114.16494088713809,22.34757],[114.16463187794312,22.347796867240845],[114.16457,22.34796],[114.1644,22.34804],[114.16430071396417,22.34804],[114.1640692962797,22.348209901389385],[114.16405,22.34839],[114.16399,22.3485],[114.16383,22.34854],[114.16373,22.34862],[114.16356,22.34861],[114.16331,22.3485],[114.16299,22.34847],[114.16284,22.34836],[114.16274,22.34816],[114.16273,22.34815],[114.16258,22.34812],[114.16218,22.34795],[114.162,22.34783],[114.16197715409736,22.347794692695896],[114.16157104296134,22.34759718152486],[114.16151,22.34759],[114.16128,22.34751],[114.16114,22.34736],[114.16109543886252,22.34721146287507],[114.16097685039001,22.347006141731672],[114.16094,22.347],[114.1609,22.347],[114.1608,22.3471],[114.16071,22.34727],[114.16057,22.34738],[114.16025,22.34739],[114.16012,22.34732],[114.16001,22.34724],[114.15991,22.34702],[114.15987,22.34698],[114.15984,22.34697],[114.15976,22.34692],[114.15969,22.34681],[114.15964,22.3464],[114.15954,22.34617],[114.15952,22.34605],[114.15944,22.34605],[114.15929,22.346],[114.15913,22.34589],[114.15894,22.34558],[114.15884,22.3455],[114.15868,22.34545],[114.15849,22.34545],[114.15844321359772,22.34546169660057],[114.15730356937055,22.34633988678346],[114.1573,22.34635],[114.1572,22.34648],[114.15713434344724,22.346469057241205],[114.15713535228464,22.346469511968163],[114.15712047,22.34648098],[114.15707429784189,22.346459049640313],[114.15702,22.34645],[114.1569326739492,22.3463917826328],[114.15679452294295,22.346326165139878],[114.15649,22.34623],[114.15632,22.34625],[114.15628,22.34627],[114.1562,22.34648],[114.15604,22.34663],[114.15513,22.34678],[114.15493,22.34685],[114.15408,22.34644],[114.15254,22.34619],[114.15223261443127,22.346437349324834],[114.15255765,22.34620711],[114.15263235057448,22.346226398033636],[114.15187837738918,22.346722399444648],[114.15126,22.34722],[114.15122770601994,22.347150443735263],[114.15120263,22.34716694],[114.1512272635755,22.347149490778015],[114.15113,22.34694],[114.1511,22.34684],[114.15109,22.34673],[114.15109,22.34652],[114.15112,22.34625],[114.15117,22.34593],[114.15117,22.34579],[114.15116,22.34568],[114.15113,22.3456],[114.15109,22.34553],[114.15097,22.34541],[114.15093,22.34533],[114.15075,22.345],[114.14796,22.34506],[114.14684,22.34417],[114.14685,22.34447],[114.14685,22.34466],[114.14684,22.34477],[114.14679,22.3449],[114.14669,22.34508],[114.14661,22.34521],[114.14656,22.34533],[114.14653,22.34543],[114.14647,22.34581],[114.14643,22.34599],[114.14635,22.34621],[114.14627,22.34641],[114.14621,22.34651],[114.14603,22.34665],[114.14574,22.34675],[114.14555,22.34689],[114.14539,22.34698],[114.14524,22.34715],[114.14511,22.3476],[114.14511,22.34768],[114.14507,22.34773],[114.1449,22.34783],[114.14478,22.34792],[114.14473,22.34797],[114.14471,22.34844],[114.1448,22.3486],[114.14494,22.34892],[114.14484,22.34883],[114.14465,22.34876],[114.14451,22.34869],[114.14432,22.34869],[114.14416,22.34877],[114.14396,22.34885],[114.1437,22.34901],[114.14356,22.34913],[114.14326,22.34914],[114.14293,22.34906],[114.14273,22.34908],[114.14273,22.34909],[114.14259,22.34916],[114.14229,22.34923],[114.14227117347997,22.34924540351639],[114.14228066368555,22.34924429628103],[114.14217194855856,22.3493387866967],[114.14206,22.3496],[114.14206,22.35002608057202],[114.14214092560579,22.349523029135582],[114.14226462,22.35118804],[114.14215647993407,22.350833603626015],[114.14215,22.35119],[114.14198,22.35156],[114.14187,22.35201],[114.14182,22.35279],[114.14174,22.35313],[114.1416,22.35356],[114.14159,22.35409],[114.14149,22.3544],[114.14147,22.35483],[114.14135,22.35525],[114.14131,22.35568],[114.14131,22.3559],[114.14141,22.35647],[114.14145,22.35697],[114.14143,22.35717],[114.14136,22.35736],[114.14136,22.35739],[114.14147,22.35781],[114.14152,22.35817],[114.14152,22.35838],[114.14155,22.35873],[114.1417,22.35906],[114.14187,22.3593],[114.14201,22.35947],[114.14218,22.35963],[114.14223,22.35965],[114.14235,22.35969],[114.14254,22.35974],[114.14281,22.35975],[114.14291998717347,22.35980132734762],[114.14289759431254,22.359738298663274],[114.14296694,22.35976204],[114.14303557230903,22.360011153487555],[114.14313,22.36025],[114.14317,22.36046],[114.14324,22.36064],[114.14383,22.36099],[114.14441,22.36171],[114.14462,22.36192],[114.145,22.36192],[114.14533,22.36196],[114.14555,22.36204],[114.14563,22.36224],[114.14566,22.36254],[114.14534,22.36312],[114.1454,22.36317],[114.14555,22.36326],[114.14568,22.36339],[114.14574,22.36349],[114.14582,22.36381],[114.14589,22.36386],[114.14613,22.3641],[114.14598,22.3647],[114.14582,22.36495],[114.14539,22.36538],[114.14506,22.36595],[114.14462,22.36651],[114.14448,22.36686],[114.14449,22.36704],[114.14448,22.36712],[114.14449,22.3672],[114.14452,22.36729],[114.14469,22.36732],[114.14495,22.3673],[114.14534,22.3673],[114.14541,22.36735],[114.14515,22.3677],[114.14496,22.36786],[114.14474,22.36811],[114.14475,22.36821],[114.14478,22.36825],[114.14486,22.3683],[114.14523,22.3684],[114.14532,22.36849],[114.14532,22.36859],[114.14525,22.36875],[114.14514,22.36899],[114.14502,22.36907],[114.14498,22.3691],[114.14496,22.36916],[114.14498,22.36924],[114.14503,22.36928],[114.14527,22.36937],[114.14542,22.36937],[114.14549,22.36945],[114.14567,22.36958],[114.14587,22.36963],[114.14616,22.3697],[114.14631,22.36986],[114.14651,22.37016],[114.14686,22.37056],[114.14713,22.37085],[114.14692,22.37085],[114.14685,22.37088],[114.1468,22.37092],[114.14673,22.37101],[114.14668,22.37113],[114.14657,22.3713],[114.14647,22.37139],[114.14641,22.37147],[114.1463,22.37151],[114.1463,22.37154],[114.14626,22.37165],[114.14613,22.37193],[114.14612,22.37194],[114.14605,22.37206],[114.14599,22.37211],[114.14585,22.37218],[114.14579,22.37221],[114.14549,22.37221],[114.1456,22.37241],[114.14561,22.37259],[114.14558,22.37276],[114.14559,22.37298],[114.14556,22.37306],[114.14543,22.37325],[114.14536,22.37332],[114.14531,22.37335],[114.14516,22.37339],[114.14508,22.37345],[114.145,22.37357],[114.14497,22.37366],[114.14497,22.37385],[114.14501,22.37419],[114.14501525523174,22.374213648542842],[114.1453884,22.3744491],[114.14547409740948,22.37482885890701],[114.14544737290811,22.374796864540585],[114.14545,22.37481],[114.14558,22.37503],[114.14564,22.37506],[114.14575,22.37522],[114.14587,22.37533],[114.14594,22.37546],[114.14604,22.37554],[114.1461,22.37562],[114.1464,22.37583],[114.14687,22.37609],[114.14737,22.37625],[114.14773,22.37632],[114.14779,22.37634],[114.14787,22.37641],[114.14797,22.3764],[114.14803,22.37642],[114.14809,22.37639],[114.14838,22.37639],[114.14839788825618,22.37639511093034],[114.14839490550084,22.376380512791197],[114.14843138,22.37638561],[114.14843499155118,22.37640571187177],[114.14845,22.37641],[114.1485,22.37645],[114.14862,22.3768],[114.14863,22.37693],[114.14862,22.37693],[114.14857,22.37707],[114.14856357451637,22.377121403869005],[114.14862723814291,22.377475755224626],[114.14866,22.37756],[114.14868,22.3777],[114.14867678070027,22.377751508795637],[114.14868951,22.37782236],[114.14867637141258,22.37775805739884],[114.14867,22.37786],[114.14861,22.37798],[114.14848,22.37811],[114.14872,22.37812],[114.14884,22.3781],[114.14898,22.37805],[114.14909,22.37797],[114.14934,22.37773],[114.1494,22.37767],[114.14954,22.37755],[114.14957,22.37758],[114.14987,22.37796],[114.14995,22.3781],[114.14996,22.37821],[114.14988,22.3784],[114.14985,22.37846],[114.1498,22.3785],[114.14972,22.37861],[114.14953,22.37882],[114.14951,22.37885],[114.14954,22.379],[114.14982,22.37926],[114.14957,22.37949],[114.14954,22.37962],[114.14935,22.37957],[114.14901821780347,22.380262839292755],[114.14983741,22.37927206],[114.14901046964548,22.380279019269746],[114.14901,22.38028],[114.14917,22.3804],[114.1493,22.38043],[114.14956,22.38043],[114.14964,22.38044],[114.14985,22.38052],[114.14998,22.38053],[114.15007,22.38051],[114.15024,22.3806],[114.15048,22.38069],[114.15069,22.38081],[114.15107,22.38099],[114.15145,22.38109],[114.15157,22.38118],[114.15161,22.38121],[114.15175,22.38139],[114.15186,22.38145],[114.15196,22.38146],[114.15208,22.38143],[114.15218,22.38143],[114.15228,22.38148],[114.15236,22.38154],[114.15247,22.38158],[114.15261,22.38159],[114.15269,22.38156],[114.15278,22.38156],[114.15291,22.38161],[114.15302,22.38166],[114.15317,22.38172],[114.15326,22.38173],[114.15343,22.38173],[114.15349,22.38171],[114.15385,22.38159],[114.15409,22.38157],[114.1543,22.3816],[114.15451,22.3817],[114.15451,22.38171],[114.15453,22.38171],[114.15462,22.38177],[114.15463,22.38177],[114.15466,22.3818],[114.15468,22.3818],[114.15528,22.38213],[114.15557,22.38252],[114.15584,22.38273],[114.15603,22.38279],[114.15619,22.38282],[114.15655,22.38293],[114.15678,22.38303],[114.15689,22.38311],[114.15691,22.38312],[114.15699,22.3832],[114.15706,22.3833],[114.15712,22.38346],[114.15715,22.38365],[114.15707,22.38429],[114.15701,22.38443],[114.15701,22.38463],[114.15724,22.38491],[114.15733,22.385],[114.15742,22.38506],[114.15754,22.3851],[114.15774,22.38512],[114.158,22.38524],[114.15808,22.38529],[114.1583,22.38544],[114.1584,22.38549],[114.1584,22.3855],[114.15854,22.38557],[114.15868,22.38564],[114.15877,22.38572],[114.15896,22.38583],[114.15914,22.38596],[114.15924,22.38601],[114.15925,22.38603],[114.15926,22.38603],[114.15937,22.3861],[114.15944,22.38615],[114.15945,22.38616],[114.15962,22.38628],[114.16015,22.38654],[114.16045,22.38672],[114.16046,22.38673],[114.1606,22.38684],[114.16069,22.38697],[114.16086,22.38739],[114.16087,22.38739],[114.16094,22.38752],[114.16102,22.38762],[114.1613,22.38789],[114.16175,22.38852],[114.16178,22.3886],[114.16179,22.38863],[114.1618,22.38863],[114.16196,22.38892],[114.16209,22.38919],[114.1621,22.38919],[114.16214,22.38925],[114.16217,22.38931],[114.16234,22.38955],[114.16254,22.38998],[114.16272,22.39041],[114.16275,22.39086],[114.16279,22.39096],[114.1629,22.39109],[114.16308,22.39126],[114.16327,22.39135],[114.16352,22.39154],[114.16373,22.39165],[114.16399,22.39171],[114.16417,22.39173],[114.1643,22.39178],[114.16466,22.39218],[114.16477,22.39223],[114.16512,22.39227],[114.16516,22.39228],[114.16518,22.39247],[114.16522,22.39259],[114.16533,22.39274],[114.16547,22.39284],[114.16574,22.39298],[114.16625,22.39319],[114.16704,22.39348],[114.16729,22.3936],[114.16738951070867,22.39368379849152],[114.16742995,22.39370105],[114.16745082521324,22.393735431758518],[114.16748,22.39376],[114.16762,22.39391],[114.16782,22.39418],[114.16814,22.3948],[114.16818,22.39494],[114.16814,22.39506],[114.1681,22.39515],[114.16799,22.39528],[114.16765,22.39559],[114.16764,22.39568],[114.1677,22.39596],[114.16765,22.39613],[114.16765,22.39631],[114.16764,22.39644],[114.16759,22.39663],[114.16757,22.39677],[114.16758,22.39694],[114.16763,22.39713],[114.16771,22.39729],[114.16774,22.39737],[114.1677,22.39745],[114.16757,22.39756],[114.16734,22.39776],[114.16712,22.39787],[114.1670633986694,22.397888112425793],[114.16686870495114,22.39802518019544],[114.16686,22.39806],[114.16683,22.3981],[114.16679,22.39815],[114.16673,22.39819],[114.16663,22.39823],[114.16654901773282,22.398250245566796],[114.1662898343671,22.398432715171804],[114.16631,22.39845],[114.16642,22.3985],[114.16645,22.39852],[114.16645,22.39853],[114.16644,22.39856],[114.16642,22.39857],[114.16639,22.39857],[114.16622,22.39853],[114.16615164911042,22.39853],[114.16596086330604,22.398664316530198],[114.16597,22.39871],[114.16599,22.39876],[114.16607,22.39887],[114.16608,22.39901],[114.16612,22.39908],[114.16618,22.39909],[114.16635,22.39909],[114.16642,22.39912],[114.16664,22.39927],[114.16688,22.39938],[114.16696,22.39946],[114.16704,22.39957],[114.16709,22.39971],[114.1671,22.39983],[114.16711,22.39997],[114.16713,22.40007],[114.16726,22.40036],[114.1673,22.40043],[114.16735,22.40047],[114.1674,22.4005],[114.16749,22.40054],[114.16755,22.40058],[114.1676,22.40064],[114.16764,22.40072],[114.16767,22.40077],[114.16785,22.40095],[114.16788,22.40098],[114.16789,22.40102],[114.16789,22.401055996636885],[114.16789345,22.40105977],[114.16788824034901,22.40106703860393],[114.16788,22.4011],[114.16784,22.40118],[114.16775,22.4013],[114.16764857309758,22.40140142690242],[114.16728830939678,22.401904073656173],[114.16728,22.40192],[114.16729,22.40197],[114.1673,22.40198],[114.1674,22.40204],[114.16746,22.40209],[114.16754,22.40217],[114.16761,22.40225],[114.16764,22.40231],[114.16768,22.4024],[114.16769,22.40247],[114.16769,22.40254],[114.16769,22.40258],[114.16767,22.40261],[114.16764,22.40263],[114.1676,22.40263],[114.16755,22.40262],[114.16742,22.40253],[114.16735,22.40251],[114.1673,22.40251],[114.16726,22.40252],[114.16722,22.40253],[114.16719,22.40257],[114.16718,22.40261],[114.16719,22.40265],[114.16727,22.40281],[114.16731,22.4029],[114.16734,22.40306],[114.16735,22.40315],[114.16733,22.40322],[114.1672,22.40351],[114.16717,22.40354],[114.16713,22.40363],[114.16714,22.40365],[114.1671,22.4038],[114.16708,22.40393],[114.16709,22.40405],[114.16713,22.40427],[114.16717,22.40443],[114.16721,22.40453],[114.16727,22.40459],[114.16733,22.40466],[114.16769,22.40489],[114.16772,22.40494],[114.16773,22.405],[114.16769,22.40505],[114.16737,22.40539],[114.16728,22.40551],[114.16725,22.40558],[114.16722,22.40573],[114.1672,22.40579],[114.16717,22.40582],[114.16711,22.40588],[114.16689,22.40602],[114.16672,22.40616],[114.16666,22.40621],[114.16665,22.40626],[114.16665,22.4063],[114.16666,22.40636],[114.16673,22.40656],[114.16673,22.40663],[114.16672,22.40669],[114.16669,22.40672],[114.16654,22.40687],[114.1665,22.40693],[114.16649,22.40698],[114.16651,22.40712],[114.16652,22.40721],[114.16651,22.40728],[114.16649,22.40734],[114.16646,22.40738],[114.16643,22.40741],[114.1663,22.40747],[114.16619,22.4076],[114.16604,22.40771],[114.16599,22.40775],[114.16592,22.40791],[114.16572,22.4083],[114.16567,22.40837],[114.16556,22.40848],[114.16547,22.40859],[114.16534,22.40883],[114.16528,22.40896],[114.16525,22.40906],[114.16523,22.40918],[114.16522,22.40952],[114.16521,22.40955],[114.16521,22.40964],[114.16523,22.40969],[114.16528,22.40976],[114.16549,22.40989],[114.16563,22.41003],[114.16567,22.41009],[114.16569,22.41016],[114.16567,22.41022],[114.1656,22.41037],[114.16558,22.41047],[114.16563,22.41061],[114.16567,22.41068],[114.16567,22.41074],[114.16565,22.41081],[114.16561,22.41087],[114.16556,22.41092],[114.16534,22.41107],[114.16527,22.41113],[114.16522,22.4112],[114.16522,22.41124],[114.16522,22.41129],[114.16524,22.41132],[114.16528,22.41136],[114.16537,22.41138],[114.16543,22.41139],[114.16561,22.41138],[114.16579,22.41139],[114.16594,22.41141],[114.166,22.41144],[114.16609,22.41147],[114.16694,22.4118],[114.16732,22.41193],[114.1674,22.41196],[114.16771,22.41203],[114.16784,22.41208],[114.16789,22.41212],[114.16794,22.41216],[114.16807,22.41222],[114.16815,22.41223],[114.1682,22.41227],[114.16826,22.41228],[114.16867,22.41245],[114.16883,22.41258],[114.16899,22.41271],[114.16913,22.41285],[114.16919,22.41293],[114.17341,22.41284],[114.17342072694332,22.41438467983911],[114.1764250713007,22.414976953181444],[114.1734208897362,22.414408122014528],[114.17343,22.41572],[114.18513,22.41563],[114.18517731002115,22.416702360479434],[114.18527744,22.4167221],[114.19161169763755,22.418473160192537],[114.19868,22.41861],[114.1992,22.42164],[114.19963,22.42154],[114.20013,22.42169],[114.20024,22.42222],[114.20005,22.42255],[114.20027,22.42303],[114.20042,22.42354],[114.20052,22.42401],[114.20054,22.42435],[114.20075,22.42438],[114.20087,22.4244],[114.201,22.42445],[114.20106,22.4245],[114.20107,22.42459],[114.20233,22.42539],[114.20252,22.42505],[114.20223,22.42487],[114.20228,22.42419],[114.20249,22.42337],[114.20221,22.4229],[114.20239,22.42282],[114.20264,22.42316],[114.20286,22.42333],[114.20303,22.4234],[114.20317,22.42339],[114.20347,22.42317],[114.20355,22.42306],[114.20352,22.42284],[114.20336,22.42247],[114.20353,22.42239],[114.20369,22.4227],[114.20398,22.4226],[114.20341,22.42392],[114.20342,22.42414],[114.20329,22.42432],[114.20341,22.42471],[114.20365,22.42467],[114.20448,22.42579],[114.20473,22.42609],[114.20504,22.42606],[114.20515,22.4254],[114.20521,22.4252],[114.20535,22.42517],[114.20615,22.42553],[114.20663,22.42546],[114.20666,22.42553],[114.20689,22.42588],[114.20754,22.42657],[114.20771,22.42672],[114.21083145070938,22.428789075898784],[114.21327903,22.42705016],[114.21440784,22.42580412],[114.21497534,22.42465624],[114.21511314,22.42323066],[114.21479986,22.42182668],[114.21450614,22.42142911],[114.21389222,22.4231858],[114.21451096,22.42137233],[114.21465459,22.41840172],[114.21424446,22.41725824],[114.21471672,22.4171283],[114.21423452,22.41719112],[114.21408302,22.41662599],[114.21454114,22.41623615],[114.21478269,22.41493284],[114.21364312,22.41206377],[114.2137139,22.41097758],[114.21619807,22.40926358],[114.21551026,22.40950612],[114.2181662,22.40732276],[114.21880731,22.40678786],[114.21914844,22.40720624],[114.22114378,22.41055131],[114.22394688,22.42121058],[114.22628283,22.42562414],[114.22825927,22.42781814],[114.23130436,22.42825458],[114.23345093,22.42722315],[114.23349368,22.42758963],[114.23496614,22.42853704],[114.23406163,22.42952362],[114.23507547,22.42863184],[114.23568491,22.42946394],[114.23897855,22.43201614],[114.23886687,22.43400518],[114.23694797,22.43552872],[114.23711797,22.43625864],[114.238012,22.43688581],[114.24008307,22.43682791],[114.24078156,22.43737587],[114.24194477,22.43742631],[114.24340233,22.43685241],[114.24507565,22.43540651],[114.24710429,22.43627469],[114.24781126,22.43616053],[114.24780365,22.43485979],[114.24602032,22.43449783],[114.2454332,22.43388938],[114.24466527,22.43378567],[114.24413593,22.43320145],[114.24404002,22.43257689],[114.24389188,22.43291237],[114.24414916,22.43199127],[114.2445914,22.43133375],[114.24550212,22.43079978],[114.24614258,22.4309599],[114.24707575,22.43222475],[114.24826974,22.43252076],[114.24859734,22.43295243],[114.24961,22.43318263973431],[114.24961,22.43287],[114.24972,22.43256],[114.24973,22.4325],[114.24972,22.43244],[114.24968,22.43237],[114.24912,22.43194],[114.24948,22.43142],[114.24934,22.43129],[114.24809,22.43004],[114.24803,22.42996],[114.24801,22.4299],[114.248,22.42984],[114.24802,22.42981],[114.24804,22.42978],[114.24853,22.42969],[114.24861,22.42966],[114.24866,22.42961],[114.2488,22.42929],[114.24846,22.42917],[114.2479,22.42902],[114.24767,22.42898],[114.24752,22.42897],[114.24731,22.42864],[114.24714,22.42836],[114.24709,22.42823],[114.24705,22.42805],[114.24704,22.42797],[114.24704,22.42786],[114.24703,22.42781],[114.24703,22.42777],[114.24704,22.42773],[114.24707,22.42769],[114.2471,22.42766],[114.24715,22.42763],[114.24719,22.42762],[114.24724,22.42762],[114.24729,22.42763],[114.24734,22.42765],[114.24738,22.42771],[114.2476,22.42782],[114.24763,22.42786],[114.24767,22.42789],[114.24771,22.4279],[114.24776,22.4279],[114.24781,22.4279],[114.24786,22.42789],[114.2479,22.42786],[114.24793,22.42783],[114.24796,22.4278],[114.24798,22.42775],[114.24838,22.42724],[114.24865,22.42687],[114.24895,22.4264],[114.24923,22.42593],[114.24931,22.42588],[114.24935,22.42577],[114.24934,22.42568],[114.2493,22.4256],[114.24923,22.42555],[114.24913,22.42551],[114.24906,22.42551],[114.24898,22.42547],[114.24891,22.42541],[114.24885,22.42534],[114.24883,22.42526],[114.24882,22.42517],[114.24885,22.42507],[114.24887,22.42498],[114.24887,22.42489],[114.24885,22.4248],[114.24881,22.42472],[114.24868,22.42453],[114.24865,22.42444],[114.24864,22.42435],[114.24865,22.42426],[114.24867,22.42417],[114.24873,22.4241],[114.24877,22.42406],[114.24897,22.4237],[114.24915,22.42328],[114.24931,22.42285],[114.24938,22.42273],[114.24941,22.42265],[114.24943,22.42251],[114.24943,22.42242],[114.24941,22.42233],[114.24938,22.42226],[114.24842,22.42019],[114.24833,22.41994],[114.24828,22.41971],[114.24825,22.41949],[114.24825,22.41922],[114.24826,22.4191],[114.24825,22.41886],[114.24829,22.41875],[114.24829,22.41873],[114.24823,22.41867],[114.24822,22.41863],[114.24822,22.41853],[114.2482566766447,22.418258592829297],[114.24825246771486,22.418116169287153],[114.24825,22.41811],[114.24824,22.41798],[114.24839,22.41679],[114.24843,22.41669],[114.24881,22.41564],[114.24896,22.41528],[114.24901,22.41507],[114.249,22.41494],[114.24897,22.41483],[114.24893,22.41477],[114.24887,22.41469],[114.24867,22.41454],[114.24859,22.41451],[114.24856,22.41448],[114.24852,22.41441],[114.24849,22.41431],[114.24848,22.41419],[114.24861,22.41408],[114.24869,22.41402],[114.24927,22.41348],[114.24962,22.41312],[114.24967,22.41306],[114.24981,22.41293],[114.24987,22.41286],[114.24998,22.4127],[114.25011,22.41255],[114.25016,22.41251],[114.25022,22.41242],[114.2503,22.41235],[114.25048,22.4121],[114.25051,22.41203],[114.25058,22.41193],[114.25064,22.41187],[114.25068,22.41186],[114.25074,22.41181],[114.25086,22.41177],[114.25089,22.41175],[114.25094,22.41169],[114.25112,22.41145],[114.25113602209468,22.411429972381637],[114.25104494967567,22.411526157354693],[114.25135,22.411043372749297],[114.25135,22.41101]],[[114.20194276,22.39047409],[114.19021078,22.37825181],[114.20000933,22.38844883],[114.2181662,22.40732276],[114.20194276,22.39047409]],[[114.1944175592599,22.41744657795938],[114.19399023722072,22.418159200950946],[114.19392372,22.41788304],[114.1944175592599,22.41744657795938]],[[114.1952819838955,22.41697051273774],[114.19483274712397,22.41707962912177],[114.19488597,22.41703259],[114.1952819838955,22.41697051273774]],[[114.19556146,22.41690263],[114.19554233806826,22.416907274579824],[114.195567982103,22.416790447293526],[114.19556146,22.41690263]],[[114.19670313,22.41667028],[114.19569046174675,22.41623246316382],[114.19570968,22.41614491],[114.19670313,22.41667028]],[[114.17734261,22.39611374],[114.17828467728691,22.396415283348947],[114.17828118,22.3964173],[114.17734261,22.39611374]],[[114.177193718273,22.39577647467669],[114.1772088,22.39577747],[114.17734261,22.39611374],[114.177193718273,22.39577647467669]],[[114.1758365727005,22.395686909428463],[114.17716555480162,22.39577461601955],[114.17583048,22.39583874],[114.1758365727005,22.395686909428463]],[[114.17602144066753,22.395123236874348],[114.17584803149798,22.395401355301978],[114.17585613,22.39519954],[114.17602144066753,22.395123236874348]],[[114.17823405,22.39410379],[114.17820525063937,22.394115246711536],[114.17823861365997,22.394099847204707],[114.17823405,22.39410379]],[[114.18276228604523,22.3914925841058],[114.18261736,22.39149672],[114.18226015,22.39105846],[114.18163517,22.39017078],[114.18276228604523,22.3914925841058]],[[114.18083088215377,22.389801716811945],[114.18084731,22.38979617],[114.18163517,22.39017078],[114.18083088215377,22.389801716811945]],[[114.18324915,22.39147869],[114.18283477201415,22.39149051550386],[114.18375585082788,22.391066284183008],[114.18324915,22.39147869]],[[114.18467849689765,22.391123270629087],[114.18466847,22.39113181],[114.18376453397899,22.391062284889344],[114.18377197,22.39105886],[114.18467849689765,22.391123270629087]],[[114.19101346,22.39374623],[114.19103204312334,22.393408450847758],[114.19116947196598,22.393753863720978],[114.19101346,22.39374623]],[[114.19158795,22.39377434],[114.19125410329472,22.393758004761988],[114.1915988371497,22.393658861182818],[114.19158795,22.39377434]],[[114.18991164,22.37353452],[114.18706051300855,22.37649360155237],[114.1880012,22.37523815],[114.18991164,22.37353452]],[[114.19084364,22.37280118],[114.19078001361089,22.37273629579225],[114.19133818267427,22.372990295573416],[114.19084364,22.37280118]],[[114.19655705444083,22.37006519625192],[114.19612949,22.37195043],[114.19649549,22.37014087],[114.19655705444083,22.37006519625192]],[[114.19771580341133,22.367683732166267],[114.19706404,22.36944202],[114.19769992,22.36768976],[114.19771580341133,22.367683732166267]],[[114.19854557769054,22.367419213321043],[114.19842312857348,22.367415298743108],[114.19847767,22.3673946],[114.19854557769054,22.367419213321043]],[[114.20001224658894,22.370204674428187],[114.19950449,22.36957877],[114.20001009,22.3701577],[114.20001224658894,22.370204674428187]],[[114.20011663601016,22.37108461311376],[114.2001148495809,22.371066880648986],[114.20030283512493,22.37116766974487],[114.20011663601016,22.37108461311376]],[[114.20317505,22.37244886],[114.20292313748058,22.372336491016807],[114.20440698539127,22.372048764157004],[114.20317505,22.37244886]],[[114.20554222353947,22.370741256505376],[114.20481852,22.37191511],[114.20471944625649,22.371947286194636],[114.20552955,22.37074644],[114.20554222353947,22.370741256505376]],[[114.20701581850687,22.370242603511052],[114.2068023992353,22.3702258429572],[114.20692512,22.37017565],[114.20701581850687,22.370242603511052]],[[114.20889517,22.3716376],[114.20883686447884,22.371586897103185],[114.20891396600165,22.37164381333959],[114.20889517,22.3716376]],[[114.2212324264751,22.38151824284693],[114.21944387,22.37952177],[114.22123583,22.38150634],[114.2212324264751,22.38151824284693]],[[114.22408742838716,22.39060255952114],[114.22225759,22.3891642],[114.22408567,22.39059333],[114.22408742838716,22.39060255952114]],[[114.22446144191663,22.392571236665805],[114.22412496,22.39176783],[114.22409657847467,22.39065058701337],[114.22444845,22.39249751],[114.22446144191663,22.392571236665805]],[[114.23339783,22.38455238],[114.23339368748488,22.38455715979811],[114.23374884,22.38205178],[114.23339783,22.38455238]],[[114.23436058,22.3809542],[114.23431551927399,22.381035047666757],[114.23370255556438,22.379583468642405],[114.23436058,22.3809542]],[[114.23432851,22.37689009],[114.23333319556689,22.37877750144017],[114.2333277,22.37876601],[114.23432851,22.37689009]],[[114.18992401,22.37186337],[114.19209919809947,22.369934193370632],[114.19194394,22.37026962],[114.18992401,22.37186337]],[[114.16062717,22.37739828],[114.16072519850051,22.377249788502493],[114.16041846,22.37887013],[114.16062717,22.37739828]],[[114.16743595436218,22.369208799284852],[114.16743437,22.3692164],[114.16605625,22.37030033],[114.16743595436218,22.369208799284852]],[[114.16740624057586,22.36840292267255],[114.16753641,22.36872688],[114.16744348424896,22.369172675900103],[114.16740624057586,22.36840292267255]],[[114.16671373,22.36783438],[114.16726031,22.36803974],[114.16732243069379,22.368194342004806],[114.16671373,22.36783438]],[[114.1668492126455,22.36691534331224],[114.16697484,22.36698014],[114.16712795,22.36718766],[114.1668492126455,22.36691534331224]],[[114.16404123325464,22.365608687742863],[114.1642127,22.36555547],[114.1643232156018,22.36561247227448],[114.16404123325464,22.365608687742863]],[[114.1628091843598,22.36601848710568],[114.16285705,22.36597622],[114.1632361796753,22.365858550386985],[114.1628091843598,22.36601848710568]],[[114.16085431,22.3676685],[114.16053067266886,22.367802102550133],[114.16093629500064,22.367598318689033],[114.16085431,22.3676685]],[[114.15779539,22.36893127],[114.15771218648753,22.36885807776535],[114.15783925270996,22.368913162787564],[114.15779539,22.36893127]],[[114.15733129994724,22.368523020551955],[114.15722534,22.36842981],[114.15747705940844,22.366600230118063],[114.15750415,22.3666292],[114.15733129994724,22.368523020551955]],[[114.1566250906226,22.365689159752957],[114.15730008189492,22.366410975569618],[114.15659011,22.36583019],[114.155256,22.36772804],[114.15484370986087,22.36810589685316],[114.1566250906226,22.365689159752957]],[[114.15408618,22.36880016],[114.15207450031197,22.370017575966685],[114.15445112249743,22.368465696449753],[114.15408618,22.36880016]],[[114.15193189,22.37010388],[114.150563,22.37029993],[114.1519507834116,22.370092446201124],[114.15193189,22.37010388]],[[114.14887401863024,22.371826903159192],[114.14889404,22.37175703],[114.150563,22.37029993],[114.14887401863024,22.371826903159192]],[[114.14232549,22.35963054],[114.14218295313766,22.359493632593942],[114.14267959113141,22.359663662631505],[114.14232549,22.35963054]],[[114.14173807,22.35906632],[114.14171363000841,22.35888773096002],[114.14198507726859,22.35930357178081],[114.14173807,22.35906632]],[[114.14708600068099,22.344391926835538],[114.14818254,22.34526305],[114.14710556,22.3444298],[114.14708600068099,22.344391926835538]],[[114.15814443836746,22.363493687954996],[114.158156,22.36356959],[114.15813641479275,22.363593738479175],[114.15814443836746,22.363493687954996]],[[114.15988583809931,22.358632846779546],[114.15990597,22.35865908],[114.15907789,22.35976127],[114.15988583809931,22.358632846779546]],[[114.15867099685235,22.354852789073835],[114.15871967,22.35492085],[114.15933184,22.35791095],[114.15867099685235,22.354852789073835]],[[114.16207874,22.3576713],[114.15970494034781,22.354127235622542],[114.15970685365207,22.35412717275737],[114.16453762206383,22.360734287773475],[114.16207874,22.3576713]],[[114.17016397,22.36562307],[114.16613429,22.36272323],[114.16589757701402,22.362428360639438],[114.17016397,22.36562307]],[[114.18546727,22.37919201],[114.18568514396199,22.379517749260668],[114.18529911808167,22.379084376885803],[114.18546727,22.37919201]],[[114.18660322,22.37710391],[114.18694808181037,22.376643653507546],[114.18603402,22.37931158],[114.18660322,22.37710391]],[[114.18434344,22.35008747],[114.18484044,22.34967491],[114.18484323067615,22.34968169065018],[114.18434344,22.35008747]],[[114.19249136,22.36767694],[114.19238141,22.36932449],[114.1923006719601,22.36949892011784],[114.19249136,22.36767694]],[[114.16014031315136,22.354061053711952],[114.16166965,22.35321347],[114.1616724737305,22.353223095291664],[114.16041365,22.35404056],[114.16014031315136,22.354061053711952]],[[114.16223628,22.35514495],[114.16268317,22.35524884],[114.16268507036288,22.35525694967647],[114.16223628,22.35514495]],[[114.16279048,22.35595827],[114.1626968730882,22.35530731704782],[114.162843295634,22.355932165847225],[114.16279048,22.35595827]],[[114.16871005,22.35629101],[114.16751685,22.35515777],[114.16872365895983,22.356281645932427],[114.16871005,22.35629101]],[[114.16930809,22.35587951],[114.16876186448131,22.356255357436527],[114.16969144,22.35509275],[114.16930809,22.35587951]],[[114.17271725,22.35499443],[114.17271136782092,22.354992607762167],[114.17289677930717,22.3549346325128],[114.17271725,22.35499443]],[[114.17361145239339,22.35471116550315],[114.17362842,22.35470586],[114.1738245,22.35611725],[114.17361145239339,22.35471116550315]],[[114.1731999325485,22.357225917346415],[114.17318473,22.35705977],[114.1738245,22.35611725],[114.1731999325485,22.357225917346415]],[[114.17325352,22.35781157],[114.17322793675028,22.35753197286174],[114.17343954873749,22.35797744437322],[114.17325352,22.35781157]],[[114.17370838559921,22.35821715543365],[114.17517933,22.35884318],[114.17519344851023,22.358858407850633],[114.17389788,22.35838612],[114.17370838559921,22.35821715543365]],[[114.18061713,22.36381482],[114.1805333657661,22.363748894971966],[114.18105797510194,22.364030634956492],[114.18061713,22.36381482]],[[114.18376015,22.36535348],[114.18345877748233,22.36520594360569],[114.18384146291574,22.3652700230465],[114.18376015,22.36535348]],[[114.18529716134806,22.36379431359971],[114.18532442,22.3637632],[114.18543091868045,22.363732593646763],[114.18529716134806,22.36379431359971]],[[114.18641482,22.36425711],[114.18678555,22.36334329],[114.18647259051106,22.364260359141515],[114.18641482,22.36425711]],[[114.18766752975772,22.36433303729628],[114.1876792,22.36433339],[114.18775551316155,22.364966804507237],[114.18769841,22.36496119],[114.18766752975772,22.36433303729628]],[[114.18824376,22.36501481],[114.18801120424213,22.364991944611283],[114.18908069691598,22.364969473045093],[114.18824376,22.36501481]],[[114.18932443,22.36495627],[114.18930216274543,22.364957476219367],[114.18930326,22.36432525],[114.18932443,22.36495627]],[[114.19093543182134,22.363458142909572],[114.19098082,22.36343403],[114.19127335,22.36477547],[114.19093543182134,22.363458142909572]],[[114.19208978,22.36576242],[114.19208660058415,22.365765735108454],[114.19127335,22.36477547],[114.19208978,22.36576242]],[[114.18370662,22.38202883],[114.18371494470384,22.382019066664174],[114.18373074,22.38260246],[114.18370662,22.38202883]],[[114.17977556,22.3853596],[114.18076885727758,22.38518336893609],[114.17934612,22.38569095],[114.17977556,22.3853596]],[[114.22035366,22.40584174],[114.22213244675983,22.404535005372782],[114.22010252034298,22.406126069883346],[114.22035366,22.40584174]],[[114.22255771661523,22.404222593082274],[114.22270415,22.40411502],[114.22571892361123,22.40274885891848],[114.22537012,22.40302485],[114.22255771661523,22.404222593082274]],[[114.22768747,22.40020107],[114.22590848,22.40168818],[114.2279521,22.39969102],[114.22835059,22.3988165],[114.22885260281166,22.398328614385846],[114.22768747,22.40020107]],[[114.22721441868026,22.398566005671473],[114.22722599,22.39857407],[114.2279521,22.39969102],[114.22721441868026,22.398566005671473]],[[114.22437014,22.39665362],[114.22437416432619,22.39658656471396],[114.22712363271128,22.39850273476579],[114.22437014,22.39665362]],[[114.22457609616963,22.39322187783251],[114.22465433,22.39366584],[114.22441434566649,22.395917043620678],[114.22457609616963,22.39322187783251]],[[114.2002228939579,22.372139351386203],[114.2005401,22.37509876],[114.20045029,22.37794858],[114.20047199,22.37461193],[114.2002228939579,22.372139351386203]],[[114.24876098,22.4230852],[114.24875340748675,22.423071935742684],[114.24928974,22.42288146],[114.24617513,22.42411024],[114.24876098,22.4230852]],[[114.24313402,22.42484291],[114.24305683583874,22.424771999954825],[114.24617513,22.42411024],[114.24313402,22.42484291]],[[114.24836423307318,22.421898132603847],[114.24834612783616,22.421285479960147],[114.24842202,22.42178239],[114.24836423307318,22.421898132603847]],[[114.229641282803,22.397061146623546],[114.22977188,22.39667349],[114.23093193,22.39498698],[114.229641282803,22.397061146623546]],[[114.23218800070075,22.39023452645048],[114.23215138,22.39016624],[114.23216515510562,22.390165126600017],[114.23218800070075,22.39023452645048]],[[114.23039918,22.40380294],[114.23211002704926,22.403647491961813],[114.23210274,22.40365013],[114.23039918,22.40380294]],[[114.23212253039416,22.403642965534154],[114.23375413224942,22.402938786550713],[114.2335722,22.40311816],[114.23212253039416,22.403642965534154]],[[114.23397688558883,22.402719166142784],[114.23458706,22.40153647],[114.23427183,22.40242837],[114.23397688558883,22.402719166142784]],[[114.23719714562054,22.401054716039635],[114.23749237,22.40092701],[114.23822584,22.4011049],[114.23719714562054,22.401054716039635]],[[114.24685495,22.40010846],[114.24765408,22.39943388],[114.247659945037,22.39943534158945],[114.24685495,22.40010846]],[[114.24914238,22.39980477],[114.25006237,22.40054302],[114.25006075074485,22.400574705036767],[114.24914238,22.39980477]],[[114.25001516687014,22.40146667487579],[114.25000326823665,22.401699503310432],[114.24998715,22.4016613],[114.25001516687014,22.40146667487579]],[[114.25023293633726,22.40224386073183],[114.25029761596643,22.40238979934449],[114.25029391,22.40238838],[114.25023293633726,22.40224386073183]],[[114.25071194018781,22.402563372289297],[114.25071556,22.40256484],[114.25073243708691,22.402630834594532],[114.25071194018781,22.402563372289297]],[[114.25119765,22.40444996],[114.25148642,22.40715386],[114.25146533088166,22.407242706704412],[114.2510691459313,22.40394746961443],[114.25119765,22.40444996]],[[114.24707640571287,22.407005245584127],[114.24528884,22.40703004],[114.2466083,22.40689639],[114.24707640571287,22.407005245584127]],[[114.23347447,22.41330019],[114.23326768701436,22.413773967821605],[114.23327825,22.41367958],[114.23347447,22.41330019]],[[114.23277816350516,22.414895556143293],[114.2327245008458,22.415018507157725],[114.2327121,22.41497799],[114.23277816350516,22.414895556143293]]],[[[114.2513,22.41119],[114.25135,22.41111],[114.25135,22.411062562802922],[114.25125832501234,22.411231674987658],[114.2513,22.41119]]],[[[114.24827,22.41816],[114.24826524352801,22.41814810882003],[114.2482570704346,22.418255678783982],[114.24827,22.41816]]],[[[114.18525,22.41835],[114.19149865540545,22.418470971735324],[114.18518219630974,22.4168131163542],[114.18525,22.41835]]],[[[114.16754,22.40151],[114.16745,22.40161],[114.1674,22.40169],[114.16729020340448,22.401900443474762],[114.16759410596761,22.401455894032388],[114.16754,22.40151]]],[[[114.16613,22.39853],[114.16608,22.39854],[114.16602,22.39858],[114.16598,22.39861],[114.16596,22.39866],[114.16596085853296,22.398664292664787],[114.16614601013077,22.39853],[114.16613,22.39853]]],[[[114.16651,22.39826],[114.16643,22.39826],[114.16626,22.39825],[114.16624,22.39825],[114.16621,22.39826],[114.1662,22.39828],[114.1662,22.39831],[114.16624,22.39839],[114.16628539025419,22.39842890593216],[114.16652261024802,22.398256847437995],[114.16651,22.39826]]],[[[114.16687,22.39795],[114.16687,22.39800488150272],[114.16700540559054,22.397906670211025],[114.16687,22.39795]]],[[[114.14859,22.37738],[114.14860922710547,22.377429441128328],[114.14858203332169,22.37729634987771],[114.14859,22.37738]]],[[[114.15756,22.34604],[114.15736,22.34618],[114.15730690281909,22.346330442012604],[114.15773029034274,22.3459718838629],[114.15756,22.34604]]],[[[114.15825,22.34551],[114.15814,22.34562],[114.15793,22.34575],[114.1578583677192,22.345863417777917],[114.15828644369279,22.345500889076803],[114.15825,22.34551]]],[[[114.16189,22.34766],[114.16185,22.34763],[114.16176867405012,22.34762043224119],[114.1619313751985,22.347723943488596],[114.16189,22.34766]]],[[[114.17403,22.34805],[114.17384,22.34814],[114.17368131968617,22.34829868031384],[114.17421155155975,22.34803547587522],[114.17403,22.34805]]],[[[114.19904,22.3555],[114.19900186331272,22.355519068343646],[114.19905203401359,22.355495988662135],[114.19904,22.3555]]],[[[114.20817,22.3552],[114.20811,22.35516],[114.20798,22.3551],[114.20791,22.35509],[114.20788765509788,22.35509],[114.20810467,22.35516192],[114.20831392231474,22.355319935262283],[114.20817,22.3552]]],[[[114.21015,22.3554],[114.21008,22.35543],[114.21003,22.35545],[114.20992114165513,22.355515315006926],[114.21014719,22.35540407],[114.21023489090081,22.355385851516534],[114.21015,22.3554]]],[[[114.21458,22.3569],[114.21433,22.35687],[114.21426,22.35689],[114.21408082819013,22.35698290390141],[114.21465342730575,22.356936713652875],[114.21458,22.3569]]],[[[114.21723,22.35764],[114.21716,22.35756],[114.21709,22.35749],[114.21692,22.35738],[114.21685,22.35734],[114.21649,22.35721],[114.21645802363872,22.35720289414194],[114.21735584678477,22.35782392991621],[114.21723,22.35764]]],[[[114.2286,22.37072],[114.22853,22.37069],[114.22836,22.37071],[114.2283,22.37073],[114.22822,22.37073],[114.22771,22.37057],[114.22727,22.3707],[114.22709854938384,22.370724492945165],[114.22863956153775,22.370749671153312],[114.2286,22.37072]]],[[[114.23067,22.37078],[114.23054,22.37078],[114.23053728940273,22.370780677649318],[114.23069010493684,22.37078317446371],[114.23067,22.37078]]]]}},{"type":"Feature","properties":{"地區號碼":"S","District":"Kwai Tsing","地區":"葵青","Administrative District Boundary of Hong Kong":"Administrative District Boundary of Hong Kong"},"geometry":{"type":"MultiPolygon","coordinates":[[[[114.14901,22.38028],[114.14901046964548,22.380279019269746],[114.14900980804028,22.3802798249016],[114.14901,22.38028]]],[[[114.14358,22.38452],[114.14447,22.38444],[114.14441,22.38379],[114.14448,22.38363],[114.14448,22.38341],[114.1446,22.38332],[114.14465,22.38322],[114.14465,22.38295],[114.14462,22.38284],[114.14459,22.38278],[114.14451,22.38274],[114.14436,22.38268],[114.14424,22.38255],[114.14418,22.38251],[114.14408,22.38247],[114.14389,22.38247],[114.14385,22.38244],[114.14372,22.38222],[114.14373,22.3821],[114.14382,22.38191],[114.14384,22.38168],[114.1438,22.38163],[114.14376,22.38161],[114.14356,22.3816],[114.14348,22.38158],[114.14329,22.38156],[114.14317,22.38159],[114.14302,22.38167],[114.14292,22.38168],[114.14289,22.38167],[114.14288,22.38165],[114.14288,22.38159],[114.14288,22.38155],[114.14299,22.38144],[114.14302,22.38141],[114.14313,22.38137],[114.14334,22.38131],[114.14342,22.38129],[114.14359,22.38119],[114.14363,22.38115],[114.14377,22.38086],[114.14395,22.38082],[114.1443,22.38079],[114.14439,22.38071],[114.14439,22.38063],[114.14425,22.38053],[114.14414,22.3804],[114.14411,22.38037],[114.14401,22.38038],[114.1438,22.3805],[114.14372,22.3805],[114.14366,22.38047],[114.14359,22.38043],[114.14357,22.38037],[114.14381,22.37919],[114.14409,22.37915],[114.14416,22.37912],[114.14423,22.37905],[114.14424,22.37901],[114.14417,22.37878],[114.14417,22.37856],[114.14423,22.37839],[114.14429,22.37834],[114.14438,22.37835],[114.1444,22.37836],[114.14444,22.37847],[114.14448,22.37866],[114.14455,22.37872],[114.14472,22.37874],[114.1449,22.3787],[114.14495,22.37871],[114.14521,22.37878],[114.14539,22.37891],[114.14542,22.37891],[114.14568,22.37871],[114.14574,22.37857],[114.14601,22.3784],[114.1461,22.37832],[114.14618,22.37813],[114.14619,22.37811],[114.14629,22.3781],[114.14637,22.37813],[114.1465,22.37819],[114.1466,22.37829],[114.14664,22.37841],[114.14669,22.37862],[114.14672,22.37864],[114.14695,22.37866],[114.14703,22.37873],[114.14711,22.37893],[114.14715,22.37895],[114.14721,22.37896],[114.14732,22.37892],[114.14736,22.37891],[114.14753,22.37893],[114.14900659618212,22.380276895166123],[114.14901821780347,22.380262839292755],[114.14935,22.37957],[114.14954,22.37962],[114.14957,22.37949],[114.14982,22.37926],[114.14954,22.379],[114.14951,22.37885],[114.14953,22.37882],[114.14972,22.37861],[114.1498,22.3785],[114.14985,22.37846],[114.14988,22.3784],[114.14996,22.37821],[114.14995,22.3781],[114.14987,22.37796],[114.14957,22.37758],[114.14954,22.37755],[114.1494,22.37767],[114.14934,22.37773],[114.14909,22.37797],[114.14898,22.37805],[114.14884,22.3781],[114.14872,22.37812],[114.14848,22.37811],[114.14861,22.37798],[114.14867,22.37786],[114.14867637141258,22.37775805739884],[114.14860922710547,22.377429441128328],[114.14859,22.37738],[114.14858203332169,22.37729634987771],[114.14839788825618,22.37639511093034],[114.14838,22.37639],[114.14809,22.37639],[114.14803,22.37642],[114.14797,22.3764],[114.14787,22.37641],[114.14779,22.37634],[114.14773,22.37632],[114.14737,22.37625],[114.14687,22.37609],[114.1464,22.37583],[114.1461,22.37562],[114.14604,22.37554],[114.14594,22.37546],[114.14587,22.37533],[114.14575,22.37522],[114.14564,22.37506],[114.14558,22.37503],[114.14545,22.37481],[114.14544737290811,22.374796864540585],[114.144994,22.37425409],[114.14499131680489,22.374198543581002],[114.14501525523174,22.374213648542842],[114.14501,22.37419],[114.14497,22.37385],[114.14497,22.37366],[114.145,22.37357],[114.14508,22.37345],[114.14516,22.37339],[114.14531,22.37335],[114.14536,22.37332],[114.14543,22.37325],[114.14556,22.37306],[114.14559,22.37298],[114.14558,22.37276],[114.14561,22.37259],[114.1456,22.37241],[114.14549,22.37221],[114.14579,22.37221],[114.14585,22.37218],[114.14599,22.37211],[114.14605,22.37206],[114.14612,22.37194],[114.14613,22.37193],[114.14626,22.37165],[114.1463,22.37154],[114.1463,22.37151],[114.14641,22.37147],[114.14647,22.37139],[114.14657,22.3713],[114.14668,22.37113],[114.14673,22.37101],[114.1468,22.37092],[114.14685,22.37088],[114.14692,22.37085],[114.14713,22.37085],[114.14686,22.37056],[114.14651,22.37016],[114.14631,22.36986],[114.14616,22.3697],[114.14587,22.36963],[114.14567,22.36958],[114.14549,22.36945],[114.14542,22.36937],[114.14527,22.36937],[114.14503,22.36928],[114.14498,22.36924],[114.14496,22.36916],[114.14498,22.3691],[114.14502,22.36907],[114.14514,22.36899],[114.14525,22.36875],[114.14532,22.36859],[114.14532,22.36849],[114.14523,22.3684],[114.14486,22.3683],[114.14478,22.36825],[114.14475,22.36821],[114.14474,22.36811],[114.14496,22.36786],[114.14515,22.3677],[114.14541,22.36735],[114.14534,22.3673],[114.14495,22.3673],[114.14469,22.36732],[114.14452,22.36729],[114.14449,22.3672],[114.14448,22.36712],[114.14449,22.36704],[114.14448,22.36686],[114.14462,22.36651],[114.14506,22.36595],[114.14539,22.36538],[114.14582,22.36495],[114.14598,22.3647],[114.14613,22.3641],[114.14589,22.36386],[114.14582,22.36381],[114.14574,22.36349],[114.14568,22.36339],[114.14555,22.36326],[114.1454,22.36317],[114.14534,22.36312],[114.14566,22.36254],[114.14563,22.36224],[114.14555,22.36204],[114.14533,22.36196],[114.145,22.36192],[114.14462,22.36192],[114.14441,22.36171],[114.14383,22.36099],[114.14324,22.36064],[114.14317,22.36046],[114.14313,22.36025],[114.14303557230903,22.360011153487555],[114.1431773,22.36052558],[114.14291998717347,22.35980132734762],[114.14281,22.35975],[114.14254,22.35974],[114.14235,22.35969],[114.14223,22.35965],[114.14218,22.35963],[114.14201,22.35947],[114.14187,22.3593],[114.1417,22.35906],[114.14155,22.35873],[114.14152,22.35838],[114.14152,22.35817],[114.14147,22.35781],[114.14136,22.35739],[114.14136,22.35736],[114.14143,22.35717],[114.14145,22.35697],[114.14141,22.35647],[114.14131,22.3559],[114.14131,22.35568],[114.14135,22.35525],[114.14147,22.35483],[114.14149,22.3544],[114.14159,22.35409],[114.1416,22.35356],[114.14174,22.35313],[114.14182,22.35279],[114.14187,22.35201],[114.14198,22.35156],[114.14215,22.35119],[114.14215647993407,22.350833603626015],[114.14200825,22.35034777],[114.14206,22.35002608057202],[114.14206,22.3496],[114.14217194855856,22.3493387866967],[114.1421703396223,22.34934018511346],[114.14218395,22.34925558],[114.14227117347997,22.34924540351639],[114.14229,22.34923],[114.14259,22.34916],[114.14273,22.34909],[114.14273,22.34908],[114.14293,22.34906],[114.14326,22.34914],[114.14356,22.34913],[114.1437,22.34901],[114.14396,22.34885],[114.14416,22.34877],[114.14432,22.34869],[114.14451,22.34869],[114.14465,22.34876],[114.14484,22.34883],[114.14494,22.34892],[114.1448,22.3486],[114.14471,22.34844],[114.14473,22.34797],[114.14478,22.34792],[114.1449,22.34783],[114.14507,22.34773],[114.14511,22.34768],[114.14511,22.3476],[114.14524,22.34715],[114.14539,22.34698],[114.14555,22.34689],[114.14574,22.34675],[114.14603,22.34665],[114.14621,22.34651],[114.14627,22.34641],[114.14635,22.34621],[114.14643,22.34599],[114.14647,22.34581],[114.14653,22.34543],[114.14656,22.34533],[114.14661,22.34521],[114.14669,22.34508],[114.14679,22.3449],[114.14684,22.34477],[114.14685,22.34466],[114.14685,22.34447],[114.14684,22.34417],[114.14682440510924,22.343885393243685],[114.14672049,22.34368418],[114.14678754610946,22.34321271649774],[114.14676,22.34271],[114.14676,22.34257],[114.14679,22.34249],[114.14691203391305,22.342337457608686],[114.14695364510216,22.342044894304504],[114.14687,22.34187],[114.14689,22.34177],[114.14694,22.34168],[114.14693,22.34162],[114.14696,22.34151],[114.14702,22.34141],[114.14709,22.34139],[114.14723,22.34135],[114.14741,22.34135],[114.14745,22.34134],[114.1476,22.34122],[114.14806,22.34103],[114.1484,22.34092],[114.14849,22.34092],[114.14864,22.34085],[114.14881,22.34072],[114.14893,22.3406],[114.14698,22.34004],[114.14678,22.34],[114.14653,22.33997],[114.14536,22.34],[114.14523,22.34002],[114.14509,22.34007],[114.14499,22.34011],[114.14489,22.34017],[114.14474,22.34029],[114.14433,22.34077],[114.14408,22.34102],[114.14395,22.34112],[114.1438,22.3412],[114.14364,22.34124],[114.14349,22.34127],[114.14333,22.34126],[114.14318,22.34124],[114.143,22.34119],[114.14292,22.34115],[114.14279,22.34108],[114.1427,22.34102],[114.14262,22.34094],[114.1422580585999,22.340544389632438],[114.14203486479406,22.340333682312913],[114.14205000159063,22.340342175365365],[114.14196,22.34026],[114.14177,22.34009],[114.14165,22.34002],[114.14152,22.33996],[114.14139,22.33991],[114.14128,22.33989],[114.14123632521215,22.339885632521217],[114.14146596184578,22.34001447853987],[114.14086753587812,22.339949229297662],[114.14121714353602,22.339883714353604],[114.14108,22.33987],[114.14088,22.33988],[114.14071,22.33991],[114.14036879340811,22.3400426914524],[114.14055412124577,22.34000796182723],[114.13935571306267,22.340688572228256],[114.13917,22.34081],[114.13898,22.34092],[114.13868,22.34108],[114.13856707378767,22.341136463106164],[114.13852924,22.34115795],[114.1385218906597,22.34115905467015],[114.13844,22.3412],[114.13828,22.34126],[114.13818,22.34203],[114.13716,22.34192],[114.13628,22.34148],[114.13597,22.34139],[114.13598,22.34111],[114.13598,22.34092],[114.13595,22.34073],[114.13591,22.34055],[114.13584,22.34035],[114.13573,22.34013],[114.13565,22.33998],[114.13551,22.33985],[114.13536,22.33972],[114.1352,22.33964],[114.13505,22.33959],[114.13484,22.33954],[114.13464,22.33954],[114.13446,22.33956],[114.13435,22.33959],[114.13422,22.33964],[114.13411,22.3397],[114.13394,22.33938],[114.1339,22.33932],[114.13386,22.33928],[114.13381,22.33925],[114.13366,22.33922],[114.13357,22.33923],[114.13307,22.33884],[114.133,22.33878],[114.13259,22.339],[114.13226,22.3392],[114.13207,22.33927],[114.13196,22.3393],[114.13182,22.33932],[114.13168,22.33931],[114.1322,22.33798],[114.13245,22.33755],[114.13283,22.33702],[114.1332,22.33654],[114.13359,22.33609],[114.13399,22.33572],[114.13444,22.33538],[114.13499,22.33506],[114.13644,22.33441],[114.13675,22.33429],[114.1383,22.33363],[114.13838,22.33368],[114.13862,22.33371],[114.13875,22.33367],[114.13891,22.33359],[114.139,22.33332],[114.1389777907995,22.333223760131176],[114.13595700906292,22.33442324488013],[114.13610879,22.33430667],[114.13896994047211,22.33318964283267],[114.13896,22.33313],[114.13876,22.33289],[114.14145,22.33173],[114.14177,22.33155],[114.14198,22.33134],[114.14207,22.33118],[114.14214,22.33096],[114.14212,22.33073],[114.14209,22.3305],[114.14201,22.3303],[114.14188,22.33014],[114.14049,22.32903],[114.14043,22.32894],[114.14043,22.3289],[114.14055,22.32875],[114.14063,22.32861],[114.1406,22.32845],[114.14057,22.32837],[114.14047,22.32835],[114.14034,22.32836],[114.14024,22.32841],[114.14005,22.3286],[114.13798,22.3271],[114.13805,22.32695],[114.13809,22.32678],[114.13802,22.3267],[114.13764,22.32648],[114.1365,22.32565],[114.13625,22.32542],[114.13609,22.32518],[114.1358,22.3245],[114.13551,22.32396],[114.13511,22.32361],[114.13487,22.32346],[114.13457,22.32337],[114.13285,22.32293],[114.1325,22.32283],[114.13225,22.32269],[114.13042,22.32138],[114.13033,22.32123],[114.13033,22.32093],[114.13047,22.32044],[114.1306,22.32012],[114.13066,22.31986],[114.13074,22.31971],[114.13097,22.31928],[114.13107,22.31907],[114.13118,22.3189],[114.13128,22.31877],[114.13143,22.31861],[114.13155,22.31852],[114.13176,22.31838],[114.13197,22.31828],[114.1319498429964,22.317845184636727],[114.13154332,22.31805074],[114.1308694,22.31816559],[114.12945986,22.31753255],[114.12873534,22.31790171],[114.128483,22.31737315],[114.12826663,22.31749915],[114.1286282,22.31795631],[114.12162822,22.32152273],[114.12152541,22.32239339],[114.12263646,22.32385718],[114.1353994,22.32760595],[114.13446014,22.33037873],[114.1341158,22.33054209],[114.12670964,22.32837968],[114.12428467,22.3355169],[114.12962315,22.33708251],[114.12874114,22.33971329],[114.12339112,22.33814374],[114.1198305,22.34864499],[114.11546262,22.3473828],[114.11452027,22.3506614],[114.11359767,22.35254186],[114.11441543,22.35311348],[114.1144936,22.3524364],[114.11513791,22.35148856],[114.1159111,22.35173934],[114.1164105,22.35472471],[114.11556011,22.35519067],[114.11328789,22.36016181],[114.11252191,22.35986153],[114.11207942,22.35921513],[114.11163992729493,22.36028227821875],[114.11283,22.36049],[114.11322,22.36059],[114.11352,22.36069],[114.11388,22.36085],[114.1141,22.36096],[114.11428968782604,22.36109549130431],[114.11679148873323,22.36259294487931],[114.11574613,22.36214317],[114.1147674858456,22.36148976475503],[114.11546,22.3621],[114.11578,22.36231],[114.11602,22.36244],[114.1165,22.36268],[114.11676,22.3628],[114.1168,22.36283],[114.11924,22.36368],[114.11947,22.36379],[114.11969,22.36392],[114.11992,22.36411],[114.1201,22.36427],[114.12043,22.36471],[114.1206,22.36499],[114.12081,22.36538],[114.12091,22.3656],[114.12098,22.36582],[114.12104,22.36607],[114.12109,22.36638],[114.12114,22.36654],[114.1212,22.36667],[114.12135,22.36691],[114.12149,22.36713],[114.12167,22.36745],[114.12235,22.3685],[114.12295,22.36939],[114.12318,22.36979],[114.12326,22.36995],[114.12334,22.37016],[114.12337633256516,22.370350745967063],[114.1233881756666,22.370370706918543],[114.12604,22.3706],[114.12932,22.37095],[114.1295,22.37096],[114.12986,22.37095],[114.13004,22.37093],[114.1302,22.3709],[114.13039,22.37085],[114.13065,22.37077],[114.13078,22.37071],[114.13104,22.37059],[114.13189808591993,22.37005844235049],[114.13175528555318,22.37011610927229],[114.13340010106118,22.36897812079839],[114.13284824725058,22.369545498167053],[114.13308,22.3697],[114.13321,22.36976],[114.13341,22.36982],[114.1338,22.36998],[114.13394,22.37],[114.13407,22.36999],[114.13421,22.36995],[114.13446,22.3698],[114.13447,22.37017],[114.1345,22.37043],[114.13459,22.37071],[114.13468,22.37093],[114.13477,22.37106],[114.1349,22.3712],[114.13508,22.37137],[114.13518,22.37145],[114.13604,22.37204],[114.13611,22.37213],[114.13631325762475,22.372468762707918],[114.13632186,22.37247599],[114.13632206336642,22.372484642574456],[114.13636,22.37257],[114.13639,22.37278],[114.13637,22.37523],[114.13638,22.37561],[114.1364,22.37587],[114.13643,22.37604],[114.1365,22.37631],[114.13651,22.3764],[114.13656,22.37659],[114.1372,22.37836],[114.1373,22.37854],[114.13739,22.37883],[114.13747,22.37909],[114.13749,22.37931],[114.13747,22.37947],[114.13743,22.37962],[114.13738,22.37976],[114.13731,22.37989],[114.13723,22.38],[114.13713,22.38011],[114.137,22.38021],[114.13684,22.38032],[114.13666,22.38039],[114.13647,22.38041],[114.13625,22.38043],[114.13599,22.38042],[114.13598,22.38052],[114.13598,22.38063],[114.13602,22.38085],[114.13604,22.38089],[114.13596,22.38093],[114.13584,22.38099],[114.13551,22.3811],[114.13532,22.38115],[114.13524,22.38119],[114.13519,22.38124],[114.13515,22.38129],[114.13504,22.38153],[114.13525,22.38158],[114.13555,22.38162],[114.13582,22.38165],[114.13648,22.38168],[114.13671,22.38169],[114.13678,22.38176],[114.13699,22.3819],[114.13712,22.38198],[114.1374,22.38211],[114.13757,22.38214],[114.13772,22.38215],[114.13801,22.3821],[114.13826,22.38201],[114.1384,22.382],[114.13854,22.382],[114.13908180276208,22.38220317603578],[114.13879913,22.38203444],[114.14312666418469,22.384258012902134],[114.14149362616307,22.38363999512147],[114.14164,22.38371],[114.14182,22.38378],[114.14196,22.38382],[114.14306,22.38427],[114.14324,22.38436],[114.14331,22.38438],[114.14337,22.38442],[114.14342114318846,22.38444922467912],[114.14346084700345,22.38445571382805],[114.14353672343081,22.384505574476936],[114.14358,22.38452]],[[114.11878083,22.36167518],[114.11866803052776,22.361813835992333],[114.1193984,22.36028603],[114.1200991043859,22.358958505736123],[114.11878083,22.36167518]],[[114.1203509186771,22.358481429256667],[114.12036897,22.35844723],[114.12564313,22.3533025],[114.1203509186771,22.358481429256667]],[[114.14128267,22.3557386],[114.14128532703413,22.355717034784405],[114.14129903808055,22.35585820559726],[114.14128267,22.3557386]],[[114.13945671464035,22.381774472844064],[114.13939284,22.38172864],[114.13925447,22.38088031],[114.13945671464035,22.381774472844064]],[[114.13813150094417,22.380939421510803],[114.13805383,22.38094351],[114.13932867,22.37979007],[114.13813150094417,22.380939421510803]],[[114.13846036771751,22.379186088208357],[114.13845,22.37917257],[114.13972068,22.37930055],[114.13846036771751,22.379186088208357]],[[114.14419572158324,22.37769044733748],[114.14428629982561,22.37755629882819],[114.14431713,22.3776048],[114.14419572158324,22.37769044733748]],[[114.14352789,22.37640614],[114.14354889626992,22.376396236089402],[114.14423970543066,22.377482997823616],[114.1439692,22.37739025],[114.14352789,22.37640614]],[[114.14051296,22.34210398],[114.14193317145178,22.34027662354982],[114.14193370203638,22.340276921253682],[114.13871396,22.34460617],[114.14051296,22.34210398]],[[114.12974404,22.35635687],[114.12609998,22.35205364],[114.12596978211721,22.3517666995377],[114.12974404,22.35635687]],[[114.13471443,22.36762682],[114.13450849544171,22.367838547463972],[114.13478547168779,22.367404275789962],[114.13471443,22.36762682]],[[114.13581462,22.36418038],[114.13538402572047,22.36552925369344],[114.13583040493613,22.364079089863655],[114.13581462,22.36418038]],[[114.13314128541367,22.35064156792817],[114.13304279806376,22.350839115568526],[114.13303909,22.3507506],[114.13314128541367,22.35064156792817]],[[114.135324,22.34854814],[114.13447855197585,22.349214841046653],[114.13608657,22.34749925],[114.135324,22.34854814]],[[114.12519559355108,22.34609705813352],[114.12526044,22.34565325],[114.12595589838823,22.344948345657432],[114.12519559355108,22.34609705813352]],[[114.12637802396084,22.344520486630525],[114.12647967,22.34441746],[114.12715803406942,22.344133852530508],[114.12637802396084,22.344520486630525]],[[114.13048037577342,22.342487039777016],[114.13075334129294,22.342286200209394],[114.13068107,22.34238756],[114.13048037577342,22.342487039777016]],[[114.12590293690276,22.351619380730934],[114.12587367,22.35155488],[114.12496143,22.34769967],[114.12590293690276,22.351619380730934]],[[114.1295444671367,22.370942689287133],[114.13014313436729,22.370767142588825],[114.12967782,22.37095505],[114.1295444671367,22.370942689287133]]],[[[114.13928,22.38233],[114.14141,22.3836],[114.14146942264489,22.38362841952582],[114.13915791160836,22.38224860773891],[114.13928,22.38233]]],[[[114.1341262737227,22.31375666180665],[114.1340786,22.31362812],[114.13405230554939,22.31375645356292],[114.1341262737227,22.31375666180665]]],[[[114.13852266730967,22.341158666345166],[114.13852924,22.34115795],[114.13855331751795,22.341143341241025],[114.13852266730967,22.341158666345166]]],[[[114.14035,22.34005],[114.14009,22.34017],[114.13993,22.34027],[114.13968169960953,22.340458708296758],[114.14036480226589,22.340044243563263],[114.14035,22.34005]]],[[[114.14219,22.34047],[114.14211662471959,22.340403005178757],[114.14224987641333,22.340535446312252],[114.14219,22.34047]]],[[[114.14857,22.37707],[114.14862,22.37693],[114.14863,22.37693],[114.14862,22.3768],[114.1485,22.37645],[114.14845,22.37641],[114.14843499155118,22.37640571187177],[114.14856357451637,22.377121403869005],[114.14857,22.37707]]],[[[114.14868,22.3777],[114.14866,22.37756],[114.14862723814291,22.377475755224626],[114.14867678070027,22.377751508795637],[114.14868,22.3777]]],[[[114.11040526,22.32865085],[114.11027336,22.32688123],[114.11162087,22.32667482],[114.11036078,22.3266143],[114.10994564,22.32717522],[114.10810417,22.32714051],[114.10820268,22.32577236],[114.108975,22.32603069],[114.10945434,22.32576061],[114.10675565,22.32560649],[114.10719016,22.32588129],[114.10813116,22.32576594],[114.10803331,22.32713437],[114.10800734,22.32688918],[114.10783513,22.32712183],[114.1062104,22.32702315],[114.10418,22.32829645],[114.10369861,22.33003581],[114.10387708,22.32831619],[114.10209439,22.3280881],[114.10225397,22.32703858],[114.10366133,22.32727736],[114.10202493,22.32684076],[114.10068159,22.32690466],[114.10129831,22.32710093],[114.10213411,22.32702185],[114.10197244,22.32807239],[114.1008968,22.32793036],[114.10109487,22.32768298],[114.10076301,22.3276403],[114.10087979,22.32792818],[114.09527166,22.32720058],[114.09507967,22.32618511],[114.09397713,22.32609544],[114.09399329,22.32518902],[114.09509022,22.32539903],[114.09539265,22.32517241],[114.09285736,22.32516039],[114.09308376,22.32541734],[114.09390207,22.32517615],[114.09388876,22.3260927],[114.09190186,22.32613457],[114.09031816,22.32916061],[114.08915446,22.33084861],[114.09087115,22.3354018],[114.09279866,22.33832765],[114.09098454,22.33923367],[114.09065406,22.3384063],[114.09094047,22.33927087],[114.0903355,22.3388882],[114.0897898,22.33975355],[114.08950617,22.33971922],[114.08967052,22.34065216],[114.0904602,22.34127684],[114.08972721,22.34128027],[114.09012592,22.34155059],[114.09048952,22.34130407],[114.09143894,22.34187547],[114.09032124,22.34345656],[114.0901184,22.34292897],[114.09011663,22.34357068],[114.08978198,22.34375693],[114.08938898,22.34380964],[114.08928163,22.34314077],[114.08928937,22.34382213],[114.08875201,22.34389535],[114.0885931,22.3432324],[114.08864525,22.34384978],[114.08804421,22.34398986],[114.08792381,22.34322933],[114.08794562,22.34400391],[114.08584072,22.34428964],[114.08571357,22.34343396],[114.08600033,22.34295847],[114.08629479,22.3430034],[114.08577075,22.34262292],[114.08557006,22.34295956],[114.08597592,22.34294537],[114.08567721,22.34344077],[114.08580498,22.34429495],[114.0842658,22.34449031],[114.08462728,22.3467539],[114.08428186,22.34680178],[114.08463742,22.34681978],[114.0848868,22.34845758],[114.08336999,22.34877777],[114.08356879,22.35110827],[114.08146651,22.35103376],[114.08133755,22.3516861],[114.08008926,22.35250439],[114.07991271,22.3531487],[114.08027158,22.35372497],[114.07989697,22.3548477],[114.08040821,22.35517884],[114.08033986,22.35650226],[114.07917623,22.35776043],[114.07895375,22.35850056],[114.080556,22.35991692],[114.08272644,22.36034049],[114.08532942,22.36183543],[114.08891632,22.3623681],[114.08891652,22.36282347],[114.08909705,22.36200967],[114.08928255,22.36281464],[114.08967488,22.36283129],[114.0900022,22.36161883],[114.09130269,22.36162569],[114.09139349,22.36197431],[114.09161219,22.36167985],[114.09160992,22.36203692],[114.09197655,22.36203665],[114.09200593,22.36122389],[114.09208978,22.36231131],[114.09225649,22.36161326],[114.09275414,22.36163434],[114.09311017,22.36263184],[114.09311742,22.36158429],[114.09393106,22.36167522],[114.09407726,22.36127644],[114.09436544,22.36168747],[114.09444601,22.36135475],[114.09451373,22.36259079],[114.09467187,22.36131857],[114.09479072,22.3622184],[114.09502704,22.36132812],[114.09513155,22.36211665],[114.09516927,22.36124325],[114.09535459,22.36226092],[114.09556616,22.36141369],[114.09565194,22.36284193],[114.09564211,22.36161755],[114.09590783,22.36130806],[114.096015,22.36236576],[114.09623707,22.36170424],[114.09998965,22.3638114],[114.10394932,22.36355442],[114.10487032,22.36319191],[114.10739214,22.36314897],[114.10904224,22.35983033],[114.10911784,22.35926883],[114.10897209,22.35740366],[114.1092628,22.35487712],[114.11015758,22.35201532],[114.11223007,22.34831685],[114.11207946,22.3474983],[114.11767114,22.33098892],[114.11406546,22.32744905],[114.11265606,22.32743074],[114.11273016,22.32880105],[114.11040526,22.32865085]],[[114.09985469912061,22.35571552584726],[114.10061062906468,22.356797222617466],[114.09997716,22.3560023],[114.09985469912061,22.35571552584726]],[[114.10095135188865,22.357224786162675],[114.10168153,22.35762856],[114.101065,22.3573674],[114.10095135188865,22.357224786162675]]],[[[114.07947045,22.36358841],[114.07922728,22.36414606],[114.08019666,22.36434167],[114.08029026,22.36387013],[114.07947045,22.36358841]]]]}},{"type":"Feature","properties":{"地區號碼":"T","District":"Islands","地區":"離島","Administrative District Boundary of Hong Kong":"Administrative District Boundary of Hong Kong"},"geometry":{"type":"MultiPolygon","coordinates":[[[[114.00697,22.31393],[114.0071,22.31407],[114.00728,22.31424],[114.00744,22.31435],[114.00762,22.31444],[114.00774,22.31449],[114.00787,22.31453],[114.00796,22.31454],[114.00803,22.31454],[114.0083,22.31453],[114.0085,22.31449],[114.00897,22.3144],[114.0091,22.3144],[114.00923,22.31443],[114.00936,22.31449],[114.0094,22.31453],[114.00946,22.31459],[114.00964,22.31482],[114.00981,22.31502],[114.00987,22.31499],[114.00999,22.31492],[114.01003,22.31487],[114.01009,22.31481],[114.01011,22.31474],[114.01014,22.31463],[114.01014,22.3145],[114.01012,22.31443],[114.01008,22.31438],[114.01006,22.31432],[114.01004,22.31427],[114.01004,22.3142],[114.01004,22.31414],[114.01006,22.31408],[114.01009,22.31402],[114.01013,22.31397],[114.01018,22.31392],[114.01024,22.3139],[114.01046,22.31385],[114.05542532462883,22.312896365223168],[114.05546804,22.31259689],[114.05535855,22.31088038],[114.04780791,22.30715571],[114.04577949,22.30729685],[114.04620513,22.3070998],[114.04619421,22.30577553],[114.04592758,22.30690381],[114.04546673,22.30690252],[114.04523827,22.30635329],[114.04523664,22.30709524],[114.04561313,22.30729469],[114.04166519,22.30601734],[114.03935294,22.30589266],[114.0369891,22.30646655],[114.03422668,22.30807193],[114.03236326,22.3108254],[114.03206183,22.31159783],[114.0296414,22.31297876],[114.02867058,22.31269552],[114.02665942,22.31064214],[114.02532566,22.30996924],[114.02299988,22.31006408],[114.02161211,22.31049758],[114.02008626,22.31020966],[114.01813331,22.31058055],[114.01723237,22.30984738],[114.01743786,22.30699526],[114.01687478,22.30675016],[114.01689111,22.30647974],[114.01749057,22.30651127],[114.01750673,22.30624543],[114.01640403,22.3058379],[114.01593831,22.30634415],[114.01558514,22.30615851],[114.01590602,22.30381054],[114.01804131,22.30291844],[114.01994658,22.30280872],[114.01917621,22.30232206],[114.01925881,22.30187698],[114.01989097,22.30155202],[114.02028647,22.30179021],[114.02073435,22.30127856],[114.019981,22.3013169],[114.01743877,22.30030463],[114.01568391,22.30033615],[114.0154059,22.29860794],[114.01612315,22.29663806],[114.01794255,22.29702609],[114.01816268,22.296844],[114.01754458,22.29668114],[114.01768358,22.29623203],[114.01825901,22.29629496],[114.01768898,22.29621459],[114.01779342,22.29587851],[114.01923043,22.29619167],[114.01999094,22.29570074],[114.02095381,22.29645988],[114.02041674,22.29706653],[114.02099881,22.29649439],[114.02149141,22.29693514],[114.02095362,22.29754255],[114.02153523,22.29697089],[114.02268994,22.29732097],[114.02378661,22.29889135],[114.02457794,22.2991326],[114.02472531,22.29794399],[114.02538119,22.29786542],[114.02587212,22.29724362],[114.02551496,22.29517598],[114.02623994,22.29462966],[114.02625336,22.29391503],[114.02780785,22.29174656],[114.02724091,22.29093355],[114.02378636,22.29152265],[114.02019964,22.29417147],[114.01938824,22.29325469],[114.01995577,22.29312924],[114.01914309,22.29293505],[114.0194047,22.29135717],[114.01993774,22.29142436],[114.02118846,22.2906287],[114.01984108,22.29067156],[114.01898618,22.28932465],[114.01887012,22.28801341],[114.0194041,22.28615735],[114.02098952,22.28464949],[114.02245173,22.2848696],[114.02302948,22.28444264],[114.02310868,22.28371752],[114.02255625,22.28310027],[114.02236792,22.28227149],[114.02260427,22.28176259],[114.02314669,22.28197485],[114.02166762,22.28090349],[114.02167008923581,22.28081647517412],[114.02204291,22.28097256],[114.02305089,22.27948335],[114.02400066,22.27875428],[114.0236734,22.2782323],[114.02237021,22.27812031],[114.02201432,22.27755619],[114.02201773,22.27676132],[114.02162226,22.27637447],[114.02171712,22.27543542],[114.0226616,22.27480664],[114.02225542,22.2737817],[114.02222993,22.2708186],[114.02180243,22.27027495],[114.02295616,22.26884104],[114.02250109,22.26851638],[114.02268676,22.26833221],[114.02212167,22.2684539],[114.02157211,22.26802074],[114.02150842,22.26730293],[114.02180313,22.2665335],[114.0224711,22.26672379],[114.02242544,22.26666118],[114.02214852,22.26654037],[114.0218214,22.26651821],[114.02206584,22.26623711],[114.02318329,22.26642692],[114.02350753,22.26631365],[114.02351374,22.26586313],[114.02185437,22.26608658],[114.02101385,22.26583197],[114.02063164,22.26633017],[114.01966783,22.26645087],[114.01804013,22.26551051],[114.0139715,22.26529982],[114.01352731,22.26603318],[114.01026962,22.26693644],[114.01059133,22.26791737],[114.00995859,22.26894227],[114.00910167,22.26885066],[114.00742198,22.26946956],[114.00703641,22.26927615],[114.0070059,22.26954297],[114.00579798,22.27013548],[114.00529842,22.27116368],[114.00369113,22.27162982],[114.00393772,22.27196052],[114.00369832,22.27235987],[114.00180426,22.27245058],[114.00116508,22.27206959],[114.00130261,22.27188141],[114.00110326,22.27204086],[114.00028235,22.27148251],[113.99929273,22.27035278],[113.99834537,22.26779022],[113.99835128,22.26687437],[113.99496046,22.26563291],[113.99581991,22.2655902],[113.99882104,22.26672239],[114.00146619,22.26562193],[114.00195001,22.26581072],[114.0019152,22.26516537],[114.00270392,22.26506515],[114.00197483,22.26488129],[114.00242288,22.262877],[114.00132963,22.26274477],[114.00131919,22.26236621],[114.00360895,22.26232555],[114.00621315,22.26110046],[114.00647343,22.26087719],[114.00628747,22.2604019],[114.00622817,22.26033728],[114.00548629,22.26074963],[114.00515389827328,22.260822319074467],[114.0067529,22.26008415],[114.00745818,22.25890889],[114.00768801,22.25799474],[114.00749802,22.25762561],[114.00832442,22.25716334],[114.0082421,22.25596307],[114.0089991,22.25595777],[114.00885153,22.25578353],[114.00922165,22.25550526],[114.01106001,22.25470543],[114.01148637,22.25422572],[114.01132267,22.25327952],[114.01212736,22.25291601],[114.01220969,22.25255582],[114.01173635,22.25198474],[114.01070738,22.25203555],[114.01048768,22.2525227],[114.00999648,22.25239672],[114.0086412,22.25093037],[114.0060341,22.24990656],[114.006103,22.24931707],[114.00558445,22.24893574],[114.00437864,22.24894131],[114.00414656,22.24922885],[114.00327974,22.24844408],[114.00187271,22.24895293],[114.00123059,22.2486914],[114.00062857,22.24813206],[114.00048307,22.2470356],[113.99959656,22.24632005],[113.99944756,22.24588524],[113.99985321,22.24546371],[113.99872279,22.24536282],[113.99839322,22.24489992],[113.99622741,22.24397354],[113.99524681,22.24321729],[113.99419243,22.24306126],[113.99347443,22.24212003],[113.99382613,22.24087785],[113.99475916,22.23988713],[113.9942923,22.23969831],[113.99388261,22.24034632],[113.99326239,22.24017321],[113.99348255,22.23946609],[113.99447042,22.23947894],[113.99555105,22.24044875],[113.99614868,22.23981257],[113.99723555,22.23956661],[113.99840715,22.24066386],[113.99897644,22.24082244],[113.9994608,22.23940458],[114.00041973,22.23966591],[113.9993154,22.2392453],[113.99959499,22.23854983],[114.00024969,22.23817431],[114.00064611,22.23851991],[114.00120795,22.23847954],[114.00175385,22.23746514],[114.00213208,22.23752885],[114.00239163,22.23694616],[114.00358779,22.23626497],[114.00375312,22.23546978],[114.00342761,22.23451648],[114.00509389,22.23331093],[114.00638252,22.23346397],[114.00736969,22.23317872],[114.00819401,22.23342912],[114.00855902,22.2345585],[114.01066739,22.23550746],[114.01098479,22.23423582],[114.01069427,22.23414216],[114.01072324,22.23361388],[114.01156323,22.23238865],[114.01251257,22.23201841],[114.01391227,22.23244176],[114.01495906,22.23197768],[114.01521433,22.23137437],[114.01597948,22.23083926],[114.0165836,22.23100679],[114.01669281,22.23144539],[114.01795842,22.23162714],[114.01909238,22.23101048],[114.01962891,22.2311239],[114.02041245,22.23020413],[114.0204299,22.22987198],[114.01929145,22.22991078],[114.01778759,22.22891251],[114.01780065,22.22810106],[114.01839146,22.22764783],[114.01759657,22.22663187],[114.01737588,22.22562197],[114.01643686,22.22549315],[114.01472908,22.22448481],[114.0123388,22.22470782],[114.01227917,22.22420228],[114.0121368,22.22466172],[114.0117553,22.22334244],[114.01079906,22.22223599],[114.00994864,22.22175629],[114.01012058,22.22107541],[114.01059384,22.22079713],[114.01051019,22.21981253],[114.00955252,22.21973413],[114.00925373,22.2191053],[114.00728463,22.21949538],[114.00586101,22.21860242],[114.00492475,22.21840064],[114.00472926,22.21794413],[114.00500144,22.21692054],[114.00390941,22.2157041],[114.00443959,22.21563158],[114.00421815,22.21495452],[114.00293665,22.2152423],[114.0006397,22.21472632],[114.00033091,22.21696553],[113.99998747,22.21716084],[113.99952162,22.21671775],[113.99978561,22.21718383],[113.99950604,22.21811331],[113.99726441,22.21819565],[113.99528041,22.21744907],[113.99517189,22.21671796],[113.99441588,22.21647192],[113.99431796,22.21574367],[113.9936701,22.21518162],[113.99241227,22.21511307],[113.99167442,22.21554893],[113.98997246,22.21457093],[113.98933046,22.21380522],[113.99011109,22.21320693],[113.98985055,22.21329317],[113.98969961,22.21253194],[113.98772042,22.21253957],[113.98708764,22.21220276],[113.98694443,22.21421238],[113.98610482,22.21475629],[113.98607675,22.21548252],[113.98557815,22.21569022],[113.98373437,22.21550069],[113.98316158,22.2162272],[113.98184547,22.21631842],[113.98139024,22.2169981],[113.98110465,22.21682952],[113.9804852,22.21723859],[113.98064498,22.21839257],[113.98183799,22.21867893],[113.98257241,22.21980098],[113.98283985,22.22088793],[113.98369244,22.22154564],[113.98403855,22.22237549],[113.98373563,22.22250053],[113.98422931,22.22256181],[113.98281718,22.22496834],[113.98222335,22.22500694],[113.97980177,22.22764879],[113.97939721,22.22757278],[113.97901306,22.22813307],[113.97865561,22.22796801],[113.97762473,22.22852833],[113.978755,22.23047233],[113.97966523,22.23385103],[113.98235145,22.23575785],[113.98205863,22.23561954],[113.98159385,22.23690979],[113.98250696,22.23855431],[113.98225809,22.2388962],[113.98102332,22.23913183],[113.98015793,22.2405917],[113.9798802,22.24057785],[113.98001491,22.23973429],[113.97938593,22.23902179],[113.98093089,22.23827094],[113.98170287,22.23756417],[113.98158064,22.23722752],[113.97785928,22.2392121],[113.97357968,22.24045753],[113.97350537,22.24085509],[113.97350685,22.24054296],[113.9729263,22.24056411],[113.97179215,22.23943838],[113.97138193,22.23970262],[113.97037942,22.23940863],[113.96855534,22.23765102],[113.96705831,22.23674842],[113.96526174,22.23663307],[113.96383473,22.23581884],[113.96279042,22.23570342],[113.9624489,22.2329736],[113.96174604,22.23332487],[113.96114132,22.23305884],[113.96052312,22.23331116],[113.95891007,22.23257681],[113.95814574,22.23169537],[113.9577968,22.23201349],[113.95729084,22.23167356],[113.95698067,22.23236855],[113.95776055,22.23313028],[113.95522938,22.23406492],[113.95393876,22.23414469],[113.95292499,22.23383222],[113.95201715,22.23417348],[113.95215962,22.23401058],[113.9509406,22.23397175],[113.94819256,22.2331233],[113.9452068,22.23233963],[113.94209223,22.2309153],[113.94010452,22.22968937],[113.93999859,22.22882832],[113.93986035,22.22909155],[113.93918511,22.22872156],[113.93750397,22.22891404],[113.93613515,22.22848134],[113.93411288,22.22733158],[113.93428348,22.22576919],[113.93373071,22.22584332],[113.93277748,22.22520166],[113.93080626,22.22513137],[113.93005917,22.22462793],[113.92766572,22.22403544],[113.92794697,22.22460054],[113.92719274,22.22462528],[113.92587002,22.22626143],[113.92484592,22.22655132],[113.92373673,22.22614381],[113.92298342,22.2252367],[113.92146646,22.22157703],[113.92081241,22.22175765],[113.91992025,22.22139143],[113.91980479,22.22171831],[113.91948765,22.22134491],[113.9187413,22.22134383],[113.91880919,22.21908039],[113.91912364,22.21845021],[113.91969092,22.21836752],[113.91912726,22.21805119],[113.91815943,22.21841398],[113.91812381,22.2187682],[113.91794301,22.21862366],[113.91805862,22.21836532],[113.91688362,22.21891853],[113.91728731,22.2185061],[113.91853448,22.21810389],[113.92159311,22.21731824],[113.921978,22.21751058],[113.92236685,22.21702856],[113.92302477,22.21731086],[113.92366993,22.21716478],[113.92382994,22.21742548],[113.92424005,22.21727107],[113.9246461,22.21791012],[113.92506705,22.2178494],[113.92607895,22.21888057],[113.92826724,22.21836883],[113.92897412,22.21760843],[113.9296451,22.21749936],[113.93055938,22.21676912],[113.93118995,22.21565736],[113.93115608,22.21441725],[113.93031466,22.212958],[113.93078124,22.2103373],[113.9300253,22.20970024],[113.92799378,22.20964174],[113.92773586,22.20927821],[113.92731333,22.20967452],[113.92713398,22.20923877],[113.92684491,22.20945299],[113.92675128,22.20917423],[113.92533062,22.2090148],[113.92488221,22.20859596],[113.92388507,22.20842112],[113.92332327,22.20805996],[113.92339135,22.20743145],[113.92311421,22.20712225],[113.92257959,22.2077367],[113.92182062,22.20796352],[113.92035486,22.20757484],[113.91992629,22.20824487],[113.9200066,22.20922003],[113.91939895,22.20934651],[113.91895699,22.20882205],[113.91866419,22.21024587],[113.91748278,22.21088512],[113.9172944,22.21134107],[113.91612909,22.21121323],[113.91581948,22.2115286],[113.91417872,22.2108304],[113.9144407,22.21019567],[113.91427742,22.20887909],[113.91327472,22.20748169],[113.91254473,22.2072351],[113.91266074,22.20665063],[113.91236083,22.20635736],[113.90924213,22.20761938],[113.9087158,22.20738688],[113.90810862,22.20833934],[113.90699824,22.20887273],[113.90682182,22.20971407],[113.90604714,22.2106424],[113.90536624,22.21079447],[113.9047046,22.21145305],[113.90355677,22.21098387],[113.90294817,22.21157708],[113.90336226,22.21192765],[113.90319414,22.21240427],[113.90216918,22.21276764],[113.90205565,22.21318742],[113.90143905,22.21344002],[113.90144973,22.21378859],[113.90066735,22.2138948],[113.90014217,22.21346261],[113.89955834,22.21441421],[113.898779,22.21444946],[113.89859194,22.21517831],[113.89814978,22.21541252],[113.89834292,22.21673613],[113.89690439,22.21830229],[113.89716402,22.21901372],[113.89869047,22.22010078],[113.89821371,22.22218292],[113.89579139,22.22229671],[113.8957436,22.22154368],[113.89424869,22.22004978],[113.89417221,22.22011998],[113.89567642,22.22152195],[113.89552158,22.22201008],[113.89407099,22.22192118],[113.89413802,22.22297382],[113.89254988,22.22325554],[113.8910028,22.22249366],[113.89164582,22.22120837],[113.89138564,22.22061765],[113.89061115,22.22080142],[113.88976995,22.21978026],[113.88886545,22.21988504],[113.88824698,22.2208534],[113.88676586,22.22105353],[113.88545901,22.22084487],[113.88424976,22.21988514],[113.88297653,22.21946612],[113.88304267,22.21906903],[113.88181187,22.21842133],[113.88184245,22.21779749],[113.88078138,22.21665977],[113.88074906,22.21595375],[113.88038254,22.21555468],[113.87951333,22.21530597],[113.87911298,22.21468314],[113.87833117,22.21474559],[113.87809003,22.21440452],[113.87843179,22.21242371],[113.87922228,22.21221712],[113.87969442,22.21158022],[113.87943946,22.21089785],[113.87789315,22.21077309],[113.87782394,22.21118355],[113.87654547,22.21178343],[113.87545841,22.21125679],[113.87471945,22.21146889],[113.87403969,22.21122706],[113.87376194,22.21106003],[113.87370916,22.21079174],[113.87403689,22.21071637],[113.87382284,22.21051119],[113.87276492,22.21039865],[113.87284085,22.20997683],[113.87129085,22.20950888],[113.87141852,22.20894818],[113.86995396,22.20749083],[113.86973426,22.20645168],[113.86846972,22.20547566],[113.86867743,22.20451277],[113.86788166,22.20374003],[113.86758553,22.20261415],[113.86556711,22.20274806],[113.86477919,22.20230705],[113.86469079,22.20193779],[113.86415605,22.20199266],[113.86468712,22.20378915],[113.86417616,22.20436],[113.86408057,22.20500084],[113.86406239,22.20435572],[113.86443515,22.20357756],[113.86310855,22.20427171],[113.86140648,22.20439825],[113.85995512,22.203812],[113.8596662,22.20329538],[113.85886361,22.20363517],[113.85728836,22.20347396],[113.85421847,22.20205951],[113.85315782,22.20099654],[113.85279186,22.19907898],[113.85440575,22.19792061],[113.85404023,22.19708408],[113.85359129,22.19774123],[113.85308158,22.19765873],[113.85260971,22.19676742],[113.85204897,22.1964605],[113.85072021,22.19670772],[113.84962289,22.19754746],[113.84899857,22.19719405],[113.84804664,22.1973894],[113.84758703,22.19660163],[113.84807212,22.19554441],[113.84744157,22.19596566],[113.84616242,22.19537607],[113.84559357,22.19575691],[113.84504751,22.1957038],[113.84490872,22.19682778],[113.84608257,22.19744035],[113.84713551,22.1989685],[113.8467084,22.20061595],[113.84712155,22.20087991],[113.8470149,22.20161392],[113.84845113,22.20166067],[113.84895159,22.20265621],[113.8491625,22.20422355],[113.84764604,22.20521793],[113.84624297,22.20475966],[113.84607959,22.20525755],[113.84541459,22.20552122],[113.84599294353215,22.20600138400743],[113.84540251,22.20562237],[113.84489661,22.20555751],[113.84427683,22.20598093],[113.84412631,22.20674509],[113.84330729,22.20691725],[113.84198557,22.20824301],[113.84208412,22.20990649],[113.84162319,22.21036418],[113.84183557,22.21200745],[113.84327688,22.21211397],[113.84401137,22.21543556],[113.84316899,22.21677881],[113.84154055,22.21783669],[113.84041959,22.21811658],[113.83987683,22.21888416],[113.84016828,22.21960831],[113.8397493,22.22042558],[113.8399691,22.22278124],[113.83973403,22.22321039],[113.84014529,22.2237988],[113.8399121,22.22471217],[113.8402905,22.22580033],[113.84011289,22.22672595],[113.83937625,22.22700107],[113.83916161,22.22763429],[113.83981314,22.22801816],[113.83965418,22.22832653],[113.83991528,22.22862111],[113.8405373,22.22892823],[113.84115808,22.23179601],[113.8415502,22.23226685],[113.84140238,22.23320161],[113.84173585,22.23428036],[113.84233681,22.2344959],[113.8428543,22.23520518],[113.84461394,22.23495228],[113.84540674,22.2355134],[113.84596661,22.23540954],[113.84856226,22.23301915],[113.84870555,22.22962757],[113.84908431,22.2306471],[113.85035364,22.23053482],[113.85103356,22.23078817],[113.85162213,22.23173772],[113.85152092,22.23219002],[113.85211555,22.2321714],[113.85189418,22.23245074],[113.85240804,22.23289528],[113.85189417,22.23286676],[113.85194526,22.23290513],[113.85245135,22.23290621],[113.85273455,22.23308607],[113.8525254,22.23320213],[113.85277301,22.23520668],[113.85233888,22.23545479],[113.85270232,22.23546489],[113.85230792,22.23746398],[113.85241557,22.23863854],[113.85125682,22.24031884],[113.8508981,22.24159739],[113.85094848,22.24249666],[113.85140781,22.24335547],[113.8536924,22.24452992],[113.85736968,22.24526592],[113.85872581,22.24528499],[113.85995246,22.2457096],[113.86091983,22.24613258],[113.86135562,22.24677413],[113.86199114,22.24691678],[113.86200671,22.24727741],[113.86134264,22.24717101],[113.86042446,22.25218823],[113.86175663,22.25299591],[113.8614301,22.25426406],[113.86107541,22.2542495],[113.86097271,22.25473157],[113.85918452,22.25450556],[113.85711772,22.25559611],[113.85646625,22.25447269],[113.85705004,22.25443276],[113.85707889,22.2541863],[113.85515241,22.25317966],[113.85515664,22.25281781],[113.85462788,22.25309978],[113.85325512,22.25285122],[113.85287589,22.25237485],[113.8530719,22.25330217],[113.85258711,22.25439829],[113.85200719,22.25486304],[113.85165554,22.25596284],[113.85208479,22.25669006],[113.85435842,22.2579615],[113.85548784,22.25962191],[113.85605102,22.25959105],[113.85816722,22.26079935],[113.85924683,22.26087246],[113.86016679,22.26132301],[113.86179955,22.26070972],[113.86236498,22.26117507],[113.86252162,22.2608125],[113.86216918,22.25994103],[113.86321599,22.25948378],[113.86258401,22.25890371],[113.86224085,22.25774777],[113.86299551,22.25851917],[113.86497932,22.25899346],[113.86604629,22.26081889],[113.86647622,22.26149011],[113.86781952,22.26293795],[113.86839835,22.26424812],[113.86950259,22.265607],[113.86953964,22.26688299],[113.87023465,22.26791835],[113.87135543,22.26875251],[113.87231966,22.26901901],[113.87453432,22.26857671],[113.87696589,22.26931771],[113.87836861,22.27016584],[113.87986542,22.27030114],[113.88137407,22.27122049],[113.882756,22.27270636],[113.88348613,22.27269248],[113.88430038,22.27193995],[113.88390186,22.2707073],[113.88449938,22.26983563],[113.8857239,22.26944653],[113.88647717,22.26870296],[113.8875254,22.26861957],[113.88722308,22.26896061],[113.88766477,22.26920488],[113.88754376,22.27044429],[113.88799078,22.27167251],[113.88759021,22.27249036],[113.88611537,22.27355102],[113.88552718,22.27487287],[113.88644612,22.27800458],[113.88896561,22.27882727],[113.89070884,22.28004343],[113.89107685,22.27989939],[113.89189836,22.28026103],[113.8940527,22.28225271],[113.89422378,22.28264297],[113.89376715,22.28285257],[113.89380504,22.28292487],[113.89418674,22.28275507],[113.89433009,22.28356751],[113.89380526,22.28476362],[113.89449766,22.28568005],[113.89469876,22.28717157],[113.8941743,22.28769611],[113.8949924,22.28893603],[113.89647035,22.28992232],[113.89626419,22.29140035],[113.89693105,22.29189983],[113.89713031,22.29127621],[113.89810392,22.29086197],[113.89918049,22.29160741],[113.89982886,22.29152804],[113.89974306,22.29103334],[113.90019894,22.29118978],[113.89975292,22.29086269],[113.89986138,22.29007303],[113.90150392,22.28925],[113.90119118,22.28919181],[113.90190178,22.28918587],[113.90177653,22.28951765],[113.90274814,22.2899509],[113.90256316,22.29027195],[113.90281471,22.2908313],[113.90408799,22.29175917],[113.90391439,22.29377732],[113.90403821,22.29372059],[113.9041889,22.29293472],[113.90490819,22.29335255],[113.90515684,22.29271012],[113.90585207,22.29236641],[113.90629459,22.2927195],[113.90675178,22.29244064],[113.90718178,22.29258906],[113.90782457,22.29206547],[113.90845952,22.29209993],[113.90864612,22.29055861],[113.90956669,22.28988476],[113.91117075,22.29045357],[113.91147982,22.29110484],[113.91219786,22.29140587],[113.91238258,22.29208594],[113.91334373,22.29196487],[113.91444078,22.29273169],[113.91602163,22.29277104],[113.91787994,22.29218964],[113.91815342,22.29235147],[113.91947283,22.29089721],[113.92186319,22.29138003],[113.92300157,22.29059616],[113.92374166,22.29051015],[113.9242248,22.29004924],[113.92405626,22.28960109],[113.92458263,22.28891715],[113.92527476,22.28917744],[113.92529005,22.2891444],[113.92457368,22.28888347],[113.9248577,22.28760436],[113.92452131,22.28696504],[113.92453914,22.28594315],[113.92622953,22.28431103],[113.92726139,22.28328931],[113.92779338,22.27998372],[113.92839024,22.2798305],[113.92854893,22.28022334],[113.92891456,22.28010058],[113.92922107,22.2803895],[113.92940473,22.27991681],[113.92983465,22.27992443],[113.93036262,22.28072449],[113.93260094,22.2814583],[113.93300395,22.28084006],[113.93281872,22.27997597],[113.93295422,22.27979617],[113.93336232,22.28014517],[113.93380719,22.27927463],[113.9340061,22.27946719],[113.93300146,22.28282076],[113.9337825,22.28379161],[113.9344173,22.28379627],[113.93433199,22.28407657],[113.93534968,22.28501871],[113.93559519,22.28522106],[113.93552514,22.28530393],[113.93527223,22.28526391],[113.93488206,22.28595569],[113.93454221,22.28593766],[113.93433484,22.28529557],[113.93449238,22.28591949],[113.9347385,22.28612979],[113.93409352,22.28632351],[113.93460192,22.28627111],[113.93503027,22.28730592],[113.9363196,22.28846342],[113.93652919,22.2904637],[113.94037261,22.29384791],[113.94025032,22.29453555],[113.94052,22.29386604],[113.94392261,22.29427309],[113.94649936,22.29665281],[113.94978679,22.29865834],[113.95535033,22.30407049],[113.95689145,22.30395846],[113.95819138,22.3044808],[113.95841937,22.3052496],[113.9576752,22.3060681],[113.95654251,22.30517888],[113.95848141,22.30689723],[113.9594982,22.30683089],[113.96471712,22.30363338],[113.96616546,22.30180519],[113.96695597,22.2995599],[113.96999828,22.30039889],[113.9719196,22.30130309],[113.97431831,22.30269523],[113.97509649,22.30389392],[113.97626311,22.30473026],[113.97756102,22.30457468],[113.97786686984821,22.304737735283204],[113.97962406,22.30718966],[113.98644297,22.31114115],[113.99100749,22.3116891],[113.99229573,22.31236144],[113.99459986133245,22.314262384468634],[113.9946,22.31419],[114.00661194756177,22.313937525758604],[114.00660939,22.31393645],[114.00643344089062,22.31329120934718],[114.00672762928954,22.313935094291406],[114.00697,22.31393]],[[113.88569585,22.25481727],[113.89614351,22.24831674],[113.88518983,22.2551572],[113.86647622,22.26149011],[113.88569585,22.25481727]],[[114.00791482969038,22.314453050652894],[114.00788085,22.31447125],[114.00774272428451,22.31441315172507],[114.00791482969038,22.314453050652894]],[[114.01128139529484,22.31336160336871],[114.01087806,22.31354388],[114.00963012,22.31353435],[114.01128139529484,22.31336160336871]],[[114.01252663,22.3125783],[114.0116252,22.31320623],[114.0114971999963,22.31326407618846],[114.01252663,22.3125783]],[[113.94448417,22.24700693],[113.9439472,22.2477745],[113.94390206304863,22.24780059956938],[113.94496923044926,22.245863785086215],[113.94448417,22.24700693]],[[113.9450546203077,22.245662546286997],[113.94483665,22.24443421],[113.94507945,22.24560403],[113.9450546203077,22.245662546286997]],[[113.94625088,22.24232715],[113.94684021136909,22.24173391041922],[113.9468248,22.24177413],[113.94625088,22.24232715]],[[113.94710197681475,22.241050772118918],[113.94721364501991,22.24074219488977],[113.94721907,22.24074519],[113.94710197681475,22.241050772118918]],[[113.94478527,22.23646457],[113.94607697008476,22.235611584824152],[113.94607853,22.23562215],[113.94478527,22.23646457]],[[113.94640447,22.23458101],[113.94621882,22.23377931],[113.94630560495827,22.233829269812084],[113.94640447,22.23458101]],[[113.90359963,22.22289293],[113.91752315,22.2382615],[113.90532416,22.22480111],[113.90359963,22.22289293]],[[113.91746608150001,22.245773250914446],[113.91753282016668,22.246168648513894],[113.91737007,22.24602897],[113.91746608150001,22.245773250914446]],[[113.92014409568421,22.248920594415427],[113.92348563352176,22.248915769348507],[113.92017938,22.24898578],[113.92014409568421,22.248920594415427]],[[113.92070876,22.28156408],[113.92046609054822,22.281383993521462],[113.92518118,22.28329283],[113.92070876,22.28156408]],[[113.91950245,22.28066887],[113.91838499,22.27958344],[113.91983767558375,22.280917642947944],[113.91950245,22.28066887]],[[113.91191811,22.27116325],[113.91164865409576,22.270720478712928],[113.91555902,22.27490744],[113.91191811,22.27116325]],[[113.91088934,22.26947277],[113.9107583167981,22.268931268962035],[113.91132639732861,22.27019094478432],[113.91088934,22.26947277]],[[113.91052024,22.26794733],[113.91053924302062,22.267800819010347],[113.91056671214093,22.268139393025397],[113.91052024,22.26794733]],[[113.8587646,22.24509298],[113.85753980222196,22.244823829942483],[113.857543,22.24481552],[113.8587646,22.24509298]],[[113.8694490470662,22.243562635951573],[113.86944111,22.24352582],[113.86986966,22.24312832],[113.86997366245879,22.24318729324796],[113.8694490470662,22.243562635951573]],[[113.87058885111603,22.243836242535846],[113.87019389394897,22.2433121726636],[113.87048253,22.24347584],[113.87058885111603,22.243836242535846]],[[113.87008878,22.24563993],[113.8707499507081,22.244382330685355],[113.87081479,22.24460212],[113.87008878,22.24563993]],[[113.86149112720778,22.212136304405796],[113.86180697,22.2116045],[113.86460726,22.20947246],[113.86149112720778,22.212136304405796]],[[113.86104526,22.21150425],[113.86146827470618,22.212155840000904],[113.86145839,22.21216429],[113.86104526,22.21150425]],[[113.84638117721663,22.208317929840412],[113.84759434,22.20831067],[113.84646543,22.20842636],[113.84638117721663,22.208317929840412]],[[113.84655911,22.20647143],[113.84627651269689,22.208183230544744],[113.8461518,22.20802273],[113.84644976003983,22.206380644844952],[113.84655911,22.20647143]],[[113.98489391029587,22.259393571427317],[113.98501475716063,22.259437582738396],[113.98493795460718,22.259469118968813],[113.98489391029587,22.259393571427317]],[[113.98652441,22.26095853],[113.98648984,22.26151716],[113.98649974182732,22.26091380734482],[113.98652441,22.26095853]],[[113.98751471,22.26405168],[113.98744583385574,22.264159803301844],[113.98743602691017,22.26401074630446],[113.98751471,22.26405168]],[[113.98728971,22.26440489],[113.98657423,22.26429809],[113.98737038679948,22.264278241767343],[113.98728971,22.26440489]],[[113.98731637,22.27553946],[113.9867124,22.27549388],[113.98669855936572,22.27546471464557],[113.98731637,22.27553946]],[[113.98806259836253,22.27647482365327],[113.98783943,22.27637665],[113.98731637,22.27553946],[113.98806259836253,22.27647482365327]],[[113.99213339928718,22.277358887492625],[113.99213148,22.27736005],[113.99071696,22.27734461],[113.99213339928718,22.277358887492625]],[[113.9943599,22.27844955],[113.99408196,22.27891048],[113.99435383979547,22.278441631125865],[113.9943599,22.27844955]],[[113.99971489,22.28344838],[113.99465285775001,22.28363247848699],[113.99606837,22.28349619],[113.99541712,22.28293685],[113.99621711,22.2834835],[113.99971489,22.28344838]],[[113.99000348,22.26028319],[113.98999285218109,22.260288498336145],[113.99018852,22.25975285],[113.99000348,22.26028319]],[[113.99850854226281,22.25652566263256],[113.99702603,22.2575882],[113.99845146,22.25649272],[113.99850854226281,22.25652566263256]],[[113.9841448424427,22.259120767839317],[113.98447751543452,22.259241924267823],[113.9840669,22.25914968],[113.9841448424427,22.259120767839317]],[[113.97855838,22.30379129],[113.97808317110189,22.303872811505915],[113.97808069,22.30383191],[113.97855838,22.30379129]],[[113.97965291,22.30182957],[113.97967389207263,22.30182476183245],[113.97975912,22.30273795],[113.97963117,22.30182526],[113.97631198,22.3011222],[113.97965291,22.30182957]],[[113.97093675745069,22.298995546454115],[113.97126759,22.2990644],[113.97631198,22.3011222],[113.97093675745069,22.298995546454115]],[[113.9831654,22.30327025],[113.9828296002731,22.302236601236952],[113.98295313,22.3022663],[113.9831654,22.30327025]],[[113.9867205712911,22.305437851719972],[113.98673109,22.30544192],[113.9874296622709,22.306692007550616],[113.98740492,22.30670003],[113.9867205712911,22.305437851719972]],[[113.9932995,22.3080949],[113.99328805234575,22.308067773793034],[113.99348598699919,22.308102535746553],[113.9932995,22.3080949]],[[113.99516028,22.30817109],[113.99392282240113,22.30812042205728],[113.99553945339864,22.30795884450487],[113.99516028,22.30817109]],[[113.99585399,22.30778278],[113.99574572986756,22.307843379518566],[113.99596975188125,22.307521972331543],[113.99585399,22.30778278]],[[113.99720873,22.30580294],[113.9970869403746,22.305919128016658],[113.99719602020151,22.30576262982367],[113.99720873,22.30580294]],[[113.9971075,22.30062141],[113.99706749514772,22.300676369460486],[113.99722578,22.29937683],[113.9971075,22.30062141]],[[114.00674897934627,22.30866808575499],[114.0047831,22.30623029],[114.00674065,22.30861423],[114.00674897934627,22.30866808575499]],[[114.00701054099812,22.310476434557476],[114.00696520389569,22.31006614701632],[114.00702166,22.31043118],[114.00701054099812,22.310476434557476]],[[114.0063596,22.31302042],[114.00681503996364,22.311272127632563],[114.00637321694316,22.313070356060077],[114.0063596,22.31302042]],[[113.99297496,22.28379403],[113.99419562768547,22.283676501556165],[113.99207208376845,22.284205096916136],[113.99297496,22.28379403]],[[113.9915792,22.2844295],[113.99166304393398,22.284391327029915],[113.99206317,22.28528617],[113.9915792,22.2844295]],[[113.99635411,22.28720024],[113.99616103,22.28901586],[113.99547878787314,22.29121951648569],[113.99635411,22.28720024]],[[113.99542525,22.29146535],[113.9954332210949,22.291428748578305],[113.99656695,22.29448512],[113.99542525,22.29146535]]],[[[113.92220053,22.15352153],[113.9224696,22.15366421],[113.92252626,22.15349328],[113.92236973,22.15339551],[113.92220053,22.15352153]]],[[[113.92411411,22.15563956],[113.92388907,22.15561559],[113.92420583,22.15484824],[113.92354144,22.15482974],[113.92277526,22.15384531],[113.92206754,22.15385493],[113.92199417,22.15523087],[113.92251963,22.1558311],[113.92371418,22.1560068],[113.92411411,22.15563956]]],[[[113.91627909,22.16187012],[113.91596121,22.16273544],[113.91656048,22.16339902],[113.91728324,22.16278796],[113.91717547,22.16209958],[113.91666643,22.16180019],[113.91627909,22.16187012]]],[[[113.91529739,22.166836],[113.91530649,22.16649906],[113.91330071,22.16652913],[113.91310447,22.16374668],[113.91274291,22.16341853],[113.91342959,22.16276459],[113.91389981,22.16328277],[113.91482772,22.1629306],[113.91560396,22.1602977],[113.9155192,22.15960164],[113.91320309,22.16020963],[113.91098742,22.15862691],[113.9095055,22.15911969],[113.90768111,22.15882604],[113.90606404,22.15908445],[113.90566298,22.15880703],[113.90556991,22.15784419],[113.9046765,22.15666939],[113.9032734,22.15612844],[113.90251865,22.15663798],[113.90237428,22.15742489],[113.90131214,22.15763496],[113.89956588,22.15886357],[113.89910829,22.15984882],[113.8994834,22.16137622],[113.90211997,22.16335479],[113.90444413,22.16362531],[113.90557971,22.16243366],[113.90596742,22.1623976],[113.90672662,22.16256142],[113.90717127,22.16406106],[113.90897679,22.16383479],[113.90974948,22.16540185],[113.91041015,22.1656383],[113.90793357,22.16723887],[113.907943,22.16770453],[113.90909097,22.16794076],[113.90918666,22.16920782],[113.9097171,22.16971678],[113.9113362,22.17013136],[113.91379264,22.16918777],[113.91486335,22.16964734],[113.91547668,22.16950035],[113.91579631,22.16901772],[113.91728011,22.168283],[113.91762048,22.16758813],[113.91672983,22.16686144],[113.91636964,22.16699744],[113.91575101,22.16664031],[113.91529739,22.166836]]],[[[113.89778744,22.17178852],[113.8994562,22.17246642],[113.90035684,22.17255536],[113.90076541,22.17226303],[113.90170533,22.17359129],[113.9024574,22.17321934],[113.90246488,22.1728],[113.90307784,22.17232635],[113.90218929,22.1724163],[113.90186023,22.17131733],[113.90131436,22.17142992],[113.90122941,22.17195179],[113.90080696,22.17214812],[113.89954223,22.17092909],[113.89778744,22.17178852]]],[[[113.90756712,22.17304552],[113.90660497,22.17344132],[113.90691368,22.17384215],[113.90769183,22.17358874],[113.90756712,22.17304552]]],[[[113.90506737,22.1748086],[113.90597057,22.17371795],[113.9053436,22.17276062],[113.90377353,22.17357319],[113.904158,22.17469138],[113.90506737,22.1748086]]],[[[113.9252604,22.1761384],[113.9256168,22.1764592],[113.92582851,22.17599445],[113.92547556,22.17579749],[113.9252604,22.1761384]]],[[[113.92476457,22.17689925],[113.92424941,22.17693627],[113.92463613,22.17722416],[113.92505048,22.17697138],[113.92508319,22.17630316],[113.92458086,22.1766083],[113.92476457,22.17689925]]],[[[113.91046138,22.1776808],[113.91010413,22.17840696],[113.91040619,22.17816764],[113.91102829,22.17802233],[113.91046138,22.1776808]]],[[[113.9243057,22.17866518],[113.92402104,22.17857781],[113.92349085,22.17931998],[113.92374092,22.18034964],[113.92423293,22.1803933],[113.92455276,22.18012909],[113.92447951,22.17975533],[113.92594916,22.17937944],[113.9262737,22.17885052],[113.92585259,22.17814894],[113.92616983,22.17796592],[113.9255562,22.17747618],[113.92482636,22.17759359],[113.92437427,22.17802711],[113.9243057,22.17866518]]],[[[113.91893406,22.18211238],[113.92008617,22.18126337],[113.92023823,22.18095769],[113.91931677,22.18004184],[113.91947299,22.1797899],[113.92074226,22.1800509],[113.92099749,22.17966354],[113.91898328,22.17875082],[113.91932911,22.1797813],[113.91800342,22.1806733],[113.91738079,22.18064951],[113.91636863,22.17972],[113.9172356,22.17787122],[113.91621656,22.17748898],[113.91551695,22.17805858],[113.91514402,22.17964014],[113.91350884,22.17818323],[113.91285319,22.17944127],[113.91320645,22.17980111],[113.91292945,22.1800582],[113.91329162,22.17985841],[113.91344086,22.18009401],[113.91341735,22.18133457],[113.91239924,22.18197692],[113.91126566,22.18214214],[113.90994591,22.18204686],[113.90897783,22.18122234],[113.9086412,22.17963545],[113.90795236,22.17964319],[113.90730455,22.1790437],[113.90580992,22.17944257],[113.90602603,22.17893214],[113.90562968,22.17894503],[113.90529319,22.17933223],[113.90525282,22.18035084],[113.90605185,22.18186517],[113.90592322,22.18246284],[113.90631909,22.18288695],[113.90557904,22.18463741],[113.90622865,22.18546582],[113.90630284,22.18778069],[113.90679217,22.1880606],[113.90704883,22.18781055],[113.90826381,22.18764592],[113.90905147,22.18670314],[113.91035387,22.18604792],[113.91143369,22.18399031],[113.91225539,22.18324462],[113.91355061,22.18301058],[113.91417665,22.18398386],[113.91578096,22.18376567],[113.91748009,22.18201782],[113.91893406,22.18211238]]],[[[113.99249516,22.19719324],[113.99145231,22.19668723],[113.99165272,22.19626305],[113.99137659,22.19496362],[113.99237393,22.19445277],[113.99273357,22.1951611],[113.99293685,22.19495143],[113.99381252,22.19516824],[113.99453758,22.19477234],[113.99497897,22.19388711],[113.99457029,22.19280568],[113.9942448,22.19288052],[113.99458922,22.19187011],[113.99390091,22.19023125],[113.99196489,22.18953123],[113.99200847,22.18929718],[113.99122815,22.18913914],[113.99086423,22.1886039],[113.99018321,22.18835916],[113.98905147,22.18886858],[113.9889741,22.18932898],[113.98749684,22.1905609],[113.98771822,22.19075457],[113.9872422,22.19144127],[113.98689394,22.19168164],[113.98659862,22.19124128],[113.98529637,22.1914301],[113.98466463,22.19264468],[113.98385527,22.19253231],[113.98230014,22.19411581],[113.98239438,22.1956585],[113.98303927,22.19783713],[113.98380851,22.19895793],[113.98478454,22.19948134],[113.98501267,22.20047276],[113.98639809,22.20115591],[113.98706741,22.20209123],[113.98762501,22.20206432],[113.98811892,22.20174916],[113.98855222,22.20207695],[113.98936788,22.2020354],[113.98975387,22.20153101],[113.99045459,22.20151706],[113.99098563,22.20087492],[113.9907637,22.19981041],[113.99217985,22.19908181],[113.99186415,22.19854561],[113.99249516,22.19719324]]],[[[113.83609167,22.21564992],[113.83503157,22.2169851],[113.83527545,22.21767954],[113.83562409,22.21771923],[113.83684996,22.21769879],[113.83747344,22.21719401],[113.83844567,22.21719954],[113.8384001,22.21638909],[113.83772776,22.21501051],[113.83733266,22.21515678],[113.83688701,22.21488787],[113.83627335,22.2154405],[113.83602693,22.2152973],[113.83609167,22.21564992]]],[[[113.85790301,22.25221866],[113.85851331,22.24895066],[113.8581106,22.24850659],[113.8577048,22.24879301],[113.85709563,22.25205779],[113.85742865,22.2524937],[113.85790301,22.25221866]]],[[[113.93254043,22.2816347],[113.93273278,22.28172507],[113.93278244,22.28158253],[113.93262886,22.28153245],[113.93254043,22.2816347]]],[[[113.94571211,22.32094801],[113.94610432,22.32042252],[113.94608698,22.3194283],[113.94575528,22.31946019],[113.94605887,22.31963879],[113.94597334,22.32038986],[113.94481294,22.320339],[113.94513765,22.31980853],[113.94455399,22.31941179],[113.94470759,22.31923164],[113.94423385,22.31865936],[113.94497198,22.3184189],[113.94421438,22.31856943],[113.94364859,22.31597332],[113.94234541,22.31419358],[113.94322862,22.31388524],[113.94633959,22.3144701],[113.94728793,22.3150928],[113.94949441,22.32164133],[113.95019265,22.32237127],[113.95120752,22.3224813],[113.95957668,22.32019385],[113.96059404,22.32088305],[113.9608543,22.32313385],[113.96152349,22.32334741],[113.96203821,22.32290731],[113.96157222,22.3184818],[113.95939413,22.31158528],[113.95843425,22.310653],[113.95772604,22.31031371],[113.95428462,22.31123491],[113.9510696,22.31293222],[113.94810018,22.31368802],[113.94249746,22.31243056],[113.9411408,22.31155899],[113.93996471,22.30987071],[113.93960213,22.30828557],[113.93983451,22.30672932],[113.94086872,22.304481],[113.94086058,22.30294312],[113.94028907,22.30175203],[113.93842707,22.29975067],[113.93755045,22.29705483],[113.93763784,22.2961996],[113.9383979,22.29478927],[113.93360834,22.29043646],[113.93256572,22.29038423],[113.91635917,22.29533692],[113.9062207,22.29521027],[113.90275886,22.29473222],[113.89896644,22.29372416],[113.89555004,22.29375756],[113.89418706,22.29470686],[113.89407194,22.29615518],[113.89796842,22.3012103],[113.89817495,22.30196746],[113.89736266,22.30435937],[113.8970095,22.30424295],[113.89679145,22.30482229],[113.8969377,22.30538668],[113.89615357,22.30736625],[113.89342054,22.30827832],[113.89272625,22.30889815],[113.89258748,22.30995779],[113.893274,22.31087703],[113.93352473,22.32384918],[113.93452259,22.32350839],[113.93552921,22.32092767],[113.9358951,22.32068606],[113.93939541,22.32177078],[113.9436723,22.32255009],[113.94473521,22.32378965],[113.94566194,22.32333203],[113.94570932,22.32290084],[113.94687347,22.32271382],[113.94684511,22.32158056],[113.94680073,22.3224575],[113.94595553,22.32255309],[113.94571211,22.32094801]]],[[[114.03342904,22.21751101],[114.03484891,22.21798846],[114.03587054,22.21716619],[114.03369872,22.2169752],[114.03368371,22.21644155],[114.03323594,22.21633776],[114.03304114,22.21590528],[114.03194472,22.21598583],[114.03060254,22.21559159],[114.02912094,22.21375444],[114.02912446,22.2119155],[114.03008901,22.21016168],[114.03233581,22.20795321],[114.03359736,22.20810418],[114.03368726,22.20742597],[114.03535193,22.20693778],[114.03665076,22.20822271],[114.03769658,22.20863892],[114.03825263,22.2085406],[114.0382597,22.20817743],[114.03944561,22.2081275],[114.03947636,22.2068841],[114.04121151,22.20566808],[114.04085601,22.20531741],[114.03996933,22.20531508],[114.03951412,22.20487772],[114.0391898,22.20312053],[114.038445,22.20269851],[114.03675718,22.20264124],[114.03678969,22.20196799],[114.0363433,22.20123501],[114.0367336,22.20082601],[114.03623059,22.20018031],[114.03568199,22.20024573],[114.03516931,22.2008369],[114.0347288,22.20209738],[114.03409683,22.20223519],[114.03384049,22.20345204],[114.0336318,22.20349476],[114.03316915,22.20309442],[114.03285327,22.20333915],[114.03217075,22.20312081],[114.03244176,22.20227396],[114.03220395,22.20195641],[114.03115412,22.20246287],[114.03076621,22.20234871],[114.03059935,22.20282678],[114.02996565,22.20231926],[114.03015163,22.20287595],[114.02914834,22.20128832],[114.02914434,22.2008333],[114.0283563,22.20088202],[114.02820788,22.20083015],[114.02801255,22.20056153],[114.02853772,22.19956478],[114.02753055,22.19931705],[114.02661437,22.19954354],[114.026137,22.19905028],[114.02647017,22.19903092],[114.02670195,22.19838673],[114.02631478,22.19865268],[114.02543491,22.1984555],[114.02567403,22.19784784],[114.02472378,22.19694073],[114.02418485,22.1969716],[114.02381772,22.19660796],[114.02301287,22.19681682],[114.02291754,22.19649653],[114.02263659,22.19666737],[114.0222883,22.19606637],[114.02157031,22.19574597],[114.02104695,22.19651188],[114.02204309,22.19703633],[114.02186222,22.19757619],[114.02148291,22.19785074],[114.02020496,22.19732248],[114.01927441,22.19733806],[114.01823548,22.19788107],[114.01815307,22.19868744],[114.01877887,22.19856707],[114.01888902,22.19894273],[114.01815999,22.19909055],[114.01788065,22.19997175],[114.01808517,22.20007463],[114.01713221,22.20021439],[114.01716218,22.20101171],[114.01838205,22.2014034],[114.01842798,22.20167399],[114.01963123,22.20166532],[114.01989262,22.20128213],[114.0208435,22.20126963],[114.01992868,22.20119565],[114.01994449,22.20090482],[114.02110386,22.20039423],[114.02121881,22.20145183],[114.02275023,22.20480973],[114.02343724,22.2053976],[114.02745084,22.20572545],[114.02793908,22.20714007],[114.0286882,22.20778124],[114.02824262,22.20793083],[114.02867975,22.20805405],[114.02864411,22.20848434],[114.02806199,22.2084067],[114.02802006,22.20867939],[114.02858207,22.20875324],[114.02810167,22.21042688],[114.02637286,22.21185422],[114.02362488,22.21144081],[114.02356597,22.21188872],[114.02307871,22.21196258],[114.02330747,22.21232736],[114.02295895,22.21276746],[114.0220822,22.21327732],[114.02258987,22.21414465],[114.02398153,22.21352759],[114.02532002,22.2148024],[114.02531509,22.21593478],[114.02631162,22.21640579],[114.02647577,22.21808643],[114.02546321,22.21852361],[114.02543035,22.21924693],[114.02678411,22.22161393],[114.03021605,22.22215643],[114.03176903,22.22176599],[114.03356504,22.22311578],[114.0344168,22.22337779],[114.03555548,22.22245737],[114.03569505,22.22143528],[114.03504871,22.22017915],[114.03444644,22.22010529],[114.03356265,22.21925613],[114.0324847,22.21916372],[114.03221133,22.21835871],[114.03249478,22.21777522],[114.03286943,22.21788708],[114.03342904,22.21751101]]],[[[114.04448667,22.25251895],[114.04397289,22.25041554],[114.04555534,22.24910494],[114.04573854,22.24817837],[114.04730526,22.24616132],[114.04668866,22.24508191],[114.04616239,22.24490071],[114.04622645,22.24356187],[114.04515778,22.24233414],[114.04472181,22.24120715],[114.04339022,22.2411361],[114.04241597,22.2422417],[114.04100535,22.24266426],[114.04051293,22.24305249],[114.04008374,22.24425427],[114.03882757,22.2436137],[114.03841806,22.24370575],[114.03854163,22.24416172],[114.04013487,22.24472507],[114.03993856,22.24577382],[114.0395769,22.24585046],[114.03954953,22.24634938],[114.03872729,22.24687852],[114.03818088,22.24789358],[114.03892597,22.24863129],[114.03891864,22.24907035],[114.0383648,22.24967671],[114.03673611,22.25029758],[114.03585396,22.25019258],[114.03542885,22.24982094],[114.03560745,22.24931095],[114.03502856,22.24934612],[114.03513998,22.25032612],[114.03386815,22.25212009],[114.03385786,22.25299208],[114.03269658,22.25343934],[114.03292243,22.25363461],[114.03259342,22.25375894],[114.03292321,22.25382065],[114.03252455,22.25444453],[114.03058056,22.25391995],[114.0296823,22.25422329],[114.02933338,22.25403048],[114.02908878,22.25430857],[114.02889935,22.25393317],[114.02795931,22.25399689],[114.02716878,22.25492655],[114.02708735,22.2556342],[114.02654988,22.25580376],[114.02646217,22.2565829],[114.02678505,22.25687161],[114.02709824,22.25653497],[114.02772712,22.2565881],[114.02827041,22.25703951],[114.0282348,22.25789978],[114.02770877,22.25784545],[114.02772087,22.25796351],[114.02834359,22.25796119],[114.02794858,22.25831961],[114.0281306,22.25866271],[114.02939418,22.25874711],[114.03152759,22.25789222],[114.03308182,22.25878882],[114.03653804,22.25824536],[114.03762649,22.25836532],[114.03930305,22.25776741],[114.04187818,22.25845414],[114.0438799,22.2571757],[114.04494687,22.25692034],[114.04552103,22.25509647],[114.04525449,22.25477752],[114.04534269,22.25379887],[114.04448667,22.25251895]]],[[[114.05498875,22.26022496],[114.05447954,22.26001594],[114.05364313,22.2589315],[114.0522384,22.25865028],[114.05055097,22.25713295],[114.04877588,22.25726001],[114.04854951,22.25797572],[114.04710212,22.25837067],[114.04672315,22.25932179],[114.0475233,22.26043444],[114.04711291,22.26182383],[114.04906529,22.2628997],[114.0500603,22.26407217],[114.05151019,22.2640934],[114.05255868,22.26474539],[114.05481404,22.26496896],[114.05524865,22.2646925],[114.05552562,22.26377638],[114.05600869,22.26371863],[114.05586439,22.26320609],[114.05648738,22.26281261],[114.05624254,22.26225383],[114.05532154,22.26200169],[114.05545015,22.26132156],[114.05502364,22.26083472],[114.05498875,22.26022496]]],[[[114.02335814,22.26873522],[114.02339185,22.26909826],[114.0240357,22.26955821],[114.02402957,22.26907076],[114.02335814,22.26873522]]],[[[114.04857049,22.28330422],[114.04843192,22.28353285],[114.04878238,22.28376145],[114.04912517,22.2835876],[114.04857049,22.28330422]]],[[[114.0774154,22.28243658],[114.07722737,22.28196069],[114.07704387,22.28239984],[114.07691131,22.28210547],[114.07662838,22.28222656],[114.07670732,22.28251139],[114.07453143,22.28213986],[114.0748246,22.28254235],[114.0743588,22.28267418],[114.07389859,22.28411068],[114.07459233,22.2849638],[114.07606771,22.28600595],[114.07898904,22.28687981],[114.07969115,22.28681615],[114.0798754,22.28625239],[114.07942048,22.28570315],[114.0797314,22.28527415],[114.07886254,22.28479299],[114.07894297,22.28408045],[114.07982294,22.28338091],[114.07954791,22.28240856],[114.07838613,22.28210804],[114.0774154,22.28243658]]],[[[114.04187714,22.28818963],[114.04159139,22.28826146],[114.0412295,22.28770954],[114.04041116,22.28784393],[114.03966068,22.28677245],[114.03974647,22.28614747],[114.04061489,22.28498463],[114.04169376,22.28466354],[114.04219802,22.28482846],[114.04215483,22.28579008],[114.04287937,22.28661253],[114.04416021,22.28704914],[114.04592966,22.28685467],[114.0462227,22.28565482],[114.04587515,22.28534636],[114.04593909,22.28486429],[114.04711669,22.28465775],[114.04748699,22.28394045],[114.04573977,22.28100139],[114.04492736,22.28095989],[114.0446289,22.28034738],[114.04409247,22.28011488],[114.04257152,22.28032864],[114.04096963,22.27983086],[114.04096155,22.28015302],[114.03947509,22.28089939],[114.03835922,22.28088741],[114.0377394,22.28137776],[114.03738064,22.28248],[114.0383063,22.28396321],[114.03818792,22.28428478],[114.03775125,22.28409666],[114.03813849,22.28434235],[114.03763305,22.28484294],[114.03693346,22.28439429],[114.03519692,22.28928811],[114.03631489,22.29040291],[114.03668841,22.29019307],[114.03765398,22.29091674],[114.0393341,22.2908184],[114.04107719,22.29178101],[114.0419334,22.29173504],[114.04224362,22.29215308],[114.04285773,22.29183033],[114.04349047,22.29217121],[114.04392501,22.29182265],[114.04456064,22.29189179],[114.04476826,22.29166296],[114.04439164,22.29143223],[114.04450992,22.29115964],[114.04586058,22.29097278],[114.04496094,22.29068386],[114.04462572,22.28978186],[114.04199945,22.28883744],[114.04187714,22.28818963]]],[[[114.05722215,22.28908297],[114.05695138,22.28907927],[114.05717882,22.28932881],[114.05805443,22.28914219],[114.05859032,22.28963685],[114.05981697,22.28940319],[114.06066693,22.28847147],[114.06030662,22.2885622],[114.05874519,22.28768628],[114.05793127,22.28805113],[114.05757686,22.28788606],[114.05812701,22.28833456],[114.05803345,22.28863712],[114.05702069,22.28880094],[114.05722215,22.28908297]]],[[[114.03341973,22.29005842],[114.0342663,22.29027985],[114.03374339,22.28968499],[114.03368057,22.28850599],[114.03347555,22.28896704],[114.03256657,22.28870644],[114.03173823,22.28906631],[114.03213407,22.28965571],[114.03304223,22.29000948],[114.03299016,22.29042089],[114.03341973,22.29005842]]],[[[114.12798671,22.2093307],[114.12814488,22.2098378],[114.12780287,22.21003669],[114.12684043,22.20951009],[114.12705673,22.20813994],[114.12653971,22.2072588],[114.12692844,22.20658051],[114.12656485,22.20601214],[114.12693635,22.20543822],[114.12781373,22.20554037],[114.12710608,22.20522179],[114.12776438,22.20428987],[114.12902343,22.20367388],[114.13000234,22.20190598],[114.1299909,22.20114352],[114.13073819,22.20350167],[114.13064751,22.20445342],[114.13122588,22.20553785],[114.13076854,22.20572607],[114.1312416,22.20560333],[114.13151991,22.20606733],[114.13096584,22.20646665],[114.13154862,22.2061011],[114.13327079,22.20725141],[114.13310239,22.20773679],[114.13339701,22.20792639],[114.13341612,22.20790318],[114.13313066,22.20772782],[114.13347439,22.20717948],[114.1343034,22.20790722],[114.13478563,22.20794387],[114.13485156,22.20829202],[114.13508188,22.20795838],[114.13547224,22.20806241],[114.13564296,22.20862574],[114.1393835,22.20889934],[114.13979164,22.20921588],[114.14046442,22.20886351],[114.14223851,22.2087498],[114.14361239,22.2077856],[114.14486598,22.20781662],[114.14568586,22.20820654],[114.14545201,22.20863527],[114.14567399,22.2085123],[114.14574512,22.2091579],[114.14550637,22.20929615],[114.14661637,22.20922418],[114.14700315,22.21030718],[114.14681705,22.21045144],[114.14705977,22.21030007],[114.14741564,22.21096292],[114.14904727,22.21093901],[114.15033705,22.21201825],[114.15204824,22.2118823],[114.15239008,22.21054534],[114.15224744,22.20992206],[114.15287069,22.20931955],[114.15511919,22.2092826],[114.15554462,22.20971562],[114.15846595,22.21009178],[114.15822786,22.21024518],[114.15846645,22.21031396],[114.15939991,22.20976704],[114.16028971,22.20861244],[114.15999807,22.20843972],[114.16029788,22.20809299],[114.15991272,22.20820444],[114.16024422,22.20748711],[114.15986983,22.20685946],[114.15839769,22.20653888],[114.15858226,22.20617987],[114.1580241,22.20626846],[114.1577501,22.20598574],[114.15763619,22.2053246],[114.15795145,22.20473764],[114.15748605,22.20401061],[114.15575598,22.20362027],[114.15400925,22.20435423],[114.15267255,22.20615838],[114.15126409,22.20624363],[114.15142762,22.20607082],[114.15075604,22.20544374],[114.1498413,22.20575191],[114.14963364,22.20555698],[114.14996852,22.20511706],[114.14926816,22.20524155],[114.14988519,22.20450863],[114.14989868,22.20381486],[114.14945644,22.20392273],[114.14906792,22.20344785],[114.14867197,22.20369316],[114.14790211,22.20351116],[114.14804119,22.20307934],[114.14765471,22.20301261],[114.14798644,22.20271509],[114.14721811,22.20275514],[114.14698616,22.20249803],[114.14692629,22.20156129],[114.14653752,22.20143626],[114.14686619,22.20012943],[114.14546244,22.19971073],[114.14483939,22.2001284],[114.14454191,22.19995069],[114.14466375,22.19938313],[114.14444327,22.19992051],[114.14355643,22.19970936],[114.14316579,22.19919544],[114.14358647,22.19887917],[114.14404268,22.19907296],[114.14417315,22.19862789],[114.14305636,22.19818389],[114.14254455,22.19899569],[114.14203462,22.19854271],[114.14200498,22.19885038],[114.14077436,22.19908791],[114.13963189,22.19786752],[114.13964749,22.19691551],[114.14007727,22.19675964],[114.13978296,22.19663857],[114.14022116,22.19564295],[114.14094983,22.19522752],[114.14155351,22.19557076],[114.1437769,22.19338626],[114.14411923,22.19237772],[114.14315516,22.19112684],[114.14325494,22.19058864],[114.14389813,22.19014628],[114.14535638,22.1901136],[114.14571596,22.18979887],[114.14632844,22.18854338],[114.14618638,22.18827605],[114.14712898,22.18711143],[114.14692076,22.1864393],[114.14759005,22.18490725],[114.14746277,22.18452534],[114.14898155,22.18367521],[114.14926872,22.18321267],[114.14882798,22.18309207],[114.14903605,22.1829406],[114.1488401,22.18259746],[114.14954315,22.18239663],[114.14964723,22.18168695],[114.14917468,22.18119121],[114.14797826,22.18125166],[114.14820812,22.18244818],[114.14778901,22.18300084],[114.14608287,22.1836249],[114.14544073,22.18333374],[114.14440307,22.18349455],[114.14340974,22.18430659],[114.14313076,22.18555678],[114.14083657,22.18704216],[114.14052718,22.1876006],[114.13811336,22.18850019],[114.13821321,22.18927676],[114.13730414,22.18940328],[114.13718103,22.18982497],[114.13451367,22.19092868],[114.13453952,22.18996366],[114.13419106,22.18994165],[114.13451194,22.1890848],[114.1342384,22.18856302],[114.13445765,22.1879238],[114.13411678,22.18705171],[114.13546146,22.18647893],[114.13608711,22.18518978],[114.13583277,22.18505954],[114.13729388,22.18275344],[114.13778967,22.17998374],[114.1376207,22.17943231],[114.13731416,22.17938039],[114.13761802,22.17845206],[114.13725349,22.17773253],[114.13661611,22.17789174],[114.13596055,22.17869108],[114.13413726,22.17970015],[114.13297065,22.18265459],[114.13231752,22.18335066],[114.13197088,22.18336675],[114.13159308,22.18278552],[114.1306998,22.18262558],[114.13075205,22.18236562],[114.13011089,22.18227893],[114.13030357,22.18197413],[114.12927677,22.18085907],[114.12916487,22.18020806],[114.12820904,22.18009329],[114.12828838,22.17925019],[114.12744253,22.17845798],[114.12554057,22.17824627],[114.12523905,22.17864211],[114.12550158,22.17948818],[114.12429717,22.1800078],[114.12316514,22.18132899],[114.12238461,22.1810399],[114.12175781,22.17978199],[114.12134294,22.18001134],[114.1194921,22.17983991],[114.11870733,22.18017928],[114.1182473,22.17999628],[114.11734594,22.18121461],[114.11591225,22.18139355],[114.11519288,22.18179842],[114.11469643,22.18322276],[114.11430901,22.18311867],[114.11382487,22.18402905],[114.11427191,22.18514506],[114.11401096,22.18508333],[114.11391644,22.18558319],[114.11428085,22.1855678],[114.11429417,22.18679636],[114.11456123,22.18679425],[114.11491774,22.18769152],[114.1152377,22.18765486],[114.11553131,22.18817658],[114.11759889,22.18850306],[114.11876183,22.19023908],[114.12033913,22.19069878],[114.12064166,22.19129492],[114.1201042,22.19165886],[114.12044582,22.19195062],[114.12007372,22.19253721],[114.12013957,22.1926201],[114.1204865,22.19250575],[114.12082084,22.19321629],[114.12080211,22.19703004],[114.12146705,22.19774113],[114.12150681,22.20082113],[114.12206194,22.20128742],[114.12209036,22.20201525],[114.12172642,22.2025043],[114.12225416,22.20303597],[114.12167281,22.20351041],[114.12247652,22.20367946],[114.12267525,22.20425525],[114.12234065,22.20507445],[114.1201255,22.20627759],[114.11970035,22.20672252],[114.11963492,22.20743079],[114.12122347,22.20812345],[114.12142049,22.20886161],[114.1208128,22.20986408],[114.12090881,22.2101331],[114.12159737,22.21014784],[114.12189607,22.21090676],[114.121333,22.21224035],[114.12054853,22.21301693],[114.12123929,22.21372663],[114.12129782,22.21432832],[114.120717,22.21486167],[114.12077278,22.21546236],[114.12047709,22.21535881],[114.12029362,22.21566845],[114.12061219,22.21574842],[114.12023393,22.21671543],[114.12042253,22.2169539],[114.11960626,22.21863039],[114.11909926,22.2185099],[114.11927156,22.21878606],[114.11894299,22.21885752],[114.11819173,22.21841884],[114.11746289,22.21956011],[114.11608023,22.22012898],[114.11471786,22.22031211],[114.11352121,22.22008313],[114.11380299,22.21484798],[114.11358698,22.21417634],[114.11210584,22.21335389],[114.11018584,22.21325191],[114.10946736,22.21381362],[114.10946367,22.21601924],[114.10545208,22.21598795],[114.10564025,22.21525163],[114.1079113,22.21523179],[114.10833639,22.2149882],[114.10864373,22.21136839],[114.10805176,22.21094863],[114.10330995,22.21082666],[114.10273202,22.21132918],[114.10284599,22.21632468],[114.10157367,22.21588544],[114.10203034,22.21288057],[114.10177135,22.21283761],[114.10075316,22.21874056],[114.10275937,22.21848993],[114.10242944,22.21871144],[114.10265171,22.2192694],[114.1031176,22.21910913],[114.10298503,22.21942153],[114.10333483,22.21964901],[114.1031032,22.22106411],[114.10364862,22.2219958],[114.10391421,22.22153109],[114.10504683,22.22124672],[114.10573352,22.22211621],[114.10567558,22.22260587],[114.10613625,22.2226801],[114.10614488,22.22310343],[114.10677791,22.22306376],[114.10717629,22.22341691],[114.10749306,22.22427593],[114.10781686,22.22412628],[114.10903979,22.22479202],[114.10869487,22.22500714],[114.11036584,22.22475881],[114.11056881,22.22503711],[114.11036875,22.22524507],[114.11129686,22.22511137],[114.11132494,22.22570616],[114.11069225,22.22586806],[114.11140448,22.22578703],[114.11129447,22.22684165],[114.11001364,22.2269626],[114.10835249,22.22617755],[114.10992288,22.22698272],[114.1095694,22.22699673],[114.10927729,22.22801637],[114.10898388,22.22796719],[114.10917428,22.22749969],[114.10890082,22.22742321],[114.10825253,22.22802322],[114.10886335,22.22815972],[114.10911599,22.22908265],[114.10988981,22.22927991],[114.10975106,22.22962582],[114.11019162,22.22968772],[114.11020137,22.23106762],[114.10985437,22.23145429],[114.10789404,22.23187609],[114.10754893,22.23252105],[114.10710135,22.23225675],[114.10621576,22.23282836],[114.10578824,22.2333081],[114.10580028,22.23413088],[114.10704393,22.23475715],[114.10718692,22.23531506],[114.10749997,22.2352596],[114.10780447,22.23572091],[114.10821582,22.2357045],[114.10840844,22.23528493],[114.10901404,22.23543093],[114.10936739,22.23607056],[114.10995585,22.23626495],[114.10988847,22.23666378],[114.11261672,22.23711627],[114.11350232,22.23798742],[114.11458836,22.23790602],[114.11492301,22.23822282],[114.1160849,22.23826507],[114.11646589,22.23868169],[114.11694957,22.23858825],[114.11745313,22.23927521],[114.11686525,22.23977024],[114.11762653,22.24029538],[114.11745465,22.24071705],[114.11811894,22.24118598],[114.11903324,22.23996355],[114.11885563,22.23947278],[114.11920437,22.23911311],[114.12160036,22.23900539],[114.12233441,22.23847472],[114.12304542,22.23727018],[114.12297412,22.2359896],[114.12223314,22.23490722],[114.122168,22.23406199],[114.12087909,22.23380642],[114.12039472,22.23290855],[114.12046697,22.22962191],[114.12149509,22.22884793],[114.12180801,22.2287254],[114.1217949,22.22893321],[114.12303628,22.22768464],[114.12337606,22.22778724],[114.12312026,22.2274794],[114.12363348,22.22703486],[114.12596912,22.22618531],[114.12554677,22.22468407],[114.12611741,22.22417528],[114.12606635,22.2238342],[114.12674392,22.2236789],[114.12672397,22.22310883],[114.12656713,22.22307013],[114.12639642,22.22365323],[114.12555459,22.22375792],[114.12530031,22.2225247],[114.12683644,22.22116349],[114.12690188,22.2207257],[114.12731301,22.22084795],[114.12688857,22.22043247],[114.1271479,22.21988181],[114.12953367,22.21880016],[114.12987356,22.2177792],[114.13050839,22.21788654],[114.13083059,22.21819589],[114.13069043,22.21851913],[114.13091159,22.21820781],[114.1312286,22.21867596],[114.13197373,22.21889046],[114.13166616,22.21954945],[114.13216902,22.21993895],[114.13189656,22.22012816],[114.13215923,22.22003998],[114.13254184,22.22047565],[114.13235723,22.22073391],[114.13340142,22.22089529],[114.13361717,22.22144904],[114.13304875,22.22135658],[114.13374185,22.22175347],[114.1342777,22.2211036],[114.13459854,22.22127527],[114.13576202,22.22077235],[114.13381438,22.21635208],[114.1357624,22.22076573],[114.13685815,22.21873894],[114.13707242,22.21670105],[114.13638549,22.215229],[114.13527833,22.21439314],[114.13461329,22.21316808],[114.12996742,22.21043859],[114.12929307,22.20964182],[114.12818256,22.20968274],[114.12798671,22.2093307]]],[[[114.13585308,22.22414977],[114.13607948,22.22361484],[114.13561689,22.2238885],[114.13421912,22.22307963],[114.13340866,22.22298825],[114.13310832,22.22509001],[114.13500153,22.22629168],[114.13613737,22.22563247],[114.13585308,22.22414977]]],[[[114.23739283,22.17495926],[114.23632803,22.17530991],[114.23689356,22.1756015],[114.23729708,22.17544106],[114.23739283,22.17495926]]],[[[114.249104,22.15994056],[114.24936996,22.16063758],[114.25092208,22.16131163],[114.25135188,22.16101415],[114.25131188,22.16021736],[114.24975396,22.15980142],[114.249104,22.15994056]]],[[[114.27014107,22.17719392],[114.27091409,22.17698273],[114.27108945,22.17640003],[114.27155392,22.1761117],[114.27187095,22.17433746],[114.27161059,22.17402361],[114.27218128,22.17393445],[114.27277149,22.1726631],[114.27223474,22.1713802],[114.27150298,22.17064812],[114.27143077,22.16908745],[114.2717439,22.16924992],[114.27171367,22.16890422],[114.27327529,22.16748741],[114.27255251,22.16710362],[114.27300822,22.16681927],[114.27309801,22.16611511],[114.27378724,22.16590079],[114.27404954,22.16502368],[114.27370596,22.16395571],[114.2743659,22.16362512],[114.27450179,22.16283399],[114.27415186,22.16238901],[114.27202299,22.16229108],[114.27219253,22.16246509],[114.27193506,22.16261902],[114.27098506,22.16219635],[114.27003882,22.16278943],[114.26990991,22.16212639],[114.26930297,22.1620667],[114.26878191,22.16300601],[114.26802444,22.16243827],[114.26746398,22.16258453],[114.26704503,22.16225209],[114.2662162,22.16256549],[114.26634439,22.1644858],[114.26605523,22.16465573],[114.26512603,22.16410772],[114.2647389,22.16472089],[114.26287991,22.1621701],[114.26099838,22.16036643],[114.26000734,22.15990802],[114.26136133,22.15948456],[114.26145748,22.1589209],[114.26086141,22.15820659],[114.25841158,22.15667627],[114.25853006,22.15648833],[114.25731317,22.15599302],[114.25639213,22.15602035],[114.25663683,22.15590411],[114.25518308,22.15527629],[114.25500189,22.15554463],[114.25607847,22.15638631],[114.25566397,22.15667285],[114.25626377,22.15765678],[114.2567979,22.15780565],[114.25696244,22.15838365],[114.25722201,22.15818929],[114.25762717,22.15925555],[114.25839093,22.15971267],[114.25760693,22.16005458],[114.25752763,22.16070728],[114.25528041,22.16108614],[114.25500774,22.16082087],[114.254309,22.1615382],[114.25359229,22.16101923],[114.25307455,22.16185618],[114.25269964,22.16174228],[114.25280011,22.16142722],[114.25211232,22.16158219],[114.25209689,22.16278191],[114.25240914,22.16288634],[114.25274608,22.16244075],[114.25308692,22.16250641],[114.25365912,22.163316],[114.25288547,22.16333289],[114.25321083,22.16339856],[114.25368528,22.16334729],[114.25371193,22.16391523],[114.25436803,22.16469565],[114.25343797,22.16541332],[114.25315247,22.16499835],[114.25224924,22.16487607],[114.25094135,22.16393612],[114.25026986,22.16462972],[114.25044302,22.16521049],[114.24997142,22.16603635],[114.25008938,22.16647901],[114.25086778,22.16741471],[114.25081901,22.16796704],[114.2520044,22.16932275],[114.25209939,22.17054274],[114.25257196,22.17140592],[114.25478944,22.17295422],[114.25557259,22.17421828],[114.25554754,22.17483402],[114.25599069,22.17510439],[114.25662577,22.17450645],[114.25696671,22.17532977],[114.25787526,22.17619546],[114.25908608,22.17680934],[114.26019525,22.17709395],[114.26151836,22.17681395],[114.26155964,22.17733065],[114.26201362,22.17762225],[114.26319865,22.1772096],[114.26322675,22.1776775],[114.26395818,22.17795198],[114.26377313,22.17927998],[114.26417357,22.18018975],[114.26612431,22.18090424],[114.26687239,22.18018065],[114.26720738,22.1785547],[114.26797019,22.17883635],[114.26827104,22.17776132],[114.26886447,22.1780898],[114.26862261,22.17819949],[114.26910141,22.17820063],[114.26979822,22.1771613],[114.27014916,22.17747913],[114.27014107,22.17719392]]],[[[114.25052143,22.18034834],[114.25000953,22.18074085],[114.24870112,22.18071603],[114.24685671,22.18165903],[114.24555033,22.18156148],[114.24563988,22.17942752],[114.24507492,22.17882366],[114.24431613,22.17864986],[114.24500207,22.18098797],[114.24397191,22.18117184],[114.24388932,22.18212486],[114.24356822,22.18229691],[114.24371952,22.18315871],[114.2442264,22.18376529],[114.24402174,22.18400239],[114.2442327,22.18669629],[114.24365312,22.18754936],[114.24368996,22.18807972],[114.24438434,22.18844107],[114.24716575,22.18862988],[114.24875324,22.18906857],[114.24911133,22.18887173],[114.25018542,22.18946841],[114.25031212,22.18923864],[114.25240898,22.18972199],[114.25287228,22.18954962],[114.25368629,22.19019435],[114.2540676,22.18982671],[114.25536855,22.18975167],[114.25581065,22.18873711],[114.25601496,22.18888207],[114.25644596,22.18821216],[114.25685062,22.18551194],[114.25631636,22.1827382],[114.25449126,22.1810492],[114.25052629,22.17922345],[114.25052143,22.18034834]]],[[[114.28845711,22.18086579],[114.28786877,22.18062564],[114.28479232,22.18146146],[114.28408076,22.18135695],[114.28396707,22.18175801],[114.28429831,22.18230882],[114.28387176,22.1822596],[114.28404545,22.18270989],[114.2834978,22.18301334],[114.28355903,22.18464561],[114.28270079,22.18533476],[114.28406339,22.18723533],[114.2855568,22.18662588],[114.28604877,22.18683211],[114.2860492,22.18889347],[114.28729919,22.19010686],[114.28949573,22.18847182],[114.28964742,22.18778251],[114.28934137,22.18703712],[114.28955232,22.18694631],[114.28941747,22.18594378],[114.28852019,22.18476081],[114.28886439,22.18479744],[114.28923103,22.18388035],[114.28913292,22.18174017],[114.28845711,22.18086579]]],[[[114.29028573,22.18796211],[114.28993892,22.18778061],[114.28947516,22.18914401],[114.28976289,22.18970202],[114.29054408,22.18994702],[114.29060859,22.18924764],[114.29085114,22.18940832],[114.29028573,22.18796211]]],[[[114.30124997,22.1820427],[114.30120491,22.18213583],[114.30138521,22.18234975],[114.30139715,22.18207283],[114.30124997,22.1820427]]],[[[114.30265013,22.18307261],[114.30279535,22.18316727],[114.30322394,22.18303614],[114.30398974,22.18370196],[114.30451532,22.18324498],[114.30447012,22.18254884],[114.30402478,22.18209306],[114.3037663,22.18238276],[114.30390399,22.18187073],[114.30302658,22.18095335],[114.30228461,22.18117129],[114.30218057,22.18250003],[114.30289904,22.18295887],[114.30265013,22.18307261]]],[[[114.30549733,22.18519959],[114.30494027,22.1834303],[114.30398795,22.18397646],[114.30490142,22.18467456],[114.30451182,22.18454758],[114.30541088,22.18660822],[114.30510851,22.18710449],[114.30556315,22.18782531],[114.30517974,22.1878619],[114.30522547,22.18812652],[114.30624853,22.18889195],[114.30631719,22.18849459],[114.30590792,22.18802719],[114.30617993,22.18800353],[114.3060918,22.18737365],[114.30643959,22.18762674],[114.30655143,22.18728699],[114.30575689,22.18617699],[114.30614514,22.18609688],[114.30615243,22.18578218],[114.30549733,22.18519959]]]]}}]}