{"type":"FeatureCollection","features":[{"type":"Feature","properties":{"地區號碼":"A","District":"Central & Western","地區":"中西區","Administrative District Boundary of Hong Kong":"Administrative District Boundary of Hong Kong"},"geometry":{"type":"Polygon","coordinates":[[[114.11621767110059,22.277495283463026],[114.1173310613842,22.280051295706023],[114.1187727586288,22.28145943602174],[114.12178616137656,22.282460733845927],[114.12152073787024,22.2832043350207],[114.12282833133057,22.28405262725485],[114.1231740829811,22.283745961650563],[114.12211780890007,22.283027542776967],[114.12227324721044,22.28262260425617],[114.12529716810002,22.28360805562778],[114.12543402936772,22.28403283459738],[114.12576754278129,22.283762944837918],[114.1275067374672,22.284060911269936],[114.13226831826918,22.288319753014875],[114.13457793154217,22.288015519328688],[114.13436720897704,22.288746952726104],[114.13174855211845,22.289132517209012],[114.13175218124933,22.28960135908656],[114.13435184273197,22.28925069955084],[114.14039772537127,22.290768325686994],[114.14560580480266,22.29060046324599],[114.1498926366905,22.28953730167199],[114.15079862683497,22.28853766146416],[114.1514397849212,22.288415960051996],[114.15113489229644,22.289214299911226],[114.1524311839463,22.289104821888884],[114.15249038632558,22.289382089243748],[114.15131125419805,22.289689163901187],[114.15145877413282,22.290110788248224],[114.1532403907201,22.28962009064628],[114.15274762524609,22.2890005032211],[114.15319299912471,22.288597271999347],[114.15258965553555,22.28843316511717],[114.15251489321626,22.288112651480215],[114.15419199979398,22.287513805526824],[114.15575949378652,22.288944228377638],[114.15614958541023,22.28821265894971],[114.15652232184956,22.288795959071145],[114.15684665870788,22.288765522021247],[114.15681348021162,22.28805135257433],[114.15718051751429,22.287965227288186],[114.15740625226738,22.288555883765497],[114.15773724509756,22.288568965106347],[114.15769661756363,22.287875527939356],[114.15810555633459,22.28774730453985],[114.15833092043428,22.288332550394557],[114.15865330229359,22.288343248231737],[114.15864499959162,22.287606671147167],[114.1590103548652,22.28751101764514],[114.1592858694966,22.28809256360739],[114.15958594597393,22.28809620822179],[114.15953551642575,22.287408410067524],[114.15991475157077,22.28724840061379],[114.16021900891847,22.28780591124766],[114.16051290833222,22.287805725967686],[114.16046468703475,22.287062760188128],[114.16088894767462,22.286902840731756],[114.16114676890147,22.287487229388216],[114.16146732185231,22.287460868082242],[114.16143647500968,22.286690716013428],[114.16170933217012,22.28658415114258],[114.16202439757008,22.28714527073786],[114.1623418399948,22.2871158796669],[114.16236258386735,22.286171757486613],[114.16273130441648,22.28606942642828],[114.16244535679199,22.285828864003904],[114.16256782816409,22.285466723632968],[114.16301286595038,22.285389118979925],[114.16269953362405,22.28512003988941],[114.16281528244456,22.284767894611875],[114.16375391069354,22.284196837304542],[114.16749994319844,22.283185777961748],[114.16779578750989,22.28086221501609],[114.16680215949701,22.279689688815697],[114.16823539022751,22.279654069015525],[114.16732801880976,22.278490923854243],[114.16728590539245,22.278004345863103],[114.1681351877171,22.277369733960914],[114.16721696432397,22.276627078038892],[114.16746213553732,22.27607458272461],[114.16710510248824,22.275416619855527],[114.1663970517327,22.275236055481216],[114.16626266565429,22.273067943124673],[114.16556329512358,22.27268529716132],[114.16567037234945,22.26921854108535],[114.16719606093399,22.268276779576123],[114.16588097710505,22.266595940118155],[114.16635116320703,22.265757102369694],[114.16614308149977,22.263829621917953],[114.16531197045347,22.263089750964802],[114.164716647006,22.261189198682036],[114.16367335624723,22.260334595036817],[114.16345080812796,22.258759242792724],[114.1626583435262,22.258323071692907],[114.16174993558617,22.258865151525438],[114.15830366887644,22.257773962840194],[114.15528663659825,22.259187183748153],[114.15532378574117,22.258016694878748],[114.15434908754885,22.25680520430103],[114.1543817306435,22.25646080782037],[114.15392361620569,22.255914733588263],[114.15356616162359,22.256145356344025],[114.15182064485434,22.254066434441764],[114.15090228330253,22.25400050383141],[114.14951594108813,22.253267463361745],[114.14900893237106,22.253437098620363],[114.14805566165047,22.25227391405105],[114.14695846328412,22.251984636277403],[114.14591973900214,22.252745276249318],[114.14521377444073,22.254485690786446],[114.14539678255501,22.254930021129255],[114.14597430737761,22.254889926331916],[114.14613668042857,22.256086667891143],[114.14671378160261,22.2563650625893],[114.1464010084309,22.25726159009637],[114.1447031471034,22.259072811096146],[114.14407673631327,22.259008595710444],[114.14310148062538,22.25978565416715],[114.14293389443016,22.26179474130608],[114.13629029602966,22.2719931187426],[114.1293054076917,22.275493595858066],[114.12833115185087,22.27466785970176],[114.12641515569125,22.27424659336877],[114.12537681544481,22.273342206375084],[114.12379591802542,22.272646871243584],[114.12286154516674,22.272762494205434],[114.12155906682649,22.272374137940872],[114.12041164327998,22.2731814026998],[114.11900841988611,22.273556819897827],[114.118506829692,22.274110950632558],[114.11766129795531,22.273710575354592],[114.11631422832504,22.274656611926513],[114.11644954389828,22.276761182466313],[114.11621767110059,22.277495283463026]]]}},{"type":"Feature","properties":{"地區號碼":"B","District":"Wan Chai","地區":"灣仔","Administrative District Boundary of Hong Kong":"Administrative District Boundary of Hong Kong"},"geometry":{"type":"Polygon","coordinates":[[[114.16306333787766,22.257669864910042],[114.16348678075947,22.260421077762796],[114.16453305066884,22.261284274791894],[114.16512500407991,22.263178131174914],[114.16597031148116,22.263930666184034],[114.16615279496496,22.265718149520215],[114.1656844441248,22.266685706614858],[114.16690772163085,22.268288432203867],[114.16547698220056,22.269147426524093],[114.16536172757927,22.272745801465444],[114.16606640124316,22.273118031205193],[114.16621896539235,22.27532993743524],[114.16658414983269,22.275691476752506],[114.1669154191979,22.275572628807424],[114.1672214486138,22.276041084096295],[114.16699714355154,22.27664516039844],[114.16789187803231,22.277410333327722],[114.16708254002876,22.27796485350707],[114.16714592985348,22.278580418601507],[114.1679604312327,22.2795771775944],[114.16651959608097,22.27960941002684],[114.16759430307646,22.280903292535218],[114.16734894335515,22.283124411894033],[114.17026440259325,22.282700092092362],[114.17108021261924,22.28295609530388],[114.17227340126225,22.28476657663465],[114.17414808786302,22.284786511066198],[114.17440896982875,22.28513518346071],[114.17464455619358,22.28469088930006],[114.17451309092641,22.283246045641455],[114.17477155505341,22.282978903426084],[114.17597134473576,22.28308258731978],[114.17594757810605,22.283697127778787],[114.17623567862756,22.283829882542147],[114.17652992123652,22.283138952463407],[114.1781624333216,22.283346465031947],[114.17896568488206,22.283075397897697],[114.1805923394234,22.284077983965073],[114.18005062515644,22.283243061259256],[114.18028800150985,22.28263622892131],[114.18180146686436,22.283287291771444],[114.18174147265863,22.284273783067498],[114.18143648417649,22.284575326948154],[114.1826234966505,22.285153900547225],[114.18345228042365,22.28449017391369],[114.18309861439336,22.282584151164695],[114.18332830700588,22.282533122002793],[114.1865686429004,22.284565486466317],[114.18975904111076,22.28527323738649],[114.1897104871258,22.285689882548176],[114.18896255643321,22.286258127932218],[114.18879700314804,22.286973715576945],[114.18814295220733,22.287528038157216],[114.18933754513466,22.288546063753774],[114.19139011693117,22.28684847420623],[114.19194612617629,22.287481980190538],[114.19298294364896,22.286927843546373],[114.19302911525826,22.28532997652922],[114.1925388485715,22.28317525335212],[114.19305403991154,22.283226885686474],[114.19335270551736,22.28524958033787],[114.1938966926051,22.286093887342695],[114.19486167264674,22.286119352449685],[114.19550951160487,22.286709689610106],[114.19597079280555,22.286353021170417],[114.19582518631474,22.285851486367594],[114.19472011454523,22.285084811742884],[114.19531079753813,22.28452547571788],[114.19491730526283,22.28261017090554],[114.19355603760731,22.28087274705073],[114.19408229409333,22.280039277360277],[114.19480410081754,22.27960694540825],[114.19488691274779,22.27916035036233],[114.19448757295727,22.279019332917255],[114.19536092767594,22.278363869856694],[114.19529014826237,22.277790699615743],[114.19608422567238,22.27674018962868],[114.19538644212463,22.276234582339686],[114.19546175597151,22.275821796399157],[114.197823389359,22.273286261621212],[114.20064442030345,22.274447971147335],[114.20210582380282,22.27770264461715],[114.20259108245646,22.277850529902874],[114.20467335823557,22.275274818503295],[114.20724835316749,22.27050955859344],[114.20318167245522,22.267410200778833],[114.1984608090757,22.266266418637386],[114.19747146141235,22.25915227124303],[114.19786193446237,22.25822457133118],[114.19771676978769,22.257802573521243],[114.19650451638977,22.25802868099724],[114.19574847574343,22.25741343521372],[114.19438153054747,22.25694147015744],[114.19260101868977,22.257361101300706],[114.19148373154746,22.256923169897576],[114.18967256740594,22.257192501454117],[114.18900865246107,22.25671356792666],[114.18844930234957,22.255634286032176],[114.18829907795171,22.2544394938362],[114.18714820151871,22.25394846630475],[114.18554366438904,22.254308998118983],[114.18434820138013,22.255154902519692],[114.18331031698288,22.255074134476104],[114.18291674416913,22.25559748920118],[114.18028997725679,22.255855825251736],[114.17864016384998,22.256797638677092],[114.1779444390566,22.25500722211641],[114.17683947613843,22.25415205368458],[114.17609838250128,22.254013137643366],[114.17299403257606,22.25569523242949],[114.17216617961054,22.25536173314831],[114.1712327841311,22.25547087503621],[114.16956815889316,22.256698474628838],[114.16776002393556,22.25732970227261],[114.1675664480666,22.257054874918136],[114.16535097658752,22.2571816821913],[114.16595412232131,22.256602270105972],[114.16570703670877,22.256173129701864],[114.16456118895157,22.256506736905948],[114.16334298540404,22.25637080290032],[114.16306333787766,22.257669864910042]]]}},{"type":"Feature","properties":{"地區號碼":"C","District":"Eastern","地區":"東區","Administrative District Boundary of Hong Kong":"Administrative District Boundary of Hong Kong"},"geometry":{"type":"Polygon","coordinates":[[[114.18926632511024,22.288395096581322],[114.19220485285524,22.291371616395796],[114.19302734009852,22.291003154091854],[114.19366199231483,22.2916938997608],[114.19603586618271,22.2927861435733],[114.19826272387374,22.293255356750254],[114.19832002310771,22.293792715775652],[114.19878695196793,22.293717086375516],[114.19874716699621,22.293146245768884],[114.1997746417561,22.29335727909726],[114.19981708198378,22.29386817020321],[114.20012326384156,22.293435217148822],[114.20072413941661,22.29357720800597],[114.20072773971278,22.294559193544828],[114.20127200441455,22.29366652852361],[114.20296879334227,22.29401386183241],[114.20323054559779,22.29485414383427],[114.20358304501578,22.2946036067001],[114.20353872759345,22.293809463283367],[114.2070967420222,22.29311564948146],[114.20732813838265,22.29330553274009],[114.2076363219631,22.292922158256516],[114.20810308616986,22.29372984626897],[114.20831690582888,22.293519566125248],[114.20792375164962,22.292832609074313],[114.20966423135383,22.29228368754546],[114.20992929464074,22.292444236179506],[114.21542611994997,22.29019433168864],[114.21965090662529,22.289433886779907],[114.2222542978688,22.28830843485649],[114.22452777322825,22.286183710120273],[114.22505310877764,22.286432617794848],[114.22487531875933,22.285859754951982],[114.2253225810472,22.28543840445093],[114.22594048898809,22.285580592117746],[114.22489691429236,22.284183936358765],[114.22630830259732,22.283097981128776],[114.23033333762871,22.283164175527745],[114.23153219684137,22.28360676532354],[114.2324656941704,22.283449271997036],[114.23358868052479,22.28403760324346],[114.23204115199592,22.284899377709486],[114.23210475259175,22.285173535388793],[114.23377321551726,22.284405051664173],[114.23462031297485,22.28456912174355],[114.23682369317095,22.282274281604455],[114.23908648013023,22.281147020547827],[114.23889011218867,22.280705737034218],[114.23926823377595,22.28066919355893],[114.23928059705942,22.280283697143833],[114.24094138250786,22.27911420494625],[114.24175339662092,22.275926622330708],[114.24296747116621,22.274479497872544],[114.2432412542762,22.274586289672904],[114.24440266184321,22.272766577133172],[114.24188360544079,22.26986201748074],[114.24317056922607,22.268321734535125],[114.24371908364664,22.268260103123463],[114.2454719071332,22.26954121422355],[114.24490047536815,22.271446136798584],[114.24549938571262,22.27216022582723],[114.2451172210966,22.27320658615645],[114.24532739341043,22.273366630400787],[114.2467709524898,22.268983034476506],[114.24749682472712,22.268110850699017],[114.24893655491951,22.26930162702919],[114.25303912075903,22.26548959964264],[114.25702421995953,22.262347737400912],[114.2574794027461,22.26134395576809],[114.25582515058001,22.261091285075576],[114.25509231085319,22.259344999313814],[114.25574174211391,22.25796058363736],[114.25619641217668,22.257895222384196],[114.25627429024486,22.256748627637347],[114.25667857252533,22.2563834039176],[114.25636910431619,22.25609092680417],[114.25635958884689,22.2553848189116],[114.25567272354475,22.255385151891907],[114.25572627691822,22.254754834300982],[114.25542464430463,22.25443718377198],[114.25581005669994,22.253819020279604],[114.25567541144561,22.253259523550565],[114.2550566180856,22.252958189474043],[114.25500020705066,22.25228919694114],[114.25444419797319,22.252193365940133],[114.2539736946892,22.251501765264692],[114.25481455508627,22.249802904525424],[114.25421288482015,22.249402229127526],[114.25456288087635,22.249050359823702],[114.25420158723854,22.24849158520907],[114.25336562063545,22.248365759777137],[114.2523408400408,22.249364319841142],[114.25162073852559,22.2493968889088],[114.25112899195366,22.248858768183005],[114.25120230580589,22.248506686363438],[114.25078098949025,22.248638277033663],[114.25039444540167,22.248312676553248],[114.2507746825983,22.247679176494884],[114.249805154734,22.24662591932869],[114.24730967426332,22.253287636121815],[114.24408931546392,22.253538083471167],[114.24280929893587,22.254484624731667],[114.2425933909875,22.255304201718726],[114.23867224912249,22.256160531650195],[114.2374471009129,22.257106556886672],[114.23696786854654,22.256821573499508],[114.2366627993527,22.257140809798823],[114.23638640633776,22.256365808272157],[114.23576424466069,22.256672784493333],[114.23536715033977,22.25610140147693],[114.23478403481603,22.256038145240918],[114.23452728957479,22.255184154302203],[114.23371160226341,22.25450651493769],[114.23200263332745,22.254912744030488],[114.23075937479543,22.256079646072997],[114.2304206003648,22.255756871463745],[114.22997416939482,22.256330610519427],[114.22829395236276,22.257217744106853],[114.22138255249737,22.256589990757153],[114.21820528931728,22.25802794884607],[114.21711369290183,22.25734407016056],[114.21458389870465,22.25975236493458],[114.21398104688791,22.2596762367499],[114.21212059690234,22.2603238722148],[114.21149420537482,22.259077355909387],[114.21214200439049,22.258317193559744],[114.21131531420679,22.25760281475928],[114.21067812853101,22.25789500561463],[114.2104788098941,22.257346937838584],[114.21084155781544,22.256610348558567],[114.21236420421216,22.25623765950674],[114.21278004407854,22.255854557501593],[114.21169649099434,22.25547195424925],[114.21120565206542,22.254566125347228],[114.21081403765494,22.254894217759908],[114.2112209568566,22.255749301678456],[114.21004110581224,22.256893459702376],[114.20937494647762,22.2568275016213],[114.20870978734465,22.2575341529265],[114.20767942585547,22.25719376648597],[114.20624121566308,22.25747541434972],[114.20571243925697,22.257853125648612],[114.20501459165651,22.25921688176269],[114.20180145397258,22.25877320796357],[114.20042054261586,22.259133374680143],[114.19886788012114,22.258126329312482],[114.19773759025358,22.25796527341213],[114.19727037823542,22.25915206618022],[114.19829421448654,22.266398515825852],[114.20309686239662,22.267592852452832],[114.20703697569105,22.27048502257838],[114.20450652828356,22.275163815208163],[114.20251355986555,22.27765333187207],[114.20078692809153,22.27430095296775],[114.19757826535688,22.273162477483215],[114.19723012275276,22.273973928368356],[114.19523586327311,22.275791548670533],[114.19519938915806,22.276345296757345],[114.19586674674468,22.276705567291827],[114.19509938284699,22.277715474029332],[114.19518261385936,22.27823543809572],[114.19424334562896,22.278991936985765],[114.19463494684135,22.279491901028024],[114.19393842948772,22.27989197086174],[114.19334889941403,22.280776243251093],[114.19472803723475,22.282679838846878],[114.19510285153167,22.284476384493527],[114.19460269825827,22.28470168530352],[114.19455547587332,22.285285255810226],[114.19560193036655,22.285876565556162],[114.19576608392573,22.28628600796711],[114.19546731878988,22.286495851972347],[114.19494138139603,22.285919702530283],[114.1940493553783,22.285962695965033],[114.19354597231803,22.285193545496153],[114.1932259149747,22.283100717116575],[114.19240951024635,22.282973244992974],[114.19280157467875,22.286797764448792],[114.19195875811916,22.28724958102365],[114.1913096497693,22.286664437065735],[114.18926632511024,22.288395096581322]],[[114.21924737369339,22.283890028807377],[114.2195083128476,22.283925421559882],[114.21949908985512,22.28397180963512],[114.219495777819,22.283970908432774],[114.21924737369339,22.283890028807377]]]}},{"type":"Feature","properties":{"地區號碼":"D","District":"Southern","地區":"南區","Administrative District Boundary of Hong Kong":"Administrative District Boundary of Hong Kong"},"geometry":{"type":"Polygon","coordinates":[[[114.11784226623745,22.273713155565623],[114.11780437156048,22.273968101581534],[114.11854558378394,22.274325011145596],[114.11911665859417,22.273727839068567],[114.12158729094615,22.27256742489651],[114.12284299063808,22.27296673254635],[114.12364808469066,22.27281421769714],[114.12527628936857,22.273516187670378],[114.12633269247702,22.274431073750417],[114.12821892706586,22.274833259784877],[114.12929398185135,22.27569665656264],[114.1364202208692,22.272147818612233],[114.14311547941149,22.261880961387124],[114.14328408970447,22.25990375080867],[114.14570546237042,22.258503884665608],[114.14686831313382,22.25663684001582],[114.1468827266995,22.25619959037697],[114.14633879154155,22.25598305518552],[114.14613857770598,22.254747093843605],[114.14540976060384,22.2546857697456],[114.14609126578353,22.25285537806313],[114.14685765175271,22.25219872186448],[114.14792933250001,22.25243799137816],[114.14893044018751,22.253636621328024],[114.14948296050709,22.253467169101285],[114.15083449988119,22.25419305549734],[114.15169335515826,22.254228794594393],[114.15344601389377,22.256313170136103],[114.15394059466338,22.256109976411384],[114.15416922458162,22.25690026678541],[114.15513060563575,22.25807748526245],[114.1552670783927,22.259371514969438],[114.15831687302136,22.257978072633072],[114.1617347328787,22.259069708387095],[114.16266041129441,22.25852549744071],[114.16336445575212,22.258877043601967],[114.16342998813833,22.256572237626735],[114.16458262181212,22.25670800765958],[114.16564186756872,22.25636781388142],[114.16521931617022,22.257352978243645],[114.167521445615,22.257270446154106],[114.16774718398204,22.257537449262767],[114.168753313276,22.257305803352914],[114.17131864957987,22.255655895315694],[114.17224914466408,22.255564181667186],[114.17304203113316,22.25589675110854],[114.17612203955667,22.254214526362013],[114.17778512863705,22.255134846165927],[114.17818403409042,22.25665076345188],[114.17864258952126,22.25700881132812],[114.18035073967113,22.25604788328722],[114.18300187385516,22.25578745729897],[114.1833816872305,22.255263193991077],[114.1844113566972,22.25535162786185],[114.18563807571388,22.254489457122002],[114.18710055623067,22.25414538618476],[114.18813738334784,22.25457114935704],[114.18825512340338,22.25568852365035],[114.18883590039582,22.256815625171594],[114.18962364937984,22.257391641442947],[114.19218603014525,22.25716101078899],[114.19258250691026,22.25758273565683],[114.19322381613743,22.257197149073665],[114.19436681569967,22.25714151221427],[114.19644556046357,22.258223681720803],[114.19747247317795,22.257915638705303],[114.19870102505605,22.25827732118412],[114.2003839269056,22.25933455739533],[114.20178957620244,22.258976392330926],[114.20441001479067,22.2594882360622],[114.20518647046474,22.25935622006844],[114.20631293994128,22.25766585506374],[114.20767598557903,22.257397739209676],[114.20874839359512,22.257740433898213],[114.20945776210125,22.257017015210486],[114.2101465878689,22.257073178479043],[114.21062184817485,22.256412336289177],[114.21142090072097,22.255829556788584],[114.21118865524484,22.254794589512144],[114.21157206315078,22.25564028111986],[114.21253433062085,22.255873979370627],[114.2106058889132,22.256531182556913],[114.21027479762257,22.25760347396341],[114.21057997954065,22.258096084335275],[114.21125728954165,22.257802079473194],[114.21192363472872,22.25837878693191],[114.21129230276836,22.259110500788914],[114.21177036662586,22.259749227179054],[114.21160499410756,22.260215879843315],[114.21211116384166,22.260527060875486],[114.21402518395867,22.259873663117546],[114.21468511848038,22.259934538240042],[114.21716766774598,22.25756780325364],[114.21820399971358,22.258254109149906],[114.22139514953504,22.256790198468753],[114.22821908510278,22.257290842799975],[114.23008095964202,22.256500320951105],[114.230492413658,22.255968443729962],[114.230753945511,22.256168437590567],[114.23149375222486,22.255829254808045],[114.23209001546907,22.255098152809335],[114.23374324084214,22.254709371818112],[114.23436811363149,22.255312462384634],[114.2346920508047,22.25621185996789],[114.23524982045149,22.256274413980794],[114.2357365890608,22.256887341431202],[114.23628004877831,22.25655570864581],[114.23656944927738,22.25733457632185],[114.23698697414866,22.257043506352943],[114.23747503037457,22.257315977907897],[114.23875458632028,22.2563428613257],[114.24269877210128,22.25547785357026],[114.2429659942384,22.25461311224586],[114.24418033701168,22.25372227569387],[114.247411089148,22.253470405464917],[114.2499408198667,22.24666018168725],[114.24872520972657,22.245920907322667],[114.24789004612573,22.24683605857575],[114.24710917673279,22.246209150041395],[114.2470623225452,22.245475665596775],[114.2465972286545,22.24532969602434],[114.2473653638973,22.244638935061978],[114.24717393153983,22.243782997334723],[114.24758125529944,22.243723632074225],[114.24844897880156,22.242482649488014],[114.25030909892874,22.242175126128846],[114.25039857080878,22.241700121763852],[114.2508595040331,22.241553255238646],[114.25060742418655,22.241143359933325],[114.25109805960147,22.24055003717343],[114.25028245571146,22.23856624590594],[114.25097308313299,22.23868756396125],[114.25155761129069,22.238329585975325],[114.25200874432775,22.237633214943738],[114.25172182706835,22.237161181433674],[114.25279680685246,22.2371334884372],[114.25286171893445,22.236310245408152],[114.25339207854239,22.236204031057543],[114.25373336330456,22.235690441081694],[114.2538194774814,22.234921266151378],[114.25279174989589,22.234493738120218],[114.25265998304114,22.233826880643207],[114.2529252761566,22.233476412888205],[114.25191152556818,22.232225078680887],[114.25226168772,22.231317669805588],[114.25331082131181,22.231256760334166],[114.25366643922244,22.23072043044072],[114.25440266110746,22.23074614102242],[114.25451802647936,22.230397231789652],[114.25557055781748,22.229849095917462],[114.2559525118828,22.23053210249047],[114.25714774804948,22.230802015162723],[114.25815933243537,22.230471339937232],[114.25903697314668,22.23108773586989],[114.25998920682525,22.2310365260567],[114.26015442589785,22.229832233942503],[114.25928678581451,22.22913099535312],[114.25855214407218,22.22912373879623],[114.2580458371145,22.2295778789204],[114.25786063328077,22.229330577826936],[114.25717489566794,22.229735949437664],[114.25617928464011,22.229619944402142],[114.25596570319532,22.228892629806662],[114.25652855513036,22.228468038784523],[114.25642213830959,22.22792299517597],[114.25282804790754,22.228764381739516],[114.252543896973,22.229321626904103],[114.25086585715623,22.22842427839496],[114.25042362090737,22.227623909570706],[114.25141110973162,22.226776481795948],[114.25129991706122,22.2257595776233],[114.25166064631887,22.224931742881875],[114.2522196625023,22.22475863361044],[114.25220907096009,22.224134487459306],[114.25302625783829,22.223319851834074],[114.25341530350936,22.223298041304655],[114.25415528710197,22.221627388947397],[114.25393051363027,22.221144382995536],[114.25490548405861,22.220629359350806],[114.25452074772733,22.220068330015803],[114.25484731895322,22.21962232760375],[114.25486323335669,22.217989797182824],[114.25522881427752,22.217709920899836],[114.25501047267291,22.216579429029434],[114.25540095410439,22.21617631734904],[114.25474635375949,22.21491584736628],[114.25537191151697,22.214025630353238],[114.25512274369206,22.21291446345251],[114.25572226037298,22.212765120789875],[114.2552396803965,22.212005524748506],[114.25449426282337,22.211673825564585],[114.25457856538905,22.21136423900235],[114.25529713734129,22.21084676029029],[114.25726725068971,22.211514772808055],[114.25809046480578,22.210943956341627],[114.25818548690953,22.21120025098122],[114.25856226802851,22.211140439983545],[114.25881609884831,22.210640536720668],[114.2584199852663,22.209551269393653],[114.25983439540822,22.20948850433856],[114.26013206099938,22.208915999191838],[114.26110199660351,22.20860694251936],[114.26110983062048,22.207411514892154],[114.26046928730827,22.20679064199079],[114.26019692030502,22.206961733221362],[114.26025809022111,22.207544218398066],[114.25968596070369,22.2078127523515],[114.25700536353025,22.206928296144316],[114.25657829684977,22.207972170935378],[114.25605111474708,22.208218225793686],[114.25561850240001,22.208057208356234],[114.25524914941548,22.207351738820908],[114.2555122721512,22.207252045265363],[114.25555548710588,22.20630637116122],[114.25509225307837,22.205901881961154],[114.25429064709895,22.20651905495124],[114.25359228991891,22.206416221051132],[114.25302815441572,22.207064091068393],[114.25312906244987,22.207543628450136],[114.25249678161205,22.20759320432164],[114.25247892078008,22.208108259299387],[114.25129516480897,22.20731814196398],[114.2494693213109,22.206888678054323],[114.24865571854717,22.20729106087123],[114.24837843476764,22.206814921420424],[114.2469567362976,22.206620104952364],[114.2457891265738,22.207099617515397],[114.24398935633378,22.207303530749456],[114.24311602122728,22.208114377581165],[114.2424877489784,22.207905136606346],[114.24138781722604,22.209425327961704],[114.2416099808584,22.21072028211918],[114.24132434487012,22.211091612524275],[114.24250036906834,22.21128417020459],[114.2430868257847,22.212106707060308],[114.2428155121557,22.213984744413175],[114.24193588800469,22.215473689979305],[114.24221604391452,22.216577161219803],[114.24176699433177,22.21800887843851],[114.24048822342286,22.21877638818372],[114.23753806353152,22.218376542510622],[114.23757029857371,22.219135402211787],[114.23722919411554,22.219585986182537],[114.238047955859,22.219977827811853],[114.23802988025211,22.220275881002266],[114.23637539508756,22.22094368877715],[114.23556213364958,22.222538173530975],[114.23625753470876,22.223035033533897],[114.23624488139633,22.225180871270297],[114.23666106452653,22.225764038499243],[114.23587343455634,22.22743449177856],[114.23607551899931,22.227854554204924],[114.23564841340813,22.23030042556021],[114.23582774850827,22.23103360767118],[114.2352111556809,22.231998628684842],[114.23502615959384,22.233893236994607],[114.23362441826255,22.235880489509203],[114.2347191856649,22.236813846805735],[114.23442066015754,22.238624571318812],[114.23490380552963,22.24049672341983],[114.23411386780673,22.241353281599554],[114.23381439327376,22.241265457737843],[114.23341680864536,22.239149092364155],[114.2309267099079,22.241392054232893],[114.22788375823593,22.241986172193396],[114.2267680370661,22.24127002113796],[114.22600962747853,22.241266374959288],[114.22538433099785,22.2430190776372],[114.2258474926952,22.243789923647327],[114.2251811286137,22.244719667986857],[114.22506288793247,22.245661279334588],[114.22455831626247,22.24581495258328],[114.22450396340072,22.246484632150977],[114.22501561403968,22.246635496431157],[114.22421481523253,22.24658920722284],[114.2240550459723,22.246880365711398],[114.22309172379816,22.246067388323333],[114.22396013117523,22.245584330139952],[114.22343402408539,22.245125624076373],[114.22347166208984,22.24408972368379],[114.22311000899545,22.243997745626334],[114.22308690788603,22.243611949553895],[114.2238525025711,22.2429559202765],[114.22345073801593,22.242632414632787],[114.22394864668095,22.241945339425268],[114.22435602501227,22.238803995249743],[114.22476107979068,22.23845701307271],[114.22556563009559,22.238462217529953],[114.22592994755087,22.238962612058028],[114.2281090323584,22.238217960582347],[114.22886780560773,22.237467140876905],[114.22875691269044,22.23587393358172],[114.22968995882657,22.234163737730807],[114.22986717757534,22.23307948892113],[114.22960149997624,22.232573084066566],[114.23013903968986,22.23184734541444],[114.22960517963746,22.230290145616728],[114.22853972490223,22.22961678297944],[114.2268729739541,22.229696892805645],[114.22523706579497,22.23058616632893],[114.22377991866256,22.23285138096256],[114.22324656977672,22.23283279052021],[114.22302565147135,22.23267637219338],[114.22312797225045,22.231656664309895],[114.22246485397989,22.231326076508708],[114.22180358713389,22.23044096507292],[114.22159357952201,22.229535883831474],[114.22001788429682,22.228534973618515],[114.21877073291813,22.22889472271515],[114.21897260552214,22.228164922054226],[114.21827772743205,22.226518903301148],[114.2175401910616,22.226130999593884],[114.21705971155698,22.22528628085509],[114.2158814929653,22.224934676298922],[114.21503897192586,22.224171232169404],[114.2153033696811,22.223520936192152],[114.21500607759583,22.222563220105275],[114.21425867617164,22.221947747977612],[114.21454233957706,22.2192694113598],[114.2150839389561,22.21899946597671],[114.215334226101,22.219270777053115],[114.2157511777475,22.218655807595773],[114.21625056711635,22.21877519758718],[114.21700521344673,22.21750810188566],[114.21835321545511,22.217223731041496],[114.21906511724782,22.216460038299495],[114.21948555443433,22.216471969734435],[114.21969172959388,22.216900624886858],[114.22070509527188,22.216516688276872],[114.22055299777362,22.21602468469141],[114.22095170442145,22.21537890836764],[114.22137118059592,22.215801121772333],[114.2219638631003,22.21573187067327],[114.22167852302698,22.21515080012453],[114.22257520148649,22.21470423853934],[114.22278812991897,22.21275775450353],[114.22232140182506,22.212434865292416],[114.22168668540024,22.212732423654312],[114.22131311493,22.212526424242043],[114.22059675134896,22.211764773831536],[114.22049533690407,22.210072828309862],[114.21962377185214,22.209556238751492],[114.21878279833432,22.209799816581743],[114.21829920098465,22.209103810005512],[114.21898662205788,22.20734040888963],[114.22030871470689,22.206786852584184],[114.22025174983116,22.205537263209422],[114.21949126668434,22.205182852059615],[114.22115726061624,22.20394408892704],[114.22168830875802,22.20231789934624],[114.22333311673913,22.200644798146005],[114.22320669484357,22.199325678145176],[114.22416289924314,22.198412777016664],[114.22398240844022,22.197063463594876],[114.22311336785555,22.195803407652235],[114.22179666213457,22.195284624310222],[114.21870475833643,22.19467677388962],[114.21812541874273,22.195109093860086],[114.21642363443017,22.19458219942462],[114.21558723784037,22.194728606282467],[114.21383055942489,22.19409518392987],[114.21120982702612,22.196774900062493],[114.21126626824827,22.198742690268706],[114.21085320544462,22.20047427360393],[114.21157817576474,22.202085781473436],[114.21179337290025,22.20414896690587],[114.21152676696788,22.208655303639414],[114.21253115478702,22.210087089339883],[114.21279060858284,22.21104194630172],[114.2139986763623,22.211255824862906],[114.21432406438336,22.21203214443357],[114.21469439810576,22.21200139452721],[114.21482743206096,22.213062496700918],[114.2141874673096,22.213667225612415],[114.21421386272915,22.214639963764476],[114.21337009479141,22.21506536170684],[114.21341343966795,22.216351747022074],[114.21304153165818,22.216728164031366],[114.21216098620192,22.216630194151538],[114.21191694569762,22.217791934284307],[114.21101046567716,22.21840535705678],[114.21017932222003,22.218277227824704],[114.21023865953644,22.21726779641459],[114.20899666580186,22.217216004985197],[114.20855569892035,22.21670958363509],[114.20741211862172,22.21672541711898],[114.20630216530121,22.215127086831174],[114.20712449059057,22.21455744115846],[114.20712986424192,22.214036978551537],[114.2053425264501,22.212293199815775],[114.20465850311933,22.21228013215989],[114.20441597459369,22.212696577245147],[114.20292761804079,22.212623244273477],[114.20217011475964,22.21305175672696],[114.20107882326698,22.212119775180202],[114.20089886093768,22.211369902858454],[114.20016574541141,22.210492443649155],[114.19928598195037,22.2101194776582],[114.19721043831002,22.21048628692101],[114.19679944717048,22.211825915477554],[114.19716764912566,22.214386139767104],[114.19833328862687,22.215745238795773],[114.20050952001453,22.216902549788863],[114.20175336159558,22.21708935253185],[114.20189975213268,22.217473849303353],[114.20188880062827,22.218569223780598],[114.20110076974964,22.21926773809042],[114.20121547126948,22.22008446758135],[114.20069706314875,22.220827972054117],[114.19974149591893,22.22078693467567],[114.19784144579735,22.22128680491768],[114.1970136399319,22.221921674749748],[114.19680976685666,22.221697272301206],[114.19636109795114,22.221859468781247],[114.19543060439578,22.22294633696408],[114.1949107739733,22.222905979536247],[114.1937342141042,22.22402492149011],[114.19651493147366,22.224175174279708],[114.19768600155597,22.225721648347715],[114.19623672771546,22.228660899620245],[114.19661252101498,22.229336217967855],[114.19770994464393,22.22956198127601],[114.1981266222988,22.23010386803749],[114.19797421693468,22.232109123661676],[114.19831261778307,22.2329161968894],[114.19829600340415,22.234045477503763],[114.19710103295621,22.234389875250052],[114.19744481944618,22.234923194283766],[114.19603566524584,22.23640345878301],[114.19420644739361,22.23759287045092],[114.1939898009119,22.23715293530129],[114.19366929851981,22.237304215241647],[114.19216667867543,22.236098631045664],[114.19036398455037,22.23593543137079],[114.18982292697946,22.236011904314957],[114.18848981950448,22.237160739851344],[114.18659291692443,22.239683227458475],[114.18664099386076,22.241599702952144],[114.18748492122793,22.24231459425039],[114.18794518974781,22.242321446503368],[114.18812876108612,22.24281550654825],[114.18788829663697,22.243919662547714],[114.18727281499433,22.244659989456554],[114.1857881179609,22.245655277465108],[114.1844929780966,22.245074287436054],[114.18314941819753,22.245403328959547],[114.17948202759285,22.244611962867666],[114.17876878087557,22.243731406302672],[114.17970941041175,22.242579005324185],[114.17912744874168,22.242175910960487],[114.17824637460217,22.24215947859229],[114.17769447625324,22.241036517274036],[114.17675093049417,22.240513170579852],[114.17657004402014,22.239294732585968],[114.17595302122099,22.238627865117003],[114.17640274384802,22.238265409770786],[114.17625893371513,22.23756579334861],[114.17525008760647,22.237626801346526],[114.1752138056967,22.23692051680023],[114.1747796301288,22.23670367398586],[114.1743727357873,22.23585519574501],[114.17436054742777,22.233717155039884],[114.17339899285784,22.2305002461384],[114.17153884824286,22.229686545547075],[114.17004804933738,22.230830263626263],[114.16925424993246,22.230741898078847],[114.16923522712419,22.23123677585056],[114.16883596929844,22.23123924100888],[114.16822981711248,22.232010884138003],[114.16751085223487,22.231892738592556],[114.16727174273176,22.232433009826096],[114.16689559310915,22.232300369334666],[114.1667307834136,22.232759284702478],[114.16612173611837,22.232955799387213],[114.16651603579415,22.234145086912715],[114.1671347835761,22.234611782928717],[114.16711044608877,22.23581748449531],[114.16512538451012,22.236181677041106],[114.16431925601066,22.23804523989296],[114.16350852311501,22.237991055820093],[114.164376596905,22.238476190584926],[114.16546916188445,22.23979933140632],[114.16559126836007,22.241647044825115],[114.1646003433119,22.242367771044076],[114.16424766169646,22.24214997985985],[114.16347877031636,22.24260826465712],[114.16366875492041,22.243874956185117],[114.16288849269293,22.243040102352396],[114.16248548595678,22.24333091998538],[114.163535569043,22.244298550562412],[114.16439187879723,22.24452718768972],[114.16412457339904,22.24528802187458],[114.16258098059262,22.2454661711863],[114.16263004780393,22.245128300867936],[114.16227165836641,22.245307229350562],[114.16187886415229,22.245046772471667],[114.16233857605275,22.244540704419247],[114.16216368464764,22.244323978138734],[114.16136914260532,22.24523515187001],[114.16075948668643,22.245211198081964],[114.16003866691554,22.246114744530324],[114.16024789205689,22.24649811769342],[114.15987584311493,22.246268204346393],[114.15841863027723,22.246952120714965],[114.15497966115096,22.24653922707156],[114.15427566162394,22.247083595075342],[114.15183206219447,22.247303492296027],[114.15001110525826,22.2478839164454],[114.1488013944699,22.24752487364614],[114.14669780874792,22.248200101637323],[114.1421718945901,22.247915529781665],[114.13972704845926,22.24872827684577],[114.13779426478183,22.24836881951012],[114.13616013111421,22.248764900677994],[114.13486735079815,22.24988130433994],[114.13311949788928,22.252313788107703],[114.13255809761827,22.251926107568565],[114.13211804049715,22.252125079268364],[114.13175905179644,22.253338454682385],[114.13168908732492,22.254795841605688],[114.131942128413,22.255320592265186],[114.12775307084344,22.260982120717347],[114.12710720227264,22.261406071990354],[114.12723087906187,22.261965750827052],[114.12653663800616,22.26234314852819],[114.12369171061891,22.267741762233594],[114.12325768959404,22.26793524994889],[114.12254495418507,22.27011046537111],[114.1213556099076,22.271099678388087],[114.11922231319565,22.271887634929005],[114.11784226623745,22.273713155565623]],[[114.25578510231128,22.229737347298588],[114.25584495758321,22.229706200826673],[114.25585453106969,22.229744799595792],[114.2558511628119,22.229744600629868],[114.25578510231128,22.229737347298588]],[[114.254291064012,22.206535489547075],[114.25431799645297,22.206716935138825],[114.25426497153857,22.206719873294677],[114.25428960870987,22.2065527092939],[114.254291064012,22.206535489547075]]]}},{"type":"Feature","properties":{"地區號碼":"E","District":"Yau Tsim Mong","地區":"油尖旺","Administrative District Boundary of Hong Kong":"Administrative District Boundary of Hong Kong"},"geometry":{"type":"Polygon","coordinates":[[[114.15208656602526,22.32179245803756],[114.15494397146176,22.32513196784144],[114.1577237656526,22.321946275901958],[114.15854306362624,22.322156342815067],[114.158912804783,22.32282857686256],[114.15890970824667,22.323605363217506],[114.15800861577026,22.324442663659664],[114.15829504468566,22.32482499641419],[114.15910725807512,22.325100048642774],[114.16180663440062,22.32493724270407],[114.16061954101734,22.32606610174165],[114.16069599551129,22.326311707160464],[114.17448709009604,22.326744869340843],[114.17305831063834,22.32353286535648],[114.17286129710003,22.321118469498764],[114.17568986157235,22.313984234288863],[114.17705045473355,22.311884312704546],[114.1815773455901,22.307361799992723],[114.18256735903465,22.304778837613338],[114.18353265560313,22.304024256169242],[114.18470533442841,22.304065636112682],[114.18547215496473,22.302885773151832],[114.18577715487746,22.301374793651576],[114.18667976579874,22.301119316368485],[114.1869277122313,22.299760211181486],[114.18424368943056,22.29862318018867],[114.18374695339348,22.29942807291147],[114.1831408394909,22.2994247648721],[114.18313304353613,22.297653582645935],[114.18226436837382,22.297163022727123],[114.18191265161501,22.297636138171256],[114.18247900301323,22.298015569167774],[114.18246934105589,22.29928969915855],[114.18090835397642,22.29904466952595],[114.17663484414724,22.29546118270629],[114.17619040416417,22.294374975404278],[114.17486017390634,22.292952417976988],[114.1733025654135,22.292804280147955],[114.17275409524545,22.29314564493582],[114.16957995750246,22.292819717748177],[114.16913171349633,22.29338677139158],[114.16859596990675,22.293025516545857],[114.16843213351004,22.293775448889278],[114.16796938011586,22.29371595689744],[114.16838037835912,22.294350672678366],[114.16827275052702,22.294808419567946],[114.16466873689735,22.294190128665136],[114.16459786894653,22.29499223302687],[114.16783449697894,22.29563487864232],[114.16802583409404,22.29592055316145],[114.167748093204,22.29714887565751],[114.16705835227344,22.29720002547983],[114.16763836911501,22.297644224218956],[114.16754861529466,22.29803476922698],[114.16543452977061,22.297811240603536],[114.16551723552219,22.298080646849602],[114.16744788484779,22.29845617563095],[114.16730990215983,22.29907983285481],[114.16579792385656,22.298999602578657],[114.16680577661062,22.299422783438335],[114.16681713249918,22.300713468993667],[114.1602475500345,22.30011551722573],[114.15908850953412,22.29970227858362],[114.15802765747158,22.2985136922012],[114.15527005070149,22.29853439410344],[114.15419928742514,22.299539347874568],[114.15421031524733,22.30186622798973],[114.15473738366296,22.302874339348694],[114.1547725515867,22.303986164273358],[114.15426405619547,22.304672657242694],[114.15497450836227,22.304557458254717],[114.15513715993924,22.303497122382854],[114.15714300796309,22.303498137893076],[114.15981926944282,22.307066386148374],[114.15981827128289,22.315503930039245],[114.15930309897722,22.31673315110304],[114.15486564843606,22.31655007141476],[114.15483474410328,22.321003663057514],[114.1536663412441,22.322510503116543],[114.15268376788617,22.32143300587483],[114.15208656602526,22.32179245803756]]]}},{"type":"Feature","properties":{"地區號碼":"F","District":"Sham Shui Po","地區":"深水埗","Administrative District Boundary of Hong Kong":"Administrative District Boundary of Hong Kong"},"geometry":{"type":"Polygon","coordinates":[[[114.13024056351799,22.321174316704944],[114.13245542202496,22.322918657806028],[114.13506411169367,22.32370274746341],[114.1361703284467,22.325478226920694],[114.13796880667049,22.32681365813199],[114.13793955432945,22.32719330019373],[114.13998621768195,22.328673460337768],[114.14049059107846,22.328468205459238],[114.14036929584383,22.329010682676213],[114.1417941060159,22.330199208741934],[114.14203033734596,22.330944125191],[114.14170011901294,22.331471590084426],[114.13873770753598,22.332797513706314],[114.13882095761403,22.333521131728496],[114.13495462161896,22.334966347040314],[114.13392646016244,22.335643192751302],[114.13236365474782,22.33750019737888],[114.13169145947322,22.339374616514867],[114.13299064010333,22.338902317202944],[114.13407867473862,22.339780660105028],[114.1351593679481,22.339734684106528],[114.13574255120918,22.340379466588114],[114.13591640676302,22.341467849616652],[114.13812059102177,22.342124172147322],[114.13837596214567,22.341320287974618],[114.14088831111677,22.33998358130889],[114.14160302114587,22.340113442385086],[114.14331468944586,22.34135806075224],[114.14399748560042,22.341205613904584],[114.1453769612144,22.3401002367773],[114.14676667090312,22.340100229861225],[114.14871489708068,22.340643889268875],[114.14687879553964,22.341469313234413],[114.14674933495826,22.344195721327058],[114.14795058968733,22.345157280615677],[114.15069382613208,22.345103085720986],[114.15126469437936,22.34728534379303],[114.1525695825205,22.34629665599774],[114.15492457183504,22.346947205394287],[114.15606697047606,22.34672398777888],[114.15636113542588,22.3463640193432],[114.15720736731832,22.346568024136605],[114.15843658465425,22.34550465324407],[114.15943241319923,22.346125470546454],[114.16007398421725,22.347404698456707],[114.160591520549,22.34747240162755],[114.16099393038928,22.347125989554048],[114.1629462501624,22.34855654023355],[114.16373480264859,22.348715764936326],[114.16414617186157,22.348044916193523],[114.16557311924704,22.347338840092654],[114.16620590575438,22.34585017399927],[114.16697877750508,22.34644858334555],[114.16823380418896,22.34592750782469],[114.16964678869837,22.346285379219935],[114.170404657243,22.34615486972776],[114.17145786685906,22.34669345211403],[114.17272572171579,22.346553708365505],[114.17406105356373,22.344347025984234],[114.17324646038948,22.342972487605646],[114.17388483432379,22.34151575303433],[114.17316790393795,22.34068746107025],[114.17344019481618,22.340437496332072],[114.17407102137723,22.340549327271514],[114.17631257016625,22.335827545571743],[114.17694948789341,22.333395560886043],[114.17622267070558,22.329773132355566],[114.17452761089562,22.32657778916924],[114.16087518344254,22.326122207741214],[114.16196211530334,22.325293192153133],[114.16199272602535,22.324685081447004],[114.16040696217075,22.324909940447363],[114.15841451069245,22.32466271393616],[114.15823142636866,22.324481419197518],[114.15910508705542,22.323678883269107],[114.15910831781137,22.322775679177436],[114.15866845406647,22.321994395870746],[114.15769355464575,22.321736959589522],[114.15498115714536,22.324908373918554],[114.1530588458238,22.32299418726612],[114.15034477121624,22.325091915062405],[114.14999603143319,22.324911465407258],[114.15006135058773,22.325337177323465],[114.14938490058655,22.32587353773494],[114.1489946840739,22.32574065042841],[114.14908883943123,22.326096406558197],[114.14846960962933,22.32658052968175],[114.14459930888411,22.328834743725725],[114.1446138940786,22.32825078196408],[114.144095763148,22.328085643609604],[114.14406855568771,22.327448497219443],[114.14310735955796,22.326551888957553],[114.14136806783308,22.327676397194928],[114.14069287351587,22.326685079460933],[114.14367672265713,22.324963766048743],[114.14135844525447,22.323302933432373],[114.14250642063773,22.322723076053002],[114.14277880386483,22.32239153408691],[114.14261981683036,22.322132838049203],[114.14312644038021,22.321673186670704],[114.14358261113118,22.32210185833434],[114.14343643106301,22.32245566024891],[114.14426560176388,22.32273475498861],[114.14406607589454,22.323147102488083],[114.14437607576923,22.32309435375175],[114.14518358938324,22.323845339730024],[114.1448774040944,22.32413377984522],[114.14506384933108,22.32430997807325],[114.14689364627995,22.32338566296281],[114.1478194508947,22.32127492317784],[114.1474704724967,22.32135726819228],[114.14537800447093,22.320173283320997],[114.1444244291446,22.31881279603743],[114.14470349043127,22.317876638918882],[114.14394314635328,22.31667263637497],[114.14316790278748,22.316421232434994],[114.14240696283721,22.315182460677953],[114.13973731561494,22.31786524779242],[114.1384830001017,22.3179879615988],[114.13800950390771,22.317842364245955],[114.13853795618044,22.31500846885665],[114.13725918681756,22.314759456750124],[114.13723733709556,22.315035769157006],[114.13804220320499,22.315205226430006],[114.1373902160753,22.31848017423988],[114.13371198928587,22.318113546888497],[114.13444792468465,22.314380934289765],[114.13415743755453,22.313782923953127],[114.1332733944738,22.31706178693816],[114.13187951981924,22.317787480757406],[114.13186588514161,22.318228962999758],[114.13120649780903,22.318704007174816],[114.13057031371937,22.319816731885105],[114.13024056351799,22.321174316704944]],[[114.163293257057,22.333384109627723],[114.16328735002628,22.333383773207416],[114.16330050190676,22.333374255875864],[114.16329623801514,22.333384230377206],[114.163293257057,22.333384109627723]]]}},{"type":"Feature","properties":{"地區號碼":"G","District":"Kowloon City","地區":"九龍城","Administrative District Boundary of Hong Kong":"Administrative District Boundary of Hong Kong"},"geometry":{"type":"Polygon","coordinates":[[[114.17266356549666,22.346375050294043],[114.17320730055019,22.347026305852555],[114.17280802203443,22.347972110120367],[114.17343905712302,22.34854586191164],[114.17422213319168,22.348130891047795],[114.1751757602654,22.349064350992954],[114.17680474416498,22.34939894692384],[114.17722757358615,22.34892204073029],[114.17953379102357,22.349083727978183],[114.181543811083,22.3464708451431],[114.1817830835724,22.34424159374875],[114.18250951725557,22.344208997953775],[114.18452840863937,22.343133810132386],[114.18334586454029,22.339764353715545],[114.18436187665567,22.339537741230178],[114.18623269565211,22.337975375061607],[114.1861849775334,22.33623273703701],[114.18661296557887,22.336137573004894],[114.18681640483958,22.33487852415577],[114.1875513931192,22.33472675722219],[114.18727640769846,22.332562222490683],[114.188704973673,22.3324132907679],[114.1907822534209,22.333493000518125],[114.19257491373783,22.331355707870564],[114.19191644719217,22.330610168483176],[114.19414141290657,22.33053233719563],[114.19553867543267,22.331844459287066],[114.19688396363958,22.332308984509524],[114.19822363169199,22.333762748565356],[114.20225846361141,22.33528122247109],[114.20363273789603,22.33541868381092],[114.20470898564731,22.33503516097244],[114.2049200674298,22.32893327591852],[114.20521592402527,22.327872203873966],[114.2018501878046,22.32443869637807],[114.2018161907219,22.323846365867634],[114.20222427213653,22.3236745801117],[114.20231570314813,22.32291667792643],[114.20348726177295,22.322819962097515],[114.20443890752054,22.322012350430995],[114.20503724073396,22.321399846039377],[114.20509731840527,22.320888095294798],[114.20648266976725,22.32006844998856],[114.20865344522389,22.31736103545011],[114.21002430155363,22.31691167974341],[114.21090820697958,22.316117001662903],[114.21087957492249,22.315417967220714],[114.20996859592155,22.314522297141803],[114.21055574942703,22.313938659495257],[114.21036841612876,22.31365305822605],[114.20750513747652,22.316125661766698],[114.20625158919322,22.31486219309706],[114.21192910090201,22.309953653072444],[114.212830206905,22.309502302621365],[114.21327197956118,22.309994066652024],[114.21535063063996,22.308185767205273],[114.21543505882735,22.306851774427866],[114.21735819516778,22.305032045366186],[114.21732997054028,22.304510804563435],[114.21546982235132,22.303191701839683],[114.19601877869934,22.320629558851383],[114.19534345134808,22.32027092559127],[114.19428557852687,22.31814061162484],[114.19465652931379,22.317668942418948],[114.19406106848255,22.317676340022544],[114.19267049426422,22.31464521838099],[114.19209654567187,22.314415837892202],[114.19192093785072,22.310622318212303],[114.19230328579323,22.31056765130628],[114.1923425369039,22.310214813139172],[114.19189098839594,22.309973029513912],[114.19395956312147,22.308332495374763],[114.19355147473209,22.306422643916815],[114.19381003074697,22.30600177234929],[114.19345083629804,22.30598489859756],[114.1929070906599,22.30378151807109],[114.19319004164139,22.30273480080826],[114.18941039616145,22.300766576579623],[114.18946111877744,22.30021345175282],[114.18895054176963,22.30057287611987],[114.18679129162388,22.299774926869624],[114.18650650723892,22.30100117601716],[114.18563752399392,22.301238256948597],[114.18528556563908,22.302811787147245],[114.18457029279524,22.30390866918261],[114.1834573167863,22.303837067321222],[114.18240952003849,22.304651381299845],[114.18150058599505,22.307195225103804],[114.17732591508688,22.311383065574294],[114.17588105312676,22.31323056750507],[114.1730355946189,22.319617654430754],[114.17266056394875,22.321110206033953],[114.17286469537508,22.32358693338471],[114.17603659606331,22.329847461531852],[114.17674923094332,22.333383618334857],[114.17612876360566,22.335748253690312],[114.17391640506393,22.340408924495357],[114.17339628337753,22.34023218414283],[114.17295964486382,22.340632563095866],[114.17368109365214,22.341555448652382],[114.17304216141714,22.343010394922054],[114.1739077193474,22.344217185819222],[114.17266356549666,22.346375050294043]],[[114.20016913101729,22.320302965862265],[114.20572218140384,22.31533195808699],[114.20697774750377,22.316515594675515],[114.20083308165457,22.32197025171655],[114.20016913101729,22.320302965862265]]]}},{"type":"Feature","properties":{"地區號碼":"H","District":"Wong Tai Sin","地區":"黃大仙","Administrative District Boundary of Hong Kong":"Administrative District Boundary of Hong Kong"},"geometry":{"type":"Polygon","coordinates":[[[114.17947678858633,22.348834174901327],[114.17959699995457,22.349075623137143],[114.18030488755436,22.34886319524316],[114.18333641845531,22.350306584437917],[114.1842372117307,22.35022439060668],[114.18489074764182,22.349755755430973],[114.18492402012043,22.350296465609325],[114.18539914428416,22.35052700582116],[114.18798335916527,22.350034919356027],[114.1887273822747,22.35038411316891],[114.18952186490989,22.350015547011793],[114.19128943498576,22.34998907989802],[114.19130634315702,22.351124646698352],[114.19163182178721,22.351560618768044],[114.19083314224088,22.351927358473024],[114.1907938163175,22.352253550699647],[114.19110123021844,22.352314825009433],[114.19087961786849,22.35323720293713],[114.19261314271432,22.35279785099885],[114.19279110654486,22.353936741687974],[114.19309032699492,22.354058092072115],[114.19522360615093,22.353187069143075],[114.19643151716238,22.35302619962269],[114.19672745744595,22.352655508598602],[114.19710466616145,22.353112655279574],[114.19729903211368,22.354266051128704],[114.19801096370342,22.35406624404326],[114.19906355607895,22.355565726086216],[114.19979906819576,22.35533308494182],[114.20020034778462,22.354736442121506],[114.20119250457086,22.354546416576234],[114.20220641974056,22.354795424264744],[114.20266546765659,22.354479273607385],[114.2036936285579,22.354451049919874],[114.20480399636062,22.3550692877098],[114.20678126618728,22.3547491511414],[114.20909623164239,22.35601405716526],[114.21097050237228,22.35529353768617],[114.21405345448738,22.35590536675575],[114.21379403376463,22.357108575632534],[114.21425163541365,22.3570618097444],[114.21443056242177,22.357408910312436],[114.21646947335952,22.357311115613072],[114.21764312303632,22.358202716750046],[114.22235836783167,22.358499657125893],[114.22255973524567,22.356906834340265],[114.22180709363838,22.356478873396153],[114.22190895035723,22.35517323572084],[114.2214011142998,22.35455487180472],[114.22155685908275,22.35396272905804],[114.22122738801896,22.353141920364187],[114.22411552782037,22.334512046546028],[114.22086881126795,22.333775258088615],[114.2182801770841,22.333737524773163],[114.21828202261484,22.332951563289125],[114.21414696348965,22.332190001300102],[114.2133534003393,22.332408584142737],[114.21191016341292,22.334005063859404],[114.21094118514415,22.334346998156054],[114.20843598430511,22.33394574324411],[114.20713290248801,22.33283524957898],[114.2046036133103,22.33486870230784],[114.20314674677303,22.335273924758177],[114.19832136859603,22.333588045131975],[114.19680133741166,22.33204445039662],[114.19564088171653,22.33167044590947],[114.19421377742393,22.33034035706955],[114.19172422770536,22.33042378283685],[114.19235036869442,22.331305328516354],[114.19072276287595,22.333274299893528],[114.1898573789724,22.332572963354977],[114.18873563054693,22.33221403588547],[114.18708990267979,22.332433708388457],[114.18734595721536,22.33464740045745],[114.1866511859072,22.334726097276494],[114.18642478444593,22.336017965856918],[114.18599127094755,22.336126054028995],[114.18604676190556,22.3378843782135],[114.18425585815773,22.339366600862952],[114.18311426215364,22.339685631274563],[114.18432211868172,22.343057700253702],[114.18267085639444,22.343971529300628],[114.18162667446052,22.344090849884356],[114.1813600913383,22.34638551152513],[114.17947678858633,22.348834174901327]]]}},{"type":"Feature","properties":{"地區號碼":"J","District":"Kwun Tong","地區":"觀塘","Administrative District Boundary of Hong Kong":"Administrative District Boundary of Hong Kong"},"geometry":{"type":"Polygon","coordinates":[[[114.20171873386813,22.32366290099177],[114.20168186686885,22.32455216650211],[114.20502232641505,22.327934279147584],[114.20471993705394,22.32892049496826],[114.20467162066309,22.334967323411327],[114.2071706305626,22.333042279764907],[114.20837357666777,22.334137925248037],[114.21153929271247,22.33443737461964],[114.21345571274504,22.332584760579266],[114.21439969035889,22.332392163436083],[114.21815923323005,22.333128565767705],[114.21818336291041,22.33395395591004],[114.2213858007608,22.3339848594024],[114.22395770063746,22.3346170156552],[114.22475780359491,22.33425833599978],[114.22838438928748,22.334518392957687],[114.2289790756243,22.33391684721428],[114.228617784189,22.332952693630556],[114.2295255413808,22.331763211389717],[114.22939382850626,22.330484628025975],[114.23009409926645,22.330136787675677],[114.23040791344872,22.329117822945115],[114.23086970885171,22.32891742138937],[114.23272009285374,22.323781589943145],[114.23409498070998,22.32220991076418],[114.23646582708017,22.322293929548167],[114.23718958668783,22.32139578087089],[114.23785836933192,22.321138173743083],[114.23866206530437,22.31973577615233],[114.23918057193036,22.3194681713703],[114.24060343007505,22.319692557005677],[114.24119544461297,22.320891174817376],[114.24171520528877,22.320832490043944],[114.24290909438172,22.321685416637234],[114.2431049911194,22.320975835170305],[114.24234861184175,22.317552729161463],[114.24172064569773,22.316509668647033],[114.2421757590853,22.315495469151394],[114.2443626967443,22.31534255109985],[114.24565034505954,22.31359775586158],[114.24476364275488,22.31340548814268],[114.24392232639306,22.312437974150765],[114.24416042563644,22.311904686413435],[114.2435602246588,22.31070712532342],[114.2419933652263,22.310449326455473],[114.24194752229845,22.309201373531952],[114.24082523946495,22.308805972943027],[114.23997727035648,22.305923409636716],[114.24019928937354,22.305094119091013],[114.24153245012798,22.304480292549023],[114.24148235159606,22.304023743363505],[114.24230364482375,22.303303626041817],[114.2422864103764,22.30293366865072],[114.24380322695552,22.30225498199901],[114.24379736214716,22.30043638282157],[114.24447502775213,22.299783215577477],[114.24489179281724,22.298183699843843],[114.24551577315808,22.29715646460362],[114.2454452436084,22.296341859797447],[114.24492922958567,22.29603969471462],[114.24551648344159,22.29528917316406],[114.24546089007173,22.294728139606086],[114.24404095046977,22.29484538330485],[114.2422697573617,22.294108481548683],[114.24217939716995,22.29303557807522],[114.24117219962113,22.29208351144826],[114.24161568421793,22.290175995069387],[114.24118168466144,22.289219991649535],[114.24241921975042,22.287325982190882],[114.24203431177504,22.286966043344435],[114.24206333036938,22.286467291042772],[114.24342340556417,22.2865994548471],[114.2437700508594,22.286211765515322],[114.24349062935548,22.285664280328156],[114.24258633720659,22.285415860630298],[114.23970998010654,22.286099687790475],[114.2379820145787,22.287424270148154],[114.2366266659439,22.288025271844834],[114.23679936575748,22.289006379320483],[114.23719729022086,22.289238537680077],[114.23843891407788,22.291567379947306],[114.23781034722465,22.29217515090684],[114.23661807597945,22.291117733817565],[114.23731193438894,22.290359952878557],[114.23698127914491,22.290085639287398],[114.23329872332859,22.29357296576696],[114.23260766079017,22.295272578931325],[114.23597003179997,22.2970119152104],[114.23527762778095,22.298510634575123],[114.23102035894686,22.298006437895253],[114.22943213508653,22.29838341465881],[114.22842905252098,22.29923448014045],[114.22727543786989,22.301287146217767],[114.2249908409936,22.3024806142638],[114.22257491159066,22.30516720590488],[114.22293770981236,22.305696971833083],[114.2218139327255,22.3062314512794],[114.22127563964494,22.306107001462742],[114.22151837436049,22.306542920609715],[114.2206584279009,22.30778926089858],[114.21945037312275,22.307215897122912],[114.22035640892358,22.308170669847648],[114.21343489254708,22.315373623874024],[114.21088828762552,22.313097329775548],[114.20974291737934,22.314504652578982],[114.2106697625565,22.315484068834916],[114.2104809277034,22.31574313194216],[114.2107090368028,22.316030912913916],[114.2099265552354,22.316734052268085],[114.20852384960352,22.317206731554094],[114.20633688260348,22.3199310813434],[114.20493912673773,22.320761338479187],[114.2048618374744,22.32129725461197],[114.20430370516554,22.32186477869502],[114.20340964536751,22.32263253534546],[114.202205755494,22.322742642900202],[114.20202722559985,22.323569439730914],[114.20171873386813,22.32366290099177]]]}},{"type":"Feature","properties":{"地區號碼":"K","District":"Tsuen Wan","地區":"荃灣","Administrative District Boundary of Hong Kong":"Administrative District Boundary of Hong Kong"},"geometry":{"type":"MultiPolygon","coordinates":[[[[114.0283422590048,22.35867517485161],[114.02862277202244,22.359341876942313],[114.03043510160809,22.360819360979235],[114.03149479120071,22.36212916697547],[114.03393811428589,22.362743153691266],[114.03484086171537,22.364133017054275],[114.0344397151976,22.365156128239057],[114.034942460787,22.366109397400344],[114.03963862811825,22.367682430575638],[114.04020879722769,22.3683184775396],[114.04013513793339,22.369690613189704],[114.03716951669983,22.369310954767755],[114.0355011614171,22.369858503711466],[114.03454419863338,22.370587649354086],[114.033881268684,22.37463859478999],[114.03045874870703,22.374716406554256],[114.03193577255257,22.37745971648045],[114.03228781600842,22.378728034801405],[114.0336660973286,22.378410893441043],[114.03352438877488,22.377673016065785],[114.03596539768213,22.37795920488422],[114.03651355282734,22.378636519298688],[114.03686529916624,22.38029254691213],[114.03886897968938,22.38128887458562],[114.04041439386964,22.381201257311307],[114.04105719093087,22.3805580948394],[114.04245562637307,22.380443521626784],[114.04318578784574,22.3807518432786],[114.0452856816292,22.379595694402905],[114.04645395687825,22.379774139167168],[114.04744576724497,22.38062651112158],[114.04712395476027,22.38187365376659],[114.04601736787964,22.383635058961577],[114.04587676087502,22.384531865091855],[114.04826317860962,22.386415198870754],[114.05000420297708,22.385465511053493],[114.05196979263096,22.38559670769658],[114.05199699332715,22.385030125302826],[114.053278781765,22.384208372141842],[114.05464707693845,22.3841511023099],[114.05555990038218,22.385015576810815],[114.05851255826613,22.385379544458416],[114.06007569318322,22.384971335380165],[114.06461552811149,22.38499164249687],[114.0648896271218,22.386195572014397],[114.06448727790354,22.389661341157627],[114.06509238514744,22.390300104705297],[114.06602882090132,22.390607708800886],[114.06579793575143,22.391793137061892],[114.06617736440106,22.391879534167987],[114.06690378783217,22.391370626154796],[114.06812778717276,22.392657360429837],[114.06911286274479,22.392725283042754],[114.06931057038851,22.393479800601],[114.07060702252963,22.392542561592208],[114.07154412982707,22.393052120231943],[114.07190408479845,22.392622023595457],[114.07365838068098,22.393698001570943],[114.07397523695387,22.393420432130377],[114.0732336344511,22.394789896174462],[114.07418997112042,22.39640182437663],[114.07547579664,22.396758169276286],[114.0770554551943,22.396534596308577],[114.07840713187481,22.397333431886864],[114.07934513637309,22.397056275566253],[114.08090250793931,22.397657390691805],[114.08118317673464,22.398297615200278],[114.08233914834453,22.398780360439044],[114.08250120973466,22.399721675324635],[114.08317074127436,22.400510070466535],[114.08442436709038,22.400884479797146],[114.08525990630133,22.401870940507447],[114.08671300056025,22.40210700964936],[114.08795756784785,22.401458154058453],[114.08923225726112,22.401496561194037],[114.09038699875542,22.399583210554955],[114.09221783362541,22.399463076447727],[114.09487966155368,22.40091282253771],[114.09591666201707,22.4021714301824],[114.09603746092564,22.402739124632213],[114.09678753175331,22.40306171678857],[114.0967615758108,22.403555889791704],[114.09735989431674,22.403816042360415],[114.09758760628823,22.404447339175416],[114.10074668467068,22.40741531530414],[114.10447420703021,22.407489831681644],[114.10542944332194,22.406606893488334],[114.10539313399397,22.405667194337006],[114.10663151648652,22.40491028661444],[114.10754926216924,22.40626095481614],[114.10892602473157,22.4055045913139],[114.10969207358549,22.40560750918947],[114.11241106566165,22.40688867486729],[114.11285639601309,22.40825629210418],[114.11463035161717,22.40860129348481],[114.11571298310744,22.410249633286295],[114.11690596554263,22.410561294416663],[114.11671544033621,22.41138971798286],[114.11737812941307,22.411905036952163],[114.12047829537656,22.411060524736953],[114.12318844448808,22.41108804583353],[114.12310795230823,22.412172764551755],[114.12395548835781,22.41286649254492],[114.12437770909014,22.412673112939576],[114.12423363973015,22.41297232726497],[114.12355037235143,22.41289439783768],[114.12407187522784,22.413694829924875],[114.12354084016485,22.413820873850494],[114.12348103656953,22.41413483216439],[114.1243416695193,22.414413936994986],[114.12575923364679,22.41629164369451],[114.12775241211612,22.416510554534888],[114.12815824250245,22.416966888142934],[114.13075368751764,22.41657977940065],[114.13288286989487,22.416998272508682],[114.13400601713312,22.416714736552233],[114.13551332488674,22.4172399408075],[114.13677003455408,22.41716271946929],[114.13775240419704,22.41764889499115],[114.13851479859156,22.41727580705659],[114.13949558583374,22.417399862280124],[114.14088043646377,22.416900970783047],[114.14201813801337,22.416075980302125],[114.14340790111962,22.415882864526],[114.14617854524604,22.416938313600813],[114.14703406298665,22.41590893816595],[114.14688401645213,22.415070210665178],[114.14737521807416,22.41385258664623],[114.14715360738319,22.41289977679285],[114.14739625912412,22.411978155453415],[114.14928842585955,22.412599143045085],[114.1526142420242,22.412501006728974],[114.15514485737242,22.412998029639667],[114.15818478021,22.411995788843114],[114.158784862345,22.41243860944383],[114.15880729323551,22.413078091802205],[114.15991076920689,22.412476264631575],[114.16046113149602,22.41316769925742],[114.16920515551924,22.41293574265218],[114.16870319661949,22.412355325050793],[114.16539999504424,22.411237696634817],[114.16578865283716,22.410172327938632],[114.16531465746692,22.409606129775305],[114.165377760279,22.40899128336545],[114.16657208786789,22.407387990293746],[114.16676928952297,22.40625236115656],[114.16781433558602,22.405011113321468],[114.1671839002811,22.40393621766922],[114.1673224162244,22.402672896428093],[114.16777448949748,22.40255070582551],[114.1674084891644,22.4019049772353],[114.16796210471212,22.40095533782254],[114.1670305605771,22.39939547401391],[114.16609598633228,22.39873337487276],[114.16779392168597,22.397485735014044],[114.16774715090438,22.39563747830008],[114.16823342614873,22.394765689967638],[114.16734815584067,22.393519259376408],[114.16554135516805,22.392761308481596],[114.16521002007006,22.39219925478411],[114.16298344048313,22.391025532342947],[114.16242932551859,22.389505760671167],[114.16067381729013,22.386774357002512],[114.15711820938417,22.384598696491302],[114.15724828229601,22.38365008484803],[114.1569753062587,22.383049976595167],[114.15433306551778,22.381507837095974],[114.15191067204753,22.381358005368625],[114.15011514600016,22.380420514912313],[114.1492135170043,22.380304178424627],[114.14630379720674,22.378012656289776],[114.14538780324743,22.378800875970143],[114.14417526408619,22.37832460914233],[114.14347484190934,22.380350079341415],[114.14421025395336,22.380649693569147],[114.14279694560227,22.381531011546404],[114.14292241806076,22.38177395422791],[114.1436836097169,22.38173650613006],[114.14376431475878,22.38249004643385],[114.1444994794196,22.382850803571863],[114.1443540410181,22.384347698884927],[114.143512479945,22.384408517956345],[114.13857792818855,22.38190963513111],[114.13758723539497,22.38203610848328],[114.13673817732757,22.381595057329324],[114.13521205354894,22.381446966941336],[114.13609000481408,22.38096518530383],[114.13610371158708,22.38051691559652],[114.137190008213,22.380188993145293],[114.1375858175736,22.379291895948366],[114.13650007696994,22.37585439576003],[114.1364533167546,22.372547385993894],[114.13477201358789,22.370876167843484],[114.13452856973846,22.369757682037914],[114.13380968384213,22.36987400442606],[114.13282710551894,22.36946316028003],[114.12984905763423,22.37084849567626],[114.12341282286116,22.370272324457186],[114.12017110164857,22.364201157248125],[114.11583619532523,22.362226412492195],[114.11355198991863,22.36059560722973],[114.11156276067094,22.360249930192],[114.11127694188629,22.36188903066325],[114.11226230982713,22.364743907324225],[114.1107978586675,22.36648783969198],[114.11029614636529,22.366415651200786],[114.11045832868389,22.366784744905353],[114.11021338038665,22.366984659092534],[114.10925652139974,22.367541599984282],[114.10879463543796,22.367453151048032],[114.10797060754554,22.368651279262995],[114.1079077728388,22.3696528536064],[114.10551859065734,22.37191452184852],[114.10404377441732,22.372078710938908],[114.0985701151635,22.368097718124375],[114.09303488903963,22.367710384922994],[114.09122686746569,22.367090675734758],[114.08491212751477,22.367194685300483],[114.08208405592423,22.368836057667718],[114.080478855978,22.36909031487074],[114.07934507088993,22.368613732146066],[114.07962714359006,22.367664305342892],[114.07866321312716,22.366767118301492],[114.07769813374702,22.367000670777923],[114.0772390374844,22.36767858128362],[114.07561464878869,22.367703032144004],[114.07400509536205,22.366945641762673],[114.07261493385926,22.365905967724476],[114.07252430855215,22.365477972688588],[114.0713451912241,22.365169975244868],[114.07084791973826,22.364345102770027],[114.07165278221558,22.363851889046682],[114.07079829853865,22.363465700818058],[114.06932828591759,22.36394249339913],[114.06914706535476,22.363502523071027],[114.06821965271583,22.363139968413744],[114.06672038914647,22.363340609667546],[114.06585089936185,22.36397483751477],[114.06448166277687,22.36393117249401],[114.06362454949779,22.365094486838714],[114.06304824573519,22.365348192250686],[114.06072241710308,22.365268512270227],[114.06020554388003,22.366342320189577],[114.05793517584966,22.36555803597287],[114.0582166338197,22.365123027293123],[114.05801088633149,22.36491668216297],[114.05764345740164,22.365416442029503],[114.05628149302639,22.364841972032018],[114.05387506108264,22.36289248099432],[114.05320330717205,22.362724563780333],[114.05296960571634,22.362133867136695],[114.05196831785244,22.3621120856431],[114.05178712529886,22.36249286714482],[114.05158250178262,22.362082458963513],[114.04722542228639,22.36028750116717],[114.04687335337083,22.36049687969697],[114.04704329151117,22.360829698222343],[114.04528493919646,22.361236262860956],[114.04512701176363,22.36075961557469],[114.04487457044674,22.361204751939297],[114.04264987909731,22.360599032312034],[114.04046550913435,22.35939150371212],[114.03940405647279,22.35812974014714],[114.03753622437274,22.357938325839516],[114.03666914842576,22.357344665792407],[114.03441647070306,22.35692898687825],[114.03186046792885,22.355720967289564],[114.02877591901942,22.35528253043195],[114.0283422590048,22.35867517485161]]],[[[113.99473053244994,22.314158590530035],[113.99460987663143,22.31439192997918],[113.99708653761714,22.317346162915598],[113.9968968159938,22.318083705316475],[113.99604589282099,22.318735334217422],[113.99714639752521,22.32000471934068],[113.99840762058058,22.320001543501967],[113.99885752526782,22.320716336364587],[113.99957632652753,22.321037861039883],[114.00040474680627,22.32076106709488],[114.00185303843406,22.32105519517683],[114.0029376994191,22.321590607732986],[114.00330552116765,22.32214846099671],[114.00787825130276,22.32404615874431],[114.00839948042898,22.324991070915956],[114.01137640162818,22.32553993685576],[114.01154405055438,22.325864542034676],[114.01094566036235,22.327611495252302],[114.01114476445504,22.328044359586148],[114.01405483511222,22.329134480151133],[114.01587334176988,22.329103193050194],[114.01700184309581,22.329500502527374],[114.01842868517629,22.33126085348993],[114.0185484699062,22.332147775544918],[114.01991520499153,22.33367378563115],[114.02099956120452,22.33223559581249],[114.02188119419588,22.332105904593718],[114.02248122487882,22.33246138452409],[114.02310164114121,22.332205005262082],[114.02388392545224,22.332822523738123],[114.02440371481023,22.332401312209704],[114.0240470664263,22.331553488720342],[114.0230344319929,22.33109627199327],[114.02257108179812,22.329332911666103],[114.02288399551605,22.328789682829637],[114.02232109235072,22.32841997625587],[114.02187741475912,22.327443040796588],[114.02070294769676,22.326564074731277],[114.02087850244759,22.326002938529307],[114.02130293095661,22.32600613214076],[114.02363292413476,22.327076997847392],[114.02719354867081,22.33076847461208],[114.02751568680794,22.33204034327896],[114.02732447996156,22.33292746400684],[114.03038846910519,22.336341878721395],[114.03155092032677,22.336688818056615],[114.03319211550917,22.336133156482415],[114.03828810598796,22.338950454341465],[114.0388013797122,22.339935804278227],[114.03915330930543,22.339846777492617],[114.03943189704451,22.340192930755777],[114.03931228345039,22.340581195430634],[114.03991475926149,22.340692808521343],[114.04002159696785,22.341299245382],[114.04163835990678,22.341052551388767],[114.04200293673351,22.342431590977057],[114.04314947237444,22.34284984111008],[114.04340176896966,22.343430200874387],[114.04370193602323,22.343052487863254],[114.04455620582468,22.343446125537945],[114.04406657737896,22.345205599098154],[114.04447664089548,22.346025458586155],[114.0443255536902,22.34668485213164],[114.04545792383642,22.34760051828005],[114.04778132493905,22.346489413174893],[114.04988164738452,22.346266718385248],[114.05190105855155,22.34494637508933],[114.05159790035714,22.344248165608008],[114.05178027515804,22.343971828948305],[114.0527929369363,22.343468404011677],[114.05314029313689,22.34370253694853],[114.05396043436551,22.34349904924353],[114.0543193684382,22.342663526866538],[114.05388468848918,22.342234188489105],[114.05587398443733,22.34068509881108],[114.05569324876541,22.33993149374477],[114.0563416691938,22.338416301638635],[114.05747012069945,22.33743434803133],[114.05735662615561,22.33622546443757],[114.05761082367775,22.33576445771954],[114.05826238265725,22.335640927876764],[114.05804676282153,22.33526715300476],[114.05762117611435,22.335453579968874],[114.05612164561664,22.334829271257878],[114.05590027789188,22.3342027729352],[114.05529851606236,22.33443937987599],[114.05495449511889,22.33406257354114],[114.05502751604804,22.333737279011075],[114.0560594889176,22.333150984686373],[114.05563571877414,22.33270470780812],[114.05541616956768,22.33179227163096],[114.05571206735624,22.331344688398172],[114.0554031857448,22.33060914364636],[114.05575430102051,22.330277387616448],[114.05677819142817,22.330557017571742],[114.05738050414045,22.329465411003692],[114.05576655633527,22.328334077333004],[114.05581316183383,22.327772665103463],[114.055023553291,22.326902257381523],[114.05473772891843,22.325690880490917],[114.05504061833834,22.324978886996814],[114.05427934055628,22.32460611589505],[114.05404059195901,22.323642175488263],[114.05450187966733,22.32273865668462],[114.0552309246608,22.32257573948981],[114.05550955532932,22.322002496157715],[114.05598866290727,22.321828340749757],[114.05644717026367,22.320759655558884],[114.05605691307952,22.320179704610677],[114.05552585366138,22.32019654330544],[114.05493159727567,22.321259774379225],[114.05412982331616,22.321473462366377],[114.0531066694577,22.319576394554655],[114.05348910126602,22.31924338064052],[114.05520783910858,22.315114149983945],[114.05542089564372,22.312807445404694],[114.0104685195539,22.313749796583675],[114.01001338044072,22.31397269836014],[114.00981515496463,22.314878020989745],[114.0092564932049,22.314338727296033],[114.0078969581059,22.314427541111165],[114.00696680250918,22.31383084727044],[113.99473053244994,22.314158590530035]]]]}},{"type":"Feature","properties":{"地區號碼":"L","District":"Tuen Mun","地區":"屯門","Administrative District Boundary of Hong Kong":"Administrative District Boundary of Hong Kong"},"geometry":{"type":"Polygon","coordinates":[[[113.90144005325827,22.405776658964005],[113.9014759434416,22.4065829373793],[113.90276913880554,22.407796291860635],[113.90412316205115,22.41024022201609],[113.90488455735901,22.41034272748718],[113.9131063165181,22.418346164645072],[113.9137548338464,22.418563572099437],[113.91365344819603,22.420575206041832],[113.91522029978533,22.421531870011826],[113.9225858502067,22.423677779308047],[113.92555685805728,22.423775095408125],[113.9274422484263,22.42337975771743],[113.92802285555418,22.422900519578974],[113.92812933146752,22.42150644430105],[113.927721999695,22.420426717504434],[113.92844015673539,22.420933855721017],[113.92904872468948,22.42355347621973],[113.92976615549016,22.42429119447414],[113.93048419122559,22.42452405771388],[113.93858329540733,22.423351541328568],[113.93924256556171,22.42144059769139],[113.93906489647493,22.4197346608589],[113.9399139911213,22.419666969852244],[113.93993520242793,22.420361786472398],[113.9407534997396,22.420701932570466],[113.94081950969556,22.421607184192833],[113.94231675666632,22.422526759505036],[113.94273860844154,22.423213306733285],[113.94440849586645,22.422913373008274],[113.9438507053496,22.423571824653955],[113.94377795028996,22.4242702883114],[113.94506521281589,22.424428156592942],[113.94588191527542,22.424997994979677],[113.9457116871527,22.426071795555707],[113.94600903100462,22.426870022878123],[113.94712794432674,22.42854485910047],[113.94795310959691,22.428922072402727],[113.9478754181817,22.42987858549206],[113.94829557034636,22.43025687067945],[113.94812255072331,22.430767848010976],[113.95019996300935,22.433443550259337],[113.9703350209343,22.43349919297953],[113.97051629822482,22.43064835579645],[113.98089245312853,22.430451862731157],[113.98107865711324,22.430966635285845],[113.98201450656337,22.43093655999311],[113.98237535888939,22.4306316637841],[113.98420679672506,22.430938610548736],[113.98453181724648,22.43031274491287],[113.9851243696489,22.430412262699903],[113.98550609161221,22.430042362867795],[113.98758051800432,22.429711037780603],[113.98805849290356,22.429743097286053],[113.98807979532972,22.4302436604225],[113.98887719372209,22.430454624972835],[113.9894788128675,22.429850014967222],[113.98983088173638,22.429984696002403],[113.99138489504077,22.431764768746376],[113.99205827207452,22.432089884160735],[113.99286880100682,22.432035448951133],[113.99328419826072,22.43047209936318],[113.9964297762138,22.43277951365623],[113.99661248845388,22.432274269743832],[113.99534527466884,22.4293769705717],[113.99476266402603,22.42895829349663],[113.99477393278352,22.42802694146198],[113.9944690851948,22.427555171588654],[113.99368532884255,22.427248559308467],[113.99385312226906,22.42577291582942],[113.99567648693066,22.425120720782402],[113.99740272149195,22.422471533936353],[113.99892592011265,22.42274246366471],[114.00119945424056,22.4220402044605],[114.00683597909716,22.421966698776913],[114.0070393327908,22.414872772985216],[114.01226366039184,22.41468393000202],[114.01227457387422,22.40467188103253],[114.05150157345767,22.404680194907755],[114.05160935249884,22.408702433208582],[114.05977336029511,22.40870343788583],[114.05981245676975,22.404858022593842],[114.05754930278836,22.404762682319983],[114.05748196428625,22.397934659131483],[114.06585609509364,22.397766990665236],[114.06593161934792,22.39154330755138],[114.06628454115722,22.39065260884025],[114.06468715873265,22.389634008530244],[114.06508979868288,22.386186468589575],[114.06469503105606,22.38479415810775],[114.06006070116646,22.384770723159782],[114.05852179931281,22.385179452793682],[114.05563175934945,22.3848252603993],[114.0546983649705,22.38395582491373],[114.05324962296673,22.384009501459527],[114.0518237891887,22.38490754944067],[114.05186805580225,22.385413366936625],[114.04995888615318,22.38526635101814],[114.0483074425647,22.38621636604267],[114.04607553241813,22.384484146656224],[114.04765195336765,22.38064716607413],[114.0474028372049,22.380127363522618],[114.04654210657806,22.37959183449805],[114.04525090075013,22.3793943378106],[114.0431313568015,22.380554384534936],[114.04249748849674,22.380242875334982],[114.04102957510291,22.38035969696865],[114.04034326739064,22.381011408669252],[114.03889457119782,22.3810879938431],[114.03675922111827,22.380077368832172],[114.03568035584556,22.380517022237935],[114.03653761946185,22.379245162207784],[114.03648450780332,22.378395337090858],[114.03605204756194,22.377771721851513],[114.03358787989977,22.37749043721728],[114.03350435779207,22.378274558845188],[114.03242978385411,22.37857042161427],[114.0321245448062,22.37738768104762],[114.0306731379545,22.37486253930876],[114.03401316869346,22.374813135477975],[114.03469522576823,22.37072326092438],[114.03558748661293,22.37003992854577],[114.03719844618718,22.369509473377864],[114.04024327168365,22.369887621688566],[114.04040821710983,22.368289804524334],[114.03971452941887,22.367496649493035],[114.03507548576667,22.36595643846371],[114.03465297688811,22.365162972172705],[114.03503927290689,22.364667733464486],[114.03503366805738,22.36407124957797],[114.03407975784901,22.36259998796593],[114.0316036450895,22.361956818854313],[114.03057421017596,22.360674040127734],[114.02876971900275,22.359203394108977],[114.02854268958826,22.358685251241404],[114.0288077317341,22.35523775460126],[114.0244460235873,22.355236928433772],[114.02157536964546,22.35598856367308],[114.01851944866485,22.357318076135776],[114.0176522031245,22.35842865607162],[114.01799017989983,22.35909698816246],[114.01442852427826,22.363086758146025],[114.0126065483041,22.363095892413916],[114.01212677541706,22.36247071472049],[114.01237957608426,22.3620845496098],[114.01183777364109,22.36219800855587],[114.01153246893863,22.36170585554153],[114.01107501566098,22.36171141665288],[114.01095921682564,22.362406759941504],[114.01041396828825,22.3623709732135],[114.010199322433,22.36270009890657],[114.01074007256115,22.36422757603141],[114.00906658019954,22.365251061921814],[114.00732531330684,22.364877828857573],[114.00724848957144,22.36420723481556],[114.00689693521457,22.36437660010135],[114.0052944672952,22.363998225988254],[114.00460691854468,22.36301314268568],[114.00407330558308,22.363111969150406],[114.00364727373604,22.362619150544845],[114.00241822907549,22.362724355458724],[114.00232586901053,22.3621382217054],[114.00157182702141,22.36200733873577],[114.00147135153273,22.361707703420247],[113.99849869803619,22.36167183801733],[113.99752431690251,22.36337308030633],[113.9977219236557,22.363853906352755],[113.99702271744087,22.36507965561348],[113.99585295066719,22.365622104734623],[113.99538928722134,22.365009041428948],[113.99476667380414,22.364830577335244],[113.99270827853395,22.36526656138296],[113.992275199155,22.365986556664215],[113.99163464862147,22.365837913122014],[113.99213277369645,22.366263652237166],[113.99157556837666,22.367284931311765],[113.99172300200986,22.367933431553244],[113.99464745137247,22.369920701716737],[113.99357766709605,22.369434996620402],[113.9916744204953,22.37216575491485],[113.98964496316209,22.37067411799169],[113.98971308664701,22.36799466080084],[113.99026685136711,22.36755933907365],[113.98955409005157,22.367572496836694],[113.98940119505698,22.366991567656758],[113.98879156833169,22.36698878499864],[113.98864599361362,22.36777635984418],[113.98914652991502,22.367855618907235],[113.98942843492047,22.369057783291822],[113.98728210773699,22.372736174929337],[113.98328385824628,22.375693417541196],[113.98205804187532,22.37589449115612],[113.981360845262,22.37652962865447],[113.97972767995014,22.376962073092315],[113.97973442569283,22.37722508497816],[113.9806917097922,22.377644311323102],[113.98070529516171,22.37825351726342],[113.98001597943602,22.379150892741123],[113.97859135142578,22.37981359336004],[113.97790477511313,22.379520314728804],[113.97600516342388,22.376393038657014],[113.97710946347334,22.374604703500594],[113.97820011743376,22.374310416282455],[113.97749422111796,22.373933808268312],[113.97680855264083,22.374285448242755],[113.97553790157687,22.376321271775478],[113.97762881910485,22.37979501601002],[113.97650283346819,22.38150138133522],[113.96955922266253,22.378527153327006],[113.96895176473576,22.37900828068702],[113.9682448671878,22.37859053673623],[113.97267622912003,22.370805004953578],[113.97116285015835,22.37080547845413],[113.96639926662552,22.372013495432004],[113.96582272676845,22.37117679816002],[113.96583917950836,22.372162946486558],[113.96509882134943,22.37239949753928],[113.9614551988388,22.372671211495824],[113.96068644568183,22.372188642980102],[113.9600959923228,22.372380077181642],[113.95972215118856,22.373082779302468],[113.95776673404961,22.372984103692172],[113.95549426106696,22.3722779967244],[113.95438153062945,22.371661018928997],[113.9534945478015,22.370651348301372],[113.95156768094256,22.369847940773813],[113.95144567378314,22.36827148396854],[113.94942077417946,22.366437007447857],[113.94650626649155,22.36474649881327],[113.94838421992077,22.361920233996674],[113.94743927262834,22.359590866694507],[113.9455325907584,22.36028733262883],[113.94638834484931,22.362370052702104],[113.94524911265574,22.362820051054943],[113.94425560531597,22.360789423445112],[113.9415392998673,22.361828256064552],[113.9423595515618,22.363941288125755],[113.94179404918364,22.36417304950754],[113.94120300354967,22.364390191054383],[113.94021096151627,22.362356448400075],[113.93753659005634,22.363384567736386],[113.93833151400085,22.365513127419973],[113.93718837628161,22.365965417315138],[113.93519059869298,22.3615497897634],[113.93768734235195,22.359946003855367],[113.93773002465352,22.359352180611406],[113.93715980896951,22.35916684352906],[113.92933195317316,22.364042814254987],[113.92365367402417,22.368287169670015],[113.92374092236399,22.367713530759577],[113.92164498476866,22.36885526992669],[113.92172624690969,22.369127577919922],[113.92284074012437,22.368875798599973],[113.91973698298902,22.370904933740498],[113.91800580848683,22.372425067063563],[113.91743991739564,22.372270130399105],[113.91701586351004,22.372665039667886],[113.91727329928503,22.37307593206295],[113.9169514497293,22.373364845959976],[113.9156625421391,22.372578208030408],[113.91755256388805,22.370828457536305],[113.91749343659434,22.370588363115775],[113.9149606999017,22.37264672788861],[113.91499476809763,22.373031450045318],[113.9165096097002,22.373598997640492],[113.91472620527033,22.37571567761424],[113.91505118135066,22.376797892513473],[113.91655757336684,22.37838798795997],[113.91660071133795,22.379014312602624],[113.9174636680352,22.379402833708973],[113.91821791071095,22.378736357350395],[113.91885193888446,22.379080402867466],[113.92008557159477,22.381146803092754],[113.92022280217539,22.38349259677293],[113.92086220333856,22.385488356824112],[113.9206138789795,22.387478604490212],[113.92008173202738,22.388825585787902],[113.91825884089192,22.391411301304576],[113.91736785390425,22.391004001026605],[113.91646686821534,22.392220973721972],[113.91495844192502,22.392560131059202],[113.9145051106327,22.39485740502207],[113.91329205228375,22.39601027054264],[113.91364341407964,22.39672247804988],[113.91502322409357,22.397231036562783],[113.91528967053542,22.398007917219076],[113.91494306248036,22.399596812615663],[113.91397066657525,22.401560710313753],[113.9123689488491,22.40331170797543],[113.91122632116027,22.402517847201576],[113.90936137900314,22.404231455853065],[113.90868513896272,22.404313265718997],[113.90811372576549,22.403693961767623],[113.90758190807202,22.403646959877396],[113.90144005325827,22.405776658964005]],[[113.92761016640617,22.42034896617963],[113.92758567323183,22.420347223996373],[113.92657405589003,22.420365872613548],[113.9270580345469,22.41995785457449],[113.92761016640617,22.42034896617963]],[[113.95559517372833,22.38995533354326],[113.95559811433795,22.38995510514752],[113.95586112357661,22.389947807735457],[113.95570079331408,22.389994352347443],[113.95559517372833,22.38995533354326]],[[113.91525071557415,22.39995902634475],[113.91535193403159,22.400047333103657],[113.91552383990428,22.40044749006417],[113.91530888233227,22.400138131269937],[113.91525071557415,22.39995902634475]]]}},{"type":"Feature","properties":{"地區號碼":"M","District":"Yuen Long","地區":"元朗","Administrative District Boundary of Hong Kong":"Administrative District Boundary of Hong Kong"},"geometry":{"type":"Polygon","coordinates":[[[113.93810983285985,22.426963481846713],[113.94578758746034,22.431832456577585],[113.94625598837877,22.432553824510336],[113.9460345989152,22.433134261200276],[113.94672791586714,22.43495596161341],[113.94645871819694,22.438616722162575],[113.947186261465,22.439510362171717],[113.95026568534507,22.44182646850129],[113.95261042820529,22.443128823175794],[113.95251451788579,22.443769547551028],[113.95321445396662,22.443715429494166],[113.95373891811344,22.44474264682041],[113.95349294640613,22.446696560551704],[113.95527371474051,22.449358961153827],[113.95673813347744,22.45012728213113],[113.95915563577677,22.44988678726156],[113.96034433702151,22.450415637373975],[113.96093288792609,22.450199991752616],[113.96324761791547,22.452277414484758],[113.96363108985408,22.452095205350165],[113.96357812284384,22.451748263479594],[113.96395315063455,22.452403466467246],[113.96440005806785,22.452583720218463],[113.96490528622292,22.45224777572057],[113.96539485782908,22.452966937704055],[113.9669311799038,22.453362635202236],[113.96737609193794,22.45313330125346],[113.96744059977401,22.45341010830254],[113.97236942278519,22.454712930430627],[113.97353795204535,22.455369768577985],[113.97391721895251,22.456176455551752],[113.97498401629241,22.456526284368387],[113.97522143248102,22.457030444517116],[113.9760648205244,22.45711955068538],[113.97852279010311,22.460145276790342],[113.98003383148495,22.464135639539556],[113.9797681418711,22.46442445931506],[113.9809356797959,22.466910460496432],[113.98168456960853,22.467446218482607],[113.98178455407306,22.46869649212416],[113.98284535594935,22.468971594512485],[113.98458031971549,22.47073200056724],[113.98454451800336,22.471553886840052],[113.98494954968457,22.472312914400987],[113.98622555250499,22.473219343961507],[113.98771396561281,22.4735983240015],[113.98895898313489,22.47450751093928],[113.99004605198304,22.475935010667314],[113.99091229269926,22.47614113960847],[113.99202859156235,22.477087223750168],[113.99292220242467,22.477412353178085],[113.99265555257978,22.477594090724683],[113.9933729218155,22.479483738185706],[113.99320438855891,22.48008855639433],[113.99401169653748,22.480420542764115],[113.99548933530691,22.485833642384325],[113.99601530751339,22.485937676446692],[113.99585998779361,22.486527682539663],[113.99668166645776,22.486546149587237],[113.99722422100287,22.486854433644414],[113.99710282707206,22.48723102916111],[113.99748446608422,22.487101374021368],[113.99820898603771,22.487735490470275],[113.99851232527186,22.489202663672888],[114.00254587913074,22.48941314600289],[114.00361458905665,22.489027149432083],[114.00391121408359,22.488366141335714],[114.00626246284062,22.48758413246361],[114.00753812617664,22.48776220057034],[114.00919800800244,22.48705916955876],[114.00919902237459,22.486696792755126],[114.0108942949064,22.486884114635963],[114.01162601498136,22.486556391734272],[114.0124370364375,22.48687288072224],[114.01160793825602,22.485980336229357],[114.01186252752974,22.484165009812607],[114.01125387064818,22.479369147067832],[114.01144523404116,22.47850308124615],[114.01045877710412,22.476018720488366],[114.01238824444339,22.47418799103799],[114.01251873671575,22.47500846372778],[114.01323793303703,22.4752063319234],[114.01405326063721,22.47388805232805],[114.01570690874689,22.475874784991067],[114.01628524465515,22.475738125683264],[114.01773649782515,22.477480836371356],[114.01902653892202,22.478094077663858],[114.02448784853202,22.479638846267424],[114.02642278473473,22.47964276905126],[114.0274841666328,22.480305251308444],[114.02842311781711,22.48028092557158],[114.0280269901323,22.48233005053558],[114.02678783552518,22.483499208851363],[114.0275965105993,22.483438610419423],[114.02860681338919,22.483835066247238],[114.02864667508412,22.48454708494819],[114.02745132608511,22.485019569801413],[114.02845464578037,22.485797072735846],[114.02842337624672,22.48637730645962],[114.02626000828222,22.486962624883105],[114.02798474595915,22.487760499788525],[114.02787903753054,22.488479990173865],[114.02625092357181,22.489125335335995],[114.02811146689255,22.489995521634043],[114.02839505746502,22.49270494540682],[114.02890434539005,22.493527745347226],[114.0285245958044,22.49375614592238],[114.02832926209518,22.494502750160727],[114.02905967652642,22.494578446369236],[114.02935161530745,22.495139398989682],[114.0306081175097,22.49581624275245],[114.03009417045537,22.49721117874442],[114.03148284204603,22.49643810291658],[114.03291115579327,22.497080222583552],[114.03297335519339,22.497401400729288],[114.03206110311424,22.497597339809488],[114.03093660844097,22.499495171314166],[114.0319832441143,22.499045551540256],[114.03393345951471,22.49898371414557],[114.03395679492212,22.499968461839888],[114.03477237319142,22.499531726393],[114.03381607898679,22.5012201378991],[114.0351383555764,22.500333811105698],[114.03544814915857,22.50051924547431],[114.03590439506732,22.500227111625822],[114.0362592015385,22.500979984999923],[114.03704269226158,22.50143271397568],[114.03736552754498,22.503621282198996],[114.038061799212,22.503137456963778],[114.03822287320374,22.502451716815276],[114.03960881844327,22.5030566820625],[114.03982520488262,22.50384933279003],[114.04098247064306,22.503169424603055],[114.04067042691204,22.503863392265014],[114.04113197481158,22.504342787016395],[114.0425268784922,22.50423261474682],[114.04306947510332,22.503885261072213],[114.04403434133494,22.504378116012127],[114.04536020606602,22.504169647685238],[114.05039894971934,22.502470625228657],[114.05323177446955,22.502926532275847],[114.0551088997934,22.50370112523768],[114.05647052838886,22.50488226506318],[114.05700467681464,22.505955684545235],[114.05758753429635,22.509932010599286],[114.0588063396746,22.51240957159228],[114.06061374076363,22.514182685995248],[114.06441253387575,22.516630684278233],[114.06978100922244,22.517497455857832],[114.07196677772271,22.5181883665764],[114.0739332636208,22.517333966107547],[114.0757314950117,22.51545127686961],[114.07663090417248,22.515252404098938],[114.07768972650908,22.51545628641426],[114.07886306194726,22.515979721037525],[114.0824370319503,22.518650278291577],[114.0840681838434,22.520555505749652],[114.08469006342159,22.520383443019416],[114.08498305876331,22.51968469318729],[114.08562789093351,22.519232846905982],[114.08686504048508,22.5198274436881],[114.08818660430421,22.521088737464353],[114.08857444604116,22.522572929176544],[114.08936841649883,22.52324176189684],[114.08978706337571,22.52104431545626],[114.09175373524957,22.52080368283221],[114.09184747543125,22.519087238531064],[114.09126381630547,22.517933316813235],[114.09144454056931,22.51655259878261],[114.09067807805157,22.51502924078039],[114.09152304870132,22.51456478812119],[114.09191195332801,22.512072633374768],[114.09335733783874,22.510380118079507],[114.09241408017276,22.50895612715291],[114.0914388307993,22.508445207402968],[114.08982520037785,22.50827059481202],[114.0905248094133,22.507018788334385],[114.08947785125774,22.504619273194475],[114.0914392189471,22.504871896639187],[114.09133382507193,22.503444303016316],[114.09179811139789,22.50126767865258],[114.0911531538817,22.499365642838384],[114.09048319914343,22.498728365803178],[114.09040288527699,22.497064791025068],[114.08985916551374,22.49653800960335],[114.0906503951628,22.495956802273874],[114.09144925463171,22.49424865909447],[114.09214056915737,22.494062523471218],[114.09285367198353,22.492903919390084],[114.09260663751121,22.49252463386915],[114.09327896747668,22.491998355326334],[114.0925749446917,22.491065436246263],[114.0925882470316,22.48874434821194],[114.09220133160436,22.487121895617346],[114.09238024545763,22.484883588341255],[114.09131263529811,22.48428434208219],[114.08937797618027,22.481546080320253],[114.08973957915163,22.47930025189918],[114.08943103168738,22.476688846351735],[114.08986849881437,22.473138417660348],[114.08965204702626,22.47144634217678],[114.09020838831324,22.468262610461327],[114.08906749372726,22.46612158543801],[114.09015626368402,22.46633723837311],[114.09105481493832,22.466011726036466],[114.09241067490707,22.466118175715078],[114.09421769598556,22.46691798645295],[114.09629300660471,22.466852714962727],[114.09945161023028,22.467490402388638],[114.1006411807756,22.467960514024632],[114.10253496509712,22.469426950455684],[114.10424085791159,22.470086494016506],[114.10885160993284,22.46927605831157],[114.10979509569641,22.470407263756975],[114.11158647402293,22.470751045254232],[114.11233025510575,22.47131883664238],[114.11341614313469,22.471428447685934],[114.11436279230556,22.47106665395612],[114.11486926559029,22.471510088091016],[114.11616932928344,22.470318478383383],[114.1162266208997,22.469502319320902],[114.11707085307576,22.46934808092067],[114.11885553885394,22.468106007659518],[114.12035080748363,22.46784143443728],[114.12084950784963,22.466664565924138],[114.12155818786303,22.466041567705528],[114.12265666577471,22.465784171325897],[114.1236935516857,22.46634442289652],[114.12592478435991,22.465808712894034],[114.12654077407963,22.46626497339186],[114.12798124036732,22.466466491391067],[114.1275854418615,22.464652930936854],[114.1269816330014,22.463861739478823],[114.1249241189431,22.463494288998685],[114.1250198873935,22.462323934714668],[114.12417862268117,22.46139701903647],[114.12446270239244,22.46039238443169],[114.12402669582838,22.459981333612927],[114.12392952141127,22.459097289996247],[114.12239210352085,22.457813223570188],[114.1218768403618,22.4555834551374],[114.12063285190214,22.454850587599914],[114.1185908729577,22.452729530063085],[114.1181529832988,22.450881507565597],[114.11533165068265,22.448437483386154],[114.11205620368285,22.443774049383745],[114.11295044644095,22.44198395568104],[114.11262500350261,22.441141584501302],[114.1137644386931,22.43956284531896],[114.11522464462143,22.436436221012777],[114.11698718139289,22.43484123526488],[114.11672190516896,22.431912347040416],[114.11759381849619,22.430556992416815],[114.11803031264107,22.429012229130066],[114.11849567074127,22.42848984759322],[114.11944596650955,22.428483342210008],[114.12020465740827,22.42786333133531],[114.12109621433467,22.42766071681368],[114.1215456422916,22.426967034699757],[114.12145330602975,22.425799965557314],[114.12206671007056,22.424691098618144],[114.12303344651885,22.423382578024796],[114.12444586276058,22.4227997980699],[114.12609635285614,22.420072183176973],[114.12615606091141,22.418551497729172],[114.12566360368656,22.415911268826036],[114.12447859692213,22.414261702284154],[114.12383191068093,22.414008375397316],[114.12450623328537,22.413700002004784],[114.12375755906866,22.413051268014907],[114.12435111507128,22.413152226028014],[114.12462044630865,22.412423900153318],[114.12401790042637,22.412665424479655],[114.12329062430749,22.412067708439046],[114.1234356677669,22.41100763135571],[114.12316865506608,22.410861646881617],[114.12045444292295,22.41086133503139],[114.11743375380756,22.41170587575827],[114.11691427277081,22.411318915030733],[114.11708006767685,22.41042577724215],[114.11584029624107,22.410090513222915],[114.11473471928001,22.408426131518553],[114.112903717164,22.408025745195683],[114.11250241401969,22.406698518568298],[114.1092254500748,22.40528420414343],[114.10752746816625,22.40603596385459],[114.10685951014692,22.404715846974824],[114.10521144143584,22.405549716152745],[114.1052452307056,22.40651816672102],[114.10440369623439,22.40729672649169],[114.10210474100873,22.407447958765907],[114.1014438930486,22.407065257416065],[114.10083572247939,22.407211555192948],[114.09773662899545,22.404311606620603],[114.09750400330914,22.40366979529168],[114.09693300597561,22.40342828425906],[114.09696764920213,22.402945695482806],[114.09619028641133,22.40259898017086],[114.09609084867374,22.40206649157849],[114.0950207992204,22.40076534186689],[114.09222327640624,22.39927691217783],[114.09027697970697,22.3994082755225],[114.08934961377315,22.400551692093355],[114.08913711674052,22.401312699562066],[114.0879239740671,22.401259281511415],[114.08669141800668,22.401904180304957],[114.08533294378516,22.401683644745713],[114.08454118472574,22.40071955837587],[114.08329820468545,22.400352330983726],[114.08268503014362,22.399637616451034],[114.0825025953983,22.39865225217365],[114.08131630066877,22.398142680911278],[114.0810095899444,22.397485040424066],[114.07937449342329,22.396855306379166],[114.07847479570566,22.397127518376656],[114.07709348222858,22.396334413694664],[114.07549387508325,22.39655681009044],[114.07430763160784,22.39623149011434],[114.07343745461486,22.394771649824268],[114.07426079393052,22.393674321329396],[114.07405763134048,22.393189517448032],[114.07374241151797,22.393397559550994],[114.07260053163763,22.39291678181197],[114.06979935835709,22.392944788704092],[114.06936039195996,22.393277239585938],[114.06927190994573,22.3925860320812],[114.06822048114235,22.392477376373847],[114.06695857114664,22.391161650882857],[114.06587317610187,22.391804865102603],[114.06570836021064,22.397599944163836],[114.0572912810028,22.397823407180905],[114.05735263749466,22.40485072623356],[114.05962939511187,22.40498389224499],[114.05967049487678,22.408509751930612],[114.05173480402657,22.40851853687122],[114.05157498005714,22.40448071881967],[114.01214932460033,22.40448772276908],[114.01206941291679,22.41458451058204],[114.0068648591613,22.414734773740268],[114.0066700584604,22.421816623979172],[114.00117963402536,22.42184077360379],[113.99891091266505,22.42253524586965],[113.99733170222596,22.422276285883378],[113.99554454709664,22.42496995241103],[113.99367379464046,22.42566653568552],[113.99349442932066,22.427323044508057],[113.99458751341191,22.428104645882822],[113.99457104693792,22.429038487883506],[113.9951742416135,22.429482581392286],[113.99638312551924,22.432533545394755],[113.99331574580606,22.430252593245587],[113.99283612872445,22.430848478923036],[113.99270100937511,22.43189469869217],[113.99215054400054,22.431890827735238],[113.99151467351085,22.431608726693508],[113.98992776279825,22.429808153792475],[113.98940742529622,22.429651119176768],[113.98887647859573,22.430251237224187],[113.98822456963224,22.430048650784656],[113.9882107178801,22.429568968959856],[113.98756899172788,22.42951051211892],[113.98543815683642,22.429844277006847],[113.98507298563781,22.43021142034065],[113.98442254551873,22.4301090615406],[113.98418780335031,22.43073689438177],[113.98236375288516,22.430420589048833],[113.98114802718902,22.430767048790617],[113.98090528321117,22.430251583464596],[113.97042779790141,22.430452409031933],[113.9702626278791,22.433299516202027],[113.95027004111107,22.43324975987051],[113.94831367218579,22.430701314245024],[113.94850675822272,22.430224436241055],[113.94807462663165,22.42982379641268],[113.94813241744716,22.42880896302715],[113.94727350495118,22.428402911788506],[113.9461868363715,22.426776371424165],[113.94591319622117,22.426058681724253],[113.94605446832767,22.42488154211519],[113.94513082151592,22.424237141372032],[113.9439982601122,22.424193952224808],[113.94450187849172,22.42292751295865],[113.94277434105716,22.423043859949505],[113.94244540955941,22.422371518896934],[113.9409884751451,22.42149333139357],[113.94093713121391,22.42060198725862],[113.9401416099881,22.42027856279436],[113.93990361413304,22.41942264539336],[113.93884470230765,22.419682162879575],[113.93940181130314,22.421589463511634],[113.9388222900782,22.423810193301634],[113.93927946095732,22.42424490047429],[113.93905623055264,22.424779058394158],[113.9396901848796,22.42533558731551],[113.93810983285985,22.426963481846713]],[[114.04772913259605,22.44442184924235],[114.04773246490753,22.44442093239141],[114.04791463726261,22.444380536887188],[114.04778648331288,22.44450088214648],[114.04772913259605,22.44442184924235]]]}},{"type":"Feature","properties":{"地區號碼":"N","District":"North","地區":"北區","Administrative District Boundary of Hong Kong":"Administrative District Boundary of Hong Kong"},"geometry":{"type":"Polygon","coordinates":[[[114.07824233975795,22.52939603080117],[114.07843736286672,22.530040755689146],[114.07952396764674,22.530792552766766],[114.08520224818821,22.532470583393284],[114.08846637020913,22.53625418420641],[114.0896152602686,22.536812015515643],[114.09269344714691,22.536989542038587],[114.09670347921418,22.534289192361634],[114.09788713158751,22.534241140735375],[114.1033369997362,22.535192593659584],[114.10344680459863,22.534526930709312],[114.10278007678976,22.53217497771657],[114.10296234156506,22.531672558152295],[114.1038571900308,22.53202960935944],[114.10456912552631,22.534622677025038],[114.10533681881326,22.534827608351605],[114.10796328846952,22.533522261933133],[114.10952541653418,22.53085310908172],[114.11137039509052,22.529784726270723],[114.11255323853078,22.5297426300303],[114.11546444382945,22.53108357102245],[114.11660281436095,22.53414287268734],[114.11878576258995,22.53476307249809],[114.12071149689729,22.534491215077967],[114.12026510304379,22.535435353160054],[114.1208892628375,22.536189187914974],[114.12190870848035,22.535382585281535],[114.12223603465962,22.535466202793874],[114.12222078229688,22.535960586875962],[114.12141848660632,22.536918742107765],[114.12223668045738,22.53802983568927],[114.1252032717625,22.53980889502934],[114.12635197556763,22.539833150871324],[114.1272333613898,22.539383108883584],[114.13041818097584,22.54196940862785],[114.13109049456948,22.541725871189136],[114.13151354354645,22.542039127266314],[114.13345939203623,22.541843172672838],[114.13425813174817,22.541243748651986],[114.13492444129668,22.542102513264368],[114.13746947255518,22.5436401168976],[114.14132869583113,22.5428790740868],[114.14211132832567,22.542034306968016],[114.14424364921415,22.542217058861134],[114.14456371310085,22.541008537329503],[114.14639488441992,22.541224607010065],[114.14843098488346,22.54194228188299],[114.14855181425021,22.542336834331092],[114.14816736368228,22.543078466781896],[114.14884383988786,22.544627594333065],[114.15045395698354,22.54631404162682],[114.15127923227061,22.546350328366817],[114.15190520465457,22.54707975904853],[114.15180480754267,22.547737688130933],[114.15129794686133,22.54807451343157],[114.15077353465507,22.547857469711843],[114.15104066731676,22.546925209825847],[114.14979573931168,22.547074357432432],[114.14942787030564,22.54879626584688],[114.14989418565393,22.550711395085592],[114.15032080363706,22.55099481512378],[114.1511115184387,22.550907694485286],[114.15153744271214,22.551445144710087],[114.15188683580735,22.554907659242133],[114.15265011086197,22.555126817927327],[114.15443531928199,22.554589959171825],[114.15612100239622,22.5546057754101],[114.15740480861099,22.55761776240091],[114.15936380112242,22.560648934752223],[114.16118146173284,22.56199928422357],[114.16227580390644,22.56153157710414],[114.16316940831616,22.559646963426463],[114.16369017053843,22.559290818443607],[114.16543069013304,22.559554676330016],[114.1675660324719,22.56131374069179],[114.1690806162886,22.56117439703173],[114.17012842718562,22.560064567253765],[114.17102820515386,22.55971032925896],[114.1733935442201,22.55970979915861],[114.175178984611,22.560144651420774],[114.17727416108579,22.559646902371213],[114.17781617637621,22.5557442622206],[114.18097949889162,22.55426982700777],[114.18118374394157,22.555189721786036],[114.18167123157019,22.555547935565084],[114.18658680138607,22.554708842511836],[114.18774333995358,22.555768494637178],[114.18908985025486,22.55437373891622],[114.18959735831024,22.554282578934657],[114.19057707070998,22.554525382991947],[114.19207381833614,22.55615605704267],[114.19308524975624,22.555623692531977],[114.19459714240848,22.555472009406863],[114.19571447581077,22.55588070895096],[114.19628132500196,22.557231315667888],[114.19752297447319,22.55662277355117],[114.19897747150094,22.556727944583887],[114.20068559130864,22.557626999042714],[114.2015953206755,22.556193645531646],[114.20849240109747,22.55702577950428],[114.2105926814952,22.556010939286736],[114.21147824534641,22.556427368707535],[114.21275512253756,22.55514701826501],[114.2134819477979,22.554901799397722],[114.21517473334073,22.555057603268075],[114.21582858720033,22.555484509182847],[114.21664658676252,22.555244126906487],[114.21692055026625,22.555826909667136],[114.21794250901027,22.556051161785994],[114.21930220971706,22.554828332243286],[114.21987235988932,22.553796219690238],[114.22052242868095,22.55371036039225],[114.22138936321376,22.55178850630815],[114.22328037253727,22.551039836850542],[114.22426079628673,22.550970264764807],[114.22613220420217,22.548590449271806],[114.22696843599421,22.54807209095933],[114.22670636178395,22.547011984168044],[114.22551159500466,22.545270202060987],[114.2264114894781,22.54368949192842],[114.22506556989661,22.542944712182226],[114.22415650795456,22.544510597200674],[114.22093127743278,22.543654095111155],[114.21998914508515,22.54394921644767],[114.21957688915806,22.54461996793455],[114.21897869416777,22.544153558674196],[114.21946576593851,22.54342690471439],[114.21772421074806,22.5427872437758],[114.21716873755692,22.54165808792886],[114.21509972921515,22.539910955910365],[114.2157152567428,22.53890360473318],[114.21506432936104,22.537939757624894],[114.21509641800864,22.53686372600463],[114.214728795654,22.536139432574924],[114.21410232517354,22.535994164677884],[114.2121405789261,22.534067808177713],[114.21145935149399,22.534226381839694],[114.21105385143811,22.534959188688426],[114.21045386963348,22.535035417452217],[114.21034526937953,22.535563511627746],[114.20980154734914,22.535758330973962],[114.20947093231293,22.5355042750888],[114.20979466462904,22.535151666985296],[114.2096421685995,22.534459390623102],[114.20907843256532,22.53444121767026],[114.20900989550081,22.534069833417327],[114.20844346201743,22.533758782262957],[114.20852891680134,22.532345364726787],[114.20973757966223,22.53151567893305],[114.20950003972499,22.53057946071818],[114.20900594051501,22.53040988541566],[114.20847288923835,22.529377198468293],[114.20808318571856,22.528001623033603],[114.20860421831401,22.52695269732741],[114.20799694553108,22.52595200926147],[114.2082075025601,22.525005922475454],[114.20854785436607,22.525033849119115],[114.2092608686572,22.524346635931053],[114.21020484435316,22.524312093817386],[114.21018422492546,22.52489718854038],[114.20980223420196,22.525186070655376],[114.21021547483522,22.52573624526005],[114.2143859153783,22.525574044804202],[114.21510601679101,22.525829668589928],[114.21514881621904,22.52653728596797],[114.21611858551593,22.527297909256948],[114.21589992778965,22.525596746459247],[114.21613255020243,22.524987740384887],[114.21576794369189,22.524150953764767],[114.21911898507133,22.525334387863325],[114.22021555339951,22.528376057819983],[114.22074699086302,22.528690613778075],[114.22117992936155,22.52820931993897],[114.22166907852349,22.528300594012965],[114.22120867542338,22.530168316837173],[114.22174712961996,22.530764559580255],[114.22355679941235,22.529908314219806],[114.22405642968415,22.528690399560578],[114.22571695639988,22.529268421900902],[114.22702571916706,22.530822239100875],[114.22747112761881,22.530755728958905],[114.22746958363264,22.530119101324555],[114.22804574379236,22.53004740240807],[114.228919005975,22.531009216679497],[114.22914525600243,22.533931270960945],[114.23085201861541,22.533665696945956],[114.23187397260958,22.532425636618406],[114.23332198605142,22.531881416389115],[114.23595775242438,22.533674870963843],[114.23566623046416,22.53418383341724],[114.23602002154034,22.534174826967785],[114.23743262049352,22.535745359793818],[114.23755221323844,22.536721712512055],[114.23831891424523,22.537825726477145],[114.2386701429094,22.54111256849289],[114.24078067769021,22.54370868402249],[114.24076698141673,22.546048741269075],[114.24130815025588,22.5465939363936],[114.24178175696294,22.548070379000396],[114.24272834031667,22.54863377450496],[114.2426352102741,22.55032607957639],[114.24317278276791,22.54997896807186],[114.2431956607614,22.548540512255506],[114.24368731656429,22.548280912534832],[114.24370981401938,22.545972487744287],[114.24431054958424,22.545986503426086],[114.24470826085714,22.5463570512481],[114.24405753086805,22.54838820670547],[114.24483822857773,22.5494783897076],[114.24719972101745,22.54952809139016],[114.24758985479208,22.549117335090383],[114.24673968011257,22.548134951181847],[114.24660045425749,22.54716396970437],[114.24719569352492,22.546238181273548],[114.24931338149162,22.544723584152276],[114.25110828857952,22.54556715119527],[114.25053940299601,22.54572066052582],[114.25014819459385,22.547066331760686],[114.2503549416747,22.547768155652047],[114.25093267384337,22.547724567060758],[114.2512806891053,22.548155389135093],[114.2521531198339,22.54752546087628],[114.2533872510773,22.54781000880538],[114.25334823401522,22.546447545235353],[114.25449921451325,22.546543240320805],[114.25526950004055,22.547717665333828],[114.25480744827969,22.548843907146157],[114.2554911834012,22.549906799330234],[114.25530124425491,22.55076063419514],[114.25592710573879,22.5515933245285],[114.25622956802785,22.551181188919916],[114.25575628878703,22.549581368020945],[114.25733387575818,22.549156960134496],[114.25746354084912,22.54856357123454],[114.25847278409533,22.547849564587768],[114.25911824512887,22.547971297142343],[114.25940682070859,22.548539389599497],[114.26031119676915,22.549085704880483],[114.2607525284134,22.548952604004246],[114.26085729150286,22.548369016315196],[114.26038160659645,22.54771534389646],[114.25946135793681,22.547623520500828],[114.25815040393606,22.546108306411924],[114.25729583372309,22.545957502828596],[114.25690842867802,22.54515723999358],[114.25614541955433,22.544636961704864],[114.25762746214052,22.544421381533905],[114.25823384132673,22.54462575504752],[114.25903071841486,22.544058238501606],[114.25806133049798,22.543249753643835],[114.25836622167922,22.541439435460916],[114.25622674664959,22.539491815292937],[114.25637630938868,22.538748237753193],[114.25722498188537,22.537995615461345],[114.25774888812283,22.538134491788142],[114.26000573335789,22.539481797596366],[114.26027500721239,22.540131427229646],[114.2612570518758,22.540702727674184],[114.2623942000049,22.54069242417086],[114.26327005705153,22.53960338866967],[114.26344516200008,22.538073508569884],[114.2626991589742,22.53739813226418],[114.26276268248573,22.536491595039603],[114.26191076980739,22.53540625277211],[114.26171230386943,22.534348410336392],[114.26121680557837,22.53419577595603],[114.26241344849811,22.533895132080577],[114.26286944978385,22.535190053098074],[114.26346706762736,22.535376938607396],[114.26365814118033,22.536205229639275],[114.26434590220472,22.536771755192987],[114.26717951159857,22.537069157056674],[114.26777460551543,22.53534935294961],[114.26718832995847,22.533315347444507],[114.26403377588665,22.53267774534746],[114.26279671570332,22.529553092458972],[114.26238776326322,22.52777700086242],[114.26257666090514,22.527516502595013],[114.26173033313252,22.52675422028174],[114.2618301953295,22.525821080629502],[114.2630684260417,22.524812952486148],[114.26381025501495,22.525743179184268],[114.26444415449835,22.525425608964987],[114.26642138737888,22.5265030718539],[114.26656926061845,22.527035532190446],[114.26793164239028,22.527297722754177],[114.26906735353323,22.52603696438026],[114.2710123663594,22.525739180531296],[114.27175239887369,22.52503875873738],[114.2724875862473,22.52575622452279],[114.27348518350435,22.525344552584688],[114.27427777617646,22.526646610193357],[114.2755999565413,22.52691568903499],[114.27532770321132,22.52799777795953],[114.27458479972293,22.528147104753966],[114.27364165500414,22.528868301257884],[114.27364076767878,22.529389112772883],[114.27440136974846,22.529784269923606],[114.27519225085224,22.52885342815348],[114.27626160073999,22.528476888992227],[114.27973960527311,22.52878522554449],[114.28039908209372,22.529159282476844],[114.28153694729606,22.528770415010133],[114.27967311362288,22.52700571950561],[114.27958616808291,22.5260797398762],[114.27799770070074,22.52447953680052],[114.27852064796356,22.523467407647953],[114.27748406371285,22.52350965928962],[114.2774412001228,22.522892630736905],[114.27818821065621,22.522416218166914],[114.27879675207843,22.522839971663053],[114.27950773471649,22.522738897726388],[114.27941850623392,22.52188723859219],[114.28021980916591,22.52173882204846],[114.28068373278548,22.52316311024369],[114.28205072317758,22.523705222013234],[114.28259932854594,22.524734353418843],[114.2829849678981,22.52475959401504],[114.28294919705485,22.52421156703773],[114.28341564982104,22.523963485988524],[114.28476104720109,22.524328731081567],[114.28464451971568,22.525186585368097],[114.28397254283149,22.52587957644009],[114.28408249041124,22.526317496857875],[114.28464342653605,22.526160562334642],[114.28485946956678,22.525413571869656],[114.28564015540786,22.525701680866376],[114.28611195103737,22.525277808919117],[114.28582200859097,22.523916555963364],[114.28512400892272,22.523605093362487],[114.2830796277356,22.521228576961718],[114.28144561792512,22.52032705259123],[114.28106002145115,22.52055299363412],[114.28176560163546,22.519563702479964],[114.2819944361222,22.51832415721574],[114.2815535202199,22.51808505553304],[114.28056261716964,22.518523403560387],[114.2796199215909,22.51813692222238],[114.27920678134296,22.516280141304218],[114.27966675398366,22.515292948214814],[114.27909939813715,22.51501261409903],[114.27908197929118,22.51441335504237],[114.27836815810822,22.513316597573713],[114.27720406898028,22.513959450514673],[114.27674318777478,22.515266534687022],[114.27612181900827,22.515549324147447],[114.27646532389126,22.516324127311417],[114.2747725169185,22.51618617378586],[114.27407654444741,22.51732425901943],[114.27255414048136,22.51730996697952],[114.27214407149094,22.51629562223053],[114.2726405799067,22.5157992063922],[114.27354985083808,22.515925732120444],[114.27375686657558,22.51537713433341],[114.27252967108454,22.515172938027767],[114.27233473227263,22.513827435022495],[114.27201928590559,22.513666173745683],[114.2723737667612,22.513206348442132],[114.27162365551014,22.512901851673],[114.27213127310051,22.51266496552355],[114.2733176902496,22.513470487988368],[114.27512152798751,22.5135327550886],[114.27529785557779,22.51316986061034],[114.27418068942382,22.5125540629605],[114.27426471031214,22.51187586869877],[114.2750748189821,22.511411920367063],[114.27432098414022,22.51085586708024],[114.27328381586058,22.511006863596847],[114.27377875166671,22.510176854757507],[114.27450558446849,22.509757001216457],[114.27470378721205,22.508802300331336],[114.27415103822644,22.50864936265482],[114.27315255351895,22.509332405719636],[114.27217316087692,22.50917003218591],[114.27239042191675,22.50856528523516],[114.27168676838967,22.508077356849782],[114.27208787759288,22.508058280939057],[114.27200539112145,22.507753799014136],[114.27273342914226,22.50774459643054],[114.27264991052589,22.508580607128096],[114.2730219184808,22.508787509547293],[114.27399625087014,22.50796686704393],[114.27449246668573,22.50832774191883],[114.27544520850832,22.50791964103252],[114.27581648124809,22.50846446509511],[114.27532125315938,22.509809975126146],[114.27583823598975,22.510143797993287],[114.27711972719135,22.509862461739743],[114.27763244701664,22.509063405576033],[114.2780557156988,22.50898146267581],[114.27782455933911,22.510130352252226],[114.2780993679812,22.510557735870886],[114.2790327868783,22.510605829725396],[114.27954573898597,22.509819856127343],[114.27968051506319,22.510413116458984],[114.28020784998763,22.510650115617032],[114.28204910193035,22.51080266887875],[114.28335761759608,22.51035479870583],[114.2839712660939,22.51139202669237],[114.2843667136246,22.51080765368814],[114.28537090493435,22.51102612062104],[114.28591055657611,22.510447619652794],[114.28487807311748,22.510122209853215],[114.28405139578501,22.508952944190472],[114.28314499778897,22.50964096624821],[114.28202969939218,22.5097678769873],[114.282410584032,22.509066268082677],[114.28306306061273,22.509344284174396],[114.28333653687068,22.508530843425728],[114.2845052779142,22.50814530288254],[114.2852123246815,22.508771979059834],[114.28627693381647,22.508392169215952],[114.28777456469119,22.50923876341979],[114.28794453407245,22.50810726390293],[114.28661356848924,22.506757599077233],[114.28601962548251,22.505648354762904],[114.28822132325011,22.506691667944747],[114.2884164410986,22.506138869841273],[114.28922079888773,22.50597924772308],[114.28929105007236,22.505557974955437],[114.29109946356112,22.505117343045864],[114.2912167482245,22.50469257262181],[114.2908872207108,22.504260002422768],[114.29141166866198,22.504446998711245],[114.29152615231362,22.505499767270678],[114.2899480593764,22.506019840781825],[114.28984845770655,22.506915385074628],[114.29023751137093,22.507474379552594],[114.28966819261422,22.508195787369626],[114.29056461684326,22.50880649831218],[114.29172335056512,22.50899560280467],[114.29172081126384,22.50768647266784],[114.292281060381,22.507786010567628],[114.29254328734477,22.50745694552151],[114.29235703878001,22.506754960843896],[114.29283211818962,22.507112311465047],[114.29272091669034,22.508325541919426],[114.2931895674783,22.508522968813367],[114.29382789447303,22.50805792383602],[114.29361357456125,22.506906986156427],[114.29395070784729,22.506192973952267],[114.29272602487251,22.505125838521213],[114.29329605152547,22.504497136827442],[114.29304013151582,22.504099598651337],[114.29351912258339,22.504237752063567],[114.29399500705448,22.5038658477195],[114.29417420465943,22.50424861258891],[114.2937491557458,22.504894535663556],[114.29458014951942,22.50537261774727],[114.29615844480604,22.50476148681086],[114.29693303806359,22.50482428538243],[114.29765903738253,22.50329335700868],[114.29730731210815,22.502250294899905],[114.29630868947106,22.50215082053035],[114.29704428004936,22.50177591479412],[114.29687869904052,22.50114618826981],[114.29777482512628,22.500953129807872],[114.29824821071595,22.500363724318753],[114.29842270518736,22.50053547512868],[114.2979880443776,22.501148696732695],[114.29856463362654,22.501379046959805],[114.29823529945762,22.502482536442002],[114.29906448798256,22.502393209422994],[114.29954321031275,22.502685881070335],[114.30048094085706,22.502365584015667],[114.30012296183311,22.501508265313387],[114.30027481664487,22.501148484025407],[114.30160908261102,22.501297393784995],[114.30311665254388,22.49986225683627],[114.30376634872667,22.49863013397175],[114.30353226199945,22.498169545791157],[114.30451750120417,22.49775892042115],[114.30474627763951,22.49796811570625],[114.30431791433232,22.4993743775649],[114.3069639109831,22.501384141160578],[114.30851521123402,22.501643117010126],[114.30926260209408,22.50077050003688],[114.30892590059393,22.501250678238893],[114.309367045878,22.50218316698549],[114.31051069627085,22.502711381131213],[114.31183381285277,22.50259959591656],[114.31217629897783,22.502990595644533],[114.31311868539747,22.50283393227201],[114.31358146791771,22.503713755237314],[114.31454349013102,22.50415445169867],[114.31586822726217,22.50419203188422],[114.31639508761192,22.503792047540518],[114.31724209892691,22.50437710293129],[114.31769365806271,22.50391369835883],[114.32009315677004,22.503734100895496],[114.32019310237351,22.50465844937658],[114.32160032824783,22.504802684367114],[114.32246591388757,22.50547646657452],[114.32423953055564,22.505986981244938],[114.32679761651943,22.506073504519794],[114.32821508195462,22.507998418101774],[114.33027726611498,22.509521098000516],[114.33145620601734,22.509772230165808],[114.33367941872503,22.511425154016262],[114.33446121817248,22.510393356199867],[114.33585561636794,22.509974051827133],[114.3348446627656,22.508947338653563],[114.33287514916098,22.50787197830233],[114.32991607430876,22.504917671099697],[114.32657627433295,22.50288804947237],[114.32401259580863,22.503086528081624],[114.32207407459636,22.50208159440148],[114.32098315921834,22.500981624873717],[114.31813643837882,22.500017137678384],[114.316138642252,22.498724200973886],[114.31622340853482,22.497826203578217],[114.31535786386486,22.496310424309986],[114.31388139884181,22.495487826239632],[114.31166410378734,22.495127892236745],[114.31010710490355,22.493633184941224],[114.30879388593986,22.493353236966453],[114.30539343433958,22.49110012739525],[114.30388729742319,22.490870736642908],[114.30223365920617,22.489961631804558],[114.30109906514923,22.489864734970467],[114.29995053136666,22.490580220117433],[114.29819136484481,22.49060636388617],[114.29600331045202,22.492017959975996],[114.29361464160296,22.491899494106555],[114.29198720301233,22.493307684844037],[114.29022177986616,22.493893500552755],[114.28703215555845,22.496136447894465],[114.28486782648757,22.49675929069928],[114.28261711090605,22.496873098349614],[114.28041214493847,22.498157197907474],[114.27436974921494,22.495891155519942],[114.26944506264235,22.4959384326544],[114.26756829212047,22.495193337771656],[114.26605998226349,22.495717723344328],[114.26605025259438,22.494367553505896],[114.26382941518368,22.492896864448657],[114.26104194712316,22.49280117564043],[114.2601688945308,22.49337445047593],[114.25584555463655,22.49263090634336],[114.2542073099606,22.49274399515797],[114.25345038887285,22.493190589838708],[114.25165521638112,22.493069399146066],[114.250453397014,22.494136470008907],[114.24871342147094,22.494748314204433],[114.24746384524846,22.496820751444236],[114.24742072106729,22.497759191465143],[114.24486828845762,22.500747201099713],[114.24211749532131,22.502182665494875],[114.24240400135828,22.504482830490048],[114.24174251640824,22.504541126329276],[114.24131973254185,22.503820019424325],[114.23856699752875,22.50293962407614],[114.23839790620255,22.500663759259687],[114.23771721749533,22.500089841084243],[114.23658798919404,22.49998291784581],[114.23535977877137,22.49905332631565],[114.23557669903217,22.498256951868747],[114.23461754400009,22.49772948210937],[114.23365368314958,22.49767658204138],[114.23248412914646,22.498214788537755],[114.23145503929497,22.49653362115424],[114.2305178594932,22.49402309071055],[114.22912215939061,22.49234136408394],[114.22690990785624,22.49083389094421],[114.22478660133118,22.49018284255323],[114.224680753469,22.488986230634524],[114.22413374307057,22.48842244803099],[114.22419094255811,22.48745968795278],[114.22367823050881,22.48688928701756],[114.22170580128926,22.4877966210385],[114.22048966637902,22.489086313935914],[114.21941383717346,22.48900532231565],[114.21764099566,22.489872623357385],[114.21615331299826,22.490068086545694],[114.2150414790469,22.48980187156183],[114.2132763598532,22.49026411691272],[114.21151875682864,22.490288708435138],[114.20933926787417,22.49015224473858],[114.20743665835094,22.489434313798544],[114.20244925404309,22.492376666132454],[114.20060290293628,22.492825893760887],[114.19755288903355,22.492872452628745],[114.19711364938844,22.493174179020087],[114.19573555395861,22.49299161719792],[114.193810227066,22.49486383850043],[114.19161822817992,22.494258329643184],[114.1913993093373,22.494798124142985],[114.19084267567214,22.495009595741298],[114.18336360040709,22.49551967847104],[114.17926902011595,22.494349651300485],[114.17492928851816,22.49062766568428],[114.17370644060098,22.488042524083497],[114.17248555523979,22.487032485213025],[114.17183014773109,22.483890610814733],[114.17064016687505,22.484569551786745],[114.16957954522404,22.484604762609102],[114.1695260822443,22.485051183063504],[114.16991672388662,22.485272736961242],[114.16891655251769,22.486799698453478],[114.16859645026102,22.48635186186706],[114.16640379168466,22.485989367677867],[114.1656029279732,22.485531853410468],[114.16408838793053,22.485911011578022],[114.1641224733923,22.486925419071362],[114.16370144289364,22.487507310156364],[114.16433473610397,22.488961516909445],[114.1640344482105,22.489658633280623],[114.1595493691602,22.488201062441558],[114.15160797549595,22.488121599738776],[114.15202496214697,22.487327433138184],[114.15165645204135,22.486958383743],[114.15233927633187,22.48635519922763],[114.15195245682125,22.485708792820898],[114.1514141094591,22.485496378345758],[114.15341396924156,22.48398690822977],[114.15312192426148,22.482340877357892],[114.15341630645857,22.480791539116165],[114.15301432807945,22.480081396974114],[114.15152148404836,22.480020717286937],[114.15107092101378,22.480299868983348],[114.14982119972322,22.47961665680198],[114.14907321436058,22.479614941468604],[114.1485225994111,22.47795107668697],[114.14860037071195,22.47731203116604],[114.14805597929181,22.47634661691499],[114.14582628395729,22.474589003235977],[114.14400826152117,22.474616676373063],[114.14402406597105,22.47394701081589],[114.1436364152572,22.473456200945986],[114.14219997273244,22.473285849284963],[114.14113534009266,22.47220613795772],[114.1387595862234,22.471486688870456],[114.13871091639639,22.471004310616518],[114.13630007886292,22.46916802852792],[114.1358071882679,22.468378327060382],[114.13488628797204,22.46790073539588],[114.13280361289294,22.467770830225618],[114.13115944517418,22.468547426536713],[114.13003366868793,22.46820506679662],[114.12935764784092,22.467360690354056],[114.12817744950466,22.466921720374195],[114.12794303028319,22.46642518682118],[114.12599057212036,22.465613428974525],[114.12369577859916,22.466140886886937],[114.1231474140145,22.46570954028434],[114.12232842834719,22.465622941872176],[114.12085647249603,22.466343598006024],[114.1202309337167,22.467670200124633],[114.11878513960266,22.467917290974512],[114.116977121845,22.469167751034565],[114.11607059853151,22.46934139196941],[114.11600352630673,22.470203501006292],[114.11487142734434,22.4712894311076],[114.11437972315014,22.470858365165732],[114.11339842189075,22.471226552663033],[114.10966250460835,22.470120927356362],[114.10889586441867,22.46907696379223],[114.1042693471038,22.4698844166839],[114.10262819182948,22.46924699885067],[114.10075939840665,22.46779550741359],[114.09950254507477,22.467296011808614],[114.09836634654232,22.46728407762247],[114.09629923862938,22.46665176949446],[114.09425146218831,22.466718899256353],[114.09245614578984,22.46592194466804],[114.09102623076241,22.465812191929174],[114.09015552043725,22.466134166310727],[114.08915365826181,22.46584525143192],[114.08885278047576,22.4661510457654],[114.09000657336166,22.46827156812886],[114.08945121272468,22.471433385699434],[114.08966779042105,22.473121531428966],[114.08931033892316,22.4774716418269],[114.08953940261219,22.479297680001302],[114.08916827430839,22.48159574383273],[114.0911614559684,22.484418801276494],[114.09218558748663,22.48496098102859],[114.09200103389915,22.487134322427746],[114.09238871266665,22.48876817187104],[114.09236822351637,22.49108721075757],[114.09306413907142,22.49197441488238],[114.09239460045472,22.49244716623123],[114.09263940453867,22.492860667846237],[114.0919759687369,22.49392831718609],[114.09130438499561,22.494102147530302],[114.09048986552118,22.49583452043325],[114.08962873778759,22.496525497259956],[114.09022431541727,22.4971584013662],[114.09029559242478,22.498805859744525],[114.09097353719619,22.4994574389518],[114.09159579994795,22.50126578913724],[114.09113753015923,22.50340844593793],[114.09125184683552,22.50472765821312],[114.089224384357,22.504504051162144],[114.09032114223784,22.507027866634814],[114.08959773004665,22.508358264789212],[114.0913799566295,22.50863779796995],[114.09230272496231,22.50912290477325],[114.09314136625817,22.510370345482706],[114.09172754940582,22.51199501825559],[114.09134656298171,22.514458091044247],[114.09045229913134,22.514948990560942],[114.09122960174346,22.516600127897735],[114.09106196935491,22.51795204724053],[114.09164843631056,22.5191221790707],[114.09156298529592,22.520703255347247],[114.08961464272076,22.520896111361644],[114.08919587324837,22.522355717559787],[114.08938903733417,22.52301918190433],[114.08875388607939,22.52247475249362],[114.08865065129463,22.521560854678526],[114.08803253928446,22.52059173684716],[114.08602357553184,22.519076443119953],[114.08536252483813,22.5191047987596],[114.08404409204505,22.520498720426573],[114.08521884422801,22.522535524220757],[114.085039661922,22.523764102121135],[114.08367723893298,22.524964374876795],[114.07961588646597,22.52722375510122],[114.0783310578023,22.528839950195458],[114.07824233975795,22.52939603080117]]]}},{"type":"Feature","properties":{"地區號碼":"P","District":"Tai Po","地區":"大埔","Administrative District Boundary of Hong Kong":"Administrative District Boundary of Hong Kong"},"geometry":{"type":"MultiPolygon","coordinates":[[[[114.24702270367203,22.427625423241476],[114.2474419054812,22.42902854755611],[114.24864992017542,22.429358048332887],[114.24792034777946,22.429924004000164],[114.24934722482539,22.431428158732363],[114.24903747902412,22.43194411879056],[114.24961251120594,22.432481008872475],[114.24955645620588,22.433246331518696],[114.25098881945621,22.43329072846165],[114.25309245476026,22.434573985111403],[114.2543780949997,22.434755373121757],[114.25428548844599,22.433663909348326],[114.25563157318342,22.432801863378277],[114.25644851289819,22.431090605488176],[114.25743087911539,22.432361960698582],[114.25792908462941,22.43257671376429],[114.25862660554331,22.43232730084363],[114.25933023301255,22.432761866600142],[114.26118338658978,22.43250451397434],[114.26135972555451,22.432953094148196],[114.26284040072407,22.433228602180762],[114.26334584305485,22.433784189768776],[114.26388619981478,22.43361657510676],[114.26443261056939,22.43403514638178],[114.26526899211721,22.433558043490034],[114.26614032391997,22.433904087854675],[114.26727814175352,22.433481485300117],[114.2676398688078,22.433717735602784],[114.2679091853955,22.434692706432777],[114.26877170327693,22.433506457328647],[114.26905579004136,22.432092195979397],[114.27084214803601,22.43014020822164],[114.2705064080117,22.42893301401782],[114.27118932991392,22.42837857954751],[114.2709368962286,22.428097337297412],[114.2710737129133,22.427024947251763],[114.2707494253941,22.425870081779763],[114.27111703799089,22.425415226457098],[114.27046506441607,22.424468488134448],[114.2708643592121,22.423839275484347],[114.2705287179511,22.422361661194678],[114.2690752848011,22.421345657674276],[114.26837060208037,22.421231250573122],[114.26775202543708,22.4215570026508],[114.26741636330345,22.421043819090702],[114.26840312541435,22.41880752275082],[114.26973726768388,22.41840503975166],[114.2701945645032,22.416597999321898],[114.27225248224987,22.415046031774217],[114.27325994047385,22.41359406222082],[114.27428243225037,22.413092102619665],[114.27436249289357,22.41172271766614],[114.2761713721325,22.409265697206926],[114.27564079306424,22.41199531737587],[114.27586527382157,22.413229742286898],[114.2748769272259,22.41513148741963],[114.27562961043172,22.416603324818283],[114.27587270488091,22.41905774095964],[114.27833409447538,22.419782559615264],[114.28075167843387,22.42159351295925],[114.28259719521,22.422337714710682],[114.28325455069468,22.42323650164511],[114.28429656812648,22.423610705971853],[114.2853923712611,22.42511193464426],[114.28745989676904,22.425376602444242],[114.28726570730309,22.426288431807492],[114.28784595873599,22.42648522479821],[114.28761457000569,22.427094177543722],[114.28804444639702,22.427155001158475],[114.28828307361786,22.426731736861687],[114.28851497355232,22.427296761643756],[114.28830616681228,22.427830082346844],[114.2893246711387,22.42863853672628],[114.28846903328724,22.42923381757253],[114.28786288251891,22.429059731781646],[114.28656573133995,22.42949214176607],[114.28570965229976,22.42939646563091],[114.28534548675813,22.43059812401398],[114.28395240092814,22.431771193669665],[114.2833215562125,22.432951596475853],[114.28346127654153,22.435256159599557],[114.28228783414127,22.436087158332565],[114.28195766167052,22.43784770985978],[114.2811089393624,22.439466317263577],[114.28136493405897,22.440911148140202],[114.28182096380829,22.44067224585473],[114.28387854954002,22.441997433472558],[114.28369046181272,22.443519678431947],[114.28214930995765,22.443807012860916],[114.28182481246236,22.443382726571297],[114.2810526253308,22.443295148248293],[114.28022016381593,22.443922901506635],[114.2794300357802,22.443857620779617],[114.27867763739475,22.444210180229177],[114.27861478859516,22.44305633468314],[114.2781526884083,22.442829816963933],[114.27714569115072,22.44401497763862],[114.27733097746997,22.444997861053515],[114.27813839458035,22.445234858820193],[114.28016176073727,22.44729132080641],[114.2809578581327,22.449149509924982],[114.28252876852073,22.451077734874982],[114.28470454463208,22.45229728133832],[114.28540369166612,22.45238241332924],[114.28608146406144,22.45391484992058],[114.28690280088303,22.453933719726013],[114.28731138288629,22.453422352405436],[114.28895051375108,22.45261503839376],[114.28928271705163,22.451097768182752],[114.29004890010374,22.44957886039494],[114.29198066929196,22.450622858231075],[114.29198011098465,22.451258956314838],[114.29123149825075,22.45277968481599],[114.29188674612263,22.453888907917456],[114.29143611054981,22.455031976587296],[114.29169966520517,22.456127821701752],[114.2923062303863,22.456727849423963],[114.29163850075057,22.458070463044155],[114.29201889551516,22.45849076283669],[114.2933131460438,22.45822887313449],[114.29473440198016,22.4560077572781],[114.2949413888019,22.45623516545976],[114.29650327202717,22.455927560174292],[114.29992266716607,22.45695116772632],[114.29974908153712,22.456508767258917],[114.30004677960795,22.455659460617277],[114.29961115935947,22.45493531256537],[114.29996723674488,22.454253550473148],[114.30141610903908,22.454516488150983],[114.30242086552163,22.455327469118078],[114.30315897805336,22.455501881515634],[114.30359073751836,22.45726844152823],[114.30334338125665,22.457614298509633],[114.30389055013421,22.458799281378987],[114.30370769817382,22.459510607258604],[114.30262466864916,22.460731738999677],[114.3026176017792,22.461485389981036],[114.30294146371143,22.46170680285703],[114.30195918816659,22.463071453964623],[114.30229897358784,22.463294056527648],[114.30365817609903,22.462655248638928],[114.30472651666423,22.463538534872296],[114.30439432314482,22.46467024998876],[114.30518591473124,22.465415778304383],[114.30501262982959,22.466178429944843],[114.30546553867548,22.467769508668876],[114.30762593515524,22.46926129811741],[114.30844332427053,22.471077995182934],[114.30990124950385,22.471708110388604],[114.3120706446074,22.471696922564174],[114.31207781013387,22.472207559891913],[114.31262822276784,22.472093636982105],[114.31311312587167,22.47315040188712],[114.31392031705035,22.473599387638593],[114.31413834756869,22.47507336577582],[114.316295589169,22.477077149429388],[114.31782691335458,22.47749520229315],[114.32018005741818,22.476824949964293],[114.32072478674742,22.479540184200374],[114.32156627495316,22.480582248626405],[114.32218813900015,22.480211094659435],[114.3237499121273,22.476649475107223],[114.32294474522138,22.474923778925003],[114.32309905534949,22.473673436543535],[114.32513541042594,22.471283310362207],[114.32618832728488,22.471720263388974],[114.32825154886277,22.471276752677223],[114.32844318946522,22.47246626262978],[114.32984057872412,22.474061810843594],[114.33052177475288,22.473962170796906],[114.33135440840329,22.473057917354325],[114.33102120861153,22.47128394011944],[114.33154898660426,22.470182517173534],[114.33101570151311,22.4700797002341],[114.33069639802483,22.470668656788266],[114.3296686249902,22.470877541023608],[114.32897475748408,22.47014399027482],[114.32912980438788,22.4685592617587],[114.32850134704154,22.46796585941408],[114.32868007828553,22.46639506536546],[114.32796460735827,22.465604695213234],[114.3270003459047,22.46299144718875],[114.32752245082351,22.461787649588413],[114.3271255304602,22.461609834238992],[114.32709835644134,22.460830044075777],[114.32748028278807,22.46086660602263],[114.32778490917715,22.46185209471814],[114.32875305126342,22.46137477295541],[114.32900103060594,22.461668238990658],[114.32965930328614,22.46148100591654],[114.33035468093829,22.46222697786023],[114.33031070665669,22.463107489757483],[114.33149352133259,22.464003626192945],[114.3324134129939,22.463896051617468],[114.33289711229429,22.463329367794817],[114.33357401079371,22.463498931851323],[114.33358394929404,22.463047512638756],[114.33300103606484,22.463061188438296],[114.3332105795797,22.462197956084882],[114.33475498777426,22.462734198300968],[114.33491276092883,22.46334295319874],[114.33575854810302,22.46303664087355],[114.3359848108816,22.46250228428638],[114.3370807415402,22.46306008147009],[114.33611643375694,22.466349944130908],[114.33674826361468,22.46684208991591],[114.33795471856435,22.466899244686378],[114.33833390392567,22.467419898811446],[114.33849086546726,22.46889738934158],[114.3392674494356,22.470178039032874],[114.3395892273871,22.471579711383146],[114.33844134467478,22.47396484408667],[114.33782658091037,22.473950992461152],[114.33752626818804,22.47442482814625],[114.33816994038416,22.475120800017713],[114.33861593095337,22.47499012567728],[114.33926764079892,22.47536563871708],[114.34002319214308,22.47749674430031],[114.34137347943509,22.478956637976196],[114.34191493696956,22.478862894397132],[114.34256456195158,22.478147435769337],[114.34312696569005,22.475391176674766],[114.3445506561268,22.47202583244188],[114.34387821607538,22.47070665429819],[114.34448656974557,22.46866967513749],[114.34547197674176,22.468026767926176],[114.34621033287097,22.4651979870414],[114.34699241413163,22.464583019154777],[114.34724385178922,22.463748272853113],[114.34727288191675,22.462867211990748],[114.34680031166657,22.462378709104293],[114.34662951436968,22.46153801219134],[114.34571003508344,22.461501880610584],[114.34438115920317,22.460516401101195],[114.34367333234839,22.460575228416936],[114.34306998268472,22.46115422518158],[114.34168423960641,22.46134090809093],[114.34140407017748,22.462192169407846],[114.33905501360448,22.463170007808255],[114.33832823974481,22.4630654173132],[114.33787522071756,22.462620590673854],[114.33884252284724,22.459677057011092],[114.33828307084478,22.45668508745904],[114.33784317368027,22.45561752602748],[114.3372819957758,22.455343259294807],[114.33713031833295,22.454872391484507],[114.33713300807432,22.453775709564546],[114.33825992365644,22.452400828295644],[114.33887554593498,22.45048403978232],[114.33808035167236,22.448659574819324],[114.33964306551249,22.44756712079947],[114.34131450506813,22.44712581930692],[114.34164495711576,22.444461081886853],[114.34056707721027,22.441852471977754],[114.33962900573916,22.44150106386815],[114.33899635685201,22.440412190166615],[114.33728468451265,22.440280774782718],[114.336802923214,22.441006549984145],[114.33561124876069,22.441027340927306],[114.33515622979228,22.4407455488971],[114.33473627490216,22.44127469631169],[114.33289545526381,22.439519667332974],[114.3333547049507,22.438841786786742],[114.33368604524256,22.439316112606775],[114.33407418078474,22.43918675404652],[114.33455630921596,22.43754405360778],[114.33559095134535,22.43702832766227],[114.33682672912056,22.43560809686698],[114.33738604145631,22.435757362269722],[114.33747736160493,22.435416564413984],[114.33704585160844,22.435309980323243],[114.33767435412497,22.433692194626264],[114.33760469982694,22.433154606606],[114.33710092428957,22.43291710405657],[114.33677638160917,22.43106879881793],[114.33568991562665,22.42941692006773],[114.33434464460464,22.428873152733775],[114.33332854516927,22.429287364809227],[114.33307768660512,22.428869120479455],[114.33327270567324,22.42839627956569],[114.33533761392025,22.42778708418934],[114.3377774171914,22.428618404875447],[114.33881078998277,22.42799351232156],[114.33910838269748,22.428146991106352],[114.33986953208132,22.427798787012414],[114.34018891463336,22.428175490398214],[114.34141052266641,22.42849821090731],[114.34066781217287,22.42860615199081],[114.34048380204796,22.42892294617193],[114.33967564535708,22.42863341590715],[114.33849184277913,22.429314248410325],[114.33791572791029,22.430866359115427],[114.3379707954767,22.431628617023563],[114.33915940290385,22.431743853333618],[114.33973358978481,22.43116685347604],[114.34046860368335,22.431300641502187],[114.34115504505415,22.43097621619074],[114.34184880562329,22.431427058279258],[114.34186589315101,22.432448711494537],[114.3422993687753,22.43306640954135],[114.3417525654897,22.434091654711324],[114.34208744530932,22.4345390292084],[114.34202148142231,22.43564180930889],[114.3437739061089,22.438043057518612],[114.34541593013118,22.439039289900183],[114.34647621756872,22.439283924449484],[114.34765735526712,22.437570058090724],[114.3470177531776,22.436554559196566],[114.34712706553182,22.435374301312006],[114.34752669778321,22.43508821210077],[114.34836294362411,22.4331935252399],[114.3490199793541,22.432584948445268],[114.34916705605623,22.431360121691863],[114.34975097938963,22.430076845143514],[114.34942966320055,22.429706099176357],[114.34956699469056,22.42830218965505],[114.3510315952302,22.4265436586964],[114.34736625798082,22.425143205489213],[114.34689459512454,22.42327404341886],[114.3473848269921,22.42288651277424],[114.34811527867734,22.423304440989675],[114.3486646516405,22.42293581024857],[114.34916276197045,22.421963847949726],[114.3498996587711,22.421688015892403],[114.35052871482877,22.421747124908546],[114.35061691182533,22.422343859200446],[114.35115895900492,22.422682772727278],[114.35215535978557,22.422248902947867],[114.3527788611672,22.42269064476646],[114.35302723363239,22.42229455577034],[114.35332787151764,22.422578895579477],[114.35475979597149,22.422083468501224],[114.35579920668168,22.422475680554456],[114.35555148698491,22.422991324246063],[114.3543754915884,22.423367577188625],[114.35374563043013,22.424354496618513],[114.35385729228055,22.42489634077374],[114.35612427992237,22.424821013433736],[114.3559212229228,22.425658236161212],[114.35467892472039,22.42658774050799],[114.35546593347514,22.427136198501593],[114.3553882859195,22.42753512663376],[114.35378987229898,22.42774291093832],[114.35350583864117,22.42832209655723],[114.35450094096306,22.429384948112713],[114.35384173162909,22.43177747139587],[114.35410539257283,22.433426373317808],[114.35515127324388,22.434076841728622],[114.35415564665885,22.435138585334123],[114.35439089609518,22.437248896342094],[114.35591652849152,22.439535241338643],[114.35485764620208,22.4408732911376],[114.35523261517106,22.441987176006993],[114.35495264303785,22.44266060114855],[114.35665535509027,22.44592631203401],[114.35521475803799,22.44567488867277],[114.35500441444263,22.445083688176542],[114.35372332789555,22.44513829797732],[114.35404070128787,22.447614536837136],[114.35236059311227,22.44883502918495],[114.35241709299525,22.449494967664947],[114.35323850170367,22.450314302438876],[114.35444130996123,22.45077155087661],[114.3549510659619,22.450579568049214],[114.35519214202522,22.44932103662977],[114.35602300279646,22.449998573393056],[114.35694944574583,22.449872002733265],[114.35726054614508,22.451163675656712],[114.35845860124326,22.452594448387288],[114.36084447254954,22.45159276122961],[114.36213067384746,22.45215988994911],[114.36046254466558,22.456398097607593],[114.36090768641385,22.45831197683022],[114.360374741651,22.45855366402456],[114.36097554895608,22.458605612432855],[114.36155190420439,22.4597912587733],[114.36070122991757,22.460251382833473],[114.3610371741672,22.460946474170544],[114.36700607742722,22.458639344687445],[114.36792772255492,22.45664016438033],[114.36975809476073,22.455384916277666],[114.3702854722152,22.453494809285218],[114.36971681685982,22.449575405964456],[114.36844588131949,22.44839862315321],[114.36826675221184,22.447871230107157],[114.3672089195993,22.447755560244072],[114.3666584545216,22.447006414021327],[114.36673917125486,22.445183289625366],[114.36767739455567,22.44298091272446],[114.36391927838692,22.441943268408686],[114.36488855878117,22.438848858700815],[114.3640327187096,22.435600388191673],[114.36458637524937,22.434097179561633],[114.36616307273803,22.433525905804427],[114.36678196448997,22.432489914561565],[114.36684539363225,22.431565469457414],[114.36629849482178,22.430356670305212],[114.36646984366094,22.429818166294158],[114.36605407048303,22.429135416524094],[114.36651697419946,22.428191533921474],[114.3665269415423,22.426593176176016],[114.36795723660587,22.4253835181],[114.36811924319247,22.423137583001314],[114.36707420243357,22.422283342046402],[114.36620106133884,22.42101318917425],[114.36646968194758,22.42071127397771],[114.36572746426216,22.418648332905583],[114.36615847477452,22.417870239395995],[114.3648096330382,22.41506223989302],[114.36221246164968,22.412834757176753],[114.36039747135,22.41023866924247],[114.35963149010051,22.408336896604304],[114.35846570647603,22.40788636956426],[114.358249667304,22.40740993931666],[114.35628533698674,22.407411575012258],[114.35571818327145,22.406778662136333],[114.35556611010472,22.40571302461563],[114.3523095484022,22.405700545161253],[114.3508805149264,22.406077317034768],[114.35068223028343,22.40637922396683],[114.35144075418197,22.406873590382343],[114.3519413260759,22.40829751911823],[114.34883453650589,22.410005754416446],[114.34467803902653,22.410963480949544],[114.34353910239595,22.412554087290683],[114.34334500200922,22.413530565573488],[114.34274396386989,22.414369584757075],[114.34178264445369,22.41482337615968],[114.341628640322,22.415302640271783],[114.33845561239298,22.418366059432806],[114.33762434747861,22.418684309038756],[114.33645476776456,22.416994133772928],[114.33493516831972,22.416030799277483],[114.33437590670343,22.415113693120826],[114.33291918224005,22.414585465814763],[114.33150393284562,22.41459663053907],[114.32469578085451,22.41736236120213],[114.32214226969528,22.420660464226177],[114.32223009404085,22.421450777716252],[114.32274602035642,22.422233336479405],[114.3224778954295,22.422896147435363],[114.32149728412897,22.42364927467627],[114.3198877649421,22.424215533318407],[114.31795309086925,22.425983541533043],[114.31163056968438,22.426631869553834],[114.30802470221867,22.427575923039367],[114.30675281928687,22.42610843370693],[114.30621759967458,22.423795720568442],[114.30661698101942,22.422320173637864],[114.30620749113871,22.42136946689765],[114.30688638245859,22.420578240598992],[114.30720134560956,22.419572016617657],[114.30573513102162,22.418442947007236],[114.30568287178292,22.41784097963879],[114.30625077512788,22.4170748942755],[114.30609668653895,22.416530201470465],[114.30366964449951,22.41488484953536],[114.30261143331425,22.41465308322516],[114.29958948593837,22.415567200203164],[114.29744039976963,22.41512355535788],[114.29407065189098,22.415968841564403],[114.29246463295368,22.41589468988183],[114.29107988532967,22.416519141527345],[114.29072204170646,22.41592406012878],[114.28832671049211,22.41498137653246],[114.28724025014328,22.413532776798718],[114.28681095570553,22.41219658485378],[114.28765259663504,22.409701081379556],[114.28738983572214,22.408906669460197],[114.28651381483326,22.407473857444536],[114.28507933284882,22.40637466772766],[114.28443433813021,22.405114051479863],[114.28320177656443,22.40393939277752],[114.28188794687647,22.40130930086448],[114.27675224702223,22.402709601893488],[114.27484332553513,22.40119048143133],[114.27233261556923,22.39783177252014],[114.2580965165083,22.398357653784952],[114.25247382640215,22.39356330422192],[114.25210263251155,22.395395816759898],[114.25275872982708,22.39712589878303],[114.25265453322169,22.399131924330387],[114.25425902331072,22.40132086404424],[114.25293962198894,22.403065893845934],[114.25346756672761,22.403879838511152],[114.25341429010376,22.404688788729462],[114.25229647288546,22.4052067630133],[114.25169634633542,22.405955186317755],[114.25157261121072,22.408109558798504],[114.25196954652797,22.4091025508419],[114.25169968756111,22.410353761480586],[114.25081289185599,22.411685345806468],[114.24839836679332,22.414157344182186],[114.2488995032621,22.41508035259506],[114.2482912393375,22.416777595222655],[114.24815050805296,22.41949236223414],[114.24932068847114,22.422420954808235],[114.24854420266017,22.42435070709856],[114.24876653798927,22.42538434314304],[114.24921599702411,22.425786620054566],[114.24784244595102,22.427766848205696],[114.24702270367203,22.427625423241476]]],[[[114.11186117037752,22.443456783132845],[114.1118768477184,22.443869823061846],[114.11518127790751,22.448570782777193],[114.11798031808604,22.450996059483046],[114.11843371371447,22.45285409291778],[114.12050326123187,22.455003894088552],[114.12171176215713,22.45570491570346],[114.12221542496977,22.457910608733137],[114.12376229179466,22.459220391477],[114.12383820158706,22.46005986876892],[114.12426472652965,22.46046327099659],[114.1239772651965,22.46143471164766],[114.12482771509583,22.462404215192482],[114.12480336098244,22.463683209220676],[114.12681038755207,22.463867611497772],[114.1273940495882,22.464719040729097],[114.12803381288175,22.467068608075852],[114.12923967749795,22.46752482827651],[114.12993278377779,22.468383561850043],[114.13112175347138,22.468746183910262],[114.13283950466834,22.46796876783014],[114.13399781481463,22.467900917763327],[114.13566659657468,22.468534149164352],[114.13616503296466,22.46931643580637],[114.13855176518837,22.471155463752105],[114.13865684848201,22.471661526134273],[114.1410535587226,22.47238953250008],[114.14210961895667,22.47347041175948],[114.14353724341069,22.473635152359705],[114.14389854780569,22.474813832021773],[114.1457363232995,22.474770414684265],[114.14804599589456,22.476600429497232],[114.14895494338033,22.47979571179118],[114.14976378310335,22.479810223471034],[114.1510618415406,22.48051059800637],[114.15155104030575,22.480220420948303],[114.15287364971638,22.480232843844934],[114.15321326201597,22.480817875704528],[114.1529208769408,22.482339514575333],[114.1532091681179,22.483945123393468],[114.1511554375351,22.48546313675755],[114.15181091222652,22.48585821669771],[114.15204495979494,22.48640680639704],[114.15143380555715,22.48691050857013],[114.15180311151809,22.487282093237866],[114.15133299069039,22.488052152271674],[114.15148552276074,22.488333439123465],[114.15952101396188,22.488400143746894],[114.16407857713362,22.489857133848478],[114.16453743562344,22.488960987245523],[114.16390289053557,22.487504617017276],[114.16432335996093,22.486992116243396],[114.16423077320862,22.486086700089064],[114.16557569912607,22.485731197744734],[114.16633785967599,22.486183357575335],[114.16851333043388,22.486536886205148],[114.16893877234627,22.487026940948095],[114.17015618040261,22.485309063729357],[114.16973412586158,22.484762280531086],[114.17069374812667,22.48476340577681],[114.17198809847534,22.484045121112654],[114.17174402357094,22.484671514113337],[114.17234953932835,22.4872252224466],[114.17354279863228,22.488165545594057],[114.17476155925571,22.490747738395328],[114.1769927142645,22.49244719904507],[114.1774796702508,22.49329487753634],[114.17819562126104,22.49352854012561],[114.17936133615504,22.49461858424147],[114.18333153938461,22.49571766539834],[114.18611528182201,22.495719999998958],[114.18891837932522,22.495210252336815],[114.19087821715955,22.495207458810555],[114.19155081659355,22.4949403926856],[114.19166360347764,22.494467136182376],[114.19386169530316,22.495065046824937],[114.19580439646916,22.49318695535546],[114.19713445417554,22.493377346149256],[114.19758903686846,22.49307201271574],[114.2006238653642,22.4930264433738],[114.20252144567746,22.492564288260954],[114.20747355484342,22.489638127845286],[114.20930672090503,22.490353828235737],[114.21151445052,22.49048936714043],[114.21329586454029,22.490465757731474],[114.2150492023958,22.490003548475332],[114.21614435206507,22.490268963784175],[114.21769090479786,22.49006720944699],[114.21945633986326,22.489203508324156],[114.22057090131479,22.48927530426445],[114.22181969812046,22.487962859295216],[114.22363828107942,22.487112702543136],[114.22399716083156,22.487525258950825],[114.22394357094,22.48849973434728],[114.22449308024214,22.48906632579426],[114.22462029023454,22.49031614639436],[114.22681672648315,22.491011681760025],[114.22898275930599,22.492485683289996],[114.2303442111941,22.494123583253344],[114.23127308514826,22.49661850340912],[114.23236930551634,22.498397336290616],[114.23364395795583,22.497883754180165],[114.23456120320776,22.49792425834387],[114.23543860805752,22.498408517663044],[114.23517816827298,22.499170318588032],[114.23650208555772,22.500165853889865],[114.23763799194043,22.500276475169958],[114.23822284938338,22.500769657570814],[114.23840926126488,22.503072966989954],[114.24123125879399,22.50400149043486],[114.24169010213613,22.504746315590104],[114.24260857048111,22.50457030372694],[114.24229502084756,22.502310051830747],[114.24500916894664,22.50089087027982],[114.24759910385474,22.497857151549884],[114.24764956686343,22.496898942312786],[114.24886083174553,22.494886582845556],[114.25055546304294,22.494311180786216],[114.25171014776292,22.493268465024354],[114.25348515754666,22.49338909503739],[114.25426002025718,22.492938656458197],[114.25582948572581,22.492831865263128],[114.26017913226056,22.493582316510523],[114.26108189707217,22.492998923927328],[114.26380098485066,22.493098346576552],[114.2658883678495,22.494494474901526],[114.26600094213326,22.495912871039383],[114.26755639031175,22.495396698926328],[114.2694213100983,22.49613777836988],[114.27433564608896,22.496089308160304],[114.28041215875466,22.498358602335685],[114.28267020337181,22.497066613137235],[114.28490029363165,22.496957409785598],[114.28710823666768,22.496322030725036],[114.2903206644951,22.494068663676227],[114.29209415351363,22.493477068477166],[114.29368859329297,22.492093062848866],[114.29604975406741,22.492215157669033],[114.29792738545164,22.490915300093793],[114.30000117894248,22.49077246976329],[114.30147679460708,22.49007035101855],[114.30383138808689,22.49106460181949],[114.30506992959626,22.49116838749176],[114.30870050465629,22.49353124191952],[114.31018975295197,22.493911313780945],[114.31156111183282,22.495301259391045],[114.31245047142905,22.495657181367264],[114.3138138454852,22.495679185198075],[114.31524621123046,22.496478647626766],[114.31602709315771,22.49787262627573],[114.31600193568829,22.498883213643047],[114.31828521553513,22.500313212229027],[114.3208853071248,22.501157566715612],[114.32196307904472,22.5022502778853],[114.32393107042056,22.503270942761816],[114.3247197389181,22.50342824582028],[114.32647537536026,22.503062128477488],[114.32980341731549,22.505083865706347],[114.33274243590282,22.508021982911917],[114.33473405189432,22.50911560432007],[114.33571711754203,22.510061560670756],[114.33620268755247,22.509122084715248],[114.3365722274484,22.509024488451296],[114.33666592294823,22.508146592664435],[114.3360720156333,22.5074167643554],[114.33488037531346,22.50674832288983],[114.33400641309335,22.505441052385294],[114.33093354499884,22.50341521986332],[114.32935004963309,22.5032222267563],[114.32706790056483,22.50057806745702],[114.32554338528135,22.500530765465516],[114.32443194173149,22.49918895740217],[114.32423742636932,22.498271402650353],[114.32328371941637,22.49704264521867],[114.32189860271448,22.496595380470513],[114.32145450938724,22.495087868864957],[114.31973398462334,22.494769727064757],[114.31973530196217,22.494067221688137],[114.31893532491584,22.492906436901595],[114.31885231228158,22.49195369420972],[114.3184701379496,22.49162449742507],[114.31800377929412,22.49201763373855],[114.3169131292163,22.491736160153092],[114.31479018403749,22.488850252383063],[114.31390402089275,22.488685383079822],[114.31282347871064,22.487544478203645],[114.31203722837074,22.487436883018997],[114.31162505729628,22.488763748221537],[114.31269471288992,22.489983641639753],[114.31270440911703,22.49025069340381],[114.3123309229109,22.490251536406436],[114.31194395520781,22.48989643926401],[114.31100565856003,22.489793223471978],[114.31049088127993,22.488392365723435],[114.3088725183669,22.48856461065752],[114.30908712336122,22.488065436404572],[114.30857016470556,22.487451904125244],[114.30767279641753,22.486919062141464],[114.30611630549585,22.486591714982172],[114.30616547367502,22.485815615749033],[114.30937449979804,22.48597526683435],[114.3093732737346,22.485603738073976],[114.30723881666856,22.483153153447233],[114.29988928281037,22.47952183557103],[114.29759112359075,22.479423685237414],[114.29600352076677,22.478706725875096],[114.29460533559195,22.479416603383847],[114.29441425822554,22.47769915208541],[114.29212044916308,22.47550983001985],[114.29094640969811,22.475180801011422],[114.2895924918624,22.4755634406006],[114.28956380047768,22.475181241811203],[114.29017160271636,22.474712542510655],[114.28981725453538,22.474259875201266],[114.28909992597812,22.47418544937296],[114.28866790475944,22.474765292470654],[114.28715947239394,22.473879687877307],[114.28516214620355,22.473600938892503],[114.27973907215808,22.470402620490542],[114.27814124228358,22.470551460373827],[114.2767216259298,22.47140055565353],[114.27411178270786,22.47096154617388],[114.2733787694239,22.471133779403257],[114.27190071968987,22.469131384563212],[114.2704561484832,22.468778357532443],[114.27004105789564,22.468096603668354],[114.27010091522128,22.46724780791085],[114.27084223040856,22.467296436909848],[114.27358303883231,22.468899039683304],[114.27448116130898,22.468983412287187],[114.27483937330257,22.468369611890754],[114.27072514295101,22.46603964534995],[114.26801654383472,22.46522045314],[114.2658495560645,22.46327263189206],[114.26286935303445,22.46215679918042],[114.26249514887365,22.461266262042876],[114.26124525167249,22.460385377402762],[114.26054136512977,22.45858340784761],[114.26003429079087,22.458352465173135],[114.25951246406568,22.457526230092544],[114.25959263314701,22.456749213656295],[114.25879760911023,22.45557723604806],[114.25817360449949,22.455087773729343],[114.2576235871336,22.4556701118928],[114.25718890921516,22.455507917500388],[114.25745018473256,22.454667613767196],[114.25679370728129,22.45382253504199],[114.25417436352437,22.452764924181402],[114.25338821606712,22.45354280598634],[114.25095029681665,22.453377654622464],[114.25047967341933,22.452612181610444],[114.24975553020383,22.45269793352055],[114.24881524768621,22.452277374161348],[114.24777429477251,22.451344539959376],[114.24685239368074,22.449744252248088],[114.24650425467455,22.449959145322918],[114.24681459846313,22.45301023723235],[114.24653191950439,22.453747476681148],[114.24751268028697,22.4551308054036],[114.23480601180025,22.467675890740086],[114.23380171640537,22.467553450992643],[114.23261398707623,22.467818256846492],[114.23276737319257,22.468221114297396],[114.23160514375076,22.46833231111808],[114.23179503450541,22.469195780844995],[114.23254369687048,22.468909249464627],[114.23318265956296,22.469245530284564],[114.23253172392003,22.47038003986519],[114.2326387991286,22.470877400166682],[114.23125891615226,22.472186121402213],[114.22865284216316,22.471765818046098],[114.22868209749633,22.4714866278926],[114.22700345342508,22.47050131111347],[114.22572945226538,22.471075631425588],[114.22356751626056,22.468275350626254],[114.22291103174135,22.468287967314087],[114.22242435841385,22.468768761756877],[114.22229589586965,22.46755093086188],[114.20980521763715,22.467548603620518],[114.20960350527484,22.46703119698779],[114.20916308261678,22.466862900296267],[114.20887679441418,22.465207378817645],[114.20955252037882,22.464694731724613],[114.20967482442238,22.46405649619365],[114.20841337298548,22.462054241845532],[114.20832475676757,22.461221755939608],[114.20891754553844,22.45921869036897],[114.21151405642688,22.45841630485884],[114.21215544458326,22.45755455610652],[114.21321592438052,22.457333489801126],[114.21331582785038,22.457683406401543],[114.21443114706231,22.457811953995357],[114.21503749402537,22.456394243182476],[114.21548403089899,22.456368419325504],[114.2166151892548,22.45750250312458],[114.21742292362303,22.45702255350879],[114.21929121736697,22.456879054127995],[114.22000265585487,22.456467071115405],[114.21987459329607,22.455848476810864],[114.21907635852682,22.45553215853949],[114.21777597289586,22.455992564025557],[114.21524852953794,22.45359041786344],[114.21588980386453,22.452439429767132],[114.22044752437932,22.451313432613357],[114.22112935760812,22.450316312127807],[114.22245502194868,22.450185930039247],[114.22087940897225,22.449009139948817],[114.21924127664525,22.448900742378722],[114.21777844657909,22.449667130515095],[114.21672002424481,22.449430513494878],[114.21660998819597,22.44905254789896],[114.21756245353373,22.44785480673323],[114.2159892111638,22.4470486766992],[114.2155349205489,22.44741806313882],[114.21618321689427,22.44841140792517],[114.21497234641237,22.449113501954642],[114.21273666664695,22.448731127520723],[114.21067395124118,22.44949004562006],[114.20984484460445,22.449381330618227],[114.20962545111375,22.449770577925946],[114.21113542113957,22.450902683405356],[114.21180444584654,22.45232774099049],[114.21249692375807,22.45288392406037],[114.21257926998956,22.453647670689442],[114.21403120388587,22.454660186621258],[114.21388094529075,22.45535813538597],[114.21327047575842,22.45546594064403],[114.21350166369601,22.455744000524856],[114.21311974269042,22.45682257475369],[114.2112565645306,22.45711000846257],[114.2093755113798,22.456651742994147],[114.21054516289611,22.45491666968785],[114.2103761621765,22.454697907215408],[114.20893624099396,22.456539356851852],[114.20774308709898,22.456478470644065],[114.20619203353209,22.45741251555641],[114.20542411122764,22.457155088988387],[114.2041348195865,22.45914419759097],[114.2030087962739,22.45881606848042],[114.20299634609677,22.45964389501606],[114.20070616945935,22.459251092449],[114.19947336350747,22.458336909861526],[114.19953518261941,22.45758585763462],[114.19840925585908,22.45716596185409],[114.19844917368727,22.4542794144307],[114.19785264166269,22.452992226435818],[114.19655967487846,22.452156282594693],[114.19389180036134,22.451695361526426],[114.19306248781999,22.450678901883055],[114.18637970919704,22.45246905431964],[114.18243523371319,22.45243013509565],[114.18141208443576,22.451786063205944],[114.18094711742847,22.450155181370118],[114.18028596851428,22.449448452241228],[114.17712959166948,22.449370583415003],[114.17711097166465,22.448889244980624],[114.17820553830238,22.448231346527272],[114.17775794668535,22.447363354173167],[114.1778629438351,22.44670105025537],[114.17920686345566,22.44624981215432],[114.17957586120431,22.445439878749557],[114.17849550569134,22.44504535195648],[114.18121732099327,22.44314292868056],[114.18333299752867,22.442068936471504],[114.18392625528443,22.44253551996378],[114.18381603608088,22.44183133818599],[114.18519074824704,22.44095625381812],[114.18558889116296,22.441112024171662],[114.18623271080436,22.44036683313848],[114.18853697587397,22.439513038767274],[114.19302592446705,22.440183231556823],[114.19496476980841,22.43967998150149],[114.19659019201337,22.438825784319796],[114.19979409134025,22.436281427849767],[114.20193865291812,22.435229753337612],[114.21086970844681,22.42887083768639],[114.20777645238748,22.42664377148761],[114.20667649208326,22.42537901945447],[114.205208252621,22.425121575408706],[114.204773708316,22.425981902076913],[114.20347736459503,22.424587929504547],[114.2040428646828,22.42269434473571],[114.20356905598238,22.422318667855713],[114.20328651112517,22.422430146275595],[114.20343343827325,22.42302833827472],[114.20314107111379,22.423281960331092],[114.20244188783505,22.422744786607332],[114.20214712824493,22.42285658939365],[114.20238425447735,22.423390415447347],[114.20229861746931,22.425238513865114],[114.200623521402,22.424263984055347],[114.20015889266875,22.422565457610837],[114.2002302835334,22.421684677139762],[114.19927982331252,22.421511804943528],[114.19868422955831,22.418516600426756],[114.18535380847764,22.41825176192245],[114.185123617811,22.415536222292314],[114.17353781026459,22.415618948552456],[114.17341361768817,22.41430571061762],[114.16597590785568,22.412897501383696],[114.16047003975922,22.412954900823877],[114.16008500013781,22.412659830087055],[114.16005716934892,22.412104123978413],[114.15889533736475,22.41282483891786],[114.15897147413263,22.41234276743194],[114.15826860184157,22.41184782405928],[114.15513899520428,22.41279554935983],[114.15263254398928,22.412301205759498],[114.14931840403747,22.412401076967146],[114.147301062491,22.41176581088085],[114.14695184418535,22.412891847375707],[114.14717458401053,22.413822866077485],[114.14668262539948,22.415050429055956],[114.14683353026965,22.41586901942177],[114.14614187560846,22.416734890799507],[114.14391111730973,22.41578558233081],[114.14288682097899,22.415711281170093],[114.14184554067705,22.415927394169632],[114.1407928188369,22.416720242784578],[114.13944346735364,22.41720597055665],[114.1384737218106,22.417074642238113],[114.13754557793483,22.417435651302636],[114.13682491476763,22.416961304139043],[114.1355473493783,22.4170426291745],[114.13401411745946,22.416512359766934],[114.13288893452027,22.416796644123],[114.13074399870128,22.416375324457523],[114.12818788732318,22.416767952593407],[114.12784513820131,22.416316144738275],[114.1256081476938,22.41595230394604],[114.1254530866904,22.416955822858327],[114.12595360271152,22.41856489225096],[114.12590478018159,22.42000008810173],[114.1242962836408,22.422661289783544],[114.12290998771614,22.42322250474017],[114.12189676419642,22.4245849647754],[114.12125819052369,22.425745389873192],[114.12134717485846,22.42692380053151],[114.120961635442,22.427506856287117],[114.1201107387078,22.42768471363144],[114.11938781726164,22.42828614262452],[114.11860462635538,22.428225117189232],[114.11817416884692,22.42850889670479],[114.11652473407764,22.43187215867606],[114.11679467516778,22.434762967637532],[114.11504955083775,22.436334113319475],[114.11359089101722,22.439462226825352],[114.11243006984351,22.441075246675954],[114.11274930517345,22.44195857147352],[114.11186117037752,22.443456783132845]]]]}},{"type":"Feature","properties":{"地區號碼":"Q","District":"Sai Kung","地區":"西貢","Administrative District Boundary of Hong Kong":"Administrative District Boundary of Hong Kong"},"geometry":{"type":"MultiPolygon","coordinates":[[[[114.22102502816244,22.35314008566605],[114.22135710052164,22.353980660674665],[114.22120284336806,22.354614002606613],[114.22171285351438,22.355222052455453],[114.22162105602962,22.356561932543364],[114.2223481525038,22.35696732548327],[114.22228672162204,22.35844113472068],[114.22459843069434,22.358676341419073],[114.22375360724288,22.361155364548022],[114.22352952719066,22.364015543493668],[114.2250116464609,22.36504830832846],[114.22562990320854,22.367381559749624],[114.22681323897791,22.369092110511733],[114.22659235758888,22.370262565584788],[114.22679315019226,22.37068361589291],[114.23227700116763,22.370995138548928],[114.23364071466845,22.37148338490678],[114.23564708061323,22.373029882964204],[114.237447357426,22.373436612494608],[114.24020320508082,22.37585540898615],[114.24268699267068,22.379196191406773],[114.24440902871261,22.379804901048374],[114.24463753570929,22.38055593495272],[114.24553841580698,22.3812904774405],[114.24613171169318,22.38231986877061],[114.2461728156989,22.383052657850772],[114.2473685007784,22.38488657262553],[114.24730176559238,22.385794869197323],[114.24656274217831,22.387074459090876],[114.2543368979982,22.38684663471581],[114.25433891593721,22.388538499887925],[114.25337267765245,22.38906609138894],[114.25268643059695,22.390196433438486],[114.25223487307791,22.39255683364264],[114.25235593814236,22.393616428566027],[114.25797925668083,22.398522357386774],[114.27230488910844,22.398049785450638],[114.27469381704816,22.401324170825397],[114.2766843181455,22.402903752593414],[114.28178671672255,22.401502668185046],[114.28303983930846,22.404058411406666],[114.28427837530182,22.405240786556618],[114.28492874464347,22.40650842482299],[114.28636456877112,22.407608564911598],[114.28720890547893,22.40899300512811],[114.2874537407059,22.40967777548619],[114.28661219091457,22.412228916866713],[114.28706276594717,22.413627134254128],[114.28821699284053,22.415151994485772],[114.29061259021914,22.41609280728459],[114.29105552003627,22.41673520998127],[114.29251020226764,22.416091163421232],[114.29410047237933,22.416168222725766],[114.29747796937431,22.41532358146624],[114.29961373669538,22.41576646292096],[114.30259450899419,22.414853300385243],[114.30357433408047,22.415062616167777],[114.30594482866651,22.41666621641684],[114.3060497382249,22.417028788193115],[114.30548420212385,22.417796601513164],[114.30554819844525,22.418527562540653],[114.3069918049486,22.419593120436964],[114.30600020592401,22.421336560269733],[114.30641473761328,22.42233236195184],[114.30603958527587,22.423878552730617],[114.3061808616175,22.42474344032612],[114.30657345887684,22.426198922943062],[114.30795166607163,22.427773852957422],[114.31380784903392,22.426450193865378],[114.31805373854206,22.42616021315162],[114.32000733060164,22.424377571082797],[114.32157702138379,22.423835766004853],[114.32263310775528,22.423025680942704],[114.32295294036147,22.422210542903915],[114.32233552193452,22.420727663499594],[114.32482062715833,22.417520410457378],[114.33155933352536,22.41479022575256],[114.33293803833817,22.414787721564746],[114.33422881643841,22.41523820104941],[114.33478131048935,22.416172048444217],[114.33630422992974,22.41712677775455],[114.33751442539561,22.418865792202627],[114.33856027011412,22.41854085388017],[114.34178328221357,22.415436389067114],[114.34192588825495,22.414970451753103],[114.34288933958618,22.414509573229626],[114.34353084607659,22.41360877472403],[114.34371316771463,22.412657049952287],[114.34500059100463,22.410922608614896],[114.3489080510547,22.410192015972772],[114.35210382472751,22.40842355698666],[114.35215487510443,22.4078689212477],[114.35161597241334,22.406767138168295],[114.3509923787214,22.406244516599816],[114.3523200683722,22.405901102960588],[114.35547730014325,22.40592224723335],[114.35553317657856,22.406863251877393],[114.35617805379208,22.407583038200666],[114.35816538713966,22.40760676065474],[114.3583409432448,22.408048943643493],[114.35948185903064,22.408479018334997],[114.36022738290241,22.41034556130303],[114.36205368608778,22.41296094737982],[114.364659667509,22.415194290121555],[114.36595775969677,22.41789718759202],[114.36552370469585,22.418644674981767],[114.36625333530637,22.42072477735332],[114.36597250156028,22.42105995561931],[114.36792682379524,22.423212173732058],[114.36775898700016,22.425308507717865],[114.3663483627277,22.426501240983658],[114.36631759908735,22.42816433328373],[114.36584268043332,22.42911033870406],[114.36626755993517,22.429857473226832],[114.36609538393321,22.43037815552868],[114.36664859269105,22.4316099131798],[114.36658984086132,22.43243335222592],[114.3660400040383,22.43336628736058],[114.36444980058518,22.433923419476297],[114.36383611536039,22.435557432793033],[114.36468694281949,22.438843557409342],[114.36377377800638,22.442112019925915],[114.36766823567193,22.443094083398147],[114.3696223094798,22.438893736516963],[114.36962760857577,22.437945000152173],[114.37150511135674,22.436986039931817],[114.3731078286001,22.43806112384275],[114.37459562015324,22.43812314154214],[114.37505641247155,22.43879282673565],[114.37535965397913,22.438480365652328],[114.37673688417028,22.43867859708154],[114.37700366604233,22.43803655784656],[114.3784762775096,22.437119729292764],[114.38218612220541,22.436384919615815],[114.3835178207361,22.437080399571727],[114.38479611693795,22.438396745566283],[114.38661951581032,22.43852334431824],[114.38802040918499,22.43914191627601],[114.38871172434189,22.439101133375065],[114.38896228029543,22.4386495618763],[114.39048285376305,22.438959765704798],[114.3905455615249,22.439262416168194],[114.39112179797414,22.43934536273815],[114.39116364887072,22.44024405716052],[114.39177535782493,22.440912563524392],[114.39259891948991,22.440227299146084],[114.39208804549888,22.43990359218333],[114.39221866912621,22.439377408271206],[114.39171849806988,22.438854973218916],[114.39162778432492,22.43820846751474],[114.39207208078338,22.437370866251992],[114.39275939460957,22.4371339449687],[114.39371094759792,22.438254413807428],[114.39462461645212,22.438302074507504],[114.39514100966855,22.4378145421859],[114.39515056813192,22.43700118651575],[114.39565589625809,22.43699874282865],[114.3957533160967,22.43587227213621],[114.39645570587143,22.43564971547532],[114.39678902918268,22.43496366457205],[114.39675969049041,22.435658396131274],[114.39764622771908,22.436199975572745],[114.4010086917431,22.436375749715967],[114.40129648667256,22.436029900432015],[114.4005381445648,22.43537697804615],[114.40071430363683,22.434952270513314],[114.39972181773044,22.433850262753396],[114.39911476272226,22.434318520769132],[114.39881115904878,22.434170071478885],[114.3989371289183,22.43372104053582],[114.39847488641955,22.43341816686517],[114.39881785905736,22.433208377112315],[114.39865132440977,22.43109979623601],[114.39812762019439,22.43062423710182],[114.39671900467795,22.430638143525467],[114.39667311773873,22.430274516905673],[114.39550593664158,22.429916264360642],[114.39538494557117,22.42951682677356],[114.39682467585025,22.428313595140615],[114.39685004410903,22.42712496683572],[114.39805918553036,22.426803153517895],[114.39775646319866,22.425923102995263],[114.39807807387301,22.425469471862733],[114.39756602294415,22.425124122356866],[114.39760699969932,22.42457946037351],[114.39721961340062,22.424615028152513],[114.39756230705382,22.42402742763166],[114.39696385868103,22.42318297721033],[114.39897912356571,22.42191808596449],[114.39940814267713,22.42094100326464],[114.39967744258975,22.421086321317713],[114.400152037832,22.42057257392698],[114.40163028442632,22.42049612740849],[114.40232413462893,22.41947017859792],[114.40257923009338,22.41983741892049],[114.40342128242654,22.4196798330299],[114.4035926549345,22.41878739875282],[114.40311319819634,22.41849215474495],[114.40296378718676,22.417784487598432],[114.40413902562982,22.417117364255937],[114.40454666564483,22.41596704925982],[114.40362500755622,22.41554326553257],[114.405045802018,22.414476356962275],[114.40566747716628,22.412662351738682],[114.40498190617434,22.412591972923746],[114.40440650951034,22.41324374261458],[114.40434236714187,22.412016589164402],[114.40288528844768,22.412192929553765],[114.40232190870148,22.41171590444819],[114.40165498318702,22.41213062121905],[114.40154073777451,22.412633481199425],[114.40113559601693,22.412708694173112],[114.401009234522,22.411734756685885],[114.39914149909235,22.41184671078439],[114.3982193875047,22.412605623248325],[114.39830006835017,22.41366749508961],[114.39748942756236,22.41418595555785],[114.39653768623968,22.41414673475],[114.39613837897934,22.414938419212778],[114.39579177797744,22.41482642209974],[114.39474261384836,22.415511505990665],[114.39446231191229,22.41711632055504],[114.3948966205162,22.41776207760984],[114.39454922071822,22.418273944549245],[114.39345526090527,22.41865350190045],[114.3935361680428,22.418991731345354],[114.39307353294241,22.419457878394656],[114.39321867366434,22.41987228587047],[114.39284600485081,22.420143476586226],[114.39254698547325,22.4200197696517],[114.3921722179622,22.42050251005057],[114.39063432333894,22.419728676583077],[114.39020268214517,22.41999766333531],[114.38968161966527,22.419740852148834],[114.38721914941628,22.420326045548045],[114.3868391328617,22.42078750609889],[114.38599039509228,22.42059397972044],[114.3827284226725,22.417977433791616],[114.38266906179801,22.41697420078085],[114.3812786150819,22.417042232677584],[114.37928072019984,22.414412078967928],[114.37809307821793,22.41203071324753],[114.37840094368845,22.411855187522804],[114.37839797891364,22.411175357712064],[114.37927013077493,22.41065515140476],[114.37897465485258,22.410463341513413],[114.37906504644108,22.40922231765865],[114.37818413451501,22.409230033297142],[114.37659197882991,22.410908291955472],[114.37516689059834,22.410838649496895],[114.37620017564139,22.41051938529309],[114.37614530395399,22.409588852419205],[114.37428343939011,22.408403196349294],[114.37499933076936,22.407634291425325],[114.3743284907226,22.406329319463616],[114.3748328579779,22.406212708613527],[114.37512750184099,22.405652257220034],[114.37447581628452,22.40459126671193],[114.37472992219833,22.40399379348552],[114.37452036424499,22.403784454307207],[114.37521011763438,22.403505345841143],[114.37526869393005,22.403174755729108],[114.37394495994974,22.40343163757772],[114.37378709715024,22.403172472805334],[114.37453782187356,22.402520686680468],[114.37334260455341,22.40211627730806],[114.37377274783519,22.40159892145109],[114.3730747292134,22.401095119926232],[114.37203155912465,22.4012942723992],[114.37216106453708,22.400557772836653],[114.37087552011799,22.4005159412476],[114.37001218047384,22.399958646275643],[114.37048484450045,22.398330618032862],[114.3716032145849,22.398229743719817],[114.37152247980275,22.397552548002658],[114.37287602721572,22.396534682485388],[114.37393043902863,22.397068415173813],[114.37451065707795,22.39807022372427],[114.37652678880669,22.39833964898353],[114.37679420761549,22.397404064456765],[114.37663391540315,22.396704958581253],[114.377561371116,22.39707282188229],[114.37836838120018,22.396001946729243],[114.37856768418543,22.39622448689519],[114.37991308464483,22.395978942974825],[114.37998291596551,22.395335613067914],[114.38097662619444,22.394254619632385],[114.38084014928418,22.394004944792737],[114.38141924960155,22.39377359259666],[114.38169103859995,22.393236522961676],[114.38151657168586,22.391642318648326],[114.38312883289899,22.391702670324996],[114.3838404677727,22.390959792271385],[114.3844998427499,22.389365992880766],[114.38519537645263,22.389373292528713],[114.38516045088302,22.389738060900708],[114.38628107156798,22.390690801908594],[114.38678592661988,22.390671920799097],[114.3871190262452,22.3897034861969],[114.38945872762774,22.389057039524495],[114.38979876032938,22.388216878468388],[114.3907977641927,22.38780640645515],[114.39067020177255,22.387388196081723],[114.39017224641842,22.387447057757626],[114.39071995380473,22.38667060067173],[114.39054722331963,22.385897725566338],[114.3899982187001,22.38559644855549],[114.39047946924973,22.385273698967044],[114.3902466859527,22.384805719895112],[114.39047129238519,22.384152516690545],[114.39015560314526,22.383756849186415],[114.39038190423105,22.382301163100877],[114.39003952885643,22.38209388425133],[114.39063378845397,22.380916434633562],[114.39143021328684,22.380543642739145],[114.39141643339653,22.380178898010353],[114.39110861509766,22.380148618978456],[114.39153108513838,22.379513519208132],[114.39102333249325,22.379451229813277],[114.39149786432496,22.37875338445805],[114.3914151822243,22.378281995145112],[114.39185954585275,22.37802507187708],[114.39156598768582,22.377758650641372],[114.39166159999739,22.377175198369635],[114.39092633525497,22.37662512166344],[114.39053920617478,22.37720952798572],[114.38995148223582,22.37651125644325],[114.38884481160716,22.376668173043612],[114.38864550864876,22.376369470163016],[114.38833873982499,22.376921322732958],[114.38759763095145,22.376708322596794],[114.38695734651725,22.37723514588399],[114.38673077880843,22.376752618269997],[114.3874432753399,22.37572900288777],[114.3873475181898,22.37524861511226],[114.38774012012104,22.375125410485087],[114.38755908155893,22.37462930557433],[114.3883641599007,22.374483605330088],[114.38881022089141,22.37333169724836],[114.39003707698723,22.371777720164093],[114.39001151524869,22.370260539681865],[114.39059504466812,22.37093744629446],[114.39128279093764,22.370213925914204],[114.39118976598257,22.36943526879417],[114.39166342200635,22.368577594775445],[114.39154137539317,22.367643915383645],[114.39064632109452,22.367361499607853],[114.38988674165006,22.367731682298906],[114.38990893118574,22.36709005350136],[114.39087579560068,22.366358840287294],[114.39070116245585,22.365862438431154],[114.39030274916934,22.365764196621743],[114.38977722659834,22.366260671255233],[114.39003059543117,22.365824011975015],[114.38952755277964,22.36571287079556],[114.38994450955084,22.365278557231502],[114.3895101547041,22.364934189827483],[114.38809763496101,22.365756635297608],[114.38761060894313,22.365581192360764],[114.38631598250667,22.366399861727572],[114.38582469997662,22.367166270820366],[114.38608567217705,22.36734254568887],[114.38523448840152,22.368488611161766],[114.38565576411196,22.369335301538765],[114.38476235335713,22.3708811741831],[114.3835781621633,22.371655381573692],[114.38284559496579,22.373810195140983],[114.3831927674857,22.374304018471005],[114.38235363806018,22.37579698036319],[114.38173620271877,22.375666012485315],[114.38165272887063,22.374360965199035],[114.38045186149554,22.37365707529751],[114.38007654966991,22.3739516427513],[114.3791583523829,22.373838665079045],[114.37803324270438,22.374817165874525],[114.37744022909067,22.374819946236595],[114.37590717048118,22.373565200164027],[114.3753282640907,22.372521858137354],[114.37541899602489,22.371943106995218],[114.37587786708472,22.37162704602856],[114.37563772095999,22.37098817296926],[114.3761795890412,22.37053146633169],[114.37581911308371,22.37005256197345],[114.37608801276838,22.369216392161942],[114.37757372115115,22.36904640180821],[114.37941989863165,22.36800439466808],[114.37994367743778,22.36725031048602],[114.37965320338134,22.366841798405463],[114.38020767862946,22.366984967236842],[114.38093675764233,22.366577335575148],[114.38080250613902,22.366019165798264],[114.38115209372211,22.36587111726254],[114.38097995254672,22.364341385966267],[114.38023266184359,22.363192785397626],[114.37813849098968,22.36289631073171],[114.37710022033771,22.363358966274813],[114.37454901180139,22.35957382984623],[114.37574622913075,22.359747733989426],[114.37633453528473,22.3592237471889],[114.37722332764376,22.359054717120365],[114.37785454071262,22.358350695472993],[114.37787034068819,22.357639262268997],[114.37707479636008,22.357658498509608],[114.37682875242353,22.357230949316225],[114.37537341744016,22.357758512930275],[114.37511017651748,22.35758880294784],[114.37478934306462,22.356696404640296],[114.37558852716022,22.356292999336635],[114.37549181728565,22.3559161064426],[114.37482318446851,22.355995248086597],[114.37472215615685,22.355649628611154],[114.37416610985045,22.355820584442455],[114.37335329356047,22.35535323195376],[114.3741709820972,22.354529510556294],[114.37397371545494,22.353386800742822],[114.37184816249572,22.35391519481318],[114.37121056143829,22.35335465999508],[114.37149331196245,22.35263868183755],[114.37108243877664,22.351701969121574],[114.36955280854673,22.352916307290982],[114.36920566333642,22.35387176838226],[114.36834226709443,22.353717918000218],[114.36752288538591,22.35403222051962],[114.36750880758143,22.3536662356649],[114.36716115268163,22.35358338655651],[114.36555268228699,22.35496385016648],[114.36507247557185,22.354830891203207],[114.36488567392817,22.354528324698837],[114.36522039103744,22.353594316011034],[114.36408163261848,22.3534866626516],[114.3639870342266,22.352744866675057],[114.36673744142198,22.351951337843815],[114.3673118124107,22.351072612022584],[114.36722301631542,22.350684397286855],[114.36759413024444,22.350650321570747],[114.36703924549448,22.35001031762921],[114.36765364599755,22.349852683843146],[114.36755576000066,22.34942884938982],[114.36623910226295,22.350247012463182],[114.36541839512309,22.349735547593337],[114.36553400617753,22.34908058322257],[114.36437684684205,22.34905184913254],[114.36337248036531,22.35063185296122],[114.36294206998286,22.35062493255318],[114.36163200589924,22.351954697303768],[114.35964433702917,22.35126284071072],[114.35948553054851,22.349272198901694],[114.360004867271,22.348828202435485],[114.36029812346086,22.34796563004254],[114.35990457623979,22.34771198709633],[114.36009768287836,22.346984966811835],[114.35928497100798,22.345957468533253],[114.35930722628447,22.345320791424115],[114.36011651981076,22.344313067052774],[114.36051225083129,22.342840913904766],[114.3613242353917,22.34262424133317],[114.361341384066,22.342036614989272],[114.36100159700311,22.341855221841232],[114.36156939520399,22.34119849050643],[114.36113195111845,22.34098221779395],[114.36039328575107,22.341331414621727],[114.35998434995926,22.34037917812124],[114.35891214687427,22.33952327262621],[114.35923488251994,22.33939718874954],[114.35957137179298,22.338486639863135],[114.35927992153346,22.336467671135672],[114.35753693688811,22.336088527127764],[114.35705635098205,22.335262474716764],[114.35630396689182,22.33528037872977],[114.35560089111343,22.335829710878382],[114.35568231102495,22.336093431942086],[114.35482912528393,22.33631869822931],[114.35493318721065,22.337423413034966],[114.35410392082052,22.339092943027115],[114.35472763941,22.33968252528695],[114.3542233506989,22.340663280184515],[114.35435585832143,22.3416807525931],[114.35268429141603,22.342678497244258],[114.35251509805197,22.344710442981455],[114.35211710603521,22.345289422164612],[114.35263227769991,22.345827080615283],[114.35241491660807,22.347123175499856],[114.35190413062548,22.346872696290497],[114.35140572551158,22.347048007418465],[114.3509689002934,22.347801240514322],[114.35120334172183,22.348153637806142],[114.35485184710784,22.348068040302945],[114.35377757466385,22.348923785467917],[114.35353613280066,22.350206454938768],[114.35294812132558,22.350420820007756],[114.35304424485759,22.351199888185295],[114.35167741384107,22.354862244434504],[114.35128931651569,22.35478058896239],[114.35128995215688,22.353942593938253],[114.35088832585572,22.35431326477695],[114.34956508502715,22.353804257985043],[114.34979152504133,22.353278478926327],[114.34950027218437,22.35312823068449],[114.34970958143508,22.352775545707274],[114.3494422005975,22.352655897692827],[114.34950779966618,22.35182118833447],[114.34863512012981,22.350757830562706],[114.34890640056646,22.34998396007016],[114.34850366411848,22.349399546076878],[114.34810119091955,22.349515748364283],[114.3482273379628,22.35025537368898],[114.34774474317459,22.350085312642207],[114.3470778007167,22.350577088321035],[114.34670432779832,22.350208289526087],[114.34564676825038,22.35040194816751],[114.34498329465347,22.34915929538951],[114.34488571437291,22.348127991491086],[114.34420851263627,22.347698343669396],[114.34436977622207,22.347194621185434],[114.34373180611557,22.34680249853738],[114.34317188910467,22.346910968891166],[114.342337604128,22.3475209053848],[114.34234944493869,22.34801737211792],[114.34179663584092,22.348299210780382],[114.3416858980407,22.34870023109473],[114.34098609055063,22.348776046237834],[114.3405563604285,22.349766123929793],[114.34069975259361,22.350289981213916],[114.33904728697573,22.35140221308418],[114.33886840272885,22.3521462977874],[114.33940529954657,22.353214350193017],[114.33929633701214,22.353575042559235],[114.33800682844273,22.354258319353885],[114.33811943895562,22.354745427722253],[114.33882525903549,22.354601615928452],[114.34005792103592,22.354917708622562],[114.34193897248153,22.354165401430077],[114.342005603985,22.35485156113718],[114.34145284550605,22.35589989599245],[114.34076367338034,22.356762927525804],[114.33835325830947,22.357707928732214],[114.3379504087524,22.358972852362808],[114.33735335117244,22.359571641854473],[114.3366574665234,22.359629459053433],[114.33620523710755,22.358704956098993],[114.33483663712967,22.35912991357583],[114.33278007463367,22.36133492268906],[114.33181096361632,22.36187307687685],[114.33106086633687,22.36334378282684],[114.33094961306243,22.36398491916916],[114.33131029758694,22.36483484569951],[114.33249572363034,22.36597248805526],[114.3325030682882,22.366830016176547],[114.33326296808255,22.368134138058025],[114.3348066558101,22.367786010731077],[114.33732540769614,22.368435227497557],[114.3367934374424,22.36899685889173],[114.33610874431005,22.36884265613932],[114.33495687730777,22.369426344001976],[114.33411436959595,22.370347973522414],[114.33409142850898,22.370858666446022],[114.33445327355068,22.371030026356493],[114.33447917851888,22.374563304131186],[114.33525839535362,22.376736316213282],[114.33494905088993,22.37698876286416],[114.33555384808338,22.378188305642976],[114.33533698422,22.378502010022732],[114.33495068108468,22.378528986500314],[114.33439395201682,22.37772232931091],[114.3326138423529,22.376493956416706],[114.33139082297805,22.377364546922077],[114.32640601320531,22.378715223329827],[114.32427169396988,22.379921688113832],[114.32268937108232,22.381380697109755],[114.32282244837685,22.382374439474773],[114.32389883918334,22.3835049989865],[114.32341366165197,22.38412389808345],[114.32257855468694,22.38279946319375],[114.32115123631162,22.38230443856462],[114.32046621316067,22.382616142404324],[114.31989905685938,22.382469323638116],[114.31957764330414,22.38166249876094],[114.31921614459603,22.381507428294423],[114.31797742240312,22.382246645323857],[114.31797187630481,22.383806299847304],[114.31901572166356,22.38567010317138],[114.31904712866114,22.387027757796204],[114.31989190561498,22.38750757071083],[114.31980983196344,22.38834841352438],[114.3200669548104,22.388604867604162],[114.31970724906432,22.388705775786143],[114.31926869197085,22.388166628655554],[114.31783811638607,22.38853063055682],[114.31747618111406,22.38987308106595],[114.31814252342083,22.39013262642503],[114.31816757576279,22.390446889621614],[114.31742555921517,22.390341659392504],[114.31700887574277,22.39082878369216],[114.31731646030168,22.391755790298564],[114.31914159823263,22.39291735671268],[114.3199976926921,22.39277961115279],[114.32074172527736,22.39184976178169],[114.32121999490865,22.393693005012445],[114.31836969862229,22.393434740632937],[114.31751747075509,22.393894884249303],[114.31702150466813,22.393782807047838],[114.31685104538543,22.394250808564774],[114.31575580850591,22.393250825330572],[114.3151477533643,22.393289253430325],[114.3142965076874,22.392666652848025],[114.31250274098416,22.393057517724007],[114.31133661863878,22.392425553433046],[114.3102180531969,22.392469599438048],[114.30988909102007,22.390648053789022],[114.31015661048157,22.38991789800621],[114.30929756378795,22.38918748754805],[114.30852865976718,22.38966965369695],[114.30831933446571,22.388567870916663],[114.30893189182918,22.38853486050666],[114.30882139952364,22.387536705863873],[114.30851659279044,22.387283416715867],[114.30873416790045,22.386819847723448],[114.30980465249044,22.38668118941957],[114.31050103619543,22.38612391058656],[114.31060298526099,22.38544709416413],[114.31015083181393,22.384832943165986],[114.30882609390537,22.385266169184487],[114.30814242842706,22.384724099232695],[114.30749850188423,22.385609023334897],[114.30642025532116,22.38575159951619],[114.30603157479108,22.384389589257463],[114.30474882721137,22.383913174230155],[114.30415116336226,22.384294386843266],[114.30435599088935,22.385773651957123],[114.30313126687913,22.386316484171843],[114.30238816532336,22.387451124278144],[114.30207649488396,22.387351527545558],[114.30176450896607,22.387749362821484],[114.30198430916326,22.38671149493466],[114.30257039054514,22.386031452234118],[114.30244530750522,22.385303882686994],[114.3012140657635,22.38481622971377],[114.29997916058865,22.384843897568143],[114.2994179752941,22.384116178170746],[114.29871114717741,22.384038291956177],[114.29855004247884,22.384586344985106],[114.29961515101543,22.385851090765936],[114.29959567514517,22.386329978619322],[114.29849571945456,22.388068247787537],[114.29712951045177,22.387950481906216],[114.2964454567809,22.388485786758835],[114.2968742015036,22.389653478801716],[114.29657282779932,22.3906207265426],[114.29595073704357,22.390617701312017],[114.29576702046661,22.390247952171652],[114.29540270594606,22.390494571105616],[114.29478226304397,22.38850681978562],[114.29406638997413,22.38810503215369],[114.2929472676214,22.388117159175813],[114.29036430196575,22.389702078929997],[114.28915740969072,22.392414810292916],[114.28872574223526,22.392344850548977],[114.28906196112918,22.392708626109158],[114.28888321044438,22.393902652210972],[114.28737737347333,22.39415161294368],[114.28724225496676,22.394915877521104],[114.28631695986529,22.395519355327593],[114.28629511984079,22.395931119709683],[114.28581597199064,22.39562194298438],[114.28551460953115,22.39596829791011],[114.28425666480699,22.395147313040983],[114.28281039760569,22.395000070331186],[114.28271297433933,22.39452815996044],[114.28095424159078,22.392644932543206],[114.28043580525318,22.393113668099023],[114.28067086893452,22.393559365970585],[114.27964716269699,22.39455577341001],[114.27877332036535,22.394732062617642],[114.27773445917528,22.393931408683695],[114.27762131958231,22.392932570132203],[114.27666898649106,22.39145808879427],[114.27669036434703,22.389674106688464],[114.2762819541636,22.38927576510983],[114.27606067353639,22.387572908958237],[114.27650137648578,22.385851384239214],[114.2776229167418,22.38411689565441],[114.2771216106927,22.383516693690346],[114.2761662828509,22.383537539449026],[114.27199325181248,22.37905164778161],[114.2708245526389,22.37909040206721],[114.27020170411797,22.378351722104007],[114.27208640516179,22.37769888133694],[114.27247363037789,22.378003487387677],[114.27304033820243,22.377663202594974],[114.27334516031236,22.378177902171682],[114.27427803020477,22.37809522660697],[114.27466438825866,22.37773075950445],[114.27425320954069,22.375919900973013],[114.27515112115233,22.375289108984543],[114.27324298798015,22.371742242725592],[114.27230237779077,22.371018654749122],[114.27175530227998,22.36991006476885],[114.27198112279248,22.36797599265937],[114.27258118576624,22.366553693951015],[114.27311094117903,22.36613394871644],[114.27278931471604,22.364503395151427],[114.27327398859298,22.363931789143127],[114.27430572376097,22.36375924878469],[114.27453942810085,22.362711496259266],[114.27504327100036,22.362569993874587],[114.2749747886437,22.361743496054782],[114.27538283445026,22.361025888169177],[114.2763578568612,22.360777647407087],[114.2771941316311,22.36095417191361],[114.27757696869496,22.3602584377899],[114.27824556805297,22.36019720513782],[114.2788420800729,22.359183036724904],[114.27831685763643,22.358251784300577],[114.27701766169136,22.35770065568381],[114.27705783429019,22.3566781379847],[114.27787494222503,22.35564011165531],[114.2779854903698,22.35486820812908],[114.2772701626008,22.354195383797865],[114.27649457906048,22.353991010126443],[114.276172992292,22.354201065821076],[114.27581882458196,22.353869072284485],[114.27599376197955,22.35329422717932],[114.27539531059126,22.352839006447113],[114.27570810774824,22.352289853125537],[114.27515761551534,22.35060008987638],[114.27409367885942,22.35120952796505],[114.27340481823195,22.351234859484034],[114.27359750701298,22.35180570252775],[114.2723599085463,22.35348881552495],[114.27119266751961,22.35609907328034],[114.27122203866638,22.357216854281745],[114.27165307631095,22.357250192307923],[114.27217431573179,22.35818135373364],[114.27238827588435,22.359866218497363],[114.26957910596333,22.357141365871197],[114.26872943511404,22.357213627965177],[114.26853507219687,22.3575505434827],[114.2673661934907,22.357286050522575],[114.26699510385625,22.35752414181893],[114.26599867020724,22.356950556443095],[114.26580945713293,22.355979831596425],[114.26490866070449,22.356312537375143],[114.26528700868248,22.35724758346517],[114.26534092671557,22.359721968375748],[114.26745741799158,22.360157850953644],[114.26876081662401,22.36126755402499],[114.26889354748857,22.36195063047294],[114.2700324400134,22.36348518964238],[114.2696416893297,22.36480962194439],[114.26998546378856,22.36552283824234],[114.26975199215649,22.366462564331407],[114.26845160784254,22.36791547726259],[114.26779110327153,22.370258708406897],[114.2665155829669,22.370125455324683],[114.26491664572542,22.371214157572908],[114.26411017904414,22.37224853231086],[114.26362260259319,22.372240586397844],[114.26312442134919,22.371710111738214],[114.26405529600952,22.370929053981808],[114.2638259139708,22.3705674731676],[114.26423505391308,22.369462291616237],[114.2636876430885,22.369096812286447],[114.26283580987678,22.36952481091938],[114.2631964804455,22.368297838277492],[114.26290986889828,22.36743966070948],[114.26120976215067,22.367676117107617],[114.26041119152403,22.368634286385795],[114.26010263659032,22.36858455804587],[114.26067016386101,22.367514041219348],[114.26084303009739,22.36630542472961],[114.26080348243953,22.365830320527035],[114.26035407406194,22.365583673121286],[114.26121367826681,22.365110903072985],[114.26084407459577,22.36444738120296],[114.26018111726862,22.36496421703002],[114.25994373159729,22.36371410808026],[114.25943496547603,22.363295190978164],[114.26018315284145,22.362089210660155],[114.25982713178556,22.361973104256922],[114.25891582805731,22.36326317382733],[114.25794416669085,22.36263539811778],[114.257897355064,22.361837484697674],[114.25716282451388,22.361275127916343],[114.25723444288532,22.360738410579785],[114.25916700801594,22.358480289934505],[114.25917382633008,22.358020180167657],[114.25407189457533,22.35592061646729],[114.25717768040198,22.355914309003005],[114.25970657643674,22.35536560210433],[114.2596879952073,22.35653107056206],[114.26064942617155,22.356901693290066],[114.26084536879942,22.356174231244548],[114.26020218716874,22.355560199511388],[114.26079147104774,22.35462824710584],[114.26142496631358,22.354270782693447],[114.26284313640687,22.354718854251782],[114.26394442800292,22.352950703254646],[114.26491067030042,22.35228538775657],[114.26451001490175,22.350942614847295],[114.2647095395525,22.350222806398335],[114.26606612205056,22.351263962375803],[114.2682469881932,22.351184609250975],[114.26872504516489,22.349455110834242],[114.26676169298044,22.348004822635115],[114.26703402248552,22.34690021696463],[114.26644107460852,22.346802959380636],[114.26613106719672,22.346102425560737],[114.26630589366698,22.344904021723156],[114.26562286092025,22.344057140147502],[114.26583104352989,22.34293861241292],[114.26630229342585,22.342529407453846],[114.26595481017029,22.34042896985108],[114.26671772798156,22.339689878249825],[114.26714014931872,22.338336516544405],[114.26956115302069,22.337959210842893],[114.26953838621044,22.337318273382234],[114.27001689900999,22.337119591762722],[114.26979808953286,22.336196338301043],[114.2700498850888,22.335247224891486],[114.27089215744523,22.333911826918918],[114.2704928215587,22.33330979689134],[114.27066580565167,22.33161371641755],[114.27094954250084,22.330947816005505],[114.27172792390782,22.330579415263422],[114.27245580596967,22.329216874558156],[114.27204702148529,22.32777482951769],[114.27207618582115,22.326530791764586],[114.27180247467538,22.326297519679926],[114.27236491863434,22.32457212261088],[114.2718009284435,22.323165635207715],[114.27226667806715,22.322508348531418],[114.27620442813193,22.32194051252308],[114.27712746711708,22.321253933090947],[114.27770697548321,22.32023571180063],[114.27764421417639,22.319669370783206],[114.27833159075061,22.319391784722416],[114.28167554267962,22.320786268871647],[114.28246230524785,22.321458784240566],[114.2834069612866,22.321247424027327],[114.28491801856354,22.321652965498153],[114.28555590865113,22.32139659608115],[114.28530238319192,22.320662729522102],[114.285734096404,22.320255920346128],[114.28738627543343,22.31997570173217],[114.28840829314315,22.320212989774006],[114.28833708915191,22.32095501899282],[114.28888703847902,22.321368241556062],[114.2896656352437,22.321118950827987],[114.28966303080117,22.319589460621803],[114.28875332428288,22.319671826235243],[114.28858262373248,22.31933794788475],[114.28917930770181,22.31898660666482],[114.2901406129756,22.317363939618296],[114.28994157812663,22.31694611227841],[114.2904213284034,22.316020376676214],[114.28997469252833,22.3156173990799],[114.29010285218219,22.314248345968178],[114.29249523090081,22.313051323878828],[114.29250410391104,22.312291638428324],[114.29171951695308,22.311636609044026],[114.29265179290185,22.31049061822314],[114.290541622185,22.307487676932407],[114.2911604792844,22.306995078375266],[114.2929941335246,22.30696984578941],[114.29223421839602,22.304627715224512],[114.29241497134029,22.304187818271185],[114.29336051055353,22.304368583739063],[114.29412256178969,22.304138088338743],[114.29586965945151,22.304573828954638],[114.29566827256507,22.306047601781284],[114.29463816330424,22.307015738166655],[114.29878517230682,22.310353251408053],[114.30034059589208,22.310101267654154],[114.30128543051276,22.30952514996996],[114.30227877498007,22.309905592751214],[114.30264273694137,22.310581902786957],[114.30328188999887,22.31056594248909],[114.30326755626956,22.30984761099886],[114.30422975250401,22.309659079098363],[114.30478508900586,22.308932463813743],[114.30467673250052,22.308365850018948],[114.30389301958087,22.30823394575637],[114.30371194168866,22.307920992370757],[114.30483981692828,22.307322905243048],[114.30526729066742,22.306733901098653],[114.30581021382699,22.306704727694566],[114.30639995098429,22.30580974829],[114.30741139424129,22.305428598502612],[114.3087594155278,22.303563840921054],[114.3090071784961,22.30368129991366],[114.30943900455067,22.303157567017927],[114.31039846755775,22.30284272229518],[114.31117148264333,22.30116735257222],[114.31070887783976,22.300561542144454],[114.31154714294401,22.300305253061772],[114.31192725505555,22.299841477375377],[114.31222250451297,22.29823070026614],[114.31171333676664,22.298033897840025],[114.31187728040614,22.29758986229728],[114.30995201939656,22.29744136385257],[114.30927405335139,22.296946988858014],[114.31044905559027,22.296351524325388],[114.31018484743498,22.29599237023776],[114.3108490955736,22.295397097019244],[114.31044318063527,22.29381001681435],[114.31005714124625,22.29351614866693],[114.31009836714775,22.29279950303232],[114.3097859113479,22.292492796185645],[114.30903248274569,22.29247384009539],[114.30861236281294,22.29201028667245],[114.30764820182486,22.292318582117055],[114.30754317118966,22.292070647674635],[114.30591935878554,22.291913806647294],[114.30609387891468,22.291336132863293],[114.30535092479106,22.291261095902144],[114.30387273462213,22.290324545991663],[114.3035795499935,22.289457694315743],[114.30254688987424,22.288646274558243],[114.30206512969791,22.287305740428167],[114.30153130820848,22.287423784199916],[114.30099007475134,22.286936190137713],[114.29874073448158,22.28726622771868],[114.29765295018859,22.28812405372488],[114.29712837661408,22.28769453221656],[114.29455101374757,22.288209630766584],[114.29385873882426,22.289090255754584],[114.29443445472064,22.29001108651804],[114.29401482837422,22.290789732275307],[114.29264373901954,22.29078154200429],[114.29163917605234,22.291203781447077],[114.29072698979748,22.290886929258217],[114.29024690409821,22.290005468766164],[114.28821201861604,22.288589960661103],[114.28800052870395,22.28807352653918],[114.28819061894187,22.286381242505467],[114.28874225857139,22.285944456467877],[114.28998889061145,22.28586223872119],[114.29054759919272,22.285357978816183],[114.29004590634273,22.284598217668645],[114.28863137918323,22.284253826356835],[114.28800029273047,22.28319809459337],[114.28795030779673,22.281413897081542],[114.28846380114125,22.280471953078056],[114.28952141071035,22.27980869827179],[114.29201325488104,22.279372629917376],[114.29307823238203,22.278873391782827],[114.29381484107346,22.279526936289173],[114.2960081925469,22.27932769925512],[114.29642122806904,22.278869739585073],[114.29583566608943,22.278309432599563],[114.29572911838511,22.277637211848965],[114.29452644547004,22.27684143414012],[114.29386396703751,22.27703733320568],[114.2933760668539,22.276145993869058],[114.29289093367979,22.27589722203979],[114.29287748764355,22.273728738218356],[114.29350811897268,22.273292920962042],[114.2950575567061,22.27308126081957],[114.29538352016269,22.274446781610504],[114.29511914441905,22.274856617505705],[114.29548245718921,22.275543365584902],[114.29514844609318,22.27605618382552],[114.29561991955367,22.27634969975674],[114.29543873040244,22.276638129692063],[114.29586751117391,22.276516531850188],[114.2973470920141,22.277283513178922],[114.29818276291898,22.278936844703864],[114.29946602929849,22.280348440290066],[114.30141461725808,22.28066620985887],[114.3031789162145,22.279437352760862],[114.30236698809912,22.278883526658937],[114.30041550100732,22.278806070886407],[114.30043181565979,22.275735796972658],[114.30115896594182,22.274015209687875],[114.30171558387981,22.27356742193768],[114.30153560820848,22.273272701156824],[114.3018806516647,22.272092399341822],[114.30447151453552,22.26977757327038],[114.30372178051839,22.269481942572053],[114.30147852801393,22.27133696533032],[114.30085763764382,22.27070664201907],[114.3004099455139,22.26947601172973],[114.3013666292435,22.26917045807775],[114.30243968926199,22.268218204105736],[114.30361018532881,22.268985173593492],[114.30470976575214,22.26880200565265],[114.30529602273809,22.269821806206423],[114.30587070683042,22.269902823133005],[114.30691038142628,22.26873013529468],[114.30715539882422,22.26784484734173],[114.30647025374665,22.26708327441611],[114.30659198748742,22.26581723609825],[114.30555320819956,22.265224374150286],[114.3046186625103,22.265403987284223],[114.30533473509067,22.264804132246674],[114.30507641919915,22.264428820984612],[114.30314583363898,22.26509103856297],[114.30283858295047,22.26575719330264],[114.30217353015513,22.265722031196034],[114.30115428055679,22.26672198157967],[114.30050986724066,22.266516179779856],[114.30028868141514,22.265552041780392],[114.29985974872466,22.265331298182407],[114.30077010587776,22.26366718490462],[114.30052396463535,22.26252966829891],[114.30094044865685,22.262070793065845],[114.30049385378139,22.261989555495145],[114.30053477391387,22.261184240863717],[114.2994533008443,22.26032824503657],[114.29883432488977,22.26087157010423],[114.29826424260858,22.260800243372163],[114.29715991213429,22.261393243846303],[114.29731535201682,22.262016767070914],[114.2970072727731,22.26230830000829],[114.29723163322761,22.26253167881656],[114.29509056472769,22.265592999271533],[114.2907749805469,22.267057185739198],[114.29024729088042,22.267959369341423],[114.29015190343712,22.26955674698019],[114.28906038074223,22.270511723330287],[114.28819912568453,22.27016540697791],[114.2871531162319,22.27066393265052],[114.2840748533336,22.270660080601733],[114.28212691094751,22.271578481882216],[114.28158787938155,22.270969084475627],[114.28232558236482,22.269565176254456],[114.28228760050176,22.26857472854705],[114.28067509051876,22.267999412957934],[114.2796563083229,22.266805085607707],[114.27941727344579,22.265861914986438],[114.27756492669678,22.26402966392901],[114.27771510604956,22.263230282299123],[114.276827870179,22.262375195457054],[114.27495316010373,22.26302520808217],[114.27496396643575,22.26357179984986],[114.27381082374089,22.26279833398313],[114.26904756795732,22.270518162494213],[114.2683503586335,22.270281166766722],[114.2673946726485,22.271758407344162],[114.26996345140229,22.27295889881754],[114.26916436265101,22.274820136904893],[114.26689098194728,22.27398386519496],[114.26652434179191,22.274372507785934],[114.26598865085147,22.273455124543034],[114.26551203657877,22.273960101596366],[114.26563237301124,22.274357824394116],[114.26490749133197,22.275492969175087],[114.2644057713122,22.27563553158766],[114.26471500295469,22.276122769531874],[114.26451048343878,22.2776731724414],[114.26587338097521,22.27930695641074],[114.26698715892209,22.279944379623416],[114.26724838038679,22.280611945511822],[114.26696213418779,22.28120994139486],[114.26734745304658,22.281739777675],[114.26626760045107,22.282555527026588],[114.2708513870187,22.28979658906095],[114.27091979879161,22.291775229671046],[114.26665882240911,22.291819484383534],[114.26657092388035,22.29573979256806],[114.2651167912848,22.29641883220941],[114.26395326453567,22.297629972745085],[114.26369740280805,22.299884264325737],[114.26676149901346,22.30564116123824],[114.26586287842086,22.30609080668697],[114.26605123363568,22.307115110151784],[114.265740100231,22.307984103246866],[114.26480681098141,22.308869204978773],[114.26442247291057,22.30805466095789],[114.2653952340898,22.305223440003427],[114.26338633685407,22.301524685591364],[114.26074166529112,22.30121908402896],[114.2605558935596,22.30095243343054],[114.25999749089736,22.301705188842842],[114.25954001754468,22.300891416964813],[114.25929876125436,22.301203833239665],[114.25724064999704,22.30119533652086],[114.25628493694737,22.300779658659263],[114.25597387336406,22.297499026620425],[114.2543311995848,22.295013035330946],[114.25223859800998,22.29367747470997],[114.25056092954202,22.293083650515314],[114.25030131905088,22.293249161852938],[114.24932110745185,22.292292332732238],[114.24861868278961,22.29235559995675],[114.24830721732476,22.292001628810926],[114.24836603989392,22.291413165118925],[114.24738354930889,22.290858287067064],[114.24694718121532,22.289768132188346],[114.24574630454352,22.28894953523362],[114.24526950069253,22.288994869813607],[114.24561656011964,22.288304145942227],[114.2450166041974,22.288134153772006],[114.24503787265763,22.287635619428247],[114.24376752588046,22.286157149744803],[114.24314586203057,22.286491835105064],[114.24190468053824,22.286301233323083],[114.24183559533705,22.28702792213848],[114.24219129732802,22.287306780849388],[114.24097727042704,22.289197071398704],[114.24141138149908,22.290182972438696],[114.24097794349399,22.29213128514837],[114.24199926079108,22.293123246784024],[114.24212679376565,22.29428583898574],[114.24436173843361,22.295143422175887],[114.24443533611118,22.294847888916838],[114.24530243034852,22.294863180609262],[114.24472015819985,22.296071494339532],[114.24538147896338,22.29654204214197],[114.24428862451967,22.29969523604008],[114.24353740063607,22.300660846711423],[114.2437948150738,22.30183793943794],[114.2435134277349,22.302277574211463],[114.24212484132255,22.30279287626243],[114.24213062876454,22.303192468240404],[114.24129117546268,22.30394129380584],[114.24135689192134,22.304367459790875],[114.24005907528927,22.30494753466126],[114.23977640978278,22.305924443661],[114.24065062697841,22.30890962389834],[114.24176286933586,22.309309681626875],[114.24182509755535,22.31062258292438],[114.2434207104312,22.310858572770986],[114.24346562940946,22.311427650632346],[114.24395722829931,22.311935579825338],[114.24373149429438,22.312537649924664],[114.24465942249661,22.313583629389367],[114.24541857561756,22.313637524063964],[114.24424838242747,22.315171989245652],[114.2420436566543,22.315326899402415],[114.24151030437129,22.316471307361017],[114.24200861511153,22.31717880378759],[114.24294593455915,22.32018861172542],[114.24278837395659,22.321506981693215],[114.24179853477729,22.32064108526385],[114.24132910069937,22.32071654243427],[114.24070530231464,22.3195130646699],[114.23912410581386,22.31930329257404],[114.23852334104043,22.319588654626024],[114.23771124752658,22.320997840698084],[114.23706172454739,22.321239262198556],[114.23636845620415,22.32211360655662],[114.23560023218123,22.321889810890873],[114.23397295992429,22.322050787143578],[114.23253464608933,22.323681731562864],[114.23127609614617,22.327811290419245],[114.23069705038124,22.32880416614472],[114.23023812295153,22.329009834180493],[114.22998857089691,22.32994801982695],[114.22920336075498,22.330411848907413],[114.22932739380016,22.33172398485648],[114.22841172115157,22.332912939269452],[114.22877796098817,22.33385293238953],[114.22853064389649,22.334264320925264],[114.2249378451839,22.334041006125485],[114.22394814199365,22.334475389195678],[114.22102502816244,22.35314008566605]],[[114.37447595895084,22.410539306766058],[114.374515972624,22.4105540718601],[114.37468976219239,22.410789837389764],[114.37447784437775,22.4105417462933],[114.37447595895084,22.410539306766058]]],[[[114.30201454287645,22.367727448193765],[114.3022002257331,22.370344989451],[114.30280236938701,22.37073267549298],[114.3044375100488,22.370238586105934],[114.30473488174616,22.370512969955968],[114.30408346096873,22.371152431103045],[114.3044992469625,22.372123017997207],[114.30539023739266,22.371992191590564],[114.30482630271354,22.372266538065137],[114.30465613379765,22.373138691547663],[114.30529544579102,22.373337066630253],[114.30591816826559,22.3749752198372],[114.30630387012542,22.3751291810642],[114.30668852312998,22.374457439719844],[114.30652004020132,22.37291661669814],[114.30691354834336,22.37390016119142],[114.30727581031972,22.373845061732652],[114.30719736393041,22.374884913116713],[114.30782920917524,22.375913870362048],[114.30833327150842,22.37557235822025],[114.3085836246409,22.3757362298856],[114.30809593124634,22.376602147241545],[114.30881916905425,22.376950358764148],[114.30871947290198,22.377316221062404],[114.30933840301005,22.378089193614848],[114.30966767407809,22.379188126878155],[114.30697153481141,22.380742673837382],[114.30697326342424,22.380990852143448],[114.30861607511497,22.380775061849445],[114.30868337645984,22.380367791434832],[114.30991252145012,22.379500515233584],[114.31182597620342,22.380489061441114],[114.31352599659121,22.380145726603825],[114.31380317633207,22.379488689271795],[114.31356108505835,22.37841802761608],[114.31292251971917,22.377485577022572],[114.31241170005265,22.37753110125024],[114.31223369139553,22.376859923685],[114.31268550774409,22.375801981087815],[114.31229723545052,22.37566085186134],[114.31195839505018,22.376027607834732],[114.31149009693469,22.375787749597247],[114.31172858563876,22.37552605529571],[114.31221906797059,22.37568157053185],[114.31245901639758,22.375181426572887],[114.31328504245172,22.375647617762848],[114.31330188427279,22.3748301044994],[114.31338393980313,22.37597553126802],[114.31443165120574,22.37785060686891],[114.31573672804399,22.378764996422422],[114.31673492258216,22.378025208003724],[114.31763126276157,22.378096765206877],[114.31793253680279,22.377525948759114],[114.31724766122481,22.376643864011363],[114.31786805976412,22.376380925260335],[114.31804219388651,22.375605568759376],[114.31747148558675,22.375161392707476],[114.31693965041765,22.375427868076653],[114.31669856838718,22.374994398571463],[114.31727229345432,22.373985674152614],[114.3175537830533,22.37245329007039],[114.31678000927549,22.371654265040654],[114.31780192604108,22.370636869052085],[114.31808633453042,22.369578133953038],[114.31862047983044,22.37006295402267],[114.31956657684435,22.369611419013623],[114.31943704821248,22.367963961222628],[114.3201174532237,22.367592375349],[114.32090455884676,22.365106564314875],[114.32085296537048,22.364123352539703],[114.31938539519753,22.36465180968868],[114.31899014735268,22.364404518753446],[114.32012800240012,22.363260507472976],[114.31965283713082,22.362698624311875],[114.31960251436303,22.361023743286502],[114.31898497200221,22.360876442642315],[114.31910710294825,22.35996880933149],[114.31960788360212,22.360064479862693],[114.32026371857748,22.359073398207634],[114.32035259689779,22.36032453719328],[114.32165360307825,22.359865173366547],[114.3222946005935,22.359977108819656],[114.32287160489402,22.359261689767507],[114.32457309580512,22.35863652111916],[114.32469372309937,22.357523449648934],[114.32567010431197,22.35792576456489],[114.32656764925724,22.35762788231033],[114.32732103424344,22.35642389820955],[114.32789067790496,22.356163910642593],[114.32712544235413,22.3553639529586],[114.3273048558693,22.354736376028722],[114.32644832447359,22.35449162286313],[114.32612117901277,22.35392060110271],[114.32673010312574,22.35326624870541],[114.32730348494076,22.35172888124436],[114.32728761909222,22.35061985758779],[114.325385968477,22.35078355025052],[114.32635104900449,22.34842868742436],[114.32572676107277,22.348139694250193],[114.32566511120476,22.34766973574541],[114.32373531296503,22.347742319275657],[114.32322970404358,22.347158102629205],[114.32452958738307,22.345885709516768],[114.32484816375823,22.344045511310497],[114.32357884532995,22.342263797908725],[114.32142484738507,22.34195201349105],[114.31836018011796,22.34332420978478],[114.31772071747142,22.34317704355052],[114.31736026483962,22.343515279790715],[114.31671597877052,22.343307044002568],[114.31488929311193,22.34508595960932],[114.31457811244485,22.346039457319215],[114.31398959219969,22.346272280542898],[114.31337922312667,22.345985686570067],[114.3132964804221,22.34463989550158],[114.31280747082275,22.343623666910364],[114.31166457335607,22.343034589555685],[114.31045056845443,22.34350516694837],[114.30918980866345,22.34520205551425],[114.30737578760659,22.345612496880943],[114.30656891493467,22.346860981300306],[114.30568265020877,22.347242352964084],[114.30533886416522,22.348289602292695],[114.30491699693536,22.34844458479986],[114.30470006029913,22.350204925464464],[114.30382194857596,22.350740324872284],[114.3036722630291,22.351575354716744],[114.30316474599309,22.351878403295576],[114.3040356768906,22.35363336456201],[114.30346322788148,22.35463056375098],[114.30390316162145,22.35507950867062],[114.30452845822998,22.355002246236932],[114.30520760394604,22.356245214594374],[114.30592860212607,22.35691286898094],[114.30628288238843,22.356858929508352],[114.30674523166343,22.357603610660522],[114.30571721974148,22.358098449698527],[114.30528654077139,22.358738434187405],[114.3053614184361,22.359500422272575],[114.30506543382464,22.359878349789867],[114.30529468702524,22.360819089261458],[114.30599387781633,22.361118039080644],[114.30639458240802,22.36086958033807],[114.30645724165183,22.360359740034],[114.3082197578159,22.359893719964422],[114.30809423932195,22.36070978912905],[114.3072158503404,22.36089374751654],[114.30608980297738,22.362105793814774],[114.30553329298253,22.36333870385324],[114.30600738877699,22.364055380308915],[114.3052437819972,22.364202170072254],[114.30533584511551,22.365109860096116],[114.30420996928522,22.365282232022594],[114.30550241912456,22.366294687954845],[114.30545394959772,22.367699920300304],[114.30412056130854,22.368075571748793],[114.30438633386034,22.366937471406768],[114.30392641795987,22.366517420433155],[114.30275549518171,22.36682985067005],[114.3025625433484,22.367458781137273],[114.30201454287645,22.367727448193765]]]]}},{"type":"Feature","properties":{"地區號碼":"R","District":"Sha Tin","地區":"沙田","Administrative District Boundary of Hong Kong":"Administrative District Boundary of Hong Kong"},"geometry":{"type":"Polygon","coordinates":[[[114.1412524723332,22.35522746779279],[114.141614347221,22.359110991749496],[114.14229756847953,22.359774483147696],[114.14288909292593,22.359854166625745],[114.14315965669363,22.360693557565885],[114.14455178628165,22.36198940980293],[114.1455337472347,22.36228695976552],[114.14525586572218,22.363156596779852],[114.14601935659655,22.364129300359608],[114.14453265679713,22.36646397013006],[114.14439954350601,22.36717555578039],[114.14521143898921,22.367419395859415],[114.1446664088277,22.368082362708776],[114.14519317341097,22.368528707776594],[114.14492572669208,22.369300383105035],[114.14610031518225,22.36978492129894],[114.1469374741849,22.370782136211606],[114.14598595753628,22.37197413699999],[114.14541679184913,22.37216954061939],[114.14548391082849,22.372944912226952],[114.14491131621591,22.373534081675057],[114.14491643010325,22.37420826739324],[114.14634599009757,22.3759129552698],[114.14841159117465,22.376544368211682],[114.14847320396157,22.37816789288604],[114.14952682227958,22.377697979419835],[114.14978135866372,22.378009807619378],[114.14942173929387,22.37884376085467],[114.14968883396982,22.37926142509247],[114.14895492841976,22.38032363748143],[114.15183831553632,22.381546795270683],[114.15428099918225,22.381703663599737],[114.15683645380349,22.383200114398175],[114.15694468798048,22.384705347477237],[114.16052831152882,22.38691377031086],[114.162249589395,22.389594777135805],[114.1628337213917,22.391162014547124],[114.16509115985868,22.39236863463112],[114.16543483347084,22.392932984051505],[114.16722517941746,22.39368164835247],[114.16803606830963,22.394826701456864],[114.16755081541561,22.39558677264828],[114.16758929774416,22.39739853744097],[114.16588103173173,22.39866536714932],[114.16606070073713,22.39915588802074],[114.16687961188566,22.399533624868628],[114.1677517244897,22.40099824181908],[114.16719963575645,22.40187172195298],[114.16756196129458,22.402475741211944],[114.16711865920018,22.4025606136092],[114.16698211793592,22.403924137785133],[114.16759793319937,22.40501388930196],[114.16658398208769,22.406156766687552],[114.16639109014838,22.40729115716162],[114.16518623003711,22.408928899958116],[114.16511765666353,22.4096632744019],[114.16558696067341,22.41019654534787],[114.16522554195703,22.41143246389043],[114.16780426612745,22.412173646456093],[114.16918364535101,22.4130273993419],[114.17330552304612,22.41294359903886],[114.17345151687026,22.415816940620488],[114.18502628606822,22.415731009816113],[114.18517186725987,22.416803850542696],[114.19159126080348,22.41857070913286],[114.19859096143881,22.418709229972738],[114.19910002005719,22.421632588579264],[114.20004417539154,22.42177154594974],[114.19995580170819,22.422581878972366],[114.20048251724322,22.424421337275955],[114.20239417300843,22.425443512657004],[114.20258752872274,22.423375184536496],[114.20235827122065,22.42294736500236],[114.20320167236943,22.42347901795167],[114.20363677176658,22.423084307917794],[114.20348606463503,22.422526659824445],[114.20380215008237,22.422771397686034],[114.20319899835316,22.42428018592225],[114.20330174111791,22.424698189479138],[114.2046543460998,22.426150592827273],[114.20511400655623,22.426109305617054],[114.20529007988615,22.425331906847557],[114.20658807021441,22.425568945987],[114.20764915702304,22.426798830021806],[114.21084785531467,22.428877380333965],[114.21335716232477,22.4271128591152],[114.214486066111,22.42586573394629],[114.2150737261345,22.42467040193086],[114.21521160000152,22.423216679744616],[114.21459643974507,22.42139188747438],[114.21475251821354,22.41838736715177],[114.21419756854046,22.41666472262182],[114.21463465919707,22.416264881057266],[114.21488016763058,22.414923316118642],[114.21374505873288,22.412049019568343],[114.21381105327438,22.4110343593304],[114.21606724709532,22.409474590251047],[114.21602417403047,22.409220242701167],[114.21878421277484,22.406942654550008],[114.22105080213389,22.41059184084173],[114.22385405839648,22.42124679272133],[114.22619776849957,22.42567607929622],[114.22817268820987,22.427871416987106],[114.23130452504166,22.428352691362154],[114.23336483610078,22.427378831683622],[114.2348068037993,22.428556782110313],[114.23462514799279,22.428990654800298],[114.2350619290318,22.42878463982955],[114.23561862129986,22.429538239569677],[114.23887222961883,22.4320605370889],[114.23876824788921,22.433954719464268],[114.23685633364123,22.435521129668256],[114.23704258940872,22.43631898021597],[114.23796476875256,22.43697175444219],[114.24004813819565,22.436929297200468],[114.24076261327303,22.43747191592596],[114.24196083086855,22.437523813802116],[114.24346072847545,22.43693281098828],[114.2450945421312,22.43552490345597],[114.24707849743898,22.43636951841832],[114.24788468046701,22.436202825731304],[114.2478599043541,22.434794633665124],[114.24607277645359,22.434406198796616],[114.24533321287988,22.433785054061897],[114.24471484421005,22.433690512708615],[114.24410967910835,22.432505169611133],[114.24466100004999,22.431409800328638],[114.24551941952777,22.43090761859445],[114.24608411757912,22.431049716475652],[114.24702822002757,22.432309222086946],[114.24820898646337,22.432608948755846],[114.24857851006328,22.433049918245526],[114.24971399648656,22.433158123156932],[114.24980669268648,22.4324071267338],[114.24925771904705,22.4319206880702],[114.24954902922018,22.431356783151564],[114.24818573506302,22.429937590296575],[114.24886341543512,22.42926129950995],[114.24758273026774,22.42888057184616],[114.24714021860655,22.42781442120333],[114.24796627596166,22.427929568938435],[114.24943219648554,22.425796123475923],[114.24895227842275,22.425295286796647],[114.24874862086303,22.42434922786339],[114.24952442473376,22.422402758008058],[114.24835088893352,22.4194812445753],[114.24848925916967,22.416810437044713],[114.24910469843942,22.41508290462196],[114.24860680588506,22.414206350604502],[114.25096752215882,22.411812812453267],[114.25187840677918,22.410446080565297],[114.25216981714557,22.409091804223635],[114.25177387394538,22.40808875684346],[114.25189050705217,22.406016202409095],[114.25241161253754,22.405377463050595],[114.25358960421069,22.404798984511196],[114.25366494513091,22.403830467845054],[114.2531555221552,22.403104915756927],[114.25446788043182,22.40133396914178],[114.25285203504656,22.399087542208513],[114.25295766298751,22.39709465662175],[114.25230495929894,22.395383739342417],[114.25287823182157,22.390256249893756],[114.25350772623091,22.38921413035625],[114.25452858729197,22.388627411250397],[114.25453325946145,22.38674725316769],[114.24676108684321,22.38689090865274],[114.24749205648298,22.385863677993566],[114.24756630098051,22.38484827818534],[114.24635838816616,22.382969742644285],[114.24632294282654,22.38225156339034],[114.24572193273501,22.381192474144008],[114.24479629427535,22.380430134338976],[114.24453808115732,22.379640091632083],[114.2426274843471,22.378853731378147],[114.24161021789699,22.377140740563508],[114.23981941737571,22.375169459989017],[114.23760126295241,22.373383989460965],[114.23535198413167,22.372658483156652],[114.23370746716616,22.37129367704182],[114.23158116960157,22.370641867694797],[114.22965177908495,22.37083974951965],[114.22696340616116,22.370580112489154],[114.22700987062184,22.36903575723481],[114.22581206325493,22.367296460149813],[114.22519150140008,22.36495474697389],[114.22374545588957,22.36395899137768],[114.22394969725721,22.361198458294396],[114.22476183983527,22.358505758243005],[114.2176706732525,22.358006451657275],[114.2165157872762,22.357114862370334],[114.21445725160366,22.357207874198334],[114.21461891596515,22.356839495016533],[114.2139975725498,22.356872703833787],[114.214158639391,22.35571617838507],[114.21096403561917,22.355092742252637],[114.20911658715134,22.355809354565093],[114.20680541702797,22.35453793116002],[114.20482551029038,22.35486892220988],[114.2037305165293,22.354252183549573],[114.20261252994966,22.354283671930105],[114.20218678700026,22.35459105484185],[114.20117688315067,22.35434336852456],[114.20010549260383,22.354549552943567],[114.19918081385414,22.355394653958115],[114.19932638275704,22.35508420705721],[114.19826658361181,22.354373287242236],[114.19814010699596,22.35387190144969],[114.19745700761442,22.354096804604843],[114.19728954802302,22.353029932262274],[114.19676414442276,22.35245294927574],[114.19634523300317,22.352838452770285],[114.19515716222502,22.352996736839813],[114.19308458489883,22.353850805490044],[114.19270936140022,22.3526042682751],[114.1910531492762,22.353050804008376],[114.19132771222591,22.35224594504993],[114.19101522030381,22.352016616019224],[114.19153685852524,22.352005151041265],[114.19184664679518,22.35156623466198],[114.1912524278121,22.349715688734186],[114.1887337651972,22.35018525291719],[114.1876823121786,22.349849668507677],[114.18541901427339,22.35032386777562],[114.1849392188486,22.349549953384983],[114.18336829596284,22.35010820302804],[114.1803385855803,22.34865673619913],[114.17903029670288,22.348969267034672],[114.17866234414187,22.34865944727751],[114.17789220431104,22.34896192969551],[114.17719145156146,22.348713029245573],[114.17683313209945,22.349199715762158],[114.17565532097974,22.349066467817263],[114.17432484254797,22.34794810609264],[114.1735250198867,22.348309766772253],[114.1730281641313,22.347892600390818],[114.17341314938265,22.346973721987275],[114.17262445549855,22.34628559619331],[114.17149494550773,22.34649440267811],[114.17044140501984,22.345955135297714],[114.16968180157505,22.34608201886811],[114.16825334861637,22.34572436152764],[114.16697133531429,22.346232403569818],[114.16609263293216,22.345676230676656],[114.1654149828874,22.34721088963746],[114.16371500613683,22.348515026532763],[114.16135002867703,22.347431143821353],[114.16101557290945,22.346942900511362],[114.1601721187976,22.347226085581624],[114.1595958993751,22.345990287336637],[114.15868631458875,22.345352319257085],[114.15716223774972,22.346365583562868],[114.15631893253924,22.34615840455155],[114.15598143074405,22.346539261276632],[114.15494528413484,22.346744366431604],[114.15252252980216,22.346096250490262],[114.15130953674401,22.347047948131607],[114.15125482639947,22.34565699030362],[114.15080066613078,22.34492282874191],[114.14799560212452,22.344958837899895],[114.1469028578289,22.344124031699888],[114.14618627386771,22.346345299486487],[114.1453248775344,22.346906862825456],[114.14464278402382,22.34793269379174],[114.14473047904721,22.348720349249863],[114.14268841371403,22.34898854244111],[114.1419774628775,22.34954465476099],[114.1421100229494,22.350744985095876],[114.1412524723332,22.35522746779279]]]}},{"type":"Feature","properties":{"地區號碼":"S","District":"Kwai Tsing","地區":"葵青","Administrative District Boundary of Hong Kong":"Administrative District Boundary of Hong Kong"},"geometry":{"type":"MultiPolygon","coordinates":[[[[114.11156944594606,22.360190849646415],[114.11384084993558,22.36094338356661],[114.11597771785296,22.36253015711071],[114.11985168418843,22.364185315820922],[114.1233656950484,22.370462800437146],[114.12985582441735,22.371050154426154],[114.13109000652055,22.370676032657133],[114.13276066958667,22.36953733983461],[114.13377028568735,22.37007317625922],[114.13437973023267,22.369933583954605],[114.13460109686406,22.370986376948196],[114.13625990113968,22.3725980565953],[114.13630320219812,22.375893284325745],[114.13738283032944,22.37930274255763],[114.13705153510791,22.380040081553016],[114.13595364309394,22.380348382022287],[114.13592726554408,22.380825174812344],[114.13517215546672,22.381120610817515],[114.13505136743515,22.381619565288034],[114.13667892021162,22.38178792972624],[114.13755332375545,22.382236026473922],[114.13853508208435,22.38210377702265],[114.14348667383808,22.38459296428591],[114.14444084750944,22.384541539690048],[114.14468008272456,22.382750512421175],[114.1439201028177,22.38236129725358],[114.14383356742826,22.381561853466454],[114.14305743496354,22.38154406000836],[114.14444054388801,22.3807344603629],[114.14416546274016,22.380298010700635],[114.14368299776062,22.380319423452907],[114.14433133623751,22.378473643443265],[114.1445138013662,22.37880812693922],[114.14541694876792,22.379004570464936],[114.14633376981611,22.37822695460971],[114.14897141397363,22.380345992262995],[114.14989139551683,22.379326131533283],[114.14963088480802,22.37884400398861],[114.15003835429481,22.378080458019006],[114.14964351093876,22.377522750147666],[114.14865928498917,22.377985712296965],[114.14856802546169,22.37639746215276],[114.14645846646977,22.375745247143303],[114.14509486587932,22.374215623092876],[114.14509973142188,22.373612254257697],[114.14568149938401,22.373003693088005],[114.14560822089635,22.37228782620656],[114.14612429209069,22.372123216875853],[114.14718739512212,22.37083114229963],[114.14622321668223,22.369624472249676],[114.14511551034788,22.36918514158439],[114.14540429442374,22.36848122149792],[114.14489213811069,22.368090642440695],[114.14545832348874,22.367348110273216],[114.14460734937009,22.36711677678127],[114.14622342770053,22.36408738003873],[114.14546308510293,22.363109766168673],[114.1457565216338,22.362546008625994],[114.14562082690885,22.36198538470045],[114.14466913282789,22.361823449620648],[114.1433212801969,22.360570964100294],[114.1429918847356,22.359741112637387],[114.14223520533464,22.35953981183677],[114.14179311642188,22.359014966475478],[114.1414110926938,22.355899787605093],[114.14224730134777,22.35120537896243],[114.14227223532797,22.349340132935573],[114.14358000206646,22.349225289297493],[114.14433072615623,22.34880036883777],[114.14496172623436,22.348919782564604],[114.14482872939823,22.348021390969205],[114.14546973778936,22.347050020051704],[114.14629737038696,22.346553710993632],[114.14693495324153,22.344799426207185],[114.14705651972004,22.341579872684765],[114.1489591471348,22.34057255410699],[114.14680041128574,22.339902500254592],[114.14535544702228,22.33990061343076],[114.14333773156659,22.341155649913315],[114.14169453663604,22.33993292983361],[114.14087188829293,22.339783197884795],[114.13823204059078,22.341175255705128],[114.13808134617676,22.34191876499535],[114.13606609324832,22.34132171656998],[114.13592481850485,22.340296255056664],[114.13524619522741,22.33955280128535],[114.13415622559293,22.339577721262742],[114.13300682136922,22.33869053303535],[114.13185308746824,22.339173850587713],[114.13253580395967,22.33760374419452],[114.13405769210273,22.33579530749327],[114.13648040166224,22.33450150173304],[114.1389366128145,22.333686394717887],[114.13891894272626,22.33292922691763],[114.14180975044749,22.33164099221064],[114.14223530633548,22.33095036052957],[114.14195274728947,22.330074001919908],[114.1405617258903,22.32892005206158],[114.14064148687143,22.32831739911953],[114.14004184869997,22.328470129123417],[114.13810344709744,22.327065685848993],[114.13813156674468,22.32668716238724],[114.13632866646672,22.325353507832475],[114.1351841862778,22.32354203625432],[114.13254414580331,22.32273853424613],[114.13050988787015,22.321319980147766],[114.13075278093572,22.31989964079031],[114.13135584476215,22.31883923047981],[114.13204639402896,22.3183338702248],[114.13196358121941,22.317774113539834],[114.13087660543209,22.31805853373618],[114.12947984961788,22.317439135370506],[114.12878416349027,22.317762700315384],[114.12841158658958,22.317302170107244],[114.12819090412466,22.317521766144786],[114.12846585752962,22.317926549163268],[114.12153732278658,22.32149507122971],[114.12144288330018,22.322445482692807],[114.12260902500586,22.323952442138417],[114.13526798643942,22.32768148637136],[114.1343797635703,22.330303596548504],[114.13410747642223,22.330434393625957],[114.12661898414244,22.328354708623234],[114.1242011484758,22.33550992902819],[114.12948959167389,22.337149005894812],[114.12867930107562,22.339581888822373],[114.12334146862888,22.338079336381952],[114.11976753057786,22.34851656233278],[114.1153781174148,22.347355073355086],[114.11442642926734,22.350625218660777],[114.11351316802792,22.35254799633229],[114.11441614562642,22.35316883220685],[114.11517581721057,22.351611333894475],[114.11581931628976,22.35181574088642],[114.11629845497143,22.35466898311587],[114.11546970514242,22.355150000938796],[114.11323818452955,22.360028492282403],[114.1120747155353,22.359170529116128],[114.11156944594606,22.360190849646415]]],[[[114.07886722265843,22.35844111133376],[114.08051980149764,22.360008276762617],[114.08269139046213,22.360436004837315],[114.08531033752712,22.36193300923907],[114.08909900153913,22.362479266783968],[114.08930116902661,22.36291475453375],[114.0897646057434,22.362858698820986],[114.09008234469403,22.361720205351304],[114.09122069848472,22.361725676226815],[114.09209255777645,22.362205015394114],[114.09233506927566,22.361719991883025],[114.09267906262043,22.361732307024266],[114.0930580389852,22.362475147845217],[114.09321830165777,22.36170098471872],[114.09392752379154,22.361768546683933],[114.09410654019867,22.361497545813336],[114.09452469921204,22.362190766696692],[114.09499268924522,22.361858764377622],[114.09511518960667,22.36214247953221],[114.09566628137648,22.36209717703351],[114.09582723187626,22.36156017553403],[114.09596731207077,22.36222965813842],[114.09630075055492,22.361855087089168],[114.09998216203,22.363909307565038],[114.10744716664881,22.363222172757105],[114.1091366255322,22.359858593399718],[114.1093605523356,22.354902386462218],[114.11024845164084,22.35205978623319],[114.11232032710701,22.34835433171965],[114.11218453911142,22.34749977702398],[114.11773826209017,22.330919068061547],[114.11408895173786,22.327355471201887],[114.11260578830733,22.32737209322496],[114.11261371365669,22.328692900721297],[114.11049908329183,22.32855169311187],[114.11038207417938,22.326969459784245],[114.11118796324651,22.3268366438743],[114.11114384657253,22.32655259115524],[114.11032095056707,22.32652988328849],[114.10989291107114,22.327073789622776],[114.10821522436422,22.32703979199073],[114.10808334265707,22.326744089845683],[114.10778335794154,22.32701827746584],[114.10617149850135,22.32693331623752],[114.10413070012729,22.32821030789291],[114.10392884712483,22.328820202461785],[114.10388376847116,22.328222451187933],[114.1022106332054,22.327994136120868],[114.10234150459183,22.327156658780666],[114.10270850216571,22.327017823865116],[114.10205820794398,22.32674616794447],[114.10101086759536,22.326908025894387],[114.10201017620174,22.327137141080414],[114.10188004720318,22.327959005767323],[114.10109190989643,22.327854116240616],[114.10102235922791,22.327572836728994],[114.10071135481648,22.327805487583532],[114.09536239156954,22.3271112979504],[114.09506526788815,22.32608429752602],[114.0918472698845,22.326060464132226],[114.08906054703431,22.330851689362998],[114.09078236026426,22.335447060365226],[114.09264839688876,22.338283020853922],[114.09104227601475,22.339091644488583],[114.09028984305681,22.338819968434212],[114.08942425501378,22.33972985582918],[114.08958376058816,22.340694692023913],[114.0901618794476,22.341171931783297],[114.08983526482857,22.341466258754735],[114.09049547123091,22.34142534446879],[114.09129006712081,22.341912073541174],[114.0897509194298,22.343659392476802],[114.08420320314747,22.344443492621178],[114.08477169067724,22.34837500448134],[114.08329142771419,22.34874634020085],[114.08345481870936,22.351001789154598],[114.08145328614172,22.350945241226327],[114.08124559188362,22.351626367062337],[114.08000681707743,22.352453990135476],[114.0798182452729,22.35316231089542],[114.08016066509154,22.353740317401737],[114.0798071296473,22.354839268398184],[114.08030466790991,22.35523409369547],[114.08024175605287,22.356458307688442],[114.0790940443431,22.357705690919246],[114.07886722265843,22.35844111133376]]]]}},{"type":"Feature","properties":{"地區號碼":"T","District":"Islands","地區":"離島","Administrative District Boundary of Hong Kong":"Administrative District Boundary of Hong Kong"},"geometry":{"type":"MultiPolygon","coordinates":[[[[114.10067939167548,22.21858005254241],[114.10235464893833,22.218645103025327],[114.10257438098014,22.21931273541291],[114.10293268256262,22.219280426594135],[114.10322409831419,22.21969868462627],[114.103009537071,22.221089078415126],[114.10357067269348,22.22202455429051],[114.10500863772509,22.221361699447357],[114.10562776502418,22.22214430060289],[114.10561563897606,22.222660559037482],[114.10603597194758,22.222767336401954],[114.10611629577137,22.22317890361321],[114.10708658941287,22.22347108371015],[114.1074441897032,22.22433683551935],[114.10781865275447,22.22424140055573],[114.1088754636082,22.22507021288122],[114.11031698777661,22.224867536649356],[114.11044947113372,22.225317074242067],[114.11120157157076,22.225233457886134],[114.11119827562169,22.226749678114928],[114.1096251985052,22.226726777476696],[114.10920441574486,22.227899633268215],[114.10923823939173,22.22745973366526],[114.10890930765157,22.227329000825225],[114.10822057258746,22.227961676824414],[114.10878121607408,22.228245110582574],[114.10905666999979,22.229153328053187],[114.11009049338966,22.22977746940078],[114.11009945240497,22.23103084409675],[114.10979946693956,22.23136355494373],[114.10786814895185,22.23178221659932],[114.10750958269149,22.232377913389612],[114.10706223392233,22.232170966395383],[114.10615662678306,22.232748226342153],[114.10569373293151,22.233287721385167],[114.10574610534306,22.234208173883907],[114.10695594894004,22.234825185540917],[114.10710437965456,22.23534891759939],[114.1077763203104,22.235809624730233],[114.1082601035222,22.23578465483975],[114.10846760815681,22.235403360018598],[114.10894639065766,22.235518234285063],[114.10929556522943,22.23613528091567],[114.1098401255747,22.236333853314434],[114.10989290079094,22.236762955760067],[114.11256793598609,22.237209948310348],[114.11347634797606,22.238078984722918],[114.11454956329432,22.238009613011837],[114.11690691858709,22.238700926905608],[114.11731371186764,22.23925814928938],[114.11680848262158,22.23982283119615],[114.11807400045564,22.241263137549613],[114.11910545313556,22.240032703075244],[114.1189726074495,22.23949835188606],[114.1192474844092,22.239212978333743],[114.12161867414542,22.23910183471519],[114.12238411875569,22.23856217863596],[114.12314037065475,22.23729330334396],[114.12307075634666,22.235971089258857],[114.12233148568977,22.234873116595832],[114.12223806419253,22.234009793585628],[114.1209458310877,22.23371678658542],[114.12049628463438,22.232885605151885],[114.12056621153643,22.229675460749963],[114.12333247424922,22.22781018397738],[114.12326360975287,22.227489085088393],[114.1236852435569,22.22712278278457],[114.12603018410726,22.226241770945588],[114.12566166592737,22.22471806397417],[114.12618257333847,22.22391141136688],[114.12681150140831,22.223730741140198],[114.12682394325937,22.223128228244196],[114.1265396770367,22.22299343301758],[114.12631625797788,22.223561474255234],[114.12563803444004,22.223645427087714],[114.1254113748659,22.2225629029139],[114.12726419697415,22.220827958240342],[114.12701145292091,22.220409968613573],[114.12722243492178,22.219959365311812],[114.12958170628939,22.218884688736342],[114.12994303788915,22.217894673940723],[114.13045933860474,22.21798001991902],[114.13117785885498,22.218758572718077],[114.1318279542274,22.21895416525012],[114.13158242037721,22.219570002792512],[114.1324105672877,22.220478215926192],[114.13231551789767,22.220775402790224],[114.13332801666763,22.220986814293013],[114.1332062406389,22.221534002651683],[114.13374213407714,22.221838632328527],[114.13430117302102,22.221233663287332],[114.13463190500427,22.22136659971126],[114.135832767105,22.220838912130027],[114.13695637809334,22.218754011199152],[114.13716231297177,22.2166586968135],[114.13646648530558,22.215172864166743],[114.13535621377555,22.214326097444697],[114.13467395657847,22.213090596502802],[114.13003782539965,22.210363972505025],[114.12933800313671,22.20955868741763],[114.1281255053979,22.209552608038347],[114.12780026594687,22.20992004727203],[114.12695190856954,22.20945420325102],[114.12715442080848,22.208143783203905],[114.12665721908961,22.207260382845984],[114.12702008776476,22.206585760940133],[114.12668642896101,22.206009258888734],[114.1269877257757,22.205546232814648],[114.12758317399988,22.205533384609],[114.1272631463024,22.205173430872538],[114.1278320170297,22.204368530422098],[114.12910114482185,22.203733532741182],[114.13010199583148,22.20185897804497],[114.13063613303923,22.203511833891167],[114.13055520449059,22.204486764292916],[114.13106907611899,22.205639808042353],[114.133188075349,22.207580847507362],[114.1334998442839,22.2073370278176],[114.13481919402167,22.20830474734919],[114.13539026739322,22.208144922312094],[114.13564028619004,22.208722792511384],[114.1393440984449,22.208996948347174],[114.13979792031071,22.20930670539245],[114.14049311019477,22.208962133412175],[114.14227100616202,22.208842302152153],[114.1436430700765,22.207887091908464],[114.14484200192828,22.207916487624416],[114.14554354667177,22.208252549513265],[114.1456087773723,22.209345644729428],[114.14654848615002,22.20933321737601],[114.14735094771785,22.21102908261388],[114.14901176577337,22.21104052648844],[114.15032195547539,22.212113419339026],[114.15212064008429,22.21193504011589],[114.15248681492484,22.210567892880793],[114.15235903615456,22.209955309307027],[114.15291306464042,22.209419422021778],[114.15507575780522,22.209383722756343],[114.15552125381598,22.209810707485424],[114.15847833365288,22.210408782599373],[114.15946537034662,22.209841362189717],[114.16035057433108,22.208692478203407],[114.16010038761165,22.20804113875327],[114.16033322045061,22.207453407967222],[114.15994850424009,22.20680230616075],[114.15855380778427,22.20647018043305],[114.15858483102237,22.206123327258876],[114.157844433286,22.205938673545916],[114.15804097800462,22.2047125170598],[114.157528774771,22.20392428272363],[114.15574741986589,22.203523174161806],[114.15398362268516,22.20425652911012],[114.1526172111494,22.206061166016436],[114.15150986450597,22.206127713392956],[114.15076836948566,22.205352670276067],[114.14986604233636,22.205635625104573],[114.14998201928492,22.205108958970218],[114.14953261301822,22.20508543062049],[114.14997837110096,22.204535778331092],[114.14995724875408,22.20377643018145],[114.14949414924293,22.20380879368872],[114.14908873545784,22.203366733867774],[114.14803735868655,22.203439980775727],[114.1479601354706,22.202671285086645],[114.14708459790704,22.20245679559902],[114.14701894654246,22.201545155434196],[114.14665918064644,22.201364955908023],[114.14689935119041,22.20004625818334],[114.14548485534297,22.19961603603912],[114.14483334119294,22.20000734451606],[114.14361651464434,22.19962044250651],[114.14331132134639,22.199212393986144],[114.14409416787453,22.199129571384404],[114.14425536764918,22.198612374166775],[114.14310336472967,22.198098136219436],[114.14252362337938,22.198837473863563],[114.14206264750149,22.198493608860282],[114.14081014875454,22.198977746377697],[114.13973342306784,22.19782831948248],[114.1397466984783,22.19699028938617],[114.14008115209396,22.19681749581947],[114.13991840423115,22.19658061504851],[114.14029987838596,22.195713965162195],[114.14094951852286,22.195344198476608],[114.14162727482406,22.195634305721594],[114.14386397208938,22.193432670024084],[114.14421121768441,22.19236243712634],[114.14326341355273,22.19110294927128],[114.14334623097214,22.190648819744084],[114.14393046399375,22.19024616287835],[114.14538443899028,22.190206332997576],[114.14579457783447,22.189858987053974],[114.14630836414173,22.188284838824742],[114.14721712058359,22.187143369086854],[114.14702816963567,22.18644483057288],[114.14758661001947,22.184572679049115],[114.14906467149112,22.183729423322045],[114.14934098929824,22.183238438366082],[114.14899443752572,22.18266154846398],[114.14962032182454,22.182444887026286],[114.14971263432508,22.181611769965944],[114.14918938811734,22.18109648844652],[114.1479593869897,22.18117110344093],[114.14810066619891,22.182421716008054],[114.14772663543437,22.182916567760024],[114.14608875770239,22.183515878320495],[114.14543950753036,22.183235558421874],[114.14434211189955,22.183416350280204],[114.14333102000369,22.184249615663933],[114.14304006357236,22.185495945437026],[114.14078079988805,22.18696002041611],[114.14045673171925,22.187519454736595],[114.13808967917923,22.188405220748386],[114.13809656742954,22.18919081254746],[114.13728105922348,22.18931167642559],[114.13709519026467,22.18975200711884],[114.13462663787858,22.190772724642116],[114.1346327700277,22.18996739501023],[114.13433497502183,22.189844812052346],[114.13455403184747,22.187914293346765],[114.13424825013139,22.18710893303058],[114.13554349074309,22.1865317703096],[114.13616680347468,22.185247572575264],[114.1359794890139,22.185015205006888],[114.13739402235912,22.18276139185893],[114.13788828725117,22.17998493299926],[114.13744810210771,22.179297737260033],[114.13771360984938,22.178444671426234],[114.13728923231842,22.17765429519717],[114.13656994157978,22.177805977102658],[114.13589441029845,22.178613150747267],[114.13406949826015,22.179630810838898],[114.13288486076141,22.182598996617685],[114.13226960491491,22.183252240292333],[114.13028451295229,22.182199521353095],[114.13037661207969,22.181915558613092],[114.1293712871953,22.180813574922354],[114.12924016050033,22.18016090578703],[114.12832120980683,22.180003884808844],[114.12837365795919,22.179209583053243],[114.12751255472264,22.17838744528052],[114.12558026669393,22.17815007144131],[114.12514674722225,22.178625507585284],[114.12537525452116,22.17943240261025],[114.12423326732001,22.17993251846949],[114.12313487127366,22.18120848461577],[114.12245635484561,22.18095842959281],[114.12179517991132,22.179712950365968],[114.119484088164,22.179741767639733],[114.11870659403681,22.180070009143627],[114.11820215832192,22.179920547722016],[114.11729049946884,22.18111977511804],[114.11589523807042,22.18129563380315],[114.11514724211537,22.181710301538136],[114.11463416290086,22.183096481379334],[114.1142274517651,22.18307191752],[114.11373290150304,22.184002386115175],[114.11410514494037,22.18499854484612],[114.11382707192136,22.18553344934327],[114.11418144999655,22.185677539402],[114.11420046858736,22.18679126701364],[114.11547139054478,22.188249727830232],[114.1175395340294,22.18859595197946],[114.11869875138096,22.190312615854555],[114.12026731234663,22.190782417859726],[114.1205073052898,22.19125169677642],[114.12004664201233,22.191606432806843],[114.12031208594814,22.191971818774686],[114.12001971142173,22.19250142143648],[114.12042642793052,22.192614993198262],[114.12072023257528,22.193238107444667],[114.12070476110851,22.19703788643081],[114.1213670399296,22.197782290658708],[114.12140961562362,22.200827938127784],[114.12196359490571,22.20133878282285],[114.12164241872088,22.20251007198497],[114.12210097201502,22.203029201368324],[114.12163768825576,22.203511450360043],[114.12239909979985,22.20376658470075],[114.12256742426858,22.204250848125398],[114.1222599016234,22.205004094916195],[114.11960119751615,22.206716456619915],[114.11958073331067,22.207504239115465],[114.12113957709634,22.208198649157374],[114.12131167540716,22.208847009232592],[114.12072235543619,22.209905925677514],[114.12088234710946,22.210220539280925],[114.1215288267977,22.210249196931905],[114.12178706538523,22.210904513137667],[114.12124823744502,22.212183035168245],[114.12047207935038,22.212987112855405],[114.12114227954685,22.21377115032597],[114.12119279907915,22.214284671198044],[114.12022879662408,22.21558722813394],[114.12047486458023,22.215821521410717],[114.12014283915995,22.216682488412253],[114.12030300611649,22.21697038069027],[114.11955288185513,22.218510291409274],[114.11913405001505,22.218449063884883],[114.11910410007877,22.218719205119204],[114.11817280275936,22.21834044724045],[114.11739518858448,22.219479128267874],[114.11605664037405,22.220030390832324],[114.1136325597202,22.220002265266984],[114.11390244178686,22.214849228182338],[114.11364147987355,22.214095275678634],[114.11212652093518,22.213257335909443],[114.11016419404723,22.21315767348416],[114.10937421432895,22.213793021781076],[114.10935858870965,22.215917073008796],[114.10558980964281,22.215888366842698],[114.10572344678214,22.215351530566753],[114.10791442465072,22.21533095625037],[114.108415245884,22.215038475579824],[114.10873035043856,22.21133598112448],[114.10805383477114,22.210849401680065],[114.10331806315948,22.210727500685323],[114.10263298341337,22.21134030936532],[114.10274192367324,22.216172294559005],[114.1016870129394,22.215814185783135],[114.10212327849244,22.212929809752346],[114.1017643733575,22.212752919450523],[114.10067939167548,22.21858005254241]]],[[[113.8390799649202,22.22756372436486],[113.83967690290963,22.22805497937825],[113.83983401840172,22.22868015537554],[113.84044997751312,22.22899927600631],[113.8410614924232,22.231819108663796],[113.84144339090567,22.232296702035953],[113.84130462993488,22.233215501667168],[113.84163826835497,22.234300513923742],[113.84283969713266,22.235296688166496],[113.84458670101404,22.235057565203988],[113.8453718514018,22.235602982290185],[113.84601042862641,22.235497136649133],[113.84864886907383,22.23305991971246],[113.8487880075082,22.230154036558982],[113.84907179266902,22.230736814392298],[113.85096646996948,22.230870792739864],[113.85151426117777,22.231754198120687],[113.85145888017409,22.232221717600453],[113.85189664254442,22.2322799357655],[113.85213303919289,22.232940603302488],[113.85253465233394,22.233080668854598],[113.85266461224558,22.23514962454876],[113.85235887242939,22.235405069164404],[113.85257963138434,22.235568294799126],[113.85220913054404,22.237451705316403],[113.85231200759834,22.238610902438264],[113.85117063155656,22.24026932810907],[113.85080052258917,22.241578449758165],[113.85085338966145,22.24252334192635],[113.85132008234605,22.243401810118037],[113.85366616912408,22.24462597796561],[113.85871108904968,22.245386444002467],[113.86085280497578,22.246214045736874],[113.8612901146851,22.24684519216793],[113.86189231347244,22.247000720384122],[113.86123879923845,22.247186936669564],[113.86033034721436,22.252151318139532],[113.861639331623,22.25304520840861],[113.86135423121159,22.254156007880997],[113.86101162204348,22.254192329008124],[113.86089327382815,22.254616999071963],[113.85916701857954,22.254409571755865],[113.85715710898437,22.25545905180055],[113.85663908468933,22.25456835679342],[113.85710949281524,22.254494107012892],[113.85710765868872,22.25408938391655],[113.85525710421263,22.253121281922567],[113.8551642717238,22.252762438709656],[113.85460655912068,22.252994113666368],[113.8529649430119,22.25245652094516],[113.85296490141313,22.253296723310896],[113.85250543173171,22.254334872941794],[113.85191893670145,22.25482011938143],[113.851563493527,22.25592459588118],[113.85201066642452,22.25675460925912],[113.85428837251521,22.258037279604345],[113.85543332313885,22.25969733063382],[113.85602776788745,22.25969332642475],[113.85811972171818,22.26088665731297],[113.86014701308464,22.261416913276463],[113.86177818579691,22.260825159993413],[113.86248153553623,22.26115035641226],[113.86230223094367,22.25999440576294],[113.86327565479613,22.259463718650697],[113.86246273982732,22.258124148779125],[113.86297278439017,22.25861587474817],[113.86491283797481,22.25908077458241],[113.86940238585497,22.265642780061945],[113.86944638590276,22.266912924278294],[113.87018227717049,22.268004026974598],[113.87131189727562,22.26884154727782],[113.87228112668521,22.269112108406347],[113.87453065390046,22.268680371798855],[113.87692435644861,22.269409761909557],[113.87834435474046,22.270261561657037],[113.87983353364572,22.270399190331947],[113.88131043499148,22.271299193937587],[113.88272532011368,22.272796590932202],[113.88352928873842,22.27277888953329],[113.88437157730796,22.272002093673002],[113.88401336969856,22.270723984929536],[113.88456256102295,22.26992137594143],[113.88576872863379,22.26953440744593],[113.88652212878799,22.26880042170623],[113.8872766916769,22.268742227703466],[113.88788062274743,22.27166949743981],[113.8875107550358,22.272423871911435],[113.88603437640856,22.273495345254638],[113.88543137937307,22.274858919744254],[113.88634753354539,22.278021180432873],[113.88891994944619,22.27891779365972],[113.89065536047,22.28012453600707],[113.8918420926214,22.280345838189582],[113.89396884145006,22.282311935715928],[113.89422570036982,22.28355505486586],[113.89371487269102,22.284781491768133],[113.89440174582613,22.285720072137153],[113.89459229576059,22.287132184289657],[113.89409473063557,22.28774549425329],[113.89492222152117,22.289005808936384],[113.89636015890088,22.289970182651498],[113.89617244172365,22.291415133971263],[113.89682642185193,22.291938373631478],[113.89721339318997,22.291350161484072],[113.89809025937366,22.290977148672358],[113.89913533671312,22.291693811472225],[113.8998462047115,22.291614540174525],[113.89995398129216,22.290140460520533],[113.90159969256756,22.289288986368184],[113.90260048061049,22.28999515590851],[113.902743458755,22.290899099709748],[113.90398155750749,22.291806573420217],[113.90399973225038,22.293458426402715],[113.90424876071121,22.293089087932593],[113.90495856273853,22.293409528974195],[113.90523667838629,22.292783102285096],[113.9058351304404,22.292486658125227],[113.90631950654381,22.29280724338429],[113.90849365732171,22.29217551932623],[113.90874065419264,22.290615157526933],[113.9095833434407,22.289998156256374],[113.91109686322615,22.29053413668532],[113.9114189706274,22.29117984532747],[113.91211351697869,22.291480409359846],[113.9123419913143,22.292159395321548],[113.91331827166994,22.292069912008433],[113.91443877182196,22.29283093553377],[113.91602725370986,22.292870284676855],[113.91819468584175,22.292428951794303],[113.91951055272627,22.29100770778727],[113.9218969305838,22.291470004796054],[113.92429678515185,22.29011003167158],[113.92417138530195,22.28961652040183],[113.92470295379427,22.288955429519657],[113.924953871468,22.287628999550392],[113.92463898035616,22.285987345305028],[113.9273477571138,22.28333415743078],[113.92788326037537,22.28006575001232],[113.92832811456755,22.279951525477127],[113.92850817953945,22.28029432579988],[113.92920549384566,22.280452455960248],[113.92977801647939,22.280024281739212],[113.9303217750294,22.280813443546773],[113.93259293564377,22.281548238050267],[113.93309816870793,22.280857676134396],[113.9329287488215,22.279998840421985],[113.93343063690466,22.280190812433823],[113.93383789679794,22.27944810706825],[113.932909721167,22.282838709678405],[113.9353651479429,22.285149504149356],[113.93441090641923,22.286266050801288],[113.93495368828326,22.28736832574267],[113.93622309214794,22.288512082924747],[113.93646773924976,22.290541940519233],[113.94025822774591,22.293880503782994],[113.94031094613776,22.294217669223478],[113.9405892531181,22.29397543755332],[113.94387918020219,22.294369669559615],[113.94643926719701,22.296732402304965],[113.94972493396857,22.298738090774147],[113.95528640172148,22.304144111393057],[113.95687510484903,22.304060228126424],[113.95810718260701,22.30455541541599],[113.95830554886113,22.30522462147504],[113.95747757524272,22.3060963007692],[113.95846459988238,22.306991962274044],[113.9595482274742,22.30691666289157],[113.96478292072239,22.303707615523614],[113.96624814420731,22.30186036364174],[113.96702617318867,22.299683380830007],[113.96996338512355,22.30049318004481],[113.9718762867164,22.301393574003338],[113.97424680128002,22.302769739028832],[113.97502482848185,22.303962366238906],[113.97621301853084,22.30481420656378],[113.97779794037609,22.304814631713693],[113.97956994607996,22.3072728756516],[113.9863834973809,22.31122226311133],[113.99097817350082,22.311786817628583],[113.9945906958929,22.31435950938919],[114.00667152372108,22.314017927417172],[114.00799808149684,22.314635168292774],[114.00919090073532,22.314533869782974],[114.00980830727322,22.315100178137946],[114.0104877739357,22.31394943321809],[114.05551390250609,22.312900638429117],[114.0554008648458,22.310792984304868],[114.04784972012506,22.30706578803366],[114.04628499341015,22.307159951350506],[114.04616511651633,22.30611636550249],[114.04584611070611,22.30680169627631],[114.04519262961264,22.306485189574566],[114.04513662505269,22.307034512610866],[114.04166386217572,22.30591713274041],[114.03933654072873,22.30579449168434],[114.03694538032414,22.306377124485333],[114.03416435543352,22.307995308024868],[114.0319806654436,22.311528315186184],[114.02962855467663,22.312869837820273],[114.0287235376747,22.312606102562338],[114.02672452716894,22.31056702715909],[114.02535387040292,22.309874951811842],[114.02298934452602,22.309965017081474],[114.02160657347618,22.310394162698792],[114.02008619441611,22.310110568316894],[114.01816297155482,22.31047277043933],[114.01733759401638,22.309802839850978],[114.01753440127604,22.30700930942892],[114.01698574635338,22.30659680003962],[114.0175212081679,22.306587887276386],[114.01760045349819,22.30624467898619],[114.0164269516085,22.305746692086537],[114.01591842834402,22.306216740943494],[114.01569637213227,22.306101872530338],[114.01599756431919,22.30388372650249],[114.01806371295915,22.303017804517918],[114.01973500266844,22.3029097719278],[114.01934877414195,22.30194532694348],[114.01988635734172,22.30166804466301],[114.02034217094385,22.30186064418468],[114.02076385688903,22.301330144712406],[114.01745661402144,22.300207269329192],[114.0157706578185,22.30023178325018],[114.01550936712299,22.298617221918516],[114.016185416622,22.29676034329779],[114.01795791647653,22.297119420181104],[114.01820498562785,22.296850007419014],[114.01767513615786,22.29661040950853],[114.01786421193108,22.295999314635107],[114.01923291670343,22.29628793503056],[114.0199870953164,22.295826243278306],[114.02141551682574,22.297079267564996],[114.02262532501365,22.297406118646176],[114.0237239009346,22.298965585287032],[114.02459154571082,22.299206624455003],[114.02481575814885,22.298037099907088],[114.02544065233509,22.297941214840183],[114.02596253730992,22.29727382443144],[114.0256258152009,22.295219300841957],[114.02631227806403,22.294691851082842],[114.02635415544043,22.293946464953322],[114.02789493816219,22.291768358057574],[114.02723506462232,22.290839164972937],[114.02376760086277,22.291425090360836],[114.02021653823562,22.294033003063312],[114.01958332373898,22.293321477020257],[114.01982127219615,22.293026633378314],[114.01925862292936,22.29285383159596],[114.01948871087127,22.291472222179408],[114.0199936958426,22.291506406824144],[114.02110058136584,22.290722585759017],[114.01989531920643,22.290568130867783],[114.01908424354014,22.289291861156798],[114.01897170634959,22.288023170618175],[114.01949085322909,22.286217502239],[114.02102207503906,22.284757449560235],[114.02246047363367,22.28496547188211],[114.02311218385128,22.28449016639271],[114.02320134729594,22.283695135978693],[114.0224737482158,22.28228342568822],[114.02298171148986,22.28176192518985],[114.02211127222454,22.281045573008026],[114.02312452656156,22.279553441773942],[114.02408287325392,22.278761570617718],[114.02370200352637,22.278141527041257],[114.02242707968644,22.278022257810182],[114.02210615771693,22.276724599532148],[114.02172723056766,22.276333163981562],[114.02181314633448,22.275492710257566],[114.02275019446574,22.274789183639673],[114.02235544788518,22.273761235583525],[114.0223272106382,22.27080688049622],[114.02193309718275,22.270274057643697],[114.02303405373884,22.268852022983356],[114.02262337828675,22.26828973888609],[114.0221464640392,22.26834499268936],[114.02167056995557,22.267970655034194],[114.02161063137883,22.267316720385327],[114.02210400208398,22.26634823982468],[114.02328638891412,22.26649680347611],[114.02359490914262,22.26633923469374],[114.02359709456458,22.26585337580647],[114.02186363781357,22.26598415859164],[114.02101607993067,22.26574073424865],[114.02057644925479,22.266235690673366],[114.0196902262261,22.266346942785333],[114.0180612484494,22.265414155491523],[114.01396281715765,22.265205681802403],[114.01346027272079,22.26594764257663],[114.01022840923102,22.266863551517964],[114.010480580587,22.2679046291237],[114.00990609584389,22.268834201279102],[114.007013045917,22.269216697481607],[114.00572432583257,22.270072048544122],[114.00522685385357,22.271079458170895],[114.00367028041617,22.271549500802347],[114.0036391888381,22.272261257094097],[114.00183157276199,22.272348915317888],[114.0003496148838,22.271407114580143],[113.99938040066249,22.2703006125754],[113.99844598739973,22.267773441282014],[113.99840444415727,22.266800528064035],[113.99548145329757,22.265712162442412],[113.99882265066852,22.266818566525178],[114.00146479291939,22.265731049716294],[114.00198416303492,22.26585795223618],[114.00202293498178,22.265254749705793],[114.00258294098522,22.2650769703537],[114.00209566573614,22.2648030873825],[114.00250978423693,22.262894141914188],[114.00142541081802,22.262468048904594],[114.00363926168414,22.262419552301242],[114.0065107858034,22.260963602484924],[114.00636000095574,22.26037857072133],[114.00682883382089,22.26014623977436],[114.00755266667207,22.25894014449223],[114.00763487167238,22.257665485738016],[114.00841368354239,22.25718558516796],[114.00835155235329,22.256066132895086],[114.00895442378557,22.25604713576592],[114.00927261414365,22.25559249987281],[114.011130612961,22.25477515206475],[114.01157909990586,22.254244517138066],[114.01143698784352,22.253339602892698],[114.01218447137583,22.252992191313027],[114.01230493144374,22.252556618892385],[114.01173724893714,22.251887782137608],[114.01005013443132,22.252306597468365],[114.00869121705148,22.250845207319045],[114.00614653867194,22.24984260903571],[114.00618445113493,22.249273485270145],[114.00562103103731,22.248845470320763],[114.00413419015736,22.249079859858774],[114.00327544016727,22.248351486070053],[114.00187634312043,22.248844837225423],[114.00128539774002,22.24860537021797],[114.00072347006453,22.24808247625226],[114.00055937610566,22.246976479328577],[113.99968153248022,22.246258569111237],[113.99984981283426,22.245396847716957],[113.9987792748223,22.245266900514043],[113.9984436345772,22.244815427685303],[113.99627888909964,22.243886612852346],[113.99529230735678,22.243130014472722],[113.99424516194881,22.242965044595252],[113.99358558325952,22.2420954758507],[113.9939163355151,22.240928436358818],[113.99484020096183,22.239945767196684],[113.99556889321975,22.24052744058405],[113.99620087585629,22.239903942412262],[113.99720551821808,22.239677272232278],[113.99835271451816,22.240746059482294],[113.9990334699518,22.240882301582264],[113.99967546384804,22.23942233575629],[113.99945070698631,22.23918795571436],[113.9996753656125,22.238620057980267],[114.00023630966294,22.238298693487994],[114.00063009912152,22.23861485069401],[114.00124537533333,22.238565095111287],[114.00180669629383,22.23757911123207],[114.00218011835145,22.237601566995135],[114.00247086149746,22.237016603220177],[114.0036510676028,22.236337134735404],[114.00385136565177,22.235471799954006],[114.00354902016979,22.23455368805616],[114.00511943482564,22.23341631007232],[114.00639061852702,22.233562606920206],[114.00736897615609,22.233283610766872],[114.00811089327212,22.233508632248643],[114.00849911942295,22.23463322890524],[114.01065726356822,22.235585363998588],[114.01107491547228,22.234275377531652],[114.01082185549541,22.23364833845028],[114.01163032246653,22.232470092429363],[114.0125171877946,22.23212486576279],[114.01395554840971,22.232531087035948],[114.01501728751961,22.23205474565049],[114.01599877270881,22.2309493807727],[114.0164992718984,22.23108848878119],[114.01668315632281,22.231542081972773],[114.01798233801887,22.231721541695737],[114.01910652082428,22.231117056066545],[114.01969141313386,22.231194898999497],[114.02051179489501,22.230206378909823],[114.02044286071506,22.229788979852817],[114.01931932984174,22.229808756519855],[114.01789032341475,22.22885953121907],[114.01790087555405,22.228151881731538],[114.01846882520336,22.227613492115506],[114.0176899526846,22.226588442847717],[114.01742459819933,22.225546857644357],[114.01646960805115,22.225396087246892],[114.01475035626093,22.224389745668816],[114.01243311999286,22.2245982426745],[114.01214280470643,22.224318572172447],[114.01182378896019,22.22326879848339],[114.01006651777382,22.221705259058044],[114.01020770263915,22.221141679732103],[114.01068767986871,22.220802959593374],[114.01055873462302,22.219742647648967],[114.00961937287005,22.219638060586192],[114.009241743324,22.21901279943929],[114.00730340125341,22.219388456937175],[114.00591024394016,22.218515943202597],[114.00499663555574,22.218312125149076],[114.00509201252478,22.216898800960653],[114.00411714700934,22.215783991824576],[114.00452177767148,22.215615901575873],[114.00423891115707,22.214873403330834],[114.00293622212564,22.21513932256602],[114.00061517203125,22.214652653555174],[114.00023778902727,22.2169015270546],[113.99960979080414,22.21688988324192],[113.99943044947277,22.21801315326679],[113.99728083258834,22.21809457599307],[113.99537357481809,22.217376661822517],[113.99524623830818,22.216664824891442],[113.99450835796823,22.216395425296152],[113.99439901832768,22.215691019274917],[113.99371302414282,22.21509439537752],[113.99240356580174,22.21501532221365],[113.99167240902405,22.21543143245089],[113.9900386256216,22.21449339694471],[113.98947845513895,22.213823273512165],[113.99005010958766,22.21332597164886],[113.98972897012953,22.212449647552422],[113.98774671467676,22.212439240462448],[113.98713217896031,22.21214081073737],[113.98684803588094,22.214152643387678],[113.98603102777224,22.214697811994284],[113.985975979545,22.21541550847788],[113.98371234208443,22.215409936138354],[113.98310996913378,22.21612950878198],[113.98181869075854,22.2162269356411],[113.98136127214639,22.216860055421417],[113.98044407303925,22.21714688162075],[113.9805609111111,22.218428591400084],[113.98177751888262,22.218769519681203],[113.98275476851283,22.220934751451097],[113.9836107159515,22.22161018903838],[113.98377980824586,22.222539123061154],[113.98406112270135,22.222649647611124],[113.98275840355704,22.22486973256931],[113.98214626537221,22.224944076857437],[113.97976745369826,22.227537662528434],[113.97936240461726,22.22748927513653],[113.97897898698835,22.228003712923762],[113.97859990457121,22.227885393212954],[113.97754390363286,22.22855170430464],[113.97866183442667,22.230511633206547],[113.9795816764947,22.2339001927891],[113.9819581786995,22.235602865467737],[113.98160100685722,22.237129563247347],[113.9778212817818,22.23911874641866],[113.9729639166231,22.24046021163199],[113.97184317238634,22.239363699810998],[113.97136480617363,22.23959279158232],[113.97043094696282,22.239318918202738],[113.96861601688495,22.23757196978678],[113.9671077549246,22.236662288874737],[113.96529176985388,22.236534476386495],[113.96387959818125,22.23573023405657],[113.962884099139,22.23561233218854],[113.96248540415327,22.2329212832897],[113.96052250919877,22.23320073766025],[113.95897160576543,22.23249446533937],[113.95817993687065,22.231621698753813],[113.95778649367296,22.231884209390813],[113.95724383845068,22.23161465301951],[113.95690337774573,22.232296427741122],[113.95756448100231,22.23309588161014],[113.95520800470302,22.23396582491793],[113.95095574186999,22.23387174416688],[113.94524073495381,22.232245070136628],[113.94214423355182,22.23082912084448],[113.94020172180998,22.229631613149976],[113.94002416893417,22.228848091498094],[113.93917330975123,22.228623072149407],[113.93751382258907,22.228811834191337],[113.93617550241993,22.228388940324102],[113.93422174167073,22.227276957003845],[113.93433173563385,22.22571978231772],[113.93375387960687,22.225737885329202],[113.93280774278928,22.225108473135506],[113.93083944956601,22.225032160833873],[113.93008719005734,22.224532457231756],[113.92779240046522,22.22397076848916],[113.92778180687662,22.224502731066725],[113.92712058356061,22.224559781292303],[113.92581098634402,22.22617378316709],[113.92484995621005,22.226445539748074],[113.92379721541508,22.226059037230304],[113.92307001538568,22.225183839326846],[113.92154393846816,22.221531623255633],[113.91884585511451,22.221239100034616],[113.91890926082742,22.219104481115295],[113.91918991587437,22.218543266429243],[113.91968757317152,22.218359334677707],[113.91927235575773,22.21801778482997],[113.9215794125484,22.217425254150996],[113.92201019064666,22.217590906941464],[113.9223989567741,22.21715253050286],[113.92419903178825,22.217396059129666],[113.92606808648804,22.218973029090364],[113.92828937285068,22.218465578348027],[113.92902321898403,22.217702977216106],[113.92969195534948,22.21758588518304],[113.93064347436096,22.216822125467992],[113.93128511342039,22.21568108493356],[113.93125640109213,22.21442765034958],[113.93042023978221,22.21293901201593],[113.93082325984128,22.21024193790969],[113.9300531097326,22.209607192849088],[113.9280501036244,22.209543079412562],[113.92773588409054,22.20920349005267],[113.92735170775883,22.20949676038782],[113.92716688778387,22.209176445691973],[113.92537618675823,22.2089189133836],[113.92491261364373,22.20850258777254],[113.92392242395402,22.20832576032056],[113.92343117704444,22.20800887066714],[113.9234839829577,22.20740880336407],[113.92316501172425,22.207056468665467],[113.92182075058899,22.207858891411068],[113.92030319724111,22.207502132978753],[113.91983043592079,22.208227980198295],[113.91989554003868,22.209139588713956],[113.9194370435665,22.209234604140974],[113.91891429616338,22.208800559910543],[113.91857305919109,22.210181079557596],[113.91742665128707,22.21080499727043],[113.9172283758631,22.211231919362536],[113.91613397334727,22.211116177021765],[113.91579394560094,22.211407972118316],[113.91431318378072,22.210777004053014],[113.91453941962855,22.210185672583165],[113.91436613605815,22.20883635002963],[113.91334474038595,22.207413273434522],[113.91266323588167,22.207167898613204],[113.91274969067211,22.206622792709002],[113.91241912476917,22.206283271838526],[113.90924659333355,22.207509446981547],[113.90866336560315,22.207318035868255],[113.90803925602447,22.208261130994867],[113.90692893849346,22.208808705679363],[113.90672842255218,22.209669334646556],[113.90599213620894,22.2105513805284],[113.90531921881855,22.210708542139407],[113.90467976778963,22.21133348995731],[113.90349860214093,22.210909695186345],[113.90287948471874,22.211528980653025],[113.90324296083192,22.211959931452487],[113.90311559405193,22.212324090325758],[113.9021220933797,22.21268484386412],[113.90134355429272,22.213700772722287],[113.90069738502666,22.213788746826413],[113.90012254906293,22.213391164636953],[113.89950085593993,22.214314983966545],[113.89869821110224,22.214407721888335],[113.89850576211525,22.215109209352462],[113.89805629363839,22.215415859209052],[113.89823540368371,22.216704466801016],[113.89681197908801,22.218306607157878],[113.89709601287241,22.21908432402476],[113.89857602240943,22.2201442473373],[113.89813176660692,22.222084150231904],[113.89588879277983,22.22219017440099],[113.8956504824516,22.22152276044678],[113.89545058693089,22.221900023121222],[113.89406051854549,22.22183858313499],[113.89402900580743,22.22288980960513],[113.89256479520886,22.223150594910972],[113.89114153741087,22.222447888947976],[113.89173845192315,22.22123235289239],[113.891470175011,22.22057783737128],[113.89064803819996,22.220687416607937],[113.88980471405247,22.219693944556656],[113.88880916687587,22.219808828197618],[113.88818581184994,22.220760172339975],[113.88676658834083,22.22095215012223],[113.88550133121083,22.220749954888483],[113.88429684320398,22.21979783023576],[113.88309315068638,22.219398235689518],[113.88308161859386,22.218979612505507],[113.881916945677,22.218362257776338],[113.88192646117217,22.217750716228522],[113.88088099872947,22.216619406131183],[113.88084108771704,22.215923430056133],[113.88046601411537,22.215497734365723],[113.879577986897,22.2152197943117],[113.87914702590487,22.214597841260964],[113.87838174119923,22.214640387890093],[113.8781972683306,22.21438200349943],[113.8785198484515,22.212506862374063],[113.8792826011,22.21229320049972],[113.87977949593659,22.211622185390638],[113.8795149946162,22.21084454793273],[113.87788828295974,22.210683924704597],[113.87773121158646,22.21111614522043],[113.87654472756405,22.211671289938295],[113.87547445685534,22.21116157047498],[113.8747227449586,22.211363225079513],[113.87385175842068,22.210994513905337],[113.87408555482459,22.21069949955096],[113.87387012419968,22.210426226540104],[113.87288850042637,22.210310692456147],[113.87285445193984,22.209879364363243],[113.8714145058737,22.209441129573314],[113.87149636768697,22.20889406829841],[113.87004664511531,22.207441484729117],[113.86981197443211,22.206393945857663],[113.86858319147028,22.205435678494222],[113.86876626762361,22.204485785278948],[113.86797174691213,22.20368741250709],[113.86762285835921,22.202536995390272],[113.86559020927278,22.20264572998818],[113.86472062027244,22.201858331037318],[113.86421367233746,22.201889174134656],[113.8645740998491,22.203761819182922],[113.86432240573974,22.20404491032059],[113.86420490685771,22.203588464414945],[113.86307664536761,22.20417360068568],[113.86142372968614,22.20429649147807],[113.86002677637515,22.2037326958434],[113.85967187660185,22.20321138636279],[113.85884771311558,22.20353263039985],[113.8573146648968,22.203375661949433],[113.85427752486507,22.201976410853234],[113.85325087360621,22.200947342469433],[113.85290341526317,22.199125464210276],[113.85447093191402,22.197983120838998],[113.85412610095348,22.197091909387392],[113.853544524259,22.197630293722412],[113.85315039920151,22.197568117525215],[113.85267923329945,22.196698638698493],[113.85204234622068,22.196362950777278],[113.85068665921816,22.196614941493724],[113.8496161887443,22.197425554910453],[113.84900588735627,22.19709759841156],[113.84810002889333,22.197275507261367],[113.84770107677983,22.19659492775874],[113.8480618953405,22.19557929355768],[113.84743058425241,22.195849785716714],[113.84615511902444,22.195283690748855],[113.84497662417765,22.195661414269214],[113.84481851172357,22.196841127739177],[113.84601433479374,22.197518203787148],[113.84702503231078,22.198984787187023],[113.84661610840176,22.20058452228583],[113.84701189029737,22.20093092775293],[113.84693148314757,22.201617445980162],[113.84838991890732,22.201762363419572],[113.84885450639887,22.20268678095923],[113.84905391691832,22.20417126199233],[113.84763159935375,22.205106588865664],[113.84620712437463,22.204688795406405],[113.84599804865317,22.205181370393944],[113.84422570589867,22.20589562723972],[113.84403954428497,22.206659407036206],[113.84324822336143,22.20683881885903],[113.8418992140514,22.208202758305823],[113.84198114350171,22.20986484101554],[113.8415263738615,22.210370985833183],[113.84173378177472,22.211994301924793],[113.84319515021849,22.21221186923944],[113.84390390316905,22.215416981940205],[113.84309485986499,22.216707387287588],[113.84150044153115,22.21774315430594],[113.84037139950809,22.218032685449533],[113.83979619561389,22.218830181458497],[113.84005736170255,22.219602794948216],[113.83965113857647,22.220421104233253],[113.83986627652682,22.22275808636749],[113.83964359033303,22.223222945041535],[113.84003584799098,22.2238182418433],[113.83981441241966,22.224716330576218],[113.84018665706523,22.22580936337189],[113.84002462059316,22.22665015725001],[113.83931347551793,22.226930083922056],[113.8390799649202,22.22756372436486]],[[113.99339736594843,22.24010667893638],[113.99355617776327,22.239571436454067],[113.99443189892956,22.239579612615177],[113.9945684249051,22.239701986533134],[113.99422658373102,22.239637054540772],[113.99383567688146,22.24022813102993],[113.99339736594843,22.24010667893638]],[[113.97955447814361,22.239053515448692],[113.98099268737904,22.238348977545893],[113.98174791934262,22.23739496678456],[113.98238619753133,22.238548592022294],[113.98096297300104,22.239058164985906],[113.98010500448116,22.240484439373887],[113.980103827482,22.23970106969239],[113.97955447814361,22.239053515448692]]],[[[113.89249098913142,22.309924654008718],[113.8932589916471,22.310977258407835],[113.93349150527311,22.323942855915],[113.93460276079863,22.32356074840122],[113.93591139912698,22.320796774572507],[113.93937370074693,22.321868196370847],[113.94361780447281,22.322642174612575],[113.94472537760181,22.323875911267244],[113.94570714067115,22.323417928290255],[113.94580440742706,22.32298745031773],[113.94693304835506,22.32277262794936],[113.94687418385078,22.322323351860305],[113.94603896130849,22.322434846520906],[113.94581793231302,22.320976389576558],[113.94616448096554,22.320047364067545],[113.94499374050918,22.32024173986443],[113.94521511332673,22.319783812958217],[113.94429088770225,22.318446723799628],[113.9437387316832,22.315932710981603],[113.9425116800925,22.314249892049368],[113.94323742858748,22.313989079288035],[113.94630036552064,22.31456471300821],[113.94720329615525,22.31515754049741],[113.9494021064668,22.32167770405542],[113.95015669797293,22.32246120134138],[113.95124346850679,22.322575142401693],[113.95955704903133,22.32030348131417],[113.96049961972122,22.320942007379628],[113.96079407579919,22.323201947172933],[113.96154184565744,22.32343831511404],[113.96213313181002,22.322914062375222],[113.96166590733479,22.31844639662879],[113.95948810823218,22.31155330934602],[113.9584695980857,22.310559051386633],[113.95769715682006,22.310218740929766],[113.95426475389725,22.31113670653241],[113.95103330465587,22.312837928233268],[113.94809917912457,22.313584735918823],[113.94253756090916,22.31233688552773],[113.94121111941001,22.311484589774675],[113.9400581929318,22.309829339825505],[113.93970416187018,22.3082816577674],[113.93993171294065,22.306757799085492],[113.94096524534814,22.304501867971624],[113.94095516430917,22.302914535543863],[113.94036679629966,22.301689916196867],[113.93851573638469,22.299698498274974],[113.93765266561479,22.297044963681163],[113.93847574128017,22.2947472684517],[113.93361009823526,22.29033717085782],[113.93252771181335,22.290291279822583],[113.91634428585323,22.295236475228794],[113.90622293790105,22.295109630579443],[113.90277358331454,22.294632661217122],[113.89898551499532,22.29362640493543],[113.89550633242719,22.293669793682557],[113.89410876233352,22.29465345823755],[113.8939819871434,22.296190114992775],[113.89787412848763,22.301251823386885],[113.89806954112042,22.30196615893866],[113.89730180543178,22.304226920251615],[113.89694214530775,22.304190566220342],[113.8967035928668,22.30477183317926],[113.8968316912215,22.305382059552763],[113.89607843437756,22.307283428961416],[113.89335813059273,22.308201052735644],[113.89263742416016,22.308859835026755],[113.89249098913142,22.309924654008718]]]]}}]}