{"type":"FeatureCollection","features":[{"type":"Feature","properties":{"TPU_NUMBER":"111","SPU_NUMBER":"11","PPU_NUMBER":"1"},"geometry":{"type":"MultiPolygon","coordinates":[[[[114.11267432,22.28620864],[114.11202677,22.28613767],[114.11092136,22.2852811],[114.11084083,22.28333941],[114.11133271,22.28283033],[114.11225571,22.28331745],[114.11253517,22.28307418],[114.11252088,22.2836239],[114.11427946,22.28350767],[114.11531418,22.28419426],[114.11476973,22.28555093],[114.11354325,22.28615304],[114.11267432,22.28620864]]],[[[114.11683017,22.28633465],[114.11681197,22.28636565],[114.11668473,22.28632421],[114.11627338,22.28598582],[114.11613305,22.28605491],[114.11610052,22.28552813],[114.11701922,22.28475668],[114.11740693,22.28556855],[114.11683017,22.28633465]]],[[[114.13431431,22.28541283],[114.13375242,22.28577531],[114.13388002,22.2864083],[114.1328007,22.28664732],[114.13195446,22.28474957],[114.13030539,22.28645262],[114.12755145,22.28396624],[114.12572196,22.28365331],[114.12543874,22.28401676],[114.12539481,22.28353111],[114.12410312,22.2831702],[114.12388878,22.2833986],[114.12400903,22.28307775],[114.12221255,22.28249446],[114.12199198,22.28306772],[114.123104,22.28378069],[114.122938,22.28400405],[114.12157903,22.28313594],[114.12193392,22.28240395],[114.11881858,22.28137211],[114.11739437,22.27997334],[114.11630726,22.27754356],[114.11655133,22.27677306],[114.11636153,22.27474834],[114.1172629,22.27394744],[114.11786939,22.27374602],[114.11850333,22.27412838],[114.12177857,22.2724455],[114.12285208,22.27287023],[114.12375899,22.27274322],[114.12532864,22.2734325],[114.12625777,22.27428897],[114.12815939,22.27468898],[114.12929575,22.27569497],[114.12968435,22.27549003],[114.12986296,22.27639066],[114.13089291,22.27786197],[114.13164181,22.28098134],[114.13283761,22.28340558],[114.13188256,22.28390771],[114.1342607,22.28467732],[114.13431431,22.28541283]]]]}},{"type":"Feature","properties":{"TPU_NUMBER":"112","SPU_NUMBER":"11","PPU_NUMBER":"1"},"geometry":{"type":"Polygon","coordinates":[[[114.14363753,22.29030929],[114.14364878,22.29056588],[114.14040144,22.29066882],[114.13892957,22.29029931],[114.13882766,22.29064683],[114.13883589,22.29027545],[114.1384656,22.29018175],[114.13836423,22.29052889],[114.13831623,22.29014392],[114.1371281,22.2898465],[114.13688496,22.29015831],[114.13698058,22.28980912],[114.13610428,22.28958964],[114.13585813,22.28989825],[114.13595417,22.28955224],[114.13526155,22.28937798],[114.13501424,22.28968424],[114.13511045,22.28933996],[114.13435626,22.28914839],[114.1317641,22.28952536],[114.13172703,22.28923393],[114.13444838,22.28883705],[114.13472226,22.28788732],[114.13231618,22.28823685],[114.13208536,22.28803204],[114.13241555,22.28682003],[114.13309951,22.28733215],[114.13539944,22.28683719],[114.13513776,22.28577038],[114.13591541,22.2852643],[114.13576769,22.28438377],[114.13650535,22.28358168],[114.13750952,22.28476818],[114.13830118,22.28470731],[114.13898668,22.28392055],[114.13956031,22.28425231],[114.14039264,22.28407685],[114.14129996,22.28480309],[114.14357274,22.28428778],[114.14393813,22.29028089],[114.14363753,22.29030929]]]}},{"type":"Feature","properties":{"TPU_NUMBER":"113","SPU_NUMBER":"11","PPU_NUMBER":"1"},"geometry":{"type":"Polygon","coordinates":[[[114.15076749,22.28842149],[114.14986927,22.28944088],[114.14857569,22.28976238],[114.14818341,22.28840815],[114.14733595,22.28769672],[114.14377578,22.28789046],[114.14357274,22.28428778],[114.14424558,22.28422402],[114.14477812,22.28489229],[114.14565554,22.28489961],[114.14633904,22.28371994],[114.14739737,22.28364322],[114.14835675,22.28300989],[114.14908745,22.28307176],[114.15012179,22.2842],[114.15151537,22.28390483],[114.15169501,22.2844077],[114.15036258,22.28502283],[114.15115014,22.28597405],[114.15152685,22.28742331],[114.15059741,22.28770376],[114.15076749,22.28842149]]]}},{"type":"Feature","properties":{"TPU_NUMBER":"114","SPU_NUMBER":"11","PPU_NUMBER":"1"},"geometry":{"type":"Polygon","coordinates":[[[114.15570402,22.28456204],[114.15633732,22.28500006],[114.15578572,22.28558712],[114.15380468,22.28670401],[114.15152685,22.28742331],[114.15115014,22.28597405],[114.15036258,22.28502283],[114.15169501,22.2844077],[114.15151537,22.28390483],[114.15012179,22.2842],[114.14908745,22.28307176],[114.15035343,22.28277547],[114.15108256,22.28213494],[114.15182773,22.28287069],[114.15263385,22.28215117],[114.15452719,22.28399266],[114.15472426,22.28383133],[114.15570402,22.28456204]]]}},{"type":"Feature","properties":{"TPU_NUMBER":"115","SPU_NUMBER":"11","PPU_NUMBER":"1"},"geometry":{"type":"Polygon","coordinates":[[[114.14727822,22.28767513],[114.14818341,22.28840815],[114.14857569,22.28976238],[114.14557661,22.29050473],[114.14364878,22.29056588],[114.1436368,22.29029265],[114.14393813,22.29028089],[114.14377578,22.28789046],[114.14727822,22.28767513]]]}},{"type":"Feature","properties":{"TPU_NUMBER":"116","SPU_NUMBER":"11","PPU_NUMBER":"1"},"geometry":{"type":"Polygon","coordinates":[[[114.13241544,22.28682044],[114.13208536,22.28803204],[114.13030539,22.28645262],[114.13195446,22.28474957],[114.1328007,22.28664732],[114.13388002,22.2864083],[114.13375242,22.28577531],[114.1343534,22.28557361],[114.13434345,22.28512396],[114.1342607,22.28467732],[114.13363681,22.28437144],[114.13228878,22.28421384],[114.13188256,22.28390771],[114.13209331,22.28362366],[114.13283761,22.28340558],[114.13420552,22.28434813],[114.13650535,22.28358168],[114.13576769,22.28438377],[114.13591541,22.2852643],[114.13513776,22.28577038],[114.13539944,22.28683719],[114.13309951,22.28733215],[114.13241544,22.28682044]]]}},{"type":"Feature","properties":{"TPU_NUMBER":"121","SPU_NUMBER":"12","PPU_NUMBER":"1"},"geometry":{"type":"Polygon","coordinates":[[[114.15346369,22.28947539],[114.15134911,22.29003723],[114.15135236,22.28976948],[114.1526138,22.2894557],[114.1525082,22.28898595],[114.15105883,22.28917702],[114.15163719,22.28873657],[114.15150859,22.28829084],[114.15080969,22.28843818],[114.15059741,22.28770376],[114.15396094,22.28663623],[114.15633732,22.28500006],[114.15470969,22.28382042],[114.15547867,22.28307727],[114.15498806,22.2824538],[114.15585206,22.28133639],[114.15508316,22.28078203],[114.15549687,22.28007995],[114.15675601,22.28155036],[114.15692846,22.28133996],[114.15776111,22.2820395],[114.15695857,22.28302365],[114.15765181,22.2834862],[114.15970982,22.28226231],[114.15989401,22.2830676],[114.1589415,22.28359617],[114.16096374,22.28676766],[114.16034162,22.28699893],[114.16053052,22.28769842],[114.16030048,22.28775926],[114.15996572,22.28711772],[114.1594122,22.28734861],[114.15959731,22.28799501],[114.15936051,22.2880413],[114.15907213,22.28738904],[114.15852736,22.28753266],[114.15864528,22.28824986],[114.15840851,22.28828692],[114.15817138,22.28762054],[114.15757472,22.28780555],[114.15773517,22.28847471],[114.15748426,22.28851082],[114.15725046,22.28784382],[114.15668885,22.28797768],[114.1568231,22.28867501],[114.15658468,22.28874202],[114.15638818,22.2880961],[114.1561237,22.28811345],[114.15574448,22.28829856],[114.1558224,22.28892665],[114.15422122,22.28739695],[114.15239466,22.28804541],[114.15250523,22.28852236],[114.15322647,22.28863614],[114.152626,22.28894988],[114.15275303,22.28939955],[114.15346369,22.28947539]]]}},{"type":"Feature","properties":{"TPU_NUMBER":"122","SPU_NUMBER":"12","PPU_NUMBER":"1"},"geometry":{"type":"Polygon","coordinates":[[[114.15498806,22.2824538],[114.15547867,22.28307727],[114.15452719,22.28399266],[114.15264591,22.28215679],[114.15182773,22.28287069],[114.15108256,22.28213494],[114.15406561,22.28004268],[114.15453187,22.27889304],[114.1554781,22.2799584],[114.15508316,22.28078203],[114.15585206,22.28133639],[114.15498806,22.2824538]]]}},{"type":"Feature","properties":{"TPU_NUMBER":"123","SPU_NUMBER":"12","PPU_NUMBER":"1"},"geometry":{"type":"Polygon","coordinates":[[[114.16131437,22.28663068],[114.16147686,22.28735034],[114.16122559,22.28744548],[114.16064654,22.28601977],[114.1589415,22.28359617],[114.15989401,22.2830676],[114.15970982,22.28226231],[114.15765181,22.2834862],[114.15695857,22.28302365],[114.15776111,22.2820395],[114.15692846,22.28133996],[114.15675601,22.28155036],[114.15453187,22.27889304],[114.15602486,22.27916956],[114.15745656,22.27762767],[114.15741837,22.27728937],[114.15953311,22.27806223],[114.16097784,22.27951244],[114.16082171,22.27992877],[114.16168223,22.27978377],[114.16264739,22.28260514],[114.16319724,22.28293804],[114.16407253,22.28270058],[114.16436826,22.28370558],[114.16272934,22.28470285],[114.16257176,22.28517601],[114.16323795,22.28546067],[114.1624986,22.28534998],[114.16231835,22.28588785],[114.16297484,22.28616822],[114.16224742,22.28604755],[114.16233695,22.28701342],[114.16209435,22.28708903],[114.16175537,22.28645477],[114.16131437,22.28663068]]]}},{"type":"Feature","properties":{"TPU_NUMBER":"124","SPU_NUMBER":"12","PPU_NUMBER":"1"},"geometry":{"type":"Polygon","coordinates":[[[114.16381613,22.2841185],[114.16436826,22.28370558],[114.16407253,22.28270058],[114.16319724,22.28293804],[114.16266583,22.28263138],[114.16168223,22.27978377],[114.16082171,22.27992877],[114.16097784,22.27951244],[114.15953311,22.27806223],[114.15741837,22.27728937],[114.15735511,22.27658307],[114.16111062,22.27587477],[114.16279903,22.27707718],[114.16326234,22.2768953],[114.16321139,22.27608118],[114.1638202,22.27561586],[114.16485534,22.27543832],[114.16655286,22.27576451],[114.16700558,22.27552968],[114.16736854,22.27595414],[114.1671315,22.27660513],[114.16806397,22.27742474],[114.16726222,22.27787486],[114.16837594,22.27778156],[114.16915684,22.27945643],[114.16822775,22.27965159],[114.16637859,22.27935633],[114.16790503,22.27992965],[114.16852031,22.28071376],[114.17066814,22.28070485],[114.17130209,22.28165537],[114.17190261,22.28380922],[114.17114268,22.28287045],[114.17027004,22.28259666],[114.16591675,22.28341621],[114.16381613,22.2841185]]]}},{"type":"Feature","properties":{"TPU_NUMBER":"131","SPU_NUMBER":"13","PPU_NUMBER":"1"},"geometry":{"type":"Polygon","coordinates":[[[114.17456043,22.27946819],[114.17202932,22.27922472],[114.16915684,22.27945643],[114.16837594,22.27778156],[114.16726222,22.27787486],[114.16806397,22.27742474],[114.1671315,22.27660513],[114.16736854,22.27595414],[114.16700558,22.27552968],[114.16760047,22.2749661],[114.16982735,22.27433559],[114.17073072,22.27462823],[114.17170069,22.27356618],[114.17329423,22.27360495],[114.17339311,22.27267518],[114.1743389,22.2727931],[114.17501413,22.27339745],[114.17532259,22.27450766],[114.17340495,22.27443585],[114.17327654,22.27557395],[114.1741276,22.27565069],[114.17499683,22.27677714],[114.17346802,22.27661809],[114.17341155,22.27710306],[114.17482475,22.27725004],[114.17468982,22.27834868],[114.1767404,22.27858123],[114.17668835,22.27903877],[114.17463328,22.27883776],[114.17456043,22.27946819]]]}},{"type":"Feature","properties":{"TPU_NUMBER":"132","SPU_NUMBER":"13","PPU_NUMBER":"1"},"geometry":{"type":"Polygon","coordinates":[[[114.18215999,22.27703738],[114.18356379,22.27787206],[114.1826794,22.27991787],[114.17695718,22.27800778],[114.17476088,22.27777008],[114.17482475,22.27725004],[114.17341155,22.27710306],[114.17346802,22.27661809],[114.17499683,22.27677714],[114.1741276,22.27565069],[114.17327654,22.27557395],[114.17340495,22.27443585],[114.17511464,22.27443186],[114.17733299,22.27515028],[114.1793567,22.2747165],[114.18060104,22.27637587],[114.18215999,22.27703738]]]}},{"type":"Feature","properties":{"TPU_NUMBER":"133","SPU_NUMBER":"13","PPU_NUMBER":"1"},"geometry":{"type":"Polygon","coordinates":[[[114.18071079,22.27917762],[114.1826794,22.27991787],[114.18197052,22.28214587],[114.18094368,22.28129028],[114.17799507,22.2800441],[114.17456043,22.27946819],[114.17463328,22.27883776],[114.17668835,22.27903877],[114.1767404,22.27858123],[114.17468982,22.27834868],[114.17476088,22.27777008],[114.17695718,22.27800778],[114.18071079,22.27917762]]]}},{"type":"Feature","properties":{"TPU_NUMBER":"134","SPU_NUMBER":"13","PPU_NUMBER":"1"},"geometry":{"type":"Polygon","coordinates":[[[114.17454639,22.2846864],[114.17429279,22.28518324],[114.17424492,22.28468685],[114.17228067,22.28467283],[114.17130209,22.28165537],[114.17066814,22.28070485],[114.16852031,22.28071376],[114.16790503,22.27992965],[114.16637859,22.27935633],[114.16822775,22.27965159],[114.17185472,22.2792285],[114.17456043,22.27946819],[114.17428482,22.28188103],[114.17454639,22.2846864]]]}},{"type":"Feature","properties":{"TPU_NUMBER":"135","SPU_NUMBER":"13","PPU_NUMBER":"1"},"geometry":{"type":"Polygon","coordinates":[[[114.17993055,22.28326713],[114.18095973,22.28426563],[114.17897918,22.28296341],[114.17815926,22.28324781],[114.17644969,22.28302687],[114.17627427,22.28373853],[114.17603743,22.28368974],[114.17608288,22.28299094],[114.17472893,22.28287462],[114.17438099,22.2832364],[114.17456043,22.27946819],[114.17799507,22.2800441],[114.18094368,22.28129028],[114.18197509,22.28214465],[114.18191426,22.28322504],[114.1802258,22.28249993],[114.17993055,22.28326713]]]}},{"type":"Feature","properties":{"TPU_NUMBER":"140","SPU_NUMBER":"14","PPU_NUMBER":"1"},"geometry":{"type":"Polygon","coordinates":[[[114.1670186,22.27536933],[114.1666238,22.27557079],[114.16631029,22.27528801],[114.16612793,22.27301283],[114.16542449,22.27285644],[114.16558899,22.27086633],[114.16590672,22.27120162],[114.16642038,22.27093073],[114.16681808,22.27236098],[114.16725892,22.2728543],[114.16864461,22.27249485],[114.16920311,22.27274773],[114.16975862,22.27216924],[114.17066038,22.27194519],[114.17095815,22.27133733],[114.17025659,22.27014751],[114.17067509,22.26816476],[114.17007417,22.26782381],[114.17314012,22.26821392],[114.17369133,22.26871682],[114.1736707,22.26951209],[114.17583072,22.27020577],[114.17890943,22.26814566],[114.17916288,22.26702134],[114.18015919,22.2667583],[114.18110214,22.26717482],[114.18283134,22.26613407],[114.18287093,22.26642488],[114.18205852,22.26691167],[114.18215667,22.26791852],[114.18169835,22.2687906],[114.18082052,22.26918611],[114.17977568,22.26867809],[114.17862533,22.26937601],[114.17814362,22.27100555],[114.17833762,22.27194828],[114.17724563,22.27261401],[114.17747929,22.27335516],[114.1768309,22.27377057],[114.17764502,22.27451058],[114.17780971,22.27507284],[114.17550493,22.2746817],[114.17495776,22.27332068],[114.17365746,22.27261816],[114.17322065,22.27286226],[114.17322958,22.2736412],[114.17170069,22.27356618],[114.17073072,22.27462823],[114.16989346,22.2743214],[114.1670186,22.27536933]]]}},{"type":"Feature","properties":{"TPU_NUMBER":"141","SPU_NUMBER":"14","PPU_NUMBER":"1"},"geometry":{"type":"Polygon","coordinates":[[[114.14598489,22.28426891],[114.14565554,22.28489961],[114.14477812,22.28489229],[114.14417093,22.28420875],[114.14129996,22.28480309],[114.14039264,22.28407685],[114.13956031,22.28425231],[114.13898668,22.28392055],[114.13830118,22.28470731],[114.13750952,22.28476818],[114.1362559,22.28350677],[114.13488798,22.28425376],[114.1337852,22.28423748],[114.1328359,22.28340405],[114.13164181,22.28098134],[114.13095273,22.27802265],[114.12986296,22.27639066],[114.12968435,22.27549003],[114.13365992,22.27341326],[114.13550897,22.27322072],[114.13817415,22.273446],[114.13890618,22.27313971],[114.13789843,22.27490665],[114.13863268,22.27536682],[114.13808509,22.27527639],[114.1372436,22.27661666],[114.13687245,22.27663464],[114.13670034,22.27839558],[114.13589245,22.27873345],[114.13564663,22.27938754],[114.13600757,22.27907212],[114.1373023,22.279213],[114.13866555,22.27717558],[114.13980855,22.2776795],[114.14074024,22.27914771],[114.14164795,22.27986194],[114.14274339,22.27913351],[114.14305506,22.27930572],[114.14309253,22.27983854],[114.14470254,22.28040893],[114.14503672,22.28081824],[114.14366062,22.28078938],[114.14437868,22.28117486],[114.14453878,22.28159545],[114.14398039,22.28144931],[114.14503078,22.28209589],[114.14490962,22.282968],[114.14545637,22.28314818],[114.14609502,22.28287558],[114.14536627,22.28339939],[114.14537705,22.28385165],[114.14583892,22.28340698],[114.14662919,22.28362429],[114.14598489,22.28426891]]]}},{"type":"Feature","properties":{"TPU_NUMBER":"142","SPU_NUMBER":"14","PPU_NUMBER":"1"},"geometry":{"type":"Polygon","coordinates":[[[114.14583892,22.28340698],[114.14537705,22.28385165],[114.14536627,22.28339939],[114.14609502,22.28287558],[114.14545637,22.28314818],[114.14490962,22.282968],[114.14503078,22.28209589],[114.14398039,22.28144931],[114.14453878,22.28159545],[114.14366577,22.28076717],[114.14605721,22.28100859],[114.14680271,22.28028911],[114.14936526,22.2788819],[114.15031884,22.27753086],[114.15086649,22.27735485],[114.15147567,22.27563122],[114.15193783,22.27531296],[114.15165609,22.27394252],[114.15206461,22.27317101],[114.15305308,22.27376955],[114.15365853,22.27373442],[114.15435562,22.27540673],[114.155336,22.27637041],[114.15741837,22.27728937],[114.15745656,22.27762767],[114.15613632,22.27909445],[114.15529434,22.27923412],[114.15446099,22.27891876],[114.15406561,22.28004268],[114.15233369,22.28101452],[114.15035343,22.28277547],[114.14835675,22.28300989],[114.14727395,22.28367879],[114.14583892,22.28340698]]]}},{"type":"Feature","properties":{"TPU_NUMBER":"143","SPU_NUMBER":"14","PPU_NUMBER":"1"},"geometry":{"type":"Polygon","coordinates":[[[114.15829548,22.2762635],[114.15735511,22.27658307],[114.15741837,22.27728937],[114.1553839,22.27640114],[114.15435562,22.27540673],[114.15365853,22.27373442],[114.15305308,22.27376955],[114.15206461,22.27317101],[114.15274485,22.27261857],[114.15383281,22.27237377],[114.1558654,22.27317551],[114.15793877,22.27318932],[114.15842034,22.27270284],[114.15880295,22.27297663],[114.16012985,22.27253822],[114.16163005,22.27325405],[114.16457017,22.27139003],[114.16499828,22.27152665],[114.16558899,22.27086633],[114.16542449,22.27285644],[114.16611641,22.27298743],[114.16627331,22.27520786],[114.16657589,22.2755612],[114.16712152,22.27539584],[114.16688259,22.27565236],[114.1638202,22.27561586],[114.16321139,22.27608118],[114.16326234,22.2768953],[114.16279903,22.27707718],[114.16125459,22.27589244],[114.15972183,22.27632725],[114.15829548,22.2762635]]]}},{"type":"Feature","properties":{"TPU_NUMBER":"144","SPU_NUMBER":"14","PPU_NUMBER":"1"},"geometry":{"type":"Polygon","coordinates":[[[114.1848776,22.27820335],[114.18386042,22.27781906],[114.1835394,22.2780026],[114.18270539,22.27725117],[114.18070405,22.27645512],[114.17943726,22.27474544],[114.17780971,22.27507284],[114.17764502,22.27451058],[114.17683705,22.27386881],[114.17749136,22.27331881],[114.17722394,22.27265024],[114.17833762,22.27194828],[114.17814362,22.27100555],[114.17873479,22.26921738],[114.17980953,22.26867228],[114.18082052,22.26918611],[114.18169835,22.2687906],[114.18215667,22.26791852],[114.18208858,22.26686364],[114.18252333,22.26650128],[114.18443183,22.26621632],[114.18488424,22.26436098],[114.18533491,22.26373619],[114.18729009,22.26262477],[114.19026979,22.26209796],[114.19123992,22.26136358],[114.19111571,22.262388],[114.19082103,22.26263812],[114.19108788,22.26298911],[114.19091878,22.26381542],[114.1902925,22.26499624],[114.19058722,22.26684324],[114.18978027,22.26851778],[114.19003677,22.26880104],[114.18958755,22.2691156],[114.18873018,22.26903701],[114.18768563,22.26999258],[114.18729406,22.27148755],[114.18781155,22.27300011],[114.18694318,22.27366423],[114.18841292,22.27513385],[114.18849242,22.27579703],[114.18608804,22.27779973],[114.18535907,22.27708634],[114.1848776,22.27820335]]]}},{"type":"Feature","properties":{"TPU_NUMBER":"145","SPU_NUMBER":"14","PPU_NUMBER":"1"},"geometry":{"type":"Polygon","coordinates":[[[114.19268855,22.27876579],[114.19221028,22.27945515],[114.19231648,22.28021439],[114.19182722,22.28221342],[114.18865558,22.28002678],[114.18953032,22.27889334],[114.18842748,22.27861666],[114.18868948,22.27729458],[114.1901637,22.27515234],[114.18873543,22.27415987],[114.18773101,22.27466887],[114.18694318,22.27366423],[114.18781155,22.27300011],[114.18726879,22.27167589],[114.18768563,22.26999258],[114.18873018,22.26903701],[114.18958755,22.2691156],[114.19003677,22.26880104],[114.19083631,22.26943624],[114.19108705,22.27039581],[114.1921219,22.27161755],[114.19207175,22.27375228],[114.19308934,22.27360736],[114.19376003,22.27448776],[114.19651026,22.27434327],[114.19526797,22.2758825],[114.19513028,22.27661853],[114.1940472,22.27684816],[114.19268855,22.27876579]]]}},{"type":"Feature","properties":{"TPU_NUMBER":"146","SPU_NUMBER":"14","PPU_NUMBER":"1"},"geometry":{"type":"Polygon","coordinates":[[[114.18645912,22.28225857],[114.18606645,22.28382072],[114.18568331,22.28397501],[114.1840385,22.28257986],[114.18197052,22.28214587],[114.18197467,22.28149119],[114.18362759,22.27785934],[114.1848776,22.27820335],[114.18535907,22.27708634],[114.18608804,22.27779973],[114.18710439,22.27716019],[114.18849242,22.27579703],[114.18846145,22.27522472],[114.18792544,22.27453048],[114.18882825,22.27417875],[114.19017766,22.27523248],[114.18871683,22.27722615],[114.18842748,22.27861666],[114.18953032,22.27889334],[114.18865558,22.28002678],[114.18764695,22.27933161],[114.18645912,22.28225857]]]}},{"type":"Feature","properties":{"TPU_NUMBER":"147","SPU_NUMBER":"14","PPU_NUMBER":"1"},"geometry":{"type":"Polygon","coordinates":[[[114.1875132,22.288076],[114.1888883,22.2870304],[114.18910471,22.28605071],[114.18980475,22.28576036],[114.18987281,22.28519405],[114.18653429,22.28445837],[114.18676842,22.28432873],[114.18561905,22.28405235],[114.18318766,22.28230595],[114.18299086,22.28255571],[114.18336322,22.28447048],[114.18286181,22.28483307],[114.18333091,22.28497838],[114.18274132,22.28483539],[114.18234091,22.28559371],[114.18261698,22.2848066],[114.18142317,22.28453566],[114.1818381,22.284342],[114.18197509,22.28214465],[114.18232825,22.28205107],[114.18339685,22.28231292],[114.1840385,22.28257986],[114.18556991,22.28392196],[114.18603143,22.28386437],[114.18764695,22.27933161],[114.19127782,22.28183401],[114.19084208,22.28521862],[114.18870669,22.28734823],[114.1875132,22.288076]]]}},{"type":"Feature","properties":{"TPU_NUMBER":"148","SPU_NUMBER":"14","PPU_NUMBER":"1"},"geometry":{"type":"Polygon","coordinates":[[[114.19236416,22.27998619],[114.19221028,22.27945515],[114.1940472,22.27684816],[114.19503653,22.27672139],[114.19530468,22.27583403],[114.1966257,22.27418018],[114.19730606,22.27404927],[114.19767024,22.27327599],[114.19822032,22.2729513],[114.20057725,22.27431244],[114.19982029,22.27449269],[114.19946305,22.27510108],[114.19994034,22.27575274],[114.19817828,22.27712874],[114.19822945,22.27788168],[114.19774122,22.27836822],[114.19811197,22.27893107],[114.1979833,22.27936695],[114.19733834,22.27974806],[114.19615253,22.27974155],[114.19576604,22.27930705],[114.19465285,22.27972339],[114.19367939,22.2796746],[114.19348463,22.27998017],[114.19282303,22.27962913],[114.19236416,22.27998619]]]}},{"type":"Feature","properties":{"TPU_NUMBER":"149","SPU_NUMBER":"14","PPU_NUMBER":"1"},"geometry":{"type":"Polygon","coordinates":[[[114.19424862,22.27443744],[114.19354663,22.27440762],[114.1930301,22.27358536],[114.19207175,22.27375228],[114.1921219,22.27161755],[114.19108705,22.27039581],[114.19083631,22.26943624],[114.1898121,22.26863925],[114.19056858,22.26692743],[114.19080969,22.26517681],[114.19594128,22.26918989],[114.19725734,22.27090254],[114.19837687,22.27085649],[114.19851191,22.27032113],[114.19992489,22.26896398],[114.20166356,22.26935267],[114.20173362,22.27004494],[114.20094816,22.27119241],[114.20055343,22.27428552],[114.19822032,22.2729513],[114.19762571,22.2733184],[114.1971456,22.27419929],[114.19424862,22.27443744]]]}},{"type":"Feature","properties":{"TPU_NUMBER":"151","SPU_NUMBER":"15","PPU_NUMBER":"1"},"geometry":{"type":"Polygon","coordinates":[[[114.19510271,22.29094474],[114.19531033,22.29109624],[114.19477679,22.29209724],[114.19370787,22.2916058],[114.19304758,22.29087459],[114.19226513,22.29129961],[114.18837636,22.28755469],[114.19084208,22.28521862],[114.19127782,22.28183401],[114.19182722,22.28221342],[114.19234538,22.2800008],[114.19282303,22.27962913],[114.19348463,22.27998017],[114.19283003,22.28116718],[114.19344993,22.2852274],[114.19404318,22.28609371],[114.1950942,22.28612972],[114.19557049,22.28767448],[114.19460035,22.28948184],[114.19544589,22.29017372],[114.19483521,22.29062532],[114.19510271,22.29094474]]]}},{"type":"Feature","properties":{"TPU_NUMBER":"152","SPU_NUMBER":"15","PPU_NUMBER":"1"},"geometry":{"type":"Polygon","coordinates":[[[114.20311831,22.28817745],[114.20216683,22.28879507],[114.20145594,22.28828494],[114.19944535,22.28775694],[114.19825305,22.28813357],[114.19673186,22.28800192],[114.19609206,22.28759708],[114.19505236,22.28609192],[114.19402073,22.28607679],[114.19344993,22.2852274],[114.1928398,22.28194707],[114.19286627,22.28092946],[114.19361793,22.27971492],[114.19465285,22.27972339],[114.19576604,22.27930705],[114.19615253,22.27974155],[114.19733834,22.27974806],[114.19751513,22.28036061],[114.19816765,22.28021799],[114.19761065,22.28087392],[114.19753749,22.28153082],[114.19799544,22.28183818],[114.19823013,22.28132958],[114.19919954,22.28072362],[114.19972091,22.28232191],[114.20039439,22.28239191],[114.20026125,22.28336512],[114.20078936,22.28374288],[114.2023961,22.28425661],[114.20261062,22.28342277],[114.20295689,22.28342593],[114.20308086,22.28302339],[114.20363767,22.28332278],[114.20372314,22.28423809],[114.20456643,22.28441779],[114.20462286,22.28559029],[114.20591206,22.28540674],[114.20533113,22.28650558],[114.20469169,22.28689724],[114.20497596,22.28808232],[114.20311831,22.28817745]]]}},{"type":"Feature","properties":{"TPU_NUMBER":"153","SPU_NUMBER":"15","PPU_NUMBER":"1"},"geometry":{"type":"Polygon","coordinates":[[[114.20327837,22.29459989],[114.2032248,22.29512331],[114.20306424,22.29393112],[114.201212,22.29355035],[114.20063768,22.29480909],[114.2008442,22.29350247],[114.20006036,22.29331379],[114.1996292,22.29445816],[114.19990296,22.29328117],[114.19862052,22.29301681],[114.19871635,22.29368595],[114.19830034,22.29369964],[114.19838167,22.29317739],[114.19608328,22.29269788],[114.19477679,22.29209724],[114.19531033,22.29109624],[114.19483521,22.29062532],[114.19544589,22.29017372],[114.19460035,22.28948184],[114.19558203,22.28777268],[114.19505726,22.28648306],[114.19524404,22.2863487],[114.19609206,22.28759708],[114.19673186,22.28800192],[114.19825305,22.28813357],[114.19944535,22.28775694],[114.20145594,22.28828494],[114.20216683,22.28879507],[114.20311831,22.28817745],[114.20488134,22.28807443],[114.20607342,22.28837216],[114.20611008,22.28925281],[114.2052684,22.28895618],[114.20468465,22.28999284],[114.20445819,22.29203556],[114.20499695,22.29288547],[114.20441112,22.29303307],[114.20451227,22.29353744],[114.20342606,22.29372873],[114.2034909,22.29462261],[114.20327837,22.29459989]]]}},{"type":"Feature","properties":{"TPU_NUMBER":"154","SPU_NUMBER":"15","PPU_NUMBER":"1"},"geometry":{"type":"Polygon","coordinates":[[[114.2067358,22.29323316],[114.20680848,22.29371016],[114.20665416,22.29311133],[114.20451227,22.29353744],[114.20441112,22.29303307],[114.20500615,22.29280091],[114.20445819,22.29203556],[114.20468465,22.28999284],[114.2052684,22.28895618],[114.20611008,22.28925281],[114.20607342,22.28837216],[114.20497596,22.28808232],[114.20469169,22.28689724],[114.20533113,22.28650558],[114.20595998,22.28538512],[114.20638438,22.28544218],[114.20653902,22.28594463],[114.20744884,22.28567352],[114.20760882,22.28505628],[114.20793594,22.28498734],[114.20772944,22.2845308],[114.20822432,22.28428612],[114.20765343,22.28394732],[114.20887713,22.28359532],[114.21062898,22.28367905],[114.21102248,22.28480945],[114.20749942,22.28949415],[114.20930695,22.2902252],[114.20900437,22.29086709],[114.20931497,22.29118505],[114.20921236,22.29163108],[114.20988265,22.2921097],[114.20776283,22.29277827],[114.20824609,22.29358311],[114.20801079,22.29365293],[114.20770369,22.29279606],[114.20728877,22.29292067],[114.20742037,22.29348068],[114.20713053,22.29296827],[114.2067358,22.29323316]]]}},{"type":"Feature","properties":{"TPU_NUMBER":"155","SPU_NUMBER":"15","PPU_NUMBER":"1"},"geometry":{"type":"Polygon","coordinates":[[[114.21215167,22.28950662],[114.2138224,22.29081072],[114.20987359,22.29235981],[114.20921236,22.29163108],[114.20931497,22.29118505],[114.20900437,22.29086709],[114.20930695,22.2902252],[114.20749942,22.28949415],[114.21102248,22.28480945],[114.21077923,22.28375481],[114.20950842,22.28360227],[114.21000961,22.28211269],[114.20966694,22.282001],[114.20998324,22.28085347],[114.20950773,22.28064192],[114.20982574,22.27998985],[114.20960591,22.27962843],[114.20978298,22.27930407],[114.20989764,22.28044429],[114.21037016,22.28084099],[114.2104449,22.28146634],[114.21139446,22.28080691],[114.21194211,22.28089258],[114.21204358,22.28169177],[114.21153726,22.28198368],[114.21228464,22.28284764],[114.21136612,22.28393828],[114.21173632,22.28501849],[114.21279272,22.2846734],[114.21443687,22.28470012],[114.21548507,22.28568101],[114.21367959,22.28567869],[114.21355799,22.2882944],[114.21281899,22.28816739],[114.21228398,22.28844592],[114.21215167,22.28950662]]]}},{"type":"Feature","properties":{"TPU_NUMBER":"156","SPU_NUMBER":"15","PPU_NUMBER":"1"},"geometry":{"type":"Polygon","coordinates":[[[114.2197884,22.28471121],[114.21612925,22.28583759],[114.21546693,22.28567124],[114.21443687,22.28470012],[114.21279272,22.2846734],[114.21173632,22.28501849],[114.21136612,22.28393828],[114.21228464,22.28284764],[114.21153726,22.28198368],[114.21204358,22.28169177],[114.21194211,22.28089258],[114.21139446,22.28080691],[114.21051465,22.28149624],[114.21037016,22.28084099],[114.20989764,22.28044429],[114.20973246,22.27948934],[114.21013199,22.27898354],[114.20979103,22.27843557],[114.21035623,22.27820845],[114.21065801,22.27743919],[114.21044269,22.27727273],[114.20930334,22.27768724],[114.20922982,22.27719425],[114.20881738,22.27705408],[114.20867027,22.27604266],[114.20952545,22.27558429],[114.21021212,22.27404317],[114.21155508,22.27412719],[114.21165222,22.2737003],[114.21105995,22.27267133],[114.21204654,22.27323969],[114.21234139,22.27307565],[114.21269639,22.27212262],[114.21211807,22.27174357],[114.21230196,22.27149658],[114.21200535,22.27083539],[114.21278071,22.27096109],[114.21292393,22.26998881],[114.21338195,22.27014174],[114.21377535,22.26961448],[114.21443512,22.27021723],[114.2149974,22.27197489],[114.21558054,22.27186342],[114.21635109,22.2710914],[114.21674553,22.2710442],[114.21724269,22.27150781],[114.21654921,22.2737367],[114.21684198,22.27401048],[114.21731972,22.27369132],[114.21792731,22.2740733],[114.21758242,22.2744184],[114.21650083,22.27459015],[114.21783144,22.27621659],[114.2178722,22.27687903],[114.21707613,22.27716031],[114.21657057,22.27804854],[114.21666896,22.28231394],[114.2179557,22.28358264],[114.22018862,22.28433401],[114.2197884,22.28471121]]]}},{"type":"Feature","properties":{"TPU_NUMBER":"157","SPU_NUMBER":"15","PPU_NUMBER":"1"},"geometry":{"type":"Polygon","coordinates":[[[114.22085567,22.288805],[114.21962213,22.2893385],[114.21539754,22.29009762],[114.2138224,22.29081072],[114.21231427,22.28973066],[114.2120268,22.28902483],[114.2124776,22.28827907],[114.21355799,22.2882944],[114.21367959,22.28567869],[114.21627055,22.28582909],[114.21946458,22.28486086],[114.22126582,22.28295154],[114.22208275,22.28349803],[114.22275328,22.28263144],[114.22473345,22.28415215],[114.22601723,22.2856357],[114.22530557,22.28531656],[114.22474757,22.28583998],[114.22511095,22.28649972],[114.2245255,22.28604823],[114.22221097,22.28821885],[114.22085567,22.288805]]]}},{"type":"Feature","properties":{"TPU_NUMBER":"158","SPU_NUMBER":"15","PPU_NUMBER":"1"},"geometry":{"type":"Polygon","coordinates":[[[114.20950842,22.28360227],[114.20765343,22.28394732],[114.20822431,22.28424413],[114.20772944,22.2845308],[114.20792197,22.28501413],[114.20760882,22.28505628],[114.20744884,22.28567352],[114.20653902,22.28594463],[114.20621136,22.28533415],[114.20462286,22.28559029],[114.20456643,22.28441779],[114.20377485,22.28429823],[114.20363767,22.28332278],[114.20324989,22.28300891],[114.20261062,22.28342277],[114.2023961,22.28425661],[114.20078936,22.28374288],[114.20026125,22.28336512],[114.20039439,22.28239191],[114.19972091,22.28232191],[114.19919954,22.28072362],[114.19823013,22.28132958],[114.19811813,22.28183607],[114.19753749,22.28153082],[114.19761065,22.28087392],[114.19817432,22.28024691],[114.19757506,22.28039159],[114.19732638,22.2798473],[114.19800105,22.27934629],[114.19776784,22.27826286],[114.19822945,22.27788168],[114.19817828,22.27712874],[114.19994034,22.27575274],[114.19946305,22.27510108],[114.19982029,22.27449269],[114.20078281,22.27441684],[114.20251159,22.27733441],[114.20328771,22.27689666],[114.20737037,22.27049449],[114.20314223,22.26753967],[114.1983044,22.26633288],[114.19737733,22.25851772],[114.19771136,22.25795364],[114.19878457,22.25818303],[114.20052834,22.25926041],[114.2018685,22.2588469],[114.20228513,22.25911873],[114.20507494,22.25929226],[114.2058683,22.25778691],[114.20628293,22.25754727],[114.20765033,22.25728239],[114.208772,22.25763151],[114.20942524,22.25691293],[114.21009338,22.25700228],[114.21135744,22.25578474],[114.21090001,22.25487232],[114.2112266,22.25463655],[114.21162692,22.25556572],[114.2127247,22.25586199],[114.21065198,22.25660596],[114.21037894,22.25733663],[114.21060821,22.25800182],[114.2112697,22.25767781],[114.21208827,22.2583938],[114.21139693,22.25910972],[114.2118693,22.25963492],[114.21171497,22.26017644],[114.21206288,22.26040048],[114.21391713,22.25979812],[114.21460201,22.25985831],[114.2171358,22.25745156],[114.21821539,22.25812116],[114.22153738,22.25669925],[114.2281504,22.25721115],[114.2278081,22.25759256],[114.22562008,22.25796523],[114.22558973,22.26218907],[114.22524331,22.26308324],[114.22380383,22.26432045],[114.22418684,22.26420031],[114.22443635,22.26478109],[114.22753786,22.26477251],[114.22929798,22.26648077],[114.2295349,22.26823936],[114.22637086,22.27128146],[114.22660735,22.27196821],[114.22590553,22.27236777],[114.22569568,22.27312172],[114.22486353,22.27271246],[114.22253433,22.27400616],[114.220657,22.27412348],[114.22070283,22.27556422],[114.2201792,22.27575981],[114.21983668,22.27679122],[114.21933557,22.27702334],[114.21781093,22.27682828],[114.21783144,22.27621659],[114.21651172,22.2746375],[114.21792731,22.2740733],[114.21731972,22.27369132],[114.21684198,22.27401048],[114.21654921,22.2737367],[114.21722147,22.27146604],[114.21674553,22.2710442],[114.21626888,22.27110868],[114.21558054,22.27186342],[114.21503893,22.27199181],[114.21419474,22.26981814],[114.21377535,22.26961448],[114.21338195,22.27014174],[114.21293127,22.26998072],[114.21279375,22.27095094],[114.21200038,22.27085496],[114.21230196,22.27149658],[114.21211807,22.27174357],[114.21269639,22.27212262],[114.21234139,22.27307565],[114.21199234,22.27322142],[114.21107969,22.27265034],[114.21165222,22.2737003],[114.21155508,22.27412719],[114.21021212,22.27404317],[114.20952545,22.27558429],[114.20867027,22.27604266],[114.20881738,22.27705408],[114.20922982,22.27719425],[114.20927149,22.27766092],[114.21047968,22.27726765],[114.21069991,22.27773579],[114.20979103,22.27843557],[114.21013199,22.27898354],[114.20960591,22.27962843],[114.20982574,22.27998985],[114.20950773,22.28064192],[114.20998324,22.28085347],[114.20966694,22.282001],[114.21000961,22.28211269],[114.20950842,22.28360227]]]}},{"type":"Feature","properties":{"TPU_NUMBER":"161","SPU_NUMBER":"16","PPU_NUMBER":"1"},"geometry":{"type":"Polygon","coordinates":[[[114.22843309,22.2863865],[114.22785934,22.28646799],[114.23134224,22.28540176],[114.23381142,22.28403865],[114.23248249,22.28334421],[114.23150909,22.28351607],[114.23147409,22.28325172],[114.23033965,22.28306383],[114.22627522,22.28299653],[114.22459587,22.28428438],[114.22275328,22.28263144],[114.22208275,22.28349803],[114.22126582,22.28295154],[114.22018862,22.28433401],[114.21959895,22.28396765],[114.22004112,22.28339367],[114.21970666,22.28316248],[114.22051036,22.28202613],[114.22058114,22.28095077],[114.22085981,22.2805329],[114.22195361,22.28122368],[114.22261121,22.2806164],[114.22205768,22.28022195],[114.2229405,22.27940722],[114.22358432,22.27963125],[114.22503569,22.27931492],[114.22613723,22.27726417],[114.22641598,22.27740578],[114.2276066,22.27672546],[114.22791592,22.27712638],[114.23016344,22.27577399],[114.22986992,22.27443783],[114.2309045,22.27445626],[114.23199193,22.2734343],[114.23205662,22.27410181],[114.23254582,22.27467931],[114.23345983,22.27437779],[114.23382125,22.27367511],[114.23430507,22.27375978],[114.23454885,22.27604403],[114.23596468,22.27731674],[114.23642268,22.27855663],[114.23686438,22.27872907],[114.23714208,22.27937318],[114.23742959,22.27931841],[114.23907078,22.28105031],[114.2367634,22.28219222],[114.2345617,22.28449455],[114.23376365,22.28429838],[114.22969646,22.28624246],[114.22843309,22.2863865]]]}},{"type":"Feature","properties":{"TPU_NUMBER":"162","SPU_NUMBER":"16","PPU_NUMBER":"1"},"geometry":{"type":"Polygon","coordinates":[[[114.23923276,22.28060218],[114.23867342,22.28060464],[114.23742959,22.27931841],[114.23714208,22.27937318],[114.23686438,22.27872907],[114.23642268,22.27855663],[114.23596468,22.27731674],[114.23454885,22.27604403],[114.23430507,22.27375978],[114.23382125,22.27367511],[114.23345983,22.27437779],[114.23254582,22.27467931],[114.23205662,22.27410181],[114.23199193,22.2734343],[114.2325948,22.27284851],[114.23355058,22.27066547],[114.23358042,22.26888116],[114.23638893,22.26867793],[114.23685599,22.26769523],[114.2376212,22.26753178],[114.23869209,22.27005156],[114.23957144,22.27043326],[114.24031913,22.27012089],[114.24134247,22.27245604],[114.24150297,22.2739491],[114.24286036,22.27444781],[114.24166141,22.27588019],[114.24086634,22.27905321],[114.23916745,22.28024032],[114.23923276,22.28060218]]]}},{"type":"Feature","properties":{"TPU_NUMBER":"163","SPU_NUMBER":"16","PPU_NUMBER":"1"},"geometry":{"type":"Polygon","coordinates":[[[114.24317872,22.27430596],[114.24323391,22.27431352],[114.24314158,22.27493606],[114.24304029,22.27423318],[114.24286036,22.27444781],[114.24150297,22.2739491],[114.24134247,22.27245604],[114.24031913,22.27012089],[114.23957144,22.27043326],[114.23869209,22.27005156],[114.2376212,22.26753178],[114.23685599,22.26769523],[114.23638893,22.26867793],[114.23358042,22.26888116],[114.23371055,22.2654568],[114.23401548,22.2648535],[114.23580658,22.26350672],[114.23866782,22.263226],[114.23931469,22.26335303],[114.2425819,22.26563625],[114.24591026,22.26588905],[114.24763092,22.26509165],[114.24758428,22.26763179],[114.24798944,22.26801369],[114.24777119,22.26821722],[114.24749386,22.26795777],[114.24668088,22.2689339],[114.24551174,22.27292912],[114.24504966,22.27367099],[114.24561611,22.27213375],[114.24499432,22.27146069],[114.2455907,22.26950201],[114.24374513,22.26815487],[114.24312139,22.26822431],[114.24174687,22.26986279],[114.24433789,22.27268647],[114.24317872,22.27430596]]]}},{"type":"Feature","properties":{"TPU_NUMBER":"164","SPU_NUMBER":"16","PPU_NUMBER":"1"},"geometry":{"type":"Polygon","coordinates":[[[114.23001508,22.27438955],[114.22923168,22.27467483],[114.22743656,22.27438642],[114.22569568,22.27312172],[114.22590553,22.27236777],[114.22660735,22.27196821],[114.22637086,22.27128146],[114.2295349,22.26823936],[114.22929798,22.26648077],[114.22725686,22.26459436],[114.22590514,22.26492147],[114.22443635,22.26478109],[114.22418684,22.26420031],[114.22380383,22.26432045],[114.22465326,22.26336486],[114.22524232,22.26308084],[114.22635902,22.26317526],[114.22769458,22.26204246],[114.2299003,22.26278119],[114.23156043,22.26542839],[114.23220091,22.26690003],[114.23222365,22.26822805],[114.23312392,22.2696364],[114.23305771,22.27073963],[114.23334522,22.27098332],[114.23246576,22.27304871],[114.2309045,22.27445626],[114.23001508,22.27438955]]]}},{"type":"Feature","properties":{"TPU_NUMBER":"165","SPU_NUMBER":"16","PPU_NUMBER":"1"},"geometry":{"type":"Polygon","coordinates":[[[114.23849761,22.26323123],[114.23580658,22.26350672],[114.23383032,22.26507601],[114.23349985,22.26816496],[114.2337252,22.26986006],[114.23334522,22.27098332],[114.23305771,22.27073963],[114.23302939,22.26935091],[114.23219168,22.26812561],[114.23194989,22.26629622],[114.22971905,22.2625939],[114.22785737,22.26201988],[114.22725349,22.26222614],[114.22635902,22.26317526],[114.22524232,22.26308084],[114.22560061,22.2620802],[114.22557944,22.25803699],[114.2288462,22.25717581],[114.22998033,22.25656966],[114.23051558,22.25581559],[114.23071281,22.25623489],[114.23204812,22.25501812],[114.2331183,22.2549822],[114.23371844,22.25462754],[114.23443296,22.25524588],[114.23470497,22.25613361],[114.23528285,22.25619831],[114.23580702,22.25685623],[114.23632224,22.25644628],[114.23664761,22.25731536],[114.23698215,22.2569145],[114.23755833,22.25723376],[114.23874878,22.25625799],[114.24012627,22.25607311],[114.24035443,22.25824916],[114.24083773,22.25891281],[114.24126766,22.25881132],[114.24199089,22.25954852],[114.24216232,22.26127474],[114.24368924,22.26205612],[114.24388272,22.26155127],[114.24497995,22.26117904],[114.24758317,22.2651328],[114.24591026,22.26588905],[114.2425819,22.26563625],[114.23931469,22.26335303],[114.23849761,22.26323123]]]}},{"type":"Feature","properties":{"TPU_NUMBER":"166","SPU_NUMBER":"16","PPU_NUMBER":"1"},"geometry":{"type":"Polygon","coordinates":[[[114.2196909,22.28384835],[114.21801005,22.28361143],[114.2167002,22.28241845],[114.2165085,22.27848174],[114.21707613,22.27716031],[114.21851791,22.27678921],[114.21878203,22.27702477],[114.21976045,22.27686966],[114.2201792,22.27575981],[114.22070283,22.27556422],[114.220657,22.27412348],[114.22253433,22.27400616],[114.22465053,22.27275752],[114.22520968,22.27276782],[114.22743656,22.27438642],[114.22923168,22.27467483],[114.22986992,22.27443783],[114.23016344,22.27577399],[114.22791592,22.27712638],[114.2276066,22.27672546],[114.22641598,22.27740578],[114.22613723,22.27726417],[114.22503569,22.27931492],[114.22358432,22.27963125],[114.2229405,22.27940722],[114.22205768,22.28022195],[114.22261121,22.2806164],[114.22195361,22.28122368],[114.22085981,22.2805329],[114.22039353,22.2823597],[114.21970666,22.28316248],[114.22004112,22.28339367],[114.2196909,22.28384835]]]}},{"type":"Feature","properties":{"TPU_NUMBER":"167","SPU_NUMBER":"16","PPU_NUMBER":"1"},"geometry":{"type":"Polygon","coordinates":[[[114.25297671,22.26541108],[114.24885547,22.26924431],[114.24777119,22.26821722],[114.24798944,22.26801369],[114.24758428,22.26763179],[114.24763092,22.26509165],[114.2457209,22.26204742],[114.24497995,22.26117904],[114.24388272,22.26155127],[114.24368924,22.26205612],[114.24240867,22.26151522],[114.24211933,22.26118207],[114.24199089,22.25954852],[114.24126766,22.25881132],[114.24083773,22.25891281],[114.24037309,22.25828367],[114.24003103,22.25664262],[114.24012627,22.25607311],[114.24265413,22.25538742],[114.24290285,22.25452141],[114.24412926,22.25362204],[114.2474481,22.253403],[114.24989886,22.24668598],[114.2506975,22.24773191],[114.25025293,22.24832504],[114.25077208,22.24876388],[114.25125473,22.24846491],[114.25094229,22.24896335],[114.25135021,22.24896213],[114.25155087,22.24950197],[114.25238417,22.2494637],[114.25336835,22.24846121],[114.25415566,22.24857453],[114.25450636,22.24914973],[114.25395908,22.24941001],[114.25473135,22.24974038],[114.25422952,22.25116772],[114.25376741,22.25153073],[114.25425016,22.25172126],[114.25435753,22.25228848],[114.25492655,22.25233061],[114.25498018,22.25352597],[114.25514869,22.25299471],[114.25559154,22.25330777],[114.2557159,22.25380339],[114.25529182,22.25445471],[114.25563174,22.25476629],[114.25556943,22.25540246],[114.25569667,22.25567025],[114.25631054,22.25541626],[114.25626479,22.25614306],[114.25661571,22.25638374],[114.25617645,22.25669303],[114.25611477,22.25786998],[114.25540463,22.25784605],[114.25565299,22.25800685],[114.25498088,22.2593388],[114.25575579,22.26118804],[114.25746986,22.26132165],[114.25693138,22.26230914],[114.25297671,22.26541108]]]}},{"type":"Feature","properties":{"TPU_NUMBER":"171","SPU_NUMBER":"17","PPU_NUMBER":"1"},"geometry":{"type":"Polygon","coordinates":[[[114.1336865,22.27332506],[114.12929575,22.27569497],[114.12826552,22.27474049],[114.12625777,22.27428897],[114.12532864,22.2734325],[114.12366013,22.27271474],[114.12285208,22.27287023],[114.12156547,22.27246479],[114.11850333,22.27412838],[114.11793329,22.27375746],[114.11928062,22.2719662],[114.12140695,22.2711877],[114.12263156,22.27016922],[114.12334806,22.26797067],[114.1237667,22.26782356],[114.12449668,22.26603425],[114.12538513,22.26500973],[114.12587385,22.26402859],[114.12570577,22.26384629],[114.12604658,22.26389722],[114.12662268,22.26238886],[114.1273559,22.26201641],[114.12715337,22.26140194],[114.12753793,22.26155985],[114.12737474,22.26111782],[114.12780181,22.26108437],[114.13206256,22.25532635],[114.13178217,22.25478252],[114.13201471,22.25434885],[114.13185757,22.25334492],[114.13220299,22.25216995],[114.13252855,22.25201418],[114.1337602,22.25290976],[114.13380061,22.25359722],[114.13463123,22.25381305],[114.1343212,22.25516987],[114.13537955,22.25555955],[114.1356979,22.25601885],[114.13606484,22.25515235],[114.1379683,22.25363087],[114.13854503,22.25337102],[114.13914082,22.2536549],[114.1365931,22.25780397],[114.13658349,22.2598542],[114.13612359,22.26166753],[114.13536032,22.26268202],[114.13626303,22.26428339],[114.13641624,22.26543702],[114.13870947,22.26650669],[114.13999446,22.26645709],[114.1360886,22.27202814],[114.1336865,22.27332506]]]}},{"type":"Feature","properties":{"TPU_NUMBER":"172","SPU_NUMBER":"17","PPU_NUMBER":"1"},"geometry":{"type":"Polygon","coordinates":[[[114.13930735,22.26660509],[114.13641624,22.26543702],[114.13626303,22.26428339],[114.13536032,22.26268202],[114.13612359,22.26166753],[114.13658349,22.2598542],[114.1365931,22.25780397],[114.13914082,22.2536549],[114.13854503,22.25337102],[114.1379683,22.25363087],[114.13606484,22.25515235],[114.1356979,22.25601885],[114.13537955,22.25555955],[114.1343212,22.25516987],[114.13466577,22.253887],[114.13380061,22.25359722],[114.13388869,22.25308363],[114.13335461,22.25275274],[114.13319573,22.2522135],[114.13414807,22.25134122],[114.13493839,22.24995076],[114.13625103,22.24881854],[114.13652774,22.24896172],[114.13778952,22.24846701],[114.13973372,22.24883195],[114.14126597,22.24830417],[114.14151241,22.24903416],[114.1421442,22.24949003],[114.14181944,22.24969852],[114.14264087,22.25010721],[114.1425095,22.25064774],[114.14451614,22.25113442],[114.14619547,22.25218363],[114.14676844,22.25209912],[114.14597404,22.25282738],[114.14528669,22.25471517],[114.14605405,22.25478314],[114.14620504,22.25607417],[114.14684092,22.25631387],[114.14563763,22.25845509],[114.14471437,22.25919489],[114.1440935,22.25909909],[114.14308122,22.25977662],[114.14319451,22.26187192],[114.14105078,22.26495683],[114.14181026,22.26501867],[114.14272328,22.26633982],[114.14161568,22.26601628],[114.13930735,22.26660509]]]}},{"type":"Feature","properties":{"TPU_NUMBER":"173","SPU_NUMBER":"17","PPU_NUMBER":"1"},"geometry":{"type":"MultiPolygon","coordinates":[[[[114.14068146,22.24376112],[114.13807363,22.24358589],[114.13785607,22.24343279],[114.13941613,22.24295083],[114.14118619,22.24374352],[114.14068146,22.24376112]]],[[[114.15524185,22.25932752],[114.1552552,22.25807944],[114.15427544,22.25686497],[114.15421069,22.25621963],[114.15358892,22.25563207],[114.15381753,22.25609969],[114.15352992,22.25622468],[114.15184045,22.2541421],[114.1508529,22.25406464],[114.14951003,22.25334425],[114.14899322,22.25355371],[114.14803743,22.25233879],[114.14619547,22.25218363],[114.14451614,22.25113442],[114.1425095,22.25064774],[114.14264087,22.25010721],[114.14181944,22.24969852],[114.1421442,22.24949003],[114.14151241,22.24903416],[114.14126597,22.24830417],[114.14216822,22.24801477],[114.14370215,22.24814961],[114.14476444,22.24570872],[114.1438193,22.24805382],[114.14403744,22.24813841],[114.14670558,22.24830111],[114.14874243,22.24783738],[114.14875749,22.24760926],[114.15000608,22.24798797],[114.15045328,22.24788585],[114.15046514,22.24760835],[114.15053521,22.24786437],[114.15184858,22.24740062],[114.15249979,22.24750129],[114.15246079,22.24728101],[114.15251352,22.24749904],[114.15307854,22.24717541],[114.15311103,22.24740162],[114.15394563,22.24726501],[114.15393818,22.2470308],[114.15396493,22.24726185],[114.1540199,22.24725286],[114.15396733,22.24700755],[114.15428119,22.24720973],[114.15497667,22.24663649],[114.15843624,22.24705532],[114.15992069,22.24635462],[114.1610397,22.24730068],[114.16063936,22.24826067],[114.16164141,22.24862059],[114.1629673,22.24854244],[114.162459,22.25181428],[114.16286432,22.25247024],[114.16254975,22.25308632],[114.16296287,22.25337271],[114.16288978,22.25396992],[114.16199131,22.25433535],[114.16191754,22.25596701],[114.16108004,22.2556674],[114.16190165,22.25660521],[114.16320188,22.25697313],[114.16338311,22.2589048],[114.16275521,22.25851956],[114.16171242,22.25899845],[114.15830006,22.25813799],[114.15524185,22.25932752]]]]}},{"type":"Feature","properties":{"TPU_NUMBER":"174","SPU_NUMBER":"17","PPU_NUMBER":"1"},"geometry":{"type":"MultiPolygon","coordinates":[[[[114.14314062,22.24108517],[114.14280962,22.24095415],[114.14352934,22.24073137],[114.14349521,22.24087261],[114.14314062,22.24108517]]],[[[114.15958361,22.24469027],[114.15872858,22.24554239],[114.15750834,22.24578081],[114.15401875,22.24459751],[114.1507555,22.24571713],[114.14836392,22.24570369],[114.14720183,22.24499516],[114.14517204,22.24485467],[114.14410863,22.24370472],[114.14506761,22.24361169],[114.14753256,22.2417489],[114.14801014,22.24006435],[114.14880871,22.23937581],[114.15183343,22.23872213],[114.15349255,22.23660299],[114.15389176,22.23687342],[114.15474623,22.23543032],[114.15624776,22.23530527],[114.15845952,22.23434958],[114.15820103,22.23419074],[114.15906392,22.23402543],[114.15928116,22.23358114],[114.15881934,22.23319672],[114.15921219,22.23252711],[114.15905615,22.23143827],[114.16047968,22.23023603],[114.16039551,22.22984273],[114.16087828,22.22923691],[114.16232687,22.22884222],[114.16243663,22.22933134],[114.16151207,22.22998191],[114.16187683,22.23047421],[114.16134243,22.23112724],[114.16157188,22.2312659],[114.16127463,22.23164399],[114.16151514,22.23261677],[114.15953027,22.23343117],[114.15935252,22.23385884],[114.15977762,22.23425669],[114.15970715,22.23496002],[114.16043487,22.23619203],[114.16315654,22.23640739],[114.16053244,22.23641375],[114.16059706,22.23700809],[114.1610422,22.23703303],[114.16060061,22.23711267],[114.16088472,22.2374676],[114.16048538,22.23747035],[114.1608725,22.23757742],[114.16054547,22.23788705],[114.16099791,22.23800987],[114.16063901,22.23843972],[114.16113948,22.23923403],[114.1608007,22.23928083],[114.16086835,22.23960574],[114.16117863,22.23970237],[114.1608654,22.23961465],[114.16073885,22.2399953],[114.16097249,22.24006233],[114.16073642,22.2400026],[114.16090118,22.24020318],[114.16058463,22.24045932],[114.16085001,22.24072306],[114.16007172,22.24095083],[114.16034121,22.24128487],[114.15988758,22.24129291],[114.16010475,22.24152912],[114.15982192,22.24134804],[114.16003473,22.24169319],[114.1595816,22.24124664],[114.15968245,22.24157629],[114.15940615,22.24144812],[114.15946487,22.24184235],[114.15897197,22.24218814],[114.1597946,22.24387292],[114.15958361,22.24469027]]]]}},{"type":"Feature","properties":{"TPU_NUMBER":"175","SPU_NUMBER":"17","PPU_NUMBER":"1"},"geometry":{"type":"Polygon","coordinates":[[[114.16921342,22.25676728],[114.16867872,22.25724244],[114.16379742,22.25907932],[114.16338311,22.2589048],[114.16318079,22.25694435],[114.16190165,22.25660521],[114.16108004,22.2556674],[114.16191754,22.25596701],[114.16199131,22.25433535],[114.16288978,22.25396992],[114.16296287,22.25337271],[114.16254975,22.25308632],[114.16286432,22.25247024],[114.162459,22.25181428],[114.16301432,22.24888302],[114.1629673,22.24854244],[114.16164141,22.24862059],[114.16063936,22.24826067],[114.1610397,22.24730068],[114.16011326,22.24617148],[114.16085579,22.24525107],[114.16143657,22.24535186],[114.16158812,22.24490251],[114.16210426,22.24438018],[114.16213097,22.2445662],[114.16268748,22.24398539],[114.16248885,22.24376891],[114.16274079,22.24398393],[114.16162558,22.24515522],[114.16207672,22.24514509],[114.16288475,22.2441082],[114.16213995,22.24513331],[114.1622022,22.24551688],[114.16333188,22.24448587],[114.16236749,22.24553938],[114.16277839,22.24559827],[114.16358728,22.24469559],[114.16290269,22.24552343],[114.16332461,22.24550147],[114.16376583,22.2449914],[114.16338763,22.24548681],[114.16420008,22.24538061],[114.16452823,22.24445713],[114.16359392,22.24421827],[114.16255512,22.24337749],[114.16282492,22.24310271],[114.16367744,22.24404364],[114.1638893,22.24373116],[114.16351961,22.24266903],[114.16380587,22.24264711],[114.1634725,22.24230075],[114.16386447,22.24259501],[114.16427851,22.24223103],[114.16459328,22.24249749],[114.16515791,22.24208807],[114.16504704,22.24186955],[114.16543747,22.24199204],[114.16533672,22.24168031],[114.16566625,22.24183022],[114.16548866,22.24163601],[114.16569808,22.24179831],[114.16573058,22.24157531],[114.16556853,22.23975896],[114.16443563,22.23838982],[114.16270847,22.23781827],[114.16467619,22.23822238],[114.16605465,22.23938648],[114.16624623,22.24135151],[114.16585151,22.24200876],[114.16765019,22.2429047],[114.16673305,22.24348841],[114.16655635,22.24415031],[114.17099428,22.24413022],[114.17291504,22.24355407],[114.17353813,22.2436957],[114.1738334,22.24560566],[114.17374829,22.2482135],[114.17499466,22.24887409],[114.17483245,22.24943093],[114.17571783,22.24887916],[114.17547494,22.24952593],[114.17733396,22.25030472],[114.17941521,22.25266454],[114.18031359,22.25291218],[114.18032436,22.25386863],[114.17976352,22.25433758],[114.17993824,22.25617868],[114.17884862,22.25683024],[114.17830837,22.25659038],[114.17790209,22.25503766],[114.17617341,22.25407138],[114.173945,22.25501339],[114.17291723,22.25580219],[114.1722673,22.25546152],[114.17135327,22.25549044],[114.17073285,22.25610259],[114.16921342,22.25676728]]]}},{"type":"Feature","properties":{"TPU_NUMBER":"176","SPU_NUMBER":"17","PPU_NUMBER":"1"},"geometry":{"type":"Polygon","coordinates":[[[114.17931135,22.24520856],[114.17759671,22.24624855],[114.17636922,22.24837552],[114.17483245,22.24943093],[114.17499466,22.24887409],[114.17374829,22.2482135],[114.1738334,22.24560566],[114.17353813,22.2436957],[114.17291504,22.24355407],[114.17099428,22.24413022],[114.16655635,22.24415031],[114.16673305,22.24348841],[114.16765019,22.2429047],[114.16585151,22.24200876],[114.16624623,22.24135151],[114.16612591,22.23955893],[114.16438614,22.2381488],[114.16517138,22.23626303],[114.16721186,22.23590296],[114.16723674,22.23456022],[114.16656964,22.23407484],[114.16676818,22.23386847],[114.16622174,22.23349125],[114.16617318,22.23302605],[114.16681772,22.23283953],[114.16691809,22.23236463],[114.16732887,22.23258148],[114.16753317,22.23197444],[114.16827007,22.23212347],[114.16891086,22.23130071],[114.1693536,22.2313562],[114.16928322,22.23080389],[114.17007297,22.2309379],[114.17158535,22.22976886],[114.17330741,22.23053336],[114.17426337,22.23373875],[114.17427041,22.23587307],[114.17470633,22.23678307],[114.17513168,22.23695946],[114.17514971,22.23774947],[114.17616059,22.23757032],[114.17631418,22.23824734],[114.17579613,22.23860984],[114.17648214,22.23933698],[114.17665754,22.24057731],[114.1776239,22.24110374],[114.1781827,22.24226073],[114.17909846,22.24226932],[114.17965449,22.242642],[114.17863262,22.2437269],[114.17942765,22.24470405],[114.180363,22.24499572],[114.18036301,22.24531039],[114.17931135,22.24520856]]]}},{"type":"Feature","properties":{"TPU_NUMBER":"181","SPU_NUMBER":"18","PPU_NUMBER":"1"},"geometry":{"type":"Polygon","coordinates":[[[114.1461021,22.28098491],[114.14526642,22.28094241],[114.14458127,22.28030393],[114.14309253,22.27983854],[114.14305506,22.27930572],[114.14274339,22.27913351],[114.14164795,22.27986194],[114.14074024,22.27914771],[114.13980855,22.2776795],[114.13866555,22.27717558],[114.1373023,22.279213],[114.13600757,22.27907212],[114.1356418,22.27937682],[114.13590033,22.27872612],[114.13670034,22.27839558],[114.13687245,22.27663464],[114.1372436,22.27661666],[114.13808509,22.27527639],[114.13863268,22.27536682],[114.13789843,22.27490665],[114.13894255,22.27316736],[114.13817415,22.273446],[114.13546046,22.27322071],[114.13320831,22.27350282],[114.1360886,22.27202814],[114.13999446,22.26645709],[114.14199455,22.26604029],[114.14272325,22.26667276],[114.14384033,22.26680226],[114.14468346,22.26757405],[114.14551224,22.267225],[114.14625159,22.2678911],[114.14680155,22.26738289],[114.14790223,22.26784336],[114.149007,22.2672769],[114.14973059,22.26746272],[114.15053762,22.26845126],[114.15053804,22.26883208],[114.1494306,22.26982374],[114.14940928,22.27141577],[114.14955802,22.27171998],[114.1497239,22.27142186],[114.1513526,22.27131692],[114.15037612,22.27193081],[114.15051883,22.27287098],[114.14998868,22.27348463],[114.1512933,22.2727689],[114.15127127,22.27335185],[114.15082895,22.2738957],[114.15193783,22.27531296],[114.15147567,22.27563122],[114.15086649,22.27735485],[114.15031884,22.27753086],[114.14936526,22.2788819],[114.14680271,22.28028911],[114.1461021,22.28098491]]]}},{"type":"Feature","properties":{"TPU_NUMBER":"182","SPU_NUMBER":"18","PPU_NUMBER":"1"},"geometry":{"type":"Polygon","coordinates":[[[114.15257016,22.27281665],[114.15165791,22.27393349],[114.1519379,22.2749032],[114.1519419,22.27525439],[114.15082895,22.2738957],[114.15127127,22.27335185],[114.1512933,22.2727689],[114.14999424,22.27352184],[114.15051883,22.27287098],[114.15037612,22.27193081],[114.15135834,22.27133545],[114.1497239,22.27142186],[114.14952648,22.27170129],[114.1494306,22.26982374],[114.15056561,22.26874404],[114.14973059,22.26746272],[114.14891325,22.26726832],[114.14790223,22.26784336],[114.14680155,22.26738289],[114.14625159,22.2678911],[114.14525722,22.26720369],[114.14468346,22.26757405],[114.14384033,22.26680226],[114.14268168,22.26665044],[114.14256756,22.26585299],[114.14182702,22.26503307],[114.14105078,22.26495683],[114.14319451,22.26187192],[114.14308122,22.25977662],[114.1440935,22.25909909],[114.14480243,22.25912537],[114.14570877,22.25838421],[114.14667731,22.2569278],[114.14684092,22.25631387],[114.14620504,22.25607417],[114.14605405,22.25478314],[114.14528669,22.25471517],[114.14597404,22.25282738],[114.14682348,22.25207824],[114.14803743,22.25233879],[114.14899322,22.25355371],[114.14951003,22.25334425],[114.1508529,22.25406464],[114.15179905,22.25411308],[114.15355774,22.25624171],[114.15381753,22.25609969],[114.15358892,22.25563207],[114.15380138,22.25573129],[114.1552552,22.25807944],[114.15517348,22.25935411],[114.15830006,22.25813799],[114.16171242,22.25899845],[114.16275521,22.25851956],[114.16338311,22.2589048],[114.16357533,22.26040471],[114.16466493,22.26129445],[114.1645112,22.26159062],[114.16487095,22.26166619],[114.1647172,22.26210741],[114.16510753,22.26226467],[114.16522913,22.26316849],[114.16574991,22.26342976],[114.16607642,22.26389813],[114.16591406,22.26424025],[114.16624542,22.26440428],[114.16604078,22.26463414],[114.16631234,22.26493134],[114.16624885,22.26576259],[114.16576596,22.26667056],[114.16647804,22.26739729],[114.16660622,22.26798963],[114.1671845,22.26833219],[114.16556919,22.26916721],[114.16576948,22.27107431],[114.16549135,22.27084149],[114.16499828,22.27152665],[114.16457017,22.27139003],[114.16163005,22.27325405],[114.16012985,22.27253822],[114.15880295,22.27297663],[114.15842034,22.27270284],[114.15798607,22.27317577],[114.15696181,22.27326427],[114.15669744,22.27301646],[114.1558654,22.27317551],[114.15481275,22.27258048],[114.15414203,22.27270625],[114.15383281,22.27237377],[114.15257016,22.27281665]]]}},{"type":"Feature","properties":{"TPU_NUMBER":"183","SPU_NUMBER":"18","PPU_NUMBER":"1"},"geometry":{"type":"Polygon","coordinates":[[[114.16985052,22.26756636],[114.16976571,22.26659256],[114.16905871,22.26670965],[114.16874346,22.26593261],[114.16709826,22.26560708],[114.16607133,22.26473401],[114.16606976,22.26387021],[114.16522913,22.26316849],[114.16510753,22.26226467],[114.1647172,22.26210741],[114.16487095,22.26166619],[114.1645112,22.26159062],[114.16466493,22.26129445],[114.16354844,22.26034877],[114.16338311,22.2589048],[114.16379742,22.25907932],[114.16867872,22.25724244],[114.17073285,22.25610259],[114.1711833,22.25553817],[114.17207735,22.25543259],[114.17291723,22.25580219],[114.173945,22.25501339],[114.17613339,22.25407194],[114.17683857,22.25422886],[114.17790209,22.25503766],[114.17863337,22.25689967],[114.18029233,22.2559407],[114.18299062,22.25567061],[114.18335315,22.25514421],[114.18438333,22.25524971],[114.1852813,22.25460905],[114.18720033,22.2540259],[114.18830815,22.25450615],[114.18838586,22.25560957],[114.18894561,22.25672087],[114.189609,22.25721524],[114.1914244,22.25697013],[114.19251314,22.25738465],[114.19262192,22.25873867],[114.19224373,22.25944244],[114.1854741,22.25940788],[114.17514013,22.26167626],[114.17517767,22.26453174],[114.16985052,22.26756636]]]}},{"type":"Feature","properties":{"TPU_NUMBER":"184","SPU_NUMBER":"18","PPU_NUMBER":"1"},"geometry":{"type":"Polygon","coordinates":[[[114.16739536,22.27276231],[114.16682172,22.27236832],[114.16642038,22.27093073],[114.16576948,22.27107431],[114.16556919,22.26916721],[114.1671845,22.26833219],[114.16660622,22.26798963],[114.16647804,22.26739729],[114.16576596,22.26667056],[114.16631234,22.26493134],[114.16709826,22.26560708],[114.16874346,22.26593261],[114.16905871,22.26670965],[114.16976571,22.26659256],[114.16985052,22.26756636],[114.17517767,22.26453174],[114.17514013,22.26167626],[114.1854741,22.25940788],[114.19224373,22.25944244],[114.19043983,22.26139187],[114.18863989,22.26245593],[114.18729009,22.26262477],[114.18530298,22.26376237],[114.18439544,22.26624398],[114.18287093,22.26642488],[114.18283134,22.26613407],[114.18250714,22.2661814],[114.18104697,22.26718498],[114.18015919,22.2667583],[114.17920108,22.26700158],[114.17890943,22.26814566],[114.17845645,22.26821226],[114.17798207,22.26885046],[114.17592652,22.27017982],[114.1736707,22.26951209],[114.17369133,22.26871682],[114.17312193,22.26820658],[114.17007417,22.26782381],[114.17067509,22.26816476],[114.17025659,22.2701605],[114.17091205,22.27162405],[114.17017402,22.27226408],[114.16974528,22.2721777],[114.16932621,22.27271161],[114.16880226,22.27276577],[114.16864461,22.27249485],[114.16739536,22.27276231]]]}},{"type":"Feature","properties":{"TPU_NUMBER":"190","SPU_NUMBER":"19","PPU_NUMBER":"1"},"geometry":{"type":"Polygon","coordinates":[[[114.2067014,22.27002717],[114.20737037,22.27049449],[114.20328771,22.27689666],[114.20227814,22.27723976],[114.20045609,22.27412028],[114.20101928,22.27208362],[114.20094816,22.27119241],[114.20175147,22.26998902],[114.20161743,22.26927338],[114.19992489,22.26896398],[114.19851191,22.27032113],[114.19837687,22.27085649],[114.19725734,22.27090254],[114.19604547,22.26928425],[114.19108961,22.26516825],[114.19073078,22.26523955],[114.19079221,22.26601344],[114.19045116,22.26621354],[114.1902925,22.26499624],[114.19088241,22.26394412],[114.19108788,22.26298911],[114.19082103,22.26263812],[114.19138915,22.26148102],[114.19026979,22.26209796],[114.18922263,22.26213208],[114.19195946,22.25990387],[114.19262192,22.25873867],[114.19239212,22.25734871],[114.19437731,22.25704469],[114.19653792,22.25812377],[114.19755651,22.257853],[114.19775972,22.2582111],[114.19737733,22.25851772],[114.1983044,22.26633288],[114.20314223,22.26753967],[114.2067014,22.27002717]]]}},{"type":"Feature","properties":{"TPU_NUMBER":"191","SPU_NUMBER":"19","PPU_NUMBER":"1"},"geometry":{"type":"MultiPolygon","coordinates":[[[[114.18369116,22.23632541],[114.18271068,22.23632253],[114.18216286,22.2352851],[114.18230447,22.23478032],[114.18183162,22.23470265],[114.1823122,22.23394412],[114.18292668,22.23363317],[114.18383317,22.23206902],[114.18556841,22.23245003],[114.18605294,22.2330798],[114.1860306,22.23371178],[114.18736339,22.23356832],[114.18735104,22.23328924],[114.18777586,22.23321874],[114.18954103,22.23447527],[114.18924949,22.23501668],[114.18967237,22.23553239],[114.18879366,22.23594859],[114.18767705,22.23568427],[114.18732066,22.23606723],[114.18723567,22.23549886],[114.18634549,22.23542885],[114.1856455,22.23572003],[114.18575953,22.23598554],[114.18515732,22.2356247],[114.1851168,22.23597627],[114.18369116,22.23632541]]],[[[114.19036572,22.2570899],[114.18975271,22.25728014],[114.18900564,22.25679142],[114.18836645,22.25554636],[114.18830815,22.25450615],[114.18720033,22.2540259],[114.1852813,22.25460905],[114.18438333,22.25524971],[114.18335315,22.25514421],[114.18299062,22.25567061],[114.17993824,22.25617868],[114.17976352,22.25433758],[114.18032436,22.25386863],[114.18029204,22.25285698],[114.17941521,22.25266454],[114.17765939,22.25054819],[114.1755495,22.2495852],[114.17542418,22.24928214],[114.17641588,22.24831037],[114.17742402,22.24642393],[114.17924152,22.24523022],[114.18036301,22.24531039],[114.180363,22.24499572],[114.1807666,22.24499303],[114.18315264,22.24550653],[114.18447718,22.24517008],[114.18579867,22.245771],[114.18734103,22.24473491],[114.18798103,22.24396545],[114.18823341,22.24280905],[114.18801426,22.24221648],[114.18753785,22.24223271],[114.18671355,22.24154432],[114.1869215,22.24101809],[114.18668849,22.23969059],[114.18856242,22.23722907],[114.18988808,22.23608675],[114.19037947,22.2360312],[114.19109155,22.237451],[114.19166564,22.23741466],[114.19159389,22.23801817],[114.19114428,22.23786461],[114.19043462,22.23858208],[114.19038745,22.23825508],[114.18978706,22.23820198],[114.18880657,22.23995983],[114.18970844,22.2423017],[114.19080794,22.24289438],[114.19083594,22.24382119],[114.19155775,22.24483979],[114.19109878,22.24653156],[114.19199823,22.24743787],[114.1922379,22.24924337],[114.19145814,22.24982453],[114.19112827,22.25151984],[114.19283424,22.25165246],[114.19288307,22.25228527],[114.19250467,22.25283059],[114.19353507,22.25414215],[114.1928383,22.25505187],[114.19334673,22.25609336],[114.19323849,22.25676057],[114.19258384,22.2566124],[114.19216114,22.2571885],[114.19036572,22.2570899]]]]}},{"type":"Feature","properties":{"TPU_NUMBER":"192","SPU_NUMBER":"19","PPU_NUMBER":"1"},"geometry":{"type":"MultiPolygon","coordinates":[[[[114.19357843,22.22454073],[114.19336655,22.22431664],[114.19352443,22.22416463],[114.19377018,22.224454],[114.19357843,22.22454073]]],[[[114.19267386,22.22454422],[114.19257558,22.2245448],[114.19250185,22.22434407],[114.19281994,22.22440488],[114.19267386,22.22454422]]],[[[114.19171223,22.22477093],[114.19094451,22.22449858],[114.19091156,22.22419032],[114.19197734,22.22412248],[114.19188395,22.2245092],[114.19217408,22.22444185],[114.19171223,22.22477093]]],[[[114.20134553,22.25821812],[114.2001542,22.25905167],[114.19878457,22.25818303],[114.1974351,22.25783519],[114.19653792,22.25812377],[114.19441583,22.25704907],[114.19319188,22.25709817],[114.19268431,22.25741287],[114.19226233,22.25716769],[114.19258384,22.2566124],[114.19332997,22.25658329],[114.1928383,22.25505187],[114.19353507,22.25414215],[114.19250467,22.25283059],[114.19288307,22.25228527],[114.19283424,22.25165246],[114.19112827,22.25151984],[114.19145814,22.24982453],[114.1922379,22.24924337],[114.19199823,22.24743787],[114.19109878,22.24653156],[114.19155775,22.24483979],[114.19083594,22.24382119],[114.19080794,22.24289438],[114.18970844,22.2423017],[114.18880657,22.23995983],[114.18978706,22.23820198],[114.19038745,22.23825508],[114.19043462,22.23858208],[114.19114428,22.23786461],[114.19159389,22.23801817],[114.19166564,22.23741466],[114.19102523,22.23737677],[114.19060001,22.23611506],[114.19213198,22.23618961],[114.1936883,22.23744866],[114.19393152,22.23715102],[114.19399858,22.23769672],[114.19423593,22.23769366],[114.19610022,22.23648115],[114.19760634,22.2348986],[114.19693124,22.23442593],[114.19829493,22.23459015],[114.197736,22.23437579],[114.19839556,22.23411767],[114.19841336,22.23289602],[114.19807336,22.23211454],[114.1982303,22.23007352],[114.19776693,22.22947031],[114.19667356,22.22926348],[114.19633464,22.22866388],[114.19641054,22.22813423],[114.19701135,22.22776404],[114.19782989,22.22610028],[114.19778316,22.22568357],[114.19656458,22.22407211],[114.19378504,22.22418874],[114.19392466,22.22376211],[114.19497476,22.2229821],[114.19559575,22.22307485],[114.19549543,22.22283682],[114.19638856,22.2219562],[114.19681727,22.22178413],[114.19697902,22.22207643],[114.19787137,22.22138152],[114.19977439,22.22088166],[114.20089812,22.2209384],[114.20157634,22.22153534],[114.20300946,22.22137199],[114.20291866,22.22304737],[114.20373541,22.22397124],[114.20390861,22.22539558],[114.20349954,22.22572966],[114.20281429,22.22834461],[114.2002287,22.23067364],[114.20076324,22.23219036],[114.20161614,22.23297379],[114.20288315,22.23290894],[114.20415634,22.23343388],[114.20241119,22.23458007],[114.2022386,22.23521823],[114.20138752,22.23578739],[114.20133156,22.23647413],[114.20142242,22.23709379],[114.20178034,22.23731283],[114.20324652,22.23730764],[114.20308954,22.23851586],[114.20413754,22.23953122],[114.2042152,22.24009173],[114.20393571,22.24034086],[114.20424285,22.24100208],[114.20378793,22.2411037],[114.20301007,22.24199724],[114.20128943,22.24189005],[114.20013714,22.24085648],[114.19808936,22.24026144],[114.19772894,22.24187834],[114.19795219,22.24228497],[114.19757275,22.24304587],[114.19564494,22.24319309],[114.19469915,22.24240584],[114.19387996,22.24250515],[114.19346668,22.24321284],[114.19417415,22.24393559],[114.19441765,22.24505095],[114.19370656,22.24656077],[114.19409486,22.24740375],[114.19371118,22.24793494],[114.19386737,22.24823124],[114.19485323,22.24818054],[114.19424551,22.24897753],[114.19450152,22.24915266],[114.19457574,22.24971252],[114.19430424,22.24999304],[114.19476201,22.25048031],[114.19472275,22.25096426],[114.1941408,22.25139985],[114.19384916,22.25282729],[114.1943963,22.25392838],[114.19406303,22.25526474],[114.19429826,22.25624945],[114.19567882,22.25482555],[114.19598234,22.25536277],[114.1961043,22.25505246],[114.19748207,22.25462094],[114.19668091,22.25610735],[114.20068527,22.2567223],[114.20150023,22.25745917],[114.20134553,22.25821812]]]]}},{"type":"Feature","properties":{"TPU_NUMBER":"193","SPU_NUMBER":"19","PPU_NUMBER":"1"},"geometry":{"type":"MultiPolygon","coordinates":[[[[114.18459832,22.21746661],[114.18374643,22.21732924],[114.18333384,22.21676051],[114.18396935,22.21548014],[114.18384856,22.21516095],[114.18453034,22.21416478],[114.18485866,22.21413965],[114.18463752,22.21395467],[114.18542454,22.21377701],[114.18684677,22.21494144],[114.18725147,22.21470055],[114.18821222,22.21512974],[114.18772158,22.21539707],[114.18810917,22.21566882],[114.18780024,22.21647973],[114.18459832,22.21746661]]],[[[114.20303988,22.22092735],[114.20300946,22.22137199],[114.20157634,22.22153534],[114.20078642,22.22078311],[114.20132316,22.22011122],[114.20117957,22.21931786],[114.2019892,22.21861613],[114.20200015,22.21745497],[114.20182913,22.21699881],[114.20054855,22.21681119],[114.19838396,22.2156597],[114.19724294,22.21432139],[114.19689834,22.21181749],[114.19729986,22.21047259],[114.19741996,22.2106754],[114.19792636,22.21030417],[114.19929008,22.21021872],[114.2001241,22.21058263],[114.20081363,22.21141968],[114.20098761,22.21217395],[114.20216005,22.21317633],[114.20298065,22.21270021],[114.20308431,22.21291103],[114.20448676,22.2127911],[114.20468124,22.21236965],[114.20529805,22.21237532],[114.20582976,22.2131746],[114.20618204,22.21316602],[114.20704391,22.21408116],[114.20705786,22.21449009],[114.20624351,22.21489769],[114.20510337,22.21617201],[114.20453853,22.21726145],[114.2046927,22.21861532],[114.20353322,22.21966341],[114.20303988,22.22092735]]]]}},{"type":"Feature","properties":{"TPU_NUMBER":"194","SPU_NUMBER":"19","PPU_NUMBER":"1"},"geometry":{"type":"Polygon","coordinates":[[[114.2281504,22.25721115],[114.22153738,22.25669925],[114.21821539,22.25812116],[114.2171358,22.25745156],[114.21460201,22.25985831],[114.21391713,22.25979812],[114.21220654,22.26041935],[114.21171497,22.26017644],[114.2118693,22.25963492],[114.21139693,22.25910972],[114.21208827,22.2583938],[114.2112697,22.25767781],[114.21074543,22.25803373],[114.21037288,22.2575822],[114.21065198,22.25660596],[114.2127247,22.25586199],[114.21162692,22.25556572],[114.2112266,22.25463655],[114.21090001,22.25487232],[114.21135744,22.25578474],[114.21009338,22.25700228],[114.20942524,22.25691293],[114.208772,22.25763151],[114.20765033,22.25728239],[114.20628293,22.25754727],[114.2058683,22.25778691],[114.20507494,22.25929226],[114.20228513,22.25911873],[114.2018685,22.2588469],[114.20068954,22.25927061],[114.20023285,22.25913183],[114.20132784,22.25835384],[114.20150023,22.25745917],[114.20068527,22.2567223],[114.19672595,22.25614342],[114.19665113,22.25581973],[114.19748207,22.25462094],[114.1961043,22.25505246],[114.19598234,22.25536277],[114.19567882,22.25482555],[114.19429826,22.25624945],[114.19406303,22.25526474],[114.1943963,22.25392838],[114.19384992,22.25279442],[114.1941408,22.25139985],[114.19472275,22.25096426],[114.19476201,22.25048031],[114.19430424,22.24999304],[114.19457574,22.24971252],[114.19450152,22.24915266],[114.19424551,22.24897753],[114.19485323,22.24818054],[114.19386737,22.24823124],[114.19371118,22.24793494],[114.19409486,22.24740375],[114.19370656,22.24656077],[114.19441765,22.24505095],[114.19417415,22.24393559],[114.19346668,22.24321284],[114.19387996,22.24250515],[114.19469915,22.24240584],[114.19564494,22.24319309],[114.19757275,22.24304587],[114.19795219,22.24228497],[114.19772894,22.24187834],[114.19808936,22.24026144],[114.20013714,22.24085648],[114.20128943,22.24189005],[114.20301007,22.24199724],[114.20378793,22.2411037],[114.20424285,22.24100208],[114.20393571,22.24034086],[114.2042152,22.24009173],[114.20413754,22.23953122],[114.20308954,22.23851586],[114.20324652,22.23730764],[114.20178034,22.23731283],[114.20142242,22.23709379],[114.20133156,22.23647413],[114.20138752,22.23578739],[114.2022386,22.23521823],[114.20241119,22.23458007],[114.20415634,22.23343388],[114.20288315,22.23290894],[114.20161614,22.23297379],[114.20076324,22.23219036],[114.2002287,22.23067364],[114.2027669,22.22842952],[114.20360032,22.2256049],[114.20453784,22.22543746],[114.20554328,22.22656627],[114.20589895,22.22477016],[114.20825281,22.2245098],[114.20874842,22.22380538],[114.20952852,22.22570355],[114.21085207,22.22460324],[114.21167197,22.22473843],[114.21164101,22.22578756],[114.21297666,22.22484328],[114.21473267,22.22541923],[114.21679061,22.22763231],[114.21680033,22.23072358],[114.21613795,22.23217703],[114.21772348,22.23270767],[114.21869214,22.2313655],[114.21870249,22.23078216],[114.21966557,22.22994406],[114.22074846,22.2301842],[114.2212929,22.23176714],[114.22207815,22.23228708],[114.22259365,22.23482858],[114.2225406,22.23558864],[114.22180102,22.23645902],[114.2214319,22.23773837],[114.22079388,22.2378058],[114.22106822,22.23999688],[114.2218972,22.24147475],[114.22199341,22.24296827],[114.22103129,22.24490997],[114.22114986,22.24598007],[114.22016433,22.24705837],[114.22106682,22.2480024],[114.22243582,22.24778359],[114.22296217,22.24799736],[114.22410459,22.25019205],[114.22417524,22.25113517],[114.22511499,22.25096275],[114.22569867,22.25210438],[114.2274838,22.25399519],[114.22746714,22.25492029],[114.2281504,22.25721115]]]}},{"type":"Feature","properties":{"TPU_NUMBER":"195","SPU_NUMBER":"19","PPU_NUMBER":"1"},"geometry":{"type":"MultiPolygon","coordinates":[[[[114.22208248,22.20753432],[114.22186623,22.20727538],[114.22289036,22.20640637],[114.22376828,22.20650939],[114.22280776,22.20738065],[114.22208248,22.20753432]]],[[[114.20564661,22.22543058],[114.20552372,22.22656804],[114.20455983,22.22545175],[114.20390861,22.22539558],[114.2037049,22.22388311],[114.20290952,22.22294638],[114.20303988,22.22092735],[114.20353322,22.21966341],[114.2046927,22.21861532],[114.20453853,22.21726145],[114.20549584,22.21564761],[114.20631658,22.21483839],[114.20686482,22.21456801],[114.20619081,22.21507607],[114.20624674,22.21538191],[114.20736924,22.21683344],[114.20855189,22.21680646],[114.20893751,22.21730502],[114.21003141,22.21756743],[114.21026163,22.2170681],[114.21005728,22.21835995],[114.21103159,22.21851205],[114.21199473,22.21786134],[114.21239621,22.21703275],[114.21208764,22.21689902],[114.21224036,22.21668567],[114.21307704,22.2168371],[114.2135169,22.21639027],[114.21345375,22.21509888],[114.21431886,22.21470332],[114.21427754,22.21369715],[114.21493421,22.21310302],[114.21477662,22.21185358],[114.21410144,22.2120828],[114.21453096,22.21180366],[114.21405332,22.21116096],[114.21286131,22.21098568],[114.21262428,22.21004524],[114.21161789,22.20862187],[114.21189396,22.20415189],[114.21300665,22.20412944],[114.2160291,22.20602612],[114.21953932,22.20532271],[114.21962976,22.20559301],[114.22016411,22.20554799],[114.22021899,22.20677064],[114.2189092,22.20726135],[114.2181852,22.20911926],[114.21874295,22.20992005],[114.21960551,22.20964979],[114.22043566,22.2101464],[114.2204038,22.21133613],[114.22070983,22.21149302],[114.22045572,22.21176222],[114.22125125,22.21260698],[114.22168411,22.21284733],[114.22230707,22.21252513],[114.2227223,22.21282564],[114.2224795,22.21468937],[114.22134897,22.21518308],[114.22177677,22.21527906],[114.22208297,22.21562119],[114.22135728,22.21571905],[114.22158427,22.21550704],[114.22114523,22.21558512],[114.22131378,22.21523659],[114.22089365,22.21528184],[114.22042765,22.21603565],[114.22074801,22.21641855],[114.21984744,22.21657984],[114.21968524,22.21689395],[114.21956795,22.21637227],[114.21898493,22.21635642],[114.21888454,22.21675604],[114.21831361,22.21680636],[114.21833526,22.21713153],[114.21694083,22.21741801],[114.21619462,22.21870845],[114.21571096,22.21853121],[114.21519573,22.21933263],[114.21518628,22.21883408],[114.21444605,22.21920497],[114.21415592,22.22196598],[114.2143668,22.22243099],[114.21499476,22.22259435],[114.21472411,22.22274147],[114.21520965,22.22351392],[114.21490123,22.22422517],[114.2154366,22.22443898],[114.21466656,22.22541207],[114.21297666,22.22484328],[114.21164101,22.22578756],[114.21167197,22.22473843],[114.21085207,22.22460324],[114.20952852,22.22570355],[114.20874842,22.22380538],[114.20825281,22.2245098],[114.20589895,22.22477016],[114.20564661,22.22543058]]]]}},{"type":"Feature","properties":{"TPU_NUMBER":"196","SPU_NUMBER":"19","PPU_NUMBER":"1"},"geometry":{"type":"Polygon","coordinates":[[[114.23051014,22.25584382],[114.22998033,22.25656966],[114.2281504,22.25721115],[114.22746714,22.25492029],[114.2274838,22.25399519],[114.22569867,22.25210438],[114.22511499,22.25096275],[114.22417524,22.25113517],[114.22410459,22.25019205],[114.22296217,22.24799736],[114.22243582,22.24778359],[114.22112261,22.24801537],[114.22030328,22.24738626],[114.2201619,22.24701041],[114.22114986,22.24598007],[114.22103129,22.24490997],[114.22198933,22.24302107],[114.2218972,22.24147475],[114.22106822,22.23999688],[114.22079201,22.23783532],[114.2214319,22.23773837],[114.22180102,22.23645902],[114.22255164,22.23555004],[114.22207815,22.23228708],[114.2212929,22.23176714],[114.22074846,22.2301842],[114.21983336,22.2298766],[114.21870249,22.23078216],[114.21869214,22.2313655],[114.21797692,22.2321682],[114.21794261,22.23272789],[114.21613795,22.23217703],[114.21680033,22.23072358],[114.21679061,22.22763231],[114.21466656,22.22541207],[114.21529135,22.22456059],[114.21564321,22.22453073],[114.21546372,22.22468436],[114.21583007,22.22502417],[114.21701151,22.22536958],[114.21746698,22.22620703],[114.21819545,22.22656819],[114.21852372,22.22766831],[114.21893286,22.22760243],[114.21869348,22.22773801],[114.2188783,22.22819093],[114.21864872,22.22893653],[114.21891165,22.22910605],[114.21998192,22.2286228],[114.22153412,22.22961296],[114.2217195,22.23053426],[114.22200155,22.23056866],[114.22238907,22.23140265],[114.22304822,22.23169331],[114.22291795,22.23272649],[114.22321474,22.23293303],[114.22383228,22.23295615],[114.22529836,22.23066319],[114.22691853,22.22978523],[114.22851577,22.22971154],[114.22950469,22.23030579],[114.23004565,22.23184707],[114.2294791,22.23256467],[114.22976947,22.23307473],[114.22959362,22.23413939],[114.22865393,22.23585248],[114.22879535,22.23740222],[114.22806288,22.23813067],[114.22584415,22.23888619],[114.2256392,22.23836247],[114.2247236,22.23835611],[114.2242616,22.23875117],[114.22385057,22.24193039],[114.22329228,22.24267506],[114.22379932,22.24291219],[114.22298354,22.24356201],[114.22301495,22.24411365],[114.22337854,22.24407013],[114.22333048,22.24517517],[114.22390964,22.24560114],[114.22289516,22.24603726],[114.22411449,22.24706261],[114.22422331,22.2466749],[114.2250268,22.24683848],[114.22517405,22.24654984],[114.22458135,22.24645553],[114.22466003,22.2458008],[114.22515367,22.24575669],[114.22526982,22.24476234],[114.22595792,22.2438088],[114.22578258,22.24315401],[114.22547053,22.24305566],[114.22605383,22.24134253],[114.2267263,22.2413591],[114.22786132,22.2420928],[114.23097741,22.24148427],[114.23197256,22.24050638],[114.23243741,22.24043232],[114.23350156,22.23913222],[114.23371842,22.24134249],[114.23414349,22.24146962],[114.23504506,22.24049199],[114.23471995,22.24015222],[114.2348006,22.23932438],[114.23454842,22.23925705],[114.23475592,22.23925696],[114.23451898,22.23862302],[114.2348248,22.23679444],[114.2344805,22.23621704],[114.23369594,22.23591091],[114.23513637,22.23391237],[114.23498088,22.23332103],[114.23542966,22.23270128],[114.23530208,22.23203097],[114.23593657,22.23105139],[114.23574694,22.2303125],[114.23618091,22.22783463],[114.23596523,22.22745978],[114.23676523,22.22577931],[114.23668368,22.22524533],[114.23634204,22.22519652],[114.23635846,22.22301417],[114.23619678,22.22266711],[114.23563217,22.22260713],[114.23644593,22.22100973],[114.23812667,22.22034798],[114.23815593,22.21991167],[114.23728767,22.21957317],[114.2376776,22.21917026],[114.23756785,22.21843759],[114.24051049,22.21888125],[114.24187992,22.21806003],[114.24179367,22.21759498],[114.24232371,22.21658996],[114.24202787,22.21550147],[114.24291199,22.21401893],[114.24319219,22.2120792],[114.24255667,22.21118906],[114.24130421,22.21104206],[114.24175259,22.21075064],[114.24145377,22.21030039],[114.24148832,22.20941373],[114.24258473,22.20794116],[114.24313103,22.20823958],[114.24402382,22.20739455],[114.24581517,22.20719758],[114.24694571,22.20671863],[114.24836292,22.20691075],[114.24860667,22.20743163],[114.24946957,22.20697968],[114.24984363,22.20726165],[114.24882476,22.21587931],[114.24840441,22.21639046],[114.24872166,22.21662045],[114.24825891,22.22002291],[114.24344357,22.22145672],[114.2437756,22.23570394],[114.24117202,22.24272306],[114.23508871,22.25148349],[114.23064961,22.25610055],[114.23051014,22.25584382]]]}},{"type":"Feature","properties":{"TPU_NUMBER":"197","SPU_NUMBER":"19","PPU_NUMBER":"1"},"geometry":{"type":"MultiPolygon","coordinates":[[[[114.26007317,22.20659193],[114.25925061,22.20648254],[114.25830351,22.20513786],[114.26000007,22.2048742],[114.25982792,22.2039476],[114.26027869,22.20383],[114.26098562,22.20430346],[114.26062964,22.20448423],[114.26068465,22.20522519],[114.26009249,22.20497652],[114.260235,22.20542742],[114.25990336,22.20543078],[114.26007317,22.20659193]]],[[[114.25670634,22.22654169],[114.25565018,22.22621509],[114.25586411,22.22584717],[114.25588812,22.22622047],[114.25626942,22.22569051],[114.25780726,22.22526976],[114.25901409,22.22533754],[114.25890212,22.22627814],[114.25670634,22.22654169]]],[[[114.23695305,22.25691904],[114.23664761,22.25731536],[114.23632224,22.25644628],[114.23580702,22.25685623],[114.23528285,22.25619831],[114.23474743,22.2561669],[114.23443296,22.25524588],[114.23375422,22.25462866],[114.2331183,22.2549822],[114.23204812,22.25501812],[114.23122263,22.25594405],[114.23064961,22.25610055],[114.23508871,22.25148349],[114.24117202,22.24272306],[114.2437756,22.23570394],[114.24344357,22.22145672],[114.24825891,22.22002291],[114.24872166,22.21662045],[114.24840441,22.21639046],[114.24882476,22.21587931],[114.24984363,22.20726165],[114.25127397,22.20741377],[114.252251,22.20835528],[114.25219212,22.20807273],[114.2525825,22.20828621],[114.25257312,22.20762086],[114.25326631,22.20765414],[114.25308612,22.20699686],[114.25321012,22.20721514],[114.25335195,22.20677828],[114.2538223,22.20668177],[114.25359037,22.2065573],[114.25355508,22.20649344],[114.25420387,22.2064494],[114.25414459,22.2068324],[114.25444277,22.20681037],[114.25438165,22.20646993],[114.25471705,22.20650461],[114.25453035,22.20635481],[114.25510729,22.20598891],[114.25545821,22.20630753],[114.25541178,22.20732434],[114.25513534,22.20706798],[114.25514886,22.20737625],[114.25554746,22.20813861],[114.25605846,22.2083279],[114.25666,22.20804601],[114.25699868,22.20701267],[114.25969214,22.2079213],[114.26036948,22.20760387],[114.26028666,22.20697099],[114.26055308,22.20686398],[114.26060334,22.20727559],[114.2610368,22.20744445],[114.26084205,22.2079662],[114.26131481,22.20787724],[114.26084569,22.20829673],[114.26110884,22.20851199],[114.26005655,22.20883393],[114.25981337,22.20940315],[114.25877156,22.209238],[114.25829119,22.20950811],[114.25872066,22.21065091],[114.25852334,22.21105342],[114.25819211,22.21112259],[114.25820203,22.21073236],[114.25729617,22.21142203],[114.2552794,22.21073414],[114.25449261,22.2113001],[114.25437786,22.21169075],[114.25473482,22.21211658],[114.25516943,22.21206855],[114.25568172,22.21283949],[114.2549912,22.21280208],[114.25527755,22.2140139],[114.25462655,22.21490815],[114.25531408,22.21618928],[114.25489542,22.21654306],[114.25515176,22.21746979],[114.25492589,22.21766206],[114.25519503,22.21767898],[114.25477117,22.21792567],[114.25460465,22.21902872],[114.25471096,22.21957492],[114.2551003,22.21962868],[114.25452516,22.219652],[114.25439807,22.22013701],[114.25478181,22.22026397],[114.25481209,22.22063451],[114.25381013,22.2209162],[114.2541467,22.22092959],[114.25378598,22.22109773],[114.25406891,22.22158907],[114.25367553,22.22221352],[114.25387771,22.22228947],[114.25345372,22.22256422],[114.25332115,22.2232918],[114.25299848,22.22320586],[114.25210439,22.22409716],[114.25214381,22.22472044],[114.25159024,22.22484214],[114.25119652,22.22574522],[114.25133055,22.22672928],[114.25029292,22.22759489],[114.25079149,22.22849831],[114.25260055,22.2294664],[114.25284022,22.2288636],[114.25641758,22.2280016],[114.25644479,22.2284282],[114.25584772,22.22885031],[114.25610056,22.2297133],[114.25719825,22.22983992],[114.25792332,22.22939553],[114.25796,22.22979872],[114.25857405,22.22921775],[114.25939199,22.2292199],[114.25899674,22.22947397],[114.25982921,22.22954444],[114.26006539,22.22986899],[114.25988636,22.23105286],[114.25907002,22.23099543],[114.25817604,22.23035901],[114.25714011,22.23070618],[114.25638765,22.23031862],[114.25597158,22.23044964],[114.25566765,22.22982544],[114.25599173,22.22986466],[114.2559184,22.22955373],[114.25442162,22.23033445],[114.2543823,22.23066318],[114.25361185,22.23061507],[114.25327612,22.23116964],[114.25219372,22.23121547],[114.25179225,22.23224977],[114.25250529,22.23295116],[114.25236663,22.23332358],[114.25288162,22.23350706],[114.25254918,22.23378669],[114.25270383,22.2345699],[114.25373896,22.23495247],[114.25364078,22.23565604],[114.25332914,22.23613916],[114.25302802,22.23604252],[114.25275974,22.2362638],[114.25276334,22.23705887],[114.25151814,22.23705764],[114.25191996,22.23761915],[114.25148509,22.23826889],[114.25104537,22.23820023],[114.25125496,22.23842984],[114.25094063,22.23859864],[114.25051827,22.23832531],[114.25013304,22.23853043],[114.25076463,22.23948651],[114.25100384,22.24058725],[114.2507868,22.2410759],[114.25024545,22.24095604],[114.25082396,22.24147164],[114.25049992,22.24166193],[114.25029595,22.24142515],[114.25029868,22.24215149],[114.24995029,22.24182771],[114.24992091,22.24218483],[114.24942623,22.24206819],[114.24946523,22.24236803],[114.24840239,22.24238091],[114.24803559,22.24283007],[114.24828299,22.24297617],[114.2477727,22.24300974],[114.24750741,22.24366826],[114.24695454,22.24368779],[114.24736794,22.24417133],[114.24689364,22.24450341],[114.24734484,22.24454702],[114.24647243,22.2453024],[114.24659897,22.2455798],[114.24699864,22.2455162],[114.24700803,22.24625696],[114.24790852,22.24697988],[114.24872487,22.24600628],[114.24989886,22.24668598],[114.2474481,22.253403],[114.2444436,22.2535103],[114.24290285,22.25452141],[114.24263761,22.2553953],[114.23874878,22.25625799],[114.23752377,22.25724562],[114.23695305,22.25691904]]]]}},{"type":"Feature","properties":{"TPU_NUMBER":"198","SPU_NUMBER":"19","PPU_NUMBER":"1"},"geometry":{"type":"Polygon","coordinates":[[[114.21949672,22.20538382],[114.2160291,22.20602612],[114.21300665,22.20412944],[114.2118902,22.20414639],[114.21167614,22.2020583],[114.21095036,22.2004862],[114.21136694,22.19875312],[114.21129283,22.19682312],[114.21387743,22.19417426],[114.21557832,22.19483273],[114.21641046,22.19467989],[114.21815055,22.19522233],[114.21867662,22.19477237],[114.22177322,22.1953813],[114.22274167,22.19597724],[114.22303789,22.19585931],[114.22388431,22.19707912],[114.22406784,22.19840905],[114.22310011,22.19928564],[114.22325262,22.20059344],[114.22159966,22.20226484],[114.22108773,22.20387522],[114.21935182,22.2051605],[114.21949672,22.20538382]]]}},{"type":"Feature","properties":{"TPU_NUMBER":"211","SPU_NUMBER":"21","PPU_NUMBER":"2"},"geometry":{"type":"Polygon","coordinates":[[[114.17056266,22.30522948],[114.16701021,22.30596172],[114.16805204,22.30317582],[114.16808867,22.3011418],[114.16686362,22.30098879],[114.16709964,22.29991223],[114.16666287,22.29970046],[114.16704883,22.29972852],[114.16687898,22.29933661],[114.16475182,22.29880147],[114.16738844,22.29919658],[114.16757356,22.29837726],[114.1655004,22.2979763],[114.1655505,22.29775],[114.16762593,22.29815533],[114.16774976,22.29761054],[114.16747693,22.29734556],[114.16607197,22.29703165],[114.16782811,22.29726263],[114.1681513,22.29582551],[114.16782579,22.29580055],[114.16803737,22.2955726],[114.1646094,22.29489924],[114.16474543,22.29422682],[114.1683539,22.29492692],[114.16848979,22.29432992],[114.17238431,22.29476454],[114.17162006,22.30533924],[114.17056266,22.30522948]]]}},{"type":"Feature","properties":{"TPU_NUMBER":"212","SPU_NUMBER":"21","PPU_NUMBER":"2"},"geometry":{"type":"Polygon","coordinates":[[[114.17590208,22.29958526],[114.17691439,22.30259132],[114.17807655,22.30402832],[114.17857836,22.30578808],[114.174192,22.30681986],[114.17162006,22.30533924],[114.1721592,22.29767803],[114.17294162,22.29773845],[114.17372522,22.29850607],[114.17576272,22.2987339],[114.17590208,22.29958526]]]}},{"type":"Feature","properties":{"TPU_NUMBER":"213","SPU_NUMBER":"21","PPU_NUMBER":"2"},"geometry":{"type":"Polygon","coordinates":[[[114.18442167,22.30577082],[114.18139422,22.30752044],[114.1819853,22.30667984],[114.18248807,22.30496232],[114.18337483,22.30436118],[114.18361933,22.30472294],[114.1840682,22.30386331],[114.18460824,22.30402804],[114.18537484,22.30284852],[114.18560375,22.30145868],[114.18660454,22.3010357],[114.18699315,22.29986795],[114.18897591,22.30069235],[114.18951749,22.3001672],[114.18927694,22.30081977],[114.19084585,22.30147211],[114.19107233,22.30195665],[114.18901664,22.30280459],[114.18442167,22.30577082]]]}},{"type":"Feature","properties":{"TPU_NUMBER":"214","SPU_NUMBER":"21","PPU_NUMBER":"2"},"geometry":{"type":"Polygon","coordinates":[[[114.17576272,22.2987339],[114.17372522,22.29850607],[114.17294162,22.29773845],[114.1721592,22.29767803],[114.17238431,22.29476454],[114.17519672,22.29528272],[114.17576272,22.2987339]]]}},{"type":"Feature","properties":{"TPU_NUMBER":"215","SPU_NUMBER":"21","PPU_NUMBER":"2"},"geometry":{"type":"Polygon","coordinates":[[[114.18225275,22.30573275],[114.18139422,22.30752044],[114.1797742,22.30592116],[114.17857836,22.30578808],[114.17807655,22.30402832],[114.17691439,22.30259132],[114.17590208,22.29958526],[114.17519672,22.29528272],[114.17626077,22.29587113],[114.17657987,22.29554479],[114.18086565,22.29913987],[114.18257018,22.2994129],[114.18258009,22.29795304],[114.18199123,22.29763743],[114.18223314,22.29724612],[114.18304445,22.29768083],[114.1830133,22.30387186],[114.18337483,22.30436118],[114.18248807,22.30496232],[114.18225275,22.30573275]]]}},{"type":"Feature","properties":{"TPU_NUMBER":"216","SPU_NUMBER":"21","PPU_NUMBER":"2"},"geometry":{"type":"Polygon","coordinates":[[[114.17653497,22.29545533],[114.17626077,22.29587113],[114.17435305,22.29495704],[114.16848979,22.29432992],[114.16788849,22.29350815],[114.1684382,22.29391796],[114.16877077,22.29355312],[114.16847455,22.29295031],[114.16915384,22.29354156],[114.16956922,22.29291621],[114.17278356,22.29324948],[114.17327679,22.29290262],[114.17478387,22.29301626],[114.17610712,22.29442881],[114.17653497,22.29545533]]]}},{"type":"Feature","properties":{"TPU_NUMBER":"217","SPU_NUMBER":"21","PPU_NUMBER":"2"},"geometry":{"type":"Polygon","coordinates":[[[114.18405284,22.30392487],[114.18361933,22.30472294],[114.1830133,22.30387186],[114.18303323,22.29952552],[114.18381023,22.29953045],[114.18420555,22.29870819],[114.18699315,22.29986795],[114.18660454,22.3010357],[114.18560375,22.30145868],[114.18518569,22.30330253],[114.18460824,22.30402804],[114.18405284,22.30392487]]]}},{"type":"Feature","properties":{"TPU_NUMBER":"220","SPU_NUMBER":"22","PPU_NUMBER":"2"},"geometry":{"type":"Polygon","coordinates":[[[114.17124939,22.31310342],[114.17157634,22.3132767],[114.17351314,22.3159515],[114.17013982,22.31535652],[114.17062218,22.31299785],[114.17124939,22.31310342]]]}},{"type":"Feature","properties":{"TPU_NUMBER":"221","SPU_NUMBER":"22","PPU_NUMBER":"2"},"geometry":{"type":"Polygon","coordinates":[[[114.16813559,22.32515009],[114.16785722,22.32649707],[114.16061713,22.32618712],[114.16189154,22.32522923],[114.1619232,22.32461547],[114.16165199,22.32495819],[114.15906445,22.3249879],[114.15905902,22.32417842],[114.15994728,22.32418004],[114.15980989,22.31944419],[114.16110276,22.31938579],[114.16125943,22.31793922],[114.16323693,22.31864604],[114.16606596,22.31876033],[114.16932555,22.31933332],[114.16813559,22.32515009]]]}},{"type":"Feature","properties":{"TPU_NUMBER":"222","SPU_NUMBER":"22","PPU_NUMBER":"2"},"geometry":{"type":"Polygon","coordinates":[[[114.17460856,22.32659965],[114.16785722,22.32649707],[114.16932555,22.31933332],[114.17316007,22.32003005],[114.17287087,22.32208265],[114.17310267,22.32343807],[114.17460856,22.32659965]]]}},{"type":"Feature","properties":{"TPU_NUMBER":"225","SPU_NUMBER":"22","PPU_NUMBER":"2"},"geometry":{"type":"Polygon","coordinates":[[[114.17131994,22.30842444],[114.17062218,22.31299785],[114.16719169,22.31242262],[114.16775386,22.30882727],[114.16752281,22.3079575],[114.16559872,22.30839028],[114.16533583,22.30716126],[114.16719878,22.30671353],[114.16700252,22.30596339],[114.17135712,22.30527324],[114.17162006,22.30533924],[114.17131994,22.30842444]]]}},{"type":"Feature","properties":{"TPU_NUMBER":"226","SPU_NUMBER":"22","PPU_NUMBER":"2"},"geometry":{"type":"Polygon","coordinates":[[[114.17446187,22.31669259],[114.17432441,22.31705254],[114.17153935,22.31323494],[114.17062218,22.31299785],[114.17162006,22.30533924],[114.17446124,22.30685978],[114.17875498,22.30574312],[114.17968067,22.30587004],[114.18139422,22.30752044],[114.1794026,22.31017645],[114.17915693,22.30998342],[114.1784085,22.31058342],[114.17806048,22.31042332],[114.17612047,22.31291613],[114.17446187,22.31669259]]]}},{"type":"Feature","properties":{"TPU_NUMBER":"227","SPU_NUMBER":"22","PPU_NUMBER":"2"},"geometry":{"type":"Polygon","coordinates":[[[114.17057719,22.31543357],[114.17353437,22.3159515],[114.17437536,22.31712888],[114.17316007,22.32003005],[114.16932555,22.31933332],[114.17013982,22.31535652],[114.17057719,22.31543357]]]}},{"type":"Feature","properties":{"TPU_NUMBER":"228","SPU_NUMBER":"22","PPU_NUMBER":"2"},"geometry":{"type":"Polygon","coordinates":[[[114.16749158,22.31247279],[114.17062218,22.31299785],[114.17013982,22.31535652],[114.16682659,22.3147575],[114.16719169,22.31242262],[114.16749158,22.31247279]]]}},{"type":"Feature","properties":{"TPU_NUMBER":"229","SPU_NUMBER":"22","PPU_NUMBER":"2"},"geometry":{"type":"Polygon","coordinates":[[[114.16800157,22.31497994],[114.17013982,22.31535652],[114.16932555,22.31933332],[114.16613286,22.31877102],[114.16682659,22.3147575],[114.16800157,22.31497994]]]}},{"type":"Feature","properties":{"TPU_NUMBER":"231","SPU_NUMBER":"23","PPU_NUMBER":"2"},"geometry":{"type":"Polygon","coordinates":[[[114.17385447,22.32498606],[114.1863922,22.32712661],[114.18639221,22.32731845],[114.17518599,22.32680446],[114.1746983,22.32658392],[114.17385447,22.32498606]]]}},{"type":"Feature","properties":{"TPU_NUMBER":"232","SPU_NUMBER":"23","PPU_NUMBER":"2"},"geometry":{"type":"Polygon","coordinates":[[[114.17419791,22.32021847],[114.17600628,22.32056899],[114.17811128,22.32151268],[114.17838067,22.32577851],[114.17385174,22.32498559],[114.17310267,22.32343807],[114.17294205,22.32059971],[114.17316007,22.32003005],[114.17419791,22.32021847]]]}},{"type":"Feature","properties":{"TPU_NUMBER":"233","SPU_NUMBER":"23","PPU_NUMBER":"2"},"geometry":{"type":"Polygon","coordinates":[[[114.17838247,22.32163661],[114.18564406,22.32494568],[114.18523741,22.32694375],[114.17838067,22.32577851],[114.17797722,22.32193205],[114.17811128,22.32151268],[114.17838247,22.32163661]]]}},{"type":"Feature","properties":{"TPU_NUMBER":"234","SPU_NUMBER":"23","PPU_NUMBER":"2"},"geometry":{"type":"Polygon","coordinates":[[[114.18559181,22.32009565],[114.18372519,22.32407102],[114.17725836,22.32112268],[114.17539116,22.31854444],[114.17979338,22.31698607],[114.18159147,22.31975279],[114.18326031,22.32008461],[114.18477808,22.31933828],[114.18559181,22.32009565]]]}},{"type":"Feature","properties":{"TPU_NUMBER":"235","SPU_NUMBER":"23","PPU_NUMBER":"2"},"geometry":{"type":"Polygon","coordinates":[[[114.17673181,22.31799132],[114.17539116,22.31854444],[114.17725836,22.32112268],[114.17589527,22.32053569],[114.17316007,22.32003005],[114.17567693,22.31365832],[114.17671422,22.31231542],[114.17723771,22.31525674],[114.17810863,22.31636118],[114.17851404,22.31750028],[114.17673181,22.31799132]]]}},{"type":"Feature","properties":{"TPU_NUMBER":"236","SPU_NUMBER":"23","PPU_NUMBER":"2"},"geometry":{"type":"Polygon","coordinates":[[[114.18403145,22.31068484],[114.18216324,22.31254296],[114.18104419,22.31621055],[114.17851404,22.31750028],[114.17810863,22.31636118],[114.17723771,22.31525674],[114.17671422,22.31231542],[114.17806048,22.31042332],[114.1784085,22.31058342],[114.17915693,22.30998342],[114.1794026,22.31017645],[114.18139422,22.30752044],[114.18474416,22.3099759],[114.18403145,22.31068484]]]}},{"type":"Feature","properties":{"TPU_NUMBER":"237","SPU_NUMBER":"23","PPU_NUMBER":"2"},"geometry":{"type":"Polygon","coordinates":[[[114.18465793,22.31934121],[114.18326031,22.32008461],[114.18161453,22.31976408],[114.17979338,22.31698607],[114.18112669,22.31609879],[114.18216324,22.31254296],[114.18393608,22.31077514],[114.18544207,22.31305218],[114.18478262,22.31433035],[114.18502471,22.31537676],[114.1854099,22.31539649],[114.18546477,22.31799068],[114.18588325,22.31840648],[114.18514076,22.31840595],[114.18514036,22.31909512],[114.18465793,22.31934121]]]}},{"type":"Feature","properties":{"TPU_NUMBER":"241","SPU_NUMBER":"24","PPU_NUMBER":"2"},"geometry":{"type":"Polygon","coordinates":[[[114.18993877,22.32030664],[114.19054856,22.32161026],[114.18892639,22.32231653],[114.18983651,22.32412878],[114.18822836,22.32491512],[114.18727518,22.32303514],[114.18786725,22.32277774],[114.18753233,22.32206377],[114.18756007,22.32005785],[114.18559181,22.32009565],[114.18467839,22.31933446],[114.18514036,22.31909512],[114.18514076,22.31840595],[114.18588325,22.31840648],[114.18546477,22.31799068],[114.1854099,22.31539649],[114.18502471,22.31537676],[114.18478262,22.31433035],[114.1854538,22.31304415],[114.18647431,22.31255857],[114.18758241,22.31413231],[114.18762281,22.31555722],[114.18993877,22.32030664]]]}},{"type":"Feature","properties":{"TPU_NUMBER":"242","SPU_NUMBER":"24","PPU_NUMBER":"2"},"geometry":{"type":"Polygon","coordinates":[[[114.1930667,22.31737287],[114.19337575,22.31770204],[114.19211885,22.31872909],[114.19368224,22.3203619],[114.19453862,22.32209634],[114.18983651,22.32412878],[114.18892639,22.32231653],[114.19054856,22.32161026],[114.18772414,22.31582079],[114.18758241,22.31413231],[114.18827546,22.31486295],[114.19011546,22.31408202],[114.19052304,22.31486239],[114.1930667,22.31737287]]]}},{"type":"Feature","properties":{"TPU_NUMBER":"243","SPU_NUMBER":"24","PPU_NUMBER":"2"},"geometry":{"type":"Polygon","coordinates":[[[114.18760986,22.31268549],[114.18758241,22.31413231],[114.18647431,22.31255857],[114.18544207,22.31305218],[114.18393608,22.31077514],[114.18475998,22.30999526],[114.18149728,22.30759322],[114.18379581,22.30616085],[114.18472339,22.30747387],[114.18620398,22.30655605],[114.18649212,22.30696185],[114.18714779,22.30654472],[114.18761246,22.30711304],[114.19150235,22.30662226],[114.19186912,22.30825753],[114.19031369,22.30888058],[114.18966013,22.30888063],[114.18845505,22.30785237],[114.18745785,22.30799467],[114.18760986,22.31268549]]]}},{"type":"Feature","properties":{"TPU_NUMBER":"244","SPU_NUMBER":"24","PPU_NUMBER":"2"},"geometry":{"type":"Polygon","coordinates":[[[114.18960809,22.31429736],[114.18827546,22.31486295],[114.18758241,22.31413231],[114.18745785,22.30799467],[114.18845505,22.30785237],[114.18966013,22.30888063],[114.19031369,22.30888058],[114.19186912,22.30825753],[114.19150235,22.30662226],[114.19343499,22.30635807],[114.19386556,22.30834255],[114.19178628,22.30992477],[114.19180093,22.31018634],[114.19224052,22.31016886],[114.1922546,22.31050376],[114.19181581,22.3105186],[114.19199978,22.31449309],[114.19032028,22.31447028],[114.19011546,22.31408202],[114.18960809,22.31429736]]]}},{"type":"Feature","properties":{"TPU_NUMBER":"245","SPU_NUMBER":"24","PPU_NUMBER":"2"},"geometry":{"type":"Polygon","coordinates":[[[114.18593587,22.30672201],[114.18472339,22.30747387],[114.18379581,22.30616085],[114.18901664,22.30280459],[114.19144601,22.30179302],[114.1931154,22.30277888],[114.19280266,22.30377653],[114.19339609,22.30618132],[114.19368841,22.30591458],[114.19377156,22.30629143],[114.18765128,22.30711303],[114.18714779,22.30654472],[114.18649212,22.30696185],[114.18620398,22.30655605],[114.18593587,22.30672201]]]}},{"type":"Feature","properties":{"TPU_NUMBER":"246","SPU_NUMBER":"24","PPU_NUMBER":"2"},"geometry":{"type":"Polygon","coordinates":[[[114.19103912,22.3277461],[114.19153495,22.32802721],[114.18523741,22.32694375],[114.18564406,22.32494568],[114.18372519,22.32407102],[114.18559181,22.32009565],[114.18756007,22.32005785],[114.18753233,22.32206377],[114.18786725,22.32277774],[114.18727518,22.32303514],[114.18822836,22.32491512],[114.19022516,22.32396075],[114.18964826,22.32481953],[114.19105341,22.32720907],[114.19077594,22.32763708],[114.19103912,22.3277461]]]}},{"type":"Feature","properties":{"TPU_NUMBER":"247","SPU_NUMBER":"24","PPU_NUMBER":"2"},"geometry":{"type":"Polygon","coordinates":[[[114.19510672,22.31991406],[114.19526783,22.32034518],[114.19602659,22.32074637],[114.19453862,22.32209634],[114.19368224,22.3203619],[114.19211885,22.31872909],[114.19337575,22.31770204],[114.19032028,22.31447028],[114.19161992,22.31437355],[114.1925775,22.31468029],[114.19379755,22.31737222],[114.19440656,22.31718394],[114.19383108,22.31744011],[114.19400502,22.31779181],[114.19472582,22.31766687],[114.19415452,22.31810201],[114.19510672,22.31991406]]]}},{"type":"Feature","properties":{"TPU_NUMBER":"251","SPU_NUMBER":"25","PPU_NUMBER":"2"},"geometry":{"type":"Polygon","coordinates":[[[114.16794952,22.30348624],[114.16701021,22.30596172],[114.15992017,22.30768215],[114.15992047,22.30703411],[114.15805466,22.30454824],[114.15843742,22.30430157],[114.15817131,22.30376886],[114.1564163,22.30121648],[114.15693185,22.30101481],[114.15861212,22.30201355],[114.15942159,22.30294122],[114.16057917,22.30248869],[114.16807677,22.30302255],[114.16794952,22.30348624]]]}},{"type":"Feature","properties":{"TPU_NUMBER":"252","SPU_NUMBER":"25","PPU_NUMBER":"2"},"geometry":{"type":"Polygon","coordinates":[[[114.16384575,22.31188206],[114.1615391,22.31247068],[114.16074861,22.31202456],[114.16049037,22.31125503],[114.15991858,22.31115713],[114.15992017,22.30768215],[114.16700252,22.30596339],[114.16719878,22.30671353],[114.16533451,22.30717079],[114.16559872,22.30839028],[114.16752281,22.3079575],[114.16775386,22.30882727],[114.16719169,22.31242262],[114.16384575,22.31188206]]]}},{"type":"Feature","properties":{"TPU_NUMBER":"253","SPU_NUMBER":"25","PPU_NUMBER":"2"},"geometry":{"type":"Polygon","coordinates":[[[114.16613286,22.31877102],[114.16323693,22.31864604],[114.16046824,22.31769336],[114.16005294,22.31868464],[114.15969388,22.318556],[114.16011249,22.31754241],[114.15678637,22.31733835],[114.1568045,22.31683433],[114.15937641,22.31683332],[114.1599185,22.31552509],[114.15991858,22.31115713],[114.16049037,22.31125503],[114.16074861,22.31202456],[114.1615391,22.31247068],[114.16399198,22.31187129],[114.16719169,22.31242262],[114.16613286,22.31877102]]]}},{"type":"Feature","properties":{"TPU_NUMBER":"254","SPU_NUMBER":"25","PPU_NUMBER":"2"},"geometry":{"type":"Polygon","coordinates":[[[114.15688922,22.32291309],[114.15482189,22.3252025],[114.15348888,22.32367889],[114.15272898,22.32339924],[114.15312566,22.32309242],[114.15208008,22.321924],[114.15262604,22.32150066],[114.15366926,22.32267293],[114.15493619,22.32103659],[114.15490731,22.31575531],[114.15503808,22.31683364],[114.1568045,22.31683433],[114.15678637,22.31733835],[114.16011249,22.31754241],[114.15969388,22.318556],[114.16005294,22.31868464],[114.16046824,22.31769336],[114.16125943,22.31793922],[114.16110276,22.31938579],[114.15980989,22.31944419],[114.15994728,22.32418004],[114.15905902,22.32417842],[114.15906445,22.3249879],[114.15807911,22.32447989],[114.15904905,22.32351648],[114.15901244,22.32278588],[114.15850982,22.32201243],[114.15767456,22.3218321],[114.15688922,22.32291309]]]}},{"type":"Feature","properties":{"TPU_NUMBER":"255","SPU_NUMBER":"25","PPU_NUMBER":"2"},"geometry":{"type":"Polygon","coordinates":[[[114.14619345,22.33493601],[114.14550963,22.33521527],[114.14493106,22.33592955],[114.14455592,22.33100881],[114.14841268,22.32949654],[114.15127937,22.32796934],[114.15472214,22.32529894],[114.15767456,22.3218321],[114.15860627,22.32207014],[114.15901244,22.32278588],[114.159005,22.32364847],[114.1560032,22.32615092],[114.15776809,22.32812237],[114.15105695,22.33337571],[114.14977642,22.33558629],[114.14881357,22.33573174],[114.14619345,22.33493601]]]}},{"type":"Feature","properties":{"TPU_NUMBER":"256","SPU_NUMBER":"25","PPU_NUMBER":"2"},"geometry":{"type":"Polygon","coordinates":[[[114.1550455,22.30339578],[114.15489995,22.30450209],[114.15417018,22.30483495],[114.15487333,22.30402681],[114.15483692,22.30284724],[114.15430957,22.30186352],[114.15429668,22.29954431],[114.155326,22.29861417],[114.15800842,22.2986076],[114.15903024,22.29978838],[114.1602245,22.30021378],[114.16622667,22.3009315],[114.1658271,22.30056673],[114.16808867,22.3011418],[114.16807677,22.30302255],[114.16057917,22.30248869],[114.15942159,22.30294122],[114.15861212,22.30201355],[114.15668329,22.30097122],[114.15645441,22.30142903],[114.15843742,22.30430157],[114.15805466,22.30454824],[114.15719412,22.30339713],[114.1550455,22.30339578]]]}},{"type":"Feature","properties":{"TPU_NUMBER":"260","SPU_NUMBER":"26","PPU_NUMBER":"2"},"geometry":{"type":"Polygon","coordinates":[[[114.14036672,22.34004308],[114.13852924,22.34115795],[114.13727158,22.34129502],[114.13652049,22.34081972],[114.13615461,22.33997173],[114.13571838,22.3401107],[114.13511956,22.33963357],[114.13422459,22.33965713],[114.13349772,22.33895898],[114.13327888,22.33815706],[114.13227807,22.33786202],[114.13373214,22.33601003],[114.13570362,22.33452386],[114.14455592,22.33100881],[114.14505919,22.33623244],[114.14425842,22.33855944],[114.14269912,22.34025582],[114.14206245,22.34034916],[114.14122896,22.3398815],[114.14036672,22.34004308]]]}},{"type":"Feature","properties":{"TPU_NUMBER":"261","SPU_NUMBER":"26","PPU_NUMBER":"2"},"geometry":{"type":"Polygon","coordinates":[[[114.15255765,22.34620711],[114.15120263,22.34716694],[114.15118853,22.34573471],[114.15078184,22.34525868],[114.14889482,22.34477266],[114.14863372,22.34524987],[114.14818254,22.34526305],[114.14682719,22.34418632],[114.14703946,22.34144154],[114.14843251,22.34082058],[114.1496345,22.34076999],[114.1468874,22.33998175],[114.14539292,22.33989846],[114.14335847,22.34118315],[114.14278743,22.34106973],[114.14206245,22.34034916],[114.14301007,22.34010774],[114.1440447,22.33892454],[114.14505919,22.33623244],[114.15060711,22.33815507],[114.15266326,22.33796066],[114.15514181,22.34081016],[114.15464008,22.34119805],[114.15531238,22.342115],[114.15839116,22.3424242],[114.15841247,22.34539416],[114.15714014,22.34647167],[114.15637019,22.34612462],[114.1559822,22.34664705],[114.154814,22.34678971],[114.15255765,22.34620711]]]}},{"type":"Feature","properties":{"TPU_NUMBER":"262","SPU_NUMBER":"26","PPU_NUMBER":"2"},"geometry":{"type":"Polygon","coordinates":[[[114.16163494,22.34753423],[114.16094562,22.34695615],[114.16026051,22.34737575],[114.15971737,22.34683361],[114.15955865,22.3459808],[114.15841247,22.34539416],[114.15839116,22.3424242],[114.15531238,22.342115],[114.15464008,22.34119805],[114.1587406,22.33802975],[114.15838088,22.33761599],[114.15933774,22.33687333],[114.15970778,22.33728258],[114.16153592,22.33587003],[114.16116042,22.33545855],[114.16205901,22.33476045],[114.1623405,22.33490214],[114.16285341,22.33380373],[114.16262261,22.33357726],[114.1632864,22.33348377],[114.16199813,22.33675846],[114.16314225,22.33885576],[114.16259606,22.33985579],[114.16157358,22.34056971],[114.16163494,22.34753423]]]}},{"type":"Feature","properties":{"TPU_NUMBER":"263","SPU_NUMBER":"26","PPU_NUMBER":"2"},"geometry":{"type":"Polygon","coordinates":[[[114.1637589,22.34846273],[114.16295112,22.34837271],[114.16163494,22.34753535],[114.16157358,22.34056971],[114.16259606,22.33985579],[114.16314225,22.33885576],[114.16209575,22.33732231],[114.16200906,22.33668678],[114.16354027,22.33308012],[114.16393142,22.33330347],[114.16728329,22.33046025],[114.16801532,22.33174364],[114.17037565,22.33156812],[114.17057097,22.33222228],[114.16797365,22.33445667],[114.1689825,22.33568995],[114.16982171,22.33946918],[114.16700802,22.33995905],[114.16540572,22.339679],[114.16497415,22.3419304],[114.16619851,22.34190904],[114.16798475,22.34112687],[114.16872919,22.34111054],[114.17139138,22.34327629],[114.17217952,22.34330285],[114.1731908,22.34277546],[114.17402733,22.3442497],[114.17361259,22.34441347],[114.17366695,22.34479683],[114.17268351,22.34639584],[114.17151223,22.34656603],[114.17041126,22.34592289],[114.16965393,22.3461771],[114.1694212,22.34582638],[114.16835129,22.3457672],[114.16697582,22.34623669],[114.16618062,22.34546515],[114.16564819,22.34625744],[114.16532462,22.3462432],[114.1654635,22.34718631],[114.16407562,22.34796791],[114.1637589,22.34846273]]]}},{"type":"Feature","properties":{"TPU_NUMBER":"264","SPU_NUMBER":"26","PPU_NUMBER":"2"},"geometry":{"type":"Polygon","coordinates":[[[114.1587406,22.33802975],[114.15514181,22.34081016],[114.15266326,22.33796066],[114.15060711,22.33815507],[114.14547539,22.33640617],[114.14493106,22.33592955],[114.14550963,22.33521527],[114.14619345,22.33493601],[114.14881357,22.33573174],[114.14977642,22.33558629],[114.15105695,22.33337571],[114.1542366,22.33091047],[114.15814515,22.33555361],[114.16183293,22.33270089],[114.16284351,22.33374055],[114.1623405,22.33490214],[114.16205901,22.33476045],[114.16116042,22.33545855],[114.16153592,22.33587003],[114.15970778,22.33728258],[114.15933774,22.33687333],[114.15838088,22.33761599],[114.1587406,22.33802975]]]}},{"type":"Feature","properties":{"TPU_NUMBER":"265","SPU_NUMBER":"26","PPU_NUMBER":"2"},"geometry":{"type":"Polygon","coordinates":[[[114.15788039,22.32831275],[114.16183293,22.33270089],[114.15814515,22.33555361],[114.15423797,22.33091211],[114.15776809,22.32812237],[114.15788039,22.32831275]]]}},{"type":"Feature","properties":{"TPU_NUMBER":"266","SPU_NUMBER":"26","PPU_NUMBER":"2"},"geometry":{"type":"Polygon","coordinates":[[[114.16310071,22.33347525],[114.16262261,22.33357726],[114.1560032,22.32615092],[114.15807911,22.32447989],[114.15909924,22.32499469],[114.16165199,22.32495819],[114.1619232,22.32461547],[114.16189154,22.32522923],[114.16061713,22.32618712],[114.16572364,22.33193078],[114.16393142,22.33330347],[114.16362727,22.33297857],[114.16310071,22.33347525]]]}},{"type":"Feature","properties":{"TPU_NUMBER":"267","SPU_NUMBER":"26","PPU_NUMBER":"2"},"geometry":{"type":"Polygon","coordinates":[[[114.16703355,22.3293649],[114.1674322,22.32959762],[114.16717187,22.33062427],[114.16572364,22.33193078],[114.16064832,22.32618846],[114.16854488,22.32652652],[114.16770059,22.32824186],[114.1682846,22.32896557],[114.16742372,22.32936968],[114.16722615,22.32897034],[114.16703355,22.3293649]]]}},{"type":"Feature","properties":{"TPU_NUMBER":"268","SPU_NUMBER":"26","PPU_NUMBER":"2"},"geometry":{"type":"Polygon","coordinates":[[[114.17343752,22.34121547],[114.1731908,22.34277546],[114.17191256,22.34334969],[114.17105344,22.34310019],[114.16861635,22.34108458],[114.16623613,22.34190057],[114.16497415,22.3419304],[114.16540572,22.339679],[114.16700802,22.33995905],[114.16982171,22.33946918],[114.1689825,22.33568995],[114.16797365,22.33445667],[114.17033617,22.33260324],[114.17057097,22.33222228],[114.17037565,22.33156812],[114.16801532,22.33174364],[114.16756725,22.33066039],[114.16714621,22.33055211],[114.1674322,22.32959762],[114.16703355,22.3293649],[114.16722615,22.32897034],[114.16742372,22.32936968],[114.1682846,22.32896557],[114.16770059,22.32824186],[114.16854488,22.32652652],[114.17460856,22.32659965],[114.17646438,22.33037369],[114.17694777,22.33351546],[114.17620567,22.33674349],[114.17637777,22.33728224],[114.17581898,22.33737548],[114.17529295,22.33844716],[114.174817,22.3405181],[114.17433953,22.34072888],[114.17324643,22.34038108],[114.17306451,22.34078274],[114.17343752,22.34121547]]]}},{"type":"Feature","properties":{"TPU_NUMBER":"269","SPU_NUMBER":"26","PPU_NUMBER":"2"},"geometry":{"type":"Polygon","coordinates":[[[114.14949984,22.32897897],[114.14455592,22.33100881],[114.13981151,22.32842899],[114.13075439,22.32182082],[114.13041518,22.32114915],[114.13072993,22.3199519],[114.13187824,22.31841522],[114.13154332,22.31805074],[114.13336073,22.31713178],[114.1340786,22.31362812],[114.13435053,22.31436132],[114.13358531,22.31820219],[114.13745564,22.31866764],[114.13726554,22.3185785],[114.13746953,22.31859577],[114.13816288,22.31512372],[114.1352074,22.3145293],[114.13845958,22.31502685],[114.13789228,22.31791858],[114.13847274,22.31808981],[114.13978308,22.31796271],[114.14237739,22.31524413],[114.14309322,22.31649272],[114.14367148,22.31686637],[114.14386161,22.31670621],[114.14442762,22.31789092],[114.14474276,22.3179129],[114.14435153,22.31812488],[114.14432256,22.31884316],[114.14530914,22.32024979],[114.14748764,22.32148228],[114.14785312,22.32115413],[114.14681948,22.32332284],[114.14462382,22.32442156],[114.14534313,22.32385591],[114.14438838,22.32296797],[114.14384225,22.32328252],[114.1444153,22.32273437],[114.14393712,22.32228671],[114.14373181,22.32241145],[114.14385353,22.32220788],[114.14310814,22.32268121],[114.14373388,22.32210167],[114.14312424,22.3215326],[114.1424697,22.32213284],[114.14271343,22.32237073],[114.14236081,22.32223784],[114.14265172,22.32252242],[114.14229656,22.3223008],[114.14248268,22.32267524],[114.14196987,22.32260439],[114.14242735,22.32304156],[114.1418658,22.32269912],[114.14120219,22.32330941],[114.14274827,22.32464392],[114.14368581,22.32490988],[114.14054267,22.32664251],[114.14133877,22.32782094],[114.14359147,22.32623546],[114.1430241,22.32666574],[114.14356746,22.32714367],[114.14302894,22.32745365],[114.14391948,22.32728154],[114.14359409,22.32752124],[114.14404469,22.32746793],[114.1437221,22.32771468],[114.1440972,22.32766226],[114.14383121,22.32787662],[114.14406068,22.32821499],[114.14443122,22.32804628],[114.14417552,22.32838675],[114.14456912,22.32825044],[114.14430256,22.32857485],[114.14467137,22.32840183],[114.14432645,22.32861021],[114.1445677,22.32897264],[114.14852127,22.32666707],[114.14923953,22.32610858],[114.14880725,22.32562915],[114.14939034,22.32599847],[114.15018966,22.32536379],[114.14990549,22.32476284],[114.15034123,22.32524498],[114.15115886,22.32435939],[114.15182755,22.32410499],[114.15152927,22.32362409],[114.15190802,22.32404384],[114.15235178,22.32369924],[114.15205234,22.32321635],[114.15242244,22.32363297],[114.15272898,22.32339924],[114.15348888,22.32367889],[114.15482189,22.3252025],[114.15249133,22.32715102],[114.14949984,22.32897897]]]}},{"type":"Feature","properties":{"TPU_NUMBER":"271","SPU_NUMBER":"27","PPU_NUMBER":"2"},"geometry":{"type":"Polygon","coordinates":[[[114.17691472,22.34921925],[114.17624885,22.34888253],[114.17555504,22.34910379],[114.17434424,22.34796961],[114.17350652,22.34838545],[114.17294041,22.34792838],[114.17341435,22.3469964],[114.17268351,22.34639584],[114.17366695,22.34479683],[114.17361259,22.34441347],[114.17403184,22.3442141],[114.17316718,22.3429324],[114.17345558,22.3412281],[114.17307358,22.34058989],[114.17340343,22.34032977],[114.17433953,22.34072888],[114.17482652,22.34050518],[114.17529295,22.33844716],[114.17581898,22.33737548],[114.17637777,22.33728224],[114.17620567,22.33674349],[114.17694292,22.33370342],[114.17646438,22.33037369],[114.1745988,22.3265811],[114.17544949,22.32684661],[114.18639221,22.32731845],[114.18659059,22.33177856],[114.18711446,22.33176546],[114.18707751,22.332585],[114.18597766,22.3334949],[114.18554951,22.33350978],[114.18541432,22.32958396],[114.18382302,22.32964076],[114.18290301,22.33082484],[114.18221952,22.33086608],[114.18252783,22.33107007],[114.18220561,22.33254424],[114.18268719,22.33411301],[114.17887824,22.33409793],[114.17925269,22.34049947],[114.17861446,22.34308504],[114.17919631,22.34353148],[114.18056629,22.34303477],[114.18142724,22.34336662],[114.18170272,22.34401739],[114.18150318,22.3461932],[114.17941517,22.34899495],[114.1789018,22.34907929],[114.17851546,22.34860319],[114.1780661,22.34902313],[114.17718966,22.34869532],[114.17691472,22.34921925]]]}},{"type":"Feature","properties":{"TPU_NUMBER":"272","SPU_NUMBER":"27","PPU_NUMBER":"2"},"geometry":{"type":"Polygon","coordinates":[[[114.18407498,22.3430403],[114.18220692,22.34416694],[114.18169853,22.3441344],[114.18151643,22.34347387],[114.18090909,22.34306299],[114.1793128,22.34353092],[114.17866542,22.34320978],[114.17925269,22.34049947],[114.17887824,22.33409793],[114.18268719,22.33411301],[114.18220561,22.33254424],[114.18252783,22.33107007],[114.18221952,22.33086608],[114.18290301,22.33082484],[114.18382302,22.32964076],[114.18541432,22.32958396],[114.18554951,22.33350978],[114.18597766,22.3334949],[114.1871615,22.33250685],[114.18744945,22.33472129],[114.18671123,22.33475688],[114.1863324,22.335934],[114.1858673,22.33597622],[114.18610354,22.33795994],[114.18435995,22.33940492],[114.18330246,22.33956639],[114.18265269,22.34002584],[114.18370482,22.34172073],[114.18407498,22.3430403]]]}},{"type":"Feature","properties":{"TPU_NUMBER":"280","SPU_NUMBER":"28","PPU_NUMBER":"2"},"geometry":{"type":"Polygon","coordinates":[[[114.21528612,22.31727351],[114.2148265,22.31843422],[114.21410329,22.32574093],[114.21352123,22.32699519],[114.21210032,22.32888572],[114.20506831,22.33466653],[114.20535468,22.32816346],[114.20461476,22.32634658],[114.20473369,22.32513072],[114.20436007,22.32510056],[114.20434009,22.32482704],[114.20487401,22.32184674],[114.20846226,22.31800479],[114.20933123,22.31748033],[114.21214427,22.31706301],[114.21391485,22.31588481],[114.21528612,22.31727351]]]}},{"type":"Feature","properties":{"TPU_NUMBER":"281","SPU_NUMBER":"28","PPU_NUMBER":"2"},"geometry":{"type":"Polygon","coordinates":[[[114.19987912,22.35511551],[114.19890956,22.35556153],[114.1994489,22.35506083],[114.19899082,22.35521497],[114.19818732,22.3544328],[114.19808531,22.35391243],[114.19741364,22.35411232],[114.19695348,22.35251511],[114.19311765,22.35380351],[114.19282324,22.35271254],[114.19102178,22.35304966],[114.19175816,22.35074623],[114.19139464,22.3501463],[114.19151656,22.34966203],[114.18948322,22.34991958],[114.18948196,22.34335931],[114.1905178,22.3429574],[114.19063697,22.3424647],[114.18994547,22.34211175],[114.19072733,22.34177633],[114.19550862,22.34171282],[114.19592521,22.33906979],[114.19635872,22.33858327],[114.19733439,22.33915546],[114.19848354,22.33936301],[114.20120813,22.33833869],[114.20096092,22.33514177],[114.20160209,22.33494709],[114.20315001,22.33537743],[114.20422158,22.33516518],[114.20387113,22.33603561],[114.20434964,22.33700781],[114.20846346,22.34105105],[114.20739355,22.34436564],[114.20581849,22.3459847],[114.20659804,22.34696438],[114.20664339,22.35468432],[114.20473271,22.35496743],[114.20366831,22.35435128],[114.20263801,22.35438079],[114.20223637,22.35469241],[114.2012303,22.35443407],[114.20019819,22.35460636],[114.19987912,22.35511551]]]}},{"type":"Feature","properties":{"TPU_NUMBER":"282","SPU_NUMBER":"28","PPU_NUMBER":"2"},"geometry":{"type":"Polygon","coordinates":[[[114.18628243,22.35022759],[114.18508251,22.35026308],[114.18484044,22.34967491],[114.18434344,22.35008747],[114.18319273,22.35017726],[114.18031413,22.34889152],[114.17932979,22.34910206],[114.18146011,22.34641614],[114.18169853,22.3441344],[114.1825752,22.34411387],[114.18409983,22.34322858],[114.18370482,22.34172073],[114.18265269,22.34002584],[114.18330246,22.33956639],[114.18435995,22.33940492],[114.18610354,22.33795994],[114.1858673,22.33597622],[114.1863324,22.335934],[114.18671123,22.33475688],[114.18744945,22.33472129],[114.18746118,22.33580324],[114.18925885,22.33626255],[114.19038499,22.33734387],[114.18941437,22.33855235],[114.18935206,22.34055996],[114.18956638,22.34226446],[114.18994547,22.34211175],[114.19064519,22.34260532],[114.19029984,22.34313419],[114.18948196,22.34335931],[114.18948335,22.34993989],[114.1887583,22.35026956],[114.18790028,22.34999389],[114.18628243,22.35022759]]]}},{"type":"Feature","properties":{"TPU_NUMBER":"283","SPU_NUMBER":"28","PPU_NUMBER":"2"},"geometry":{"type":"Polygon","coordinates":[[[114.19142956,22.34166885],[114.18956638,22.34226446],[114.18935008,22.3388165],[114.19038499,22.33734387],[114.18925885,22.33626255],[114.18746118,22.33580324],[114.18715841,22.33247148],[114.18878226,22.33232807],[114.18983486,22.33266889],[114.19073041,22.33342006],[114.19251443,22.33130786],[114.19156005,22.33053076],[114.1933126,22.33043981],[114.19328637,22.32955822],[114.19627295,22.33245716],[114.19432627,22.33444151],[114.19413231,22.33502825],[114.19450346,22.33615715],[114.19635872,22.33858327],[114.19592521,22.33906979],[114.19550862,22.34171282],[114.19142956,22.34166885]]]}},{"type":"Feature","properties":{"TPU_NUMBER":"284","SPU_NUMBER":"28","PPU_NUMBER":"2"},"geometry":{"type":"Polygon","coordinates":[[[114.19675992,22.33208375],[114.19832147,22.33373602],[114.20160209,22.33494709],[114.20096092,22.33514177],[114.20120813,22.33833869],[114.19903077,22.33928957],[114.1974436,22.33919326],[114.19627925,22.33850482],[114.19450346,22.33615715],[114.19423732,22.33457327],[114.19675992,22.33208375]]]}},{"type":"Feature","properties":{"TPU_NUMBER":"285","SPU_NUMBER":"28","PPU_NUMBER":"2"},"geometry":{"type":"Polygon","coordinates":[[[114.19147,22.33240843],[114.19073041,22.33342006],[114.18983486,22.33266889],[114.18878226,22.33232807],[114.18715841,22.33247148],[114.18711446,22.33176546],[114.18659059,22.33177856],[114.1863922,22.32712661],[114.19153495,22.32802721],[114.19328637,22.32955822],[114.1933126,22.33043981],[114.19156005,22.33053076],[114.19251443,22.33130786],[114.19147,22.33240843]]]}},{"type":"Feature","properties":{"TPU_NUMBER":"286","SPU_NUMBER":"28","PPU_NUMBER":"2"},"geometry":{"type":"MultiPolygon","coordinates":[[[[114.22462585,22.30620338],[114.22406869,22.30678719],[114.22284448,22.3058402],[114.22325822,22.30581177],[114.22259648,22.30529282],[114.22505162,22.30255897],[114.22734848,22.30136251],[114.22851356,22.29928695],[114.22892549,22.29949969],[114.22714302,22.30232661],[114.22687884,22.30357982],[114.22462585,22.30620338]]],[[[114.20520743,22.3320647],[114.20506831,22.33466653],[114.20376913,22.33529622],[114.20236973,22.33526394],[114.19832147,22.33373602],[114.19694073,22.33222247],[114.19668663,22.33204283],[114.19627295,22.33245716],[114.19201846,22.32838256],[114.19077594,22.32763708],[114.19105341,22.32720907],[114.1902147,22.32601518],[114.18971234,22.32443667],[114.19048341,22.3238227],[114.19453862,22.32209634],[114.21555615,22.30324758],[114.21726342,22.30458171],[114.21729673,22.30495361],[114.21533483,22.30680808],[114.21530166,22.30809581],[114.21339396,22.30980494],[114.21316437,22.30995914],[114.21285026,22.30937945],[114.21187337,22.30986943],[114.20609989,22.31485878],[114.20749843,22.31626783],[114.21097796,22.31315022],[114.21343146,22.31552184],[114.2205119,22.30815371],[114.21874323,22.30677934],[114.22068472,22.30792834],[114.22165305,22.3065254],[114.22113039,22.30603912],[114.22181939,22.30634471],[114.22271647,22.30586644],[114.2182309,22.31182977],[114.21391485,22.31588481],[114.21225833,22.31702215],[114.20994877,22.31726907],[114.20867229,22.31783339],[114.20487401,22.32184674],[114.20434009,22.32482704],[114.20436007,22.32510056],[114.20473369,22.32513072],[114.20461476,22.32634658],[114.20534554,22.32807203],[114.20520743,22.3320647]],[[114.20302424,22.3176126],[114.20004631,22.32027817],[114.20079461,22.32214868],[114.20713297,22.31651199],[114.20573078,22.31518981],[114.20302424,22.3176126]]]]}},{"type":"Feature","properties":{"TPU_NUMBER":"287","SPU_NUMBER":"28","PPU_NUMBER":"2"},"geometry":{"type":"Polygon","coordinates":[[[114.20678348,22.33679653],[114.20513337,22.33775158],[114.20387113,22.33603561],[114.20422158,22.33516518],[114.20770645,22.33258971],[114.2076406,22.33323956],[114.20843514,22.3339505],[114.20741177,22.33614105],[114.20678348,22.33679653]]]}},{"type":"Feature","properties":{"TPU_NUMBER":"288","SPU_NUMBER":"28","PPU_NUMBER":"2"},"geometry":{"type":"Polygon","coordinates":[[[114.21014719,22.35540407],[114.20910472,22.3559171],[114.20810467,22.35516192],[114.20664338,22.35467764],[114.20659804,22.34696438],[114.20581849,22.3459847],[114.20739355,22.34436564],[114.20846346,22.34105105],[114.20513337,22.33775158],[114.20721951,22.33641256],[114.20843514,22.3339505],[114.21150378,22.33431348],[114.21371254,22.33236166],[114.21834657,22.33303891],[114.21817993,22.3338201],[114.22065246,22.33384002],[114.22041404,22.33476711],[114.21847808,22.33479046],[114.21889109,22.33582889],[114.21861902,22.33649909],[114.2172411,22.33715605],[114.21663219,22.3381789],[114.2166297,22.33920812],[114.21573873,22.34064547],[114.21585642,22.34126261],[114.21540845,22.34156864],[114.2163711,22.34198614],[114.21638467,22.3427689],[114.21600149,22.34337744],[114.21601739,22.34502391],[114.21527308,22.34535338],[114.21515249,22.34574795],[114.21556082,22.34634599],[114.21689753,22.34683228],[114.21705838,22.34788633],[114.21770155,22.34896886],[114.21853329,22.34940033],[114.21834277,22.34995304],[114.21716085,22.35084498],[114.21795284,22.35185891],[114.21787603,22.35234747],[114.21730302,22.35284789],[114.21708204,22.35497694],[114.2162283,22.35529172],[114.21545197,22.35512044],[114.21416948,22.35580338],[114.21109104,22.355208],[114.21014719,22.35540407]]]}},{"type":"Feature","properties":{"TPU_NUMBER":"289","SPU_NUMBER":"28","PPU_NUMBER":"2"},"geometry":{"type":"Polygon","coordinates":[[[114.22245591,22.35687238],[114.22234407,22.35840984],[114.21780427,22.35813411],[114.2164517,22.35719852],[114.21438395,22.35730028],[114.21465558,22.35693654],[114.2137965,22.35700584],[114.21415917,22.35562692],[114.21545197,22.35512044],[114.2162283,22.35529172],[114.21705211,22.35503314],[114.21730302,22.35284789],[114.21787603,22.35234747],[114.21795284,22.35185891],[114.21716085,22.35084498],[114.21834277,22.34995304],[114.2185334,22.34945414],[114.21765791,22.34889929],[114.21705838,22.34788633],[114.21690875,22.34684449],[114.21556082,22.34634599],[114.21515249,22.34574795],[114.21527308,22.34535338],[114.21601739,22.34502391],[114.21600149,22.34337744],[114.21638467,22.3427689],[114.2163711,22.34198614],[114.21541463,22.3415418],[114.21585642,22.34126261],[114.21573873,22.34064547],[114.2166297,22.33920812],[114.21663219,22.3381789],[114.2172411,22.33715605],[114.21861902,22.33649909],[114.21889109,22.33582889],[114.21847808,22.33479046],[114.22041404,22.33476711],[114.22065246,22.33384002],[114.22403488,22.33451589],[114.22112045,22.35318005],[114.22146447,22.35409328],[114.22128871,22.35457763],[114.22182398,22.35520917],[114.22171495,22.35654372],[114.22245591,22.35687238]]]}},{"type":"Feature","properties":{"TPU_NUMBER":"290","SPU_NUMBER":"29","PPU_NUMBER":"2"},"geometry":{"type":"Polygon","coordinates":[[[114.23697575,22.30007191],[114.23657029,22.30198655],[114.23704775,22.30248814],[114.23627305,22.30357662],[114.23174461,22.30863648],[114.22862581,22.31075067],[114.22784658,22.30970112],[114.22406869,22.30678719],[114.22687884,22.30357982],[114.22714302,22.30232661],[114.22892549,22.29949969],[114.22851356,22.29928695],[114.22949469,22.29846059],[114.23101286,22.29810566],[114.23533725,22.29862213],[114.23569316,22.29786112],[114.23643802,22.29833955],[114.23592211,22.29900265],[114.23637859,22.29929257],[114.23725455,22.29806511],[114.23752538,22.29892539],[114.23697575,22.30007191]]]}},{"type":"Feature","properties":{"TPU_NUMBER":"291","SPU_NUMBER":"29","PPU_NUMBER":"2"},"geometry":{"type":"Polygon","coordinates":[[[114.21422151,22.33229033],[114.21340332,22.3324924],[114.21203703,22.33401162],[114.21122745,22.33438835],[114.20830531,22.33392268],[114.20761231,22.33308472],[114.20770645,22.33258971],[114.21238051,22.32860966],[114.21390081,22.32630934],[114.21473427,22.31926303],[114.21522262,22.31930921],[114.21645273,22.32262788],[114.21761012,22.3229107],[114.21837007,22.32238729],[114.21897891,22.32244709],[114.21941239,22.32344033],[114.21986276,22.3237349],[114.21998517,22.32510394],[114.21948665,22.32556351],[114.22005155,22.32594432],[114.22075889,22.32539919],[114.22049232,22.32488526],[114.22201234,22.32648594],[114.22154844,22.32704681],[114.22175078,22.32742573],[114.22151091,22.32784855],[114.22097899,22.32747646],[114.21939196,22.32834054],[114.21984373,22.32876982],[114.21933067,22.3300283],[114.21980462,22.33004125],[114.22026647,22.3307786],[114.22064464,22.33078572],[114.22093075,22.33127043],[114.22085553,22.33227625],[114.22144417,22.33306824],[114.21901575,22.33318488],[114.21422151,22.33229033]]]}},{"type":"Feature","properties":{"TPU_NUMBER":"292","SPU_NUMBER":"29","PPU_NUMBER":"2"},"geometry":{"type":"Polygon","coordinates":[[[114.22486932,22.33409386],[114.22403832,22.33451607],[114.22140105,22.33388539],[114.21817993,22.3338201],[114.21834657,22.33303891],[114.22144417,22.33306824],[114.22085553,22.33227625],[114.22093075,22.33127043],[114.22064464,22.33078572],[114.22026647,22.3307786],[114.21980462,22.33004125],[114.21933067,22.3300283],[114.21984373,22.32876982],[114.21939196,22.32834054],[114.22097899,22.32747646],[114.22151091,22.32784855],[114.22175078,22.32742573],[114.22154844,22.32704681],[114.22201234,22.32648594],[114.22096329,22.32516505],[114.22049232,22.32488526],[114.22075889,22.32539919],[114.22005155,22.32594432],[114.21948665,22.32556351],[114.21998517,22.32510394],[114.21986276,22.3237349],[114.22064894,22.32348278],[114.22089315,22.32262649],[114.22297941,22.32270098],[114.22441392,22.32144445],[114.22490384,22.32218004],[114.22584774,22.3226378],[114.22570274,22.32326745],[114.22609001,22.3237837],[114.22935506,22.32405137],[114.23016429,22.32360568],[114.23194796,22.32142099],[114.23361746,22.32263239],[114.23258949,22.32371666],[114.23082827,22.32876421],[114.2302757,22.32906671],[114.23002019,22.3300519],[114.22972222,22.32996341],[114.22921973,22.33043999],[114.22935739,22.3319187],[114.22843685,22.33296091],[114.22884569,22.33388303],[114.22864184,22.33434693],[114.22486932,22.33409386]]]}},{"type":"Feature","properties":{"TPU_NUMBER":"293","SPU_NUMBER":"29","PPU_NUMBER":"2"},"geometry":{"type":"Polygon","coordinates":[[[114.22976622,22.32390524],[114.22632561,22.32386581],[114.22580297,22.32352025],[114.22570978,22.32296238],[114.22705086,22.32018927],[114.22798939,22.32039894],[114.22891772,22.31930199],[114.23093184,22.31806244],[114.23175625,22.3165439],[114.23414967,22.31442596],[114.23611051,22.31514262],[114.2366503,22.31571154],[114.23738713,22.31549021],[114.2389019,22.3158317],[114.23988726,22.31521006],[114.2425254,22.31750602],[114.24224578,22.31789967],[114.2431597,22.32104196],[114.24204222,22.32044573],[114.24128187,22.32079404],[114.24030184,22.31953779],[114.23916059,22.31936341],[114.23640341,22.32217945],[114.23436997,22.3219602],[114.23361746,22.32263239],[114.23194796,22.32142099],[114.22976622,22.32390524]]]}},{"type":"Feature","properties":{"TPU_NUMBER":"294","SPU_NUMBER":"29","PPU_NUMBER":"2"},"geometry":{"type":"Polygon","coordinates":[[[114.22087598,22.32280871],[114.22064894,22.32348278],[114.22001719,22.32375177],[114.21945838,22.32349847],[114.21882342,22.32237436],[114.217655,22.32290673],[114.21645273,22.32262788],[114.21522262,22.31930921],[114.21473427,22.31926303],[114.21528612,22.31727351],[114.21684865,22.31604255],[114.22642133,22.31244366],[114.23052953,22.30951996],[114.2318754,22.31099681],[114.23820444,22.31359423],[114.23988726,22.31521006],[114.2389019,22.3158317],[114.23738713,22.31549021],[114.2366503,22.31571154],[114.23611051,22.31514262],[114.23414967,22.31442596],[114.23175625,22.3165439],[114.23093184,22.31806244],[114.22891772,22.31930199],[114.22798939,22.32039894],[114.22705086,22.32018927],[114.22584254,22.32263551],[114.22490384,22.32218004],[114.22441392,22.32144445],[114.22297941,22.32270098],[114.22087598,22.32280871]]]}},{"type":"Feature","properties":{"TPU_NUMBER":"295","SPU_NUMBER":"29","PPU_NUMBER":"2"},"geometry":{"type":"Polygon","coordinates":[[[114.22566814,22.31260399],[114.21684865,22.31604255],[114.21528612,22.31727351],[114.21391485,22.31588481],[114.2182309,22.31182977],[114.22278341,22.30579016],[114.22784658,22.30970112],[114.22862581,22.31075067],[114.22661518,22.31233386],[114.22566814,22.31260399]]]}},{"type":"Feature","properties":{"TPU_NUMBER":"296","SPU_NUMBER":"29","PPU_NUMBER":"2"},"geometry":{"type":"Polygon","coordinates":[[[114.23498814,22.33012229],[114.23353584,22.33104584],[114.23223949,22.3313539],[114.22962667,22.33006114],[114.23002485,22.33004645],[114.23027081,22.32907468],[114.23076824,22.32884023],[114.23132841,22.32783856],[114.23258949,22.32371666],[114.23393326,22.3221754],[114.23457934,22.32194585],[114.23640341,22.32217945],[114.23708861,22.32131021],[114.23775605,22.32106638],[114.23853412,22.31972493],[114.23935177,22.31933158],[114.24034935,22.31957162],[114.24128187,22.32079404],[114.24204222,22.32044573],[114.24268391,22.32095907],[114.24341394,22.32103676],[114.24289906,22.32166178],[114.24255716,22.3234854],[114.24195561,22.32429597],[114.23498814,22.33012229]]]}},{"type":"Feature","properties":{"TPU_NUMBER":"297","SPU_NUMBER":"29","PPU_NUMBER":"2"},"geometry":{"type":"Polygon","coordinates":[[[114.24247992,22.31528805],[114.2420469,22.31549424],[114.24178099,22.31633136],[114.24280759,22.31713467],[114.2425254,22.31750602],[114.24039636,22.31590671],[114.23843076,22.31373411],[114.2320737,22.31110861],[114.23052953,22.30951996],[114.23174461,22.30863648],[114.23697756,22.30258783],[114.23812826,22.30167442],[114.24034848,22.30089581],[114.24209784,22.30109491],[114.24390315,22.30173825],[114.24353028,22.30238244],[114.24216686,22.30286566],[114.24220485,22.30326172],[114.24136201,22.30388678],[114.24146004,22.30441892],[114.23992042,22.30529557],[114.24020237,22.30552721],[114.23986235,22.30593457],[114.2404849,22.30736109],[114.240438,22.30859941],[114.24105757,22.30910997],[114.24184997,22.30922092],[114.24185781,22.31061496],[114.24231506,22.31037603],[114.24263191,22.31082066],[114.24348799,22.31078348],[114.24354128,22.31141472],[114.24405577,22.31191706],[114.24379971,22.31252321],[114.24447068,22.31290507],[114.24471625,22.31352163],[114.24556663,22.31360917],[114.2452653,22.31454435],[114.24432038,22.31533244],[114.24247992,22.31528805]]]}},{"type":"Feature","properties":{"TPU_NUMBER":"298","SPU_NUMBER":"29","PPU_NUMBER":"2"},"geometry":{"type":"Polygon","coordinates":[[[114.24034848,22.30089581],[114.23812826,22.30167442],[114.23697756,22.30258783],[114.23656933,22.30191431],[114.23752538,22.29892539],[114.23729759,22.29812006],[114.23637859,22.29929257],[114.23592211,22.29900265],[114.23643802,22.29833955],[114.23569316,22.29786112],[114.23610732,22.29696593],[114.23269316,22.29530984],[114.23337063,22.29364138],[114.23705978,22.290145],[114.23724308,22.29030469],[114.2364668,22.29111746],[114.23781585,22.29231557],[114.23856644,22.29158401],[114.23726994,22.28916174],[114.23688655,22.2889672],[114.23669467,22.28807728],[114.23803263,22.28751175],[114.23973787,22.28619495],[114.2426072,22.28551294],[114.24341027,22.28571914],[114.243666,22.28618766],[114.24315072,22.28653052],[114.2419724,22.28641693],[114.24236079,22.28744057],[114.24117503,22.28907845],[114.2415846,22.29022867],[114.24105392,22.29208003],[114.24207591,22.29305027],[114.24216551,22.29422079],[114.2426753,22.2941804],[114.24425991,22.29508233],[114.24478725,22.29505512],[114.2442382,22.2947993],[114.24535216,22.2947826],[114.24543609,22.29528315],[114.24484816,22.2959019],[114.24541944,22.29633395],[114.24543048,22.29704719],[114.24512257,22.29794394],[114.24477136,22.29803426],[114.24443115,22.29963205],[114.24357967,22.30054612],[114.24411195,22.30119809],[114.24390315,22.30173825],[114.24209784,22.30109491],[114.24034848,22.30089581]]]}},{"type":"Feature","properties":{"TPU_NUMBER":"310","SPU_NUMBER":"31","PPU_NUMBER":"3"},"geometry":{"type":"Polygon","coordinates":[[[114.1409951,22.41689193],[114.13953579,22.41761333],[114.13515823,22.41816042],[114.13252147,22.41694464],[114.12886692,22.4170715],[114.12724743,22.41632188],[114.12557852,22.416167],[114.1244026,22.41432531],[114.12351101,22.41403338],[114.12441401,22.41375493],[114.12381089,22.41348069],[114.12359584,22.41289932],[114.12428679,22.41308926],[114.1246288,22.41237847],[114.12408617,22.41279851],[114.12316925,22.41209226],[114.12336749,22.41099205],[114.1204784,22.41095961],[114.11741163,22.41181787],[114.11680449,22.4113575],[114.11696889,22.41041818],[114.11571077,22.41012207],[114.11459362,22.40845386],[114.11282164,22.40810478],[114.11259656,22.40693799],[114.11189658,22.40649749],[114.10909153,22.40536901],[114.10748664,22.40614456],[114.10679286,22.40480254],[114.10526332,22.40562692],[114.10472597,22.40500695],[114.10511203,22.40426286],[114.10474507,22.40404385],[114.10394082,22.40431843],[114.10387603,22.40368836],[114.10498038,22.40261628],[114.10631967,22.40230606],[114.10673273,22.40131081],[114.10863325,22.40002807],[114.10902304,22.39851081],[114.10986185,22.39806821],[114.11000952,22.3976154],[114.10950236,22.39596748],[114.10893521,22.39540499],[114.10766582,22.39499877],[114.10465218,22.39606093],[114.10351966,22.39477944],[114.10234689,22.39461553],[114.10218525,22.39142394],[114.102775,22.39139355],[114.10282143,22.39207696],[114.10334676,22.39256086],[114.10404573,22.39251472],[114.10483185,22.39085919],[114.1043954,22.39010785],[114.10493047,22.38852029],[114.10560431,22.38850827],[114.10675531,22.38758929],[114.10806502,22.3871845],[114.10830253,22.38657526],[114.11005359,22.38610961],[114.11136477,22.38498126],[114.11214411,22.38510321],[114.11326981,22.38333646],[114.11504627,22.38245394],[114.11451743,22.38116155],[114.11499914,22.38055169],[114.11651483,22.38081975],[114.11699104,22.38120585],[114.11825372,22.38117173],[114.1187965,22.38186418],[114.12042692,22.38188782],[114.12079495,22.38238657],[114.12047145,22.3833652],[114.12087479,22.38444258],[114.1206217,22.38551792],[114.12083084,22.38621477],[114.12188587,22.3870339],[114.12192842,22.38757073],[114.12239204,22.38801322],[114.12334479,22.38832561],[114.12413839,22.38807826],[114.12469079,22.38718351],[114.12520485,22.38733955],[114.12568632,22.38696996],[114.12628285,22.38700333],[114.12623938,22.38525507],[114.12721898,22.38487871],[114.12717233,22.38337131],[114.12751128,22.38311072],[114.12902809,22.38359141],[114.13021,22.38299721],[114.1307415,22.3832551],[114.13160394,22.38300804],[114.13230621,22.38397538],[114.13463941,22.38418332],[114.13509127,22.38523429],[114.13582012,22.38546397],[114.13744575,22.38414413],[114.13827704,22.38465818],[114.13967457,22.3846305],[114.1405224,22.38557841],[114.14173394,22.38417347],[114.14372639,22.38463021],[114.13947,22.38183321],[114.13925447,22.38088031],[114.13808337,22.38098563],[114.13932867,22.37979007],[114.13889696,22.37975535],[114.13844255,22.37918447],[114.13972068,22.37930055],[114.13983214,22.38052433],[114.14021379,22.38093051],[114.14040062,22.38065139],[114.14142973,22.38115626],[114.14174691,22.38039277],[114.14239718,22.38016746],[114.14294919,22.37932422],[114.14277218,22.37879824],[114.14226099,22.3786818],[114.14191944,22.37814745],[114.14289942,22.37786367],[114.14347592,22.37819823],[114.14431713,22.3776048],[114.1435445,22.37638932],[114.14586944,22.37530216],[114.14686812,22.37609304],[114.14838938,22.37635347],[114.14868951,22.37782236],[114.14987783,22.37791083],[114.14951631,22.37884263],[114.14983741,22.37927206],[114.14899228,22.38029421],[114.14842368,22.38073231],[114.14824307,22.38053456],[114.14841189,22.38074315],[114.14708327,22.381135],[114.14776898,22.3816653],[114.14779321,22.38238161],[114.14737456,22.38257538],[114.14741167,22.38290423],[114.148717,22.38282038],[114.14894258,22.3835539],[114.14844263,22.38358948],[114.148493,22.38402758],[114.14801239,22.38448279],[114.14890255,22.38484691],[114.14894661,22.38549809],[114.14933178,22.38522426],[114.14961272,22.3854327],[114.1504184,22.38483085],[114.15067692,22.38498131],[114.15005434,22.38593661],[114.15105892,22.38660153],[114.15135094,22.38644617],[114.15135039,22.38712462],[114.15206292,22.38746341],[114.15140121,22.38812289],[114.15227464,22.38778033],[114.15308335,22.38821379],[114.15351645,22.38930276],[114.15305822,22.38886397],[114.15283535,22.38914995],[114.15273296,22.38859387],[114.15223729,22.38840772],[114.15054388,22.38875184],[114.15037156,22.38772693],[114.15010851,22.38813119],[114.14952382,22.38796959],[114.14969382,22.38735227],[114.14877326,22.38693042],[114.14854775,22.38754614],[114.14893279,22.38769905],[114.14917475,22.388378],[114.14975083,22.38822726],[114.14942865,22.38900399],[114.1500293,22.38930943],[114.14989665,22.38964824],[114.15023483,22.38974881],[114.15035256,22.39024951],[114.14973503,22.39025867],[114.14965376,22.39060103],[114.15129796,22.39106154],[114.15092006,22.39141296],[114.1510756,22.39188064],[114.15169364,22.39202576],[114.15142666,22.39246686],[114.1518857,22.39261528],[114.15157966,22.39290792],[114.15430831,22.39464688],[114.15241585,22.39402211],[114.15320606,22.39531137],[114.15255109,22.39677688],[114.15256426,22.39799195],[114.15309933,22.39991056],[114.15685939,22.4074573],[114.15778238,22.41188832],[114.15509165,22.41286552],[114.1531106,22.41235363],[114.15015228,22.41244453],[114.14724761,22.41196896],[114.14720707,22.41379613],[114.1467517,22.41491061],[114.14681832,22.41634496],[114.14604186,22.41658235],[114.14416799,22.41562272],[114.1428829,22.41559504],[114.1409951,22.41689193]]]}},{"type":"Feature","properties":{"TPU_NUMBER":"320","SPU_NUMBER":"32","PPU_NUMBER":"3"},"geometry":{"type":"Polygon","coordinates":[[[114.12587367,22.35155488],[114.12609998,22.35205364],[114.12564313,22.3533025],[114.12036897,22.35844723],[114.11881997,22.35742123],[114.11791366,22.35539141],[114.1164105,22.35472471],[114.1159111,22.35173934],[114.11513791,22.35148856],[114.1144936,22.3524364],[114.11441543,22.35311348],[114.11359767,22.35254186],[114.11452027,22.3506614],[114.11546262,22.3473828],[114.1198305,22.34864499],[114.12339112,22.33814374],[114.12874114,22.33971329],[114.12962315,22.33708251],[114.12428467,22.3355169],[114.12670964,22.32837968],[114.1341158,22.33054209],[114.13446014,22.33037873],[114.1353994,22.32760595],[114.12263646,22.32385718],[114.12152541,22.32239339],[114.12162822,22.32152273],[114.1286282,22.31795631],[114.12826663,22.31749915],[114.128483,22.31737315],[114.12873534,22.31790171],[114.12945986,22.31753255],[114.1308694,22.31816559],[114.13154332,22.31805074],[114.13187824,22.31841522],[114.13071104,22.32000305],[114.13041518,22.32114915],[114.13075439,22.32182082],[114.13981151,22.32842899],[114.14455592,22.33100881],[114.13610879,22.33430667],[114.13329335,22.33646906],[114.13227807,22.33786202],[114.13327888,22.33815706],[114.13339475,22.33858165],[114.13080719,22.34224658],[114.12966883,22.34308415],[114.12647967,22.34441746],[114.12526044,22.34565325],[114.12496143,22.34769967],[114.12587367,22.35155488]]]}},{"type":"Feature","properties":{"TPU_NUMBER":"321","SPU_NUMBER":"32","PPU_NUMBER":"3"},"geometry":{"type":"Polygon","coordinates":[[[114.12411634,22.38809321],[114.12332165,22.38832133],[114.12194105,22.38759334],[114.12193687,22.38709809],[114.12086435,22.38626629],[114.12062315,22.38553238],[114.12088473,22.38510772],[114.12047193,22.38338416],[114.12074983,22.3822519],[114.1202133,22.38176368],[114.11870724,22.38182789],[114.11980552,22.37998184],[114.11925446,22.37895658],[114.11948898,22.37820688],[114.11996501,22.37810567],[114.1198677,22.37679932],[114.11900352,22.37653198],[114.11837132,22.37696058],[114.11760839,22.37699849],[114.11697868,22.37610701],[114.11902098,22.37575332],[114.12009842,22.37623598],[114.12122895,22.37569925],[114.13114253,22.37947268],[114.13452767,22.38137774],[114.13712038,22.38167887],[114.13760864,22.38221376],[114.13879913,22.38203444],[114.14148048,22.38363502],[114.14379214,22.38450986],[114.14173394,22.38417347],[114.14054828,22.38558025],[114.13967457,22.3846305],[114.13827704,22.38465818],[114.13740527,22.38414883],[114.13582012,22.38546397],[114.13509127,22.38523429],[114.13463941,22.38418332],[114.13230621,22.38397538],[114.13160394,22.38300804],[114.1307415,22.3832551],[114.13021,22.38299721],[114.12902809,22.38359141],[114.12751128,22.38311072],[114.12717233,22.38337131],[114.12721898,22.38487871],[114.12623938,22.38525507],[114.12628563,22.38699954],[114.12568632,22.38696996],[114.12520485,22.38733955],[114.12468638,22.3871856],[114.12411634,22.38809321]]]}},{"type":"Feature","properties":{"TPU_NUMBER":"322","SPU_NUMBER":"32","PPU_NUMBER":"3"},"geometry":{"type":"Polygon","coordinates":[[[114.10750942,22.38725829],[114.10562274,22.38849937],[114.10515504,22.38839581],[114.10567113,22.38822216],[114.10616407,22.38716441],[114.10731973,22.38646785],[114.1075056,22.38568936],[114.10848441,22.38463518],[114.10854668,22.38346546],[114.10894721,22.38338774],[114.10965351,22.38385026],[114.11180754,22.38289966],[114.11269858,22.38054505],[114.11295499,22.37870383],[114.11373906,22.3774628],[114.11458132,22.37741346],[114.11685815,22.37620646],[114.11760839,22.37699849],[114.11837132,22.37696058],[114.11900352,22.37653198],[114.1198677,22.37679932],[114.11996501,22.37810567],[114.11948898,22.37820688],[114.11925446,22.37895658],[114.11980552,22.37998184],[114.11870724,22.38182789],[114.11825372,22.38117173],[114.11699104,22.38120585],[114.11651483,22.38081975],[114.11497294,22.38055665],[114.11451743,22.38116155],[114.11504627,22.38245394],[114.11326981,22.38333646],[114.11216147,22.38508911],[114.11136477,22.38498126],[114.11007067,22.38609971],[114.10830253,22.38657526],[114.10809496,22.38716494],[114.10750942,22.38725829]]]}},{"type":"Feature","properties":{"TPU_NUMBER":"323","SPU_NUMBER":"32","PPU_NUMBER":"3"},"geometry":{"type":"Polygon","coordinates":[[[114.1075056,22.38568936],[114.10731973,22.38646785],[114.10616407,22.38716441],[114.10567113,22.38822216],[114.10515504,22.38839581],[114.10430036,22.38621281],[114.10449222,22.3856628],[114.10277277,22.38541783],[114.10234144,22.38471292],[114.10167209,22.3856459],[114.10117283,22.38474458],[114.09970876,22.38532456],[114.09967555,22.38474608],[114.10140386,22.38363729],[114.10171627,22.38284374],[114.10289575,22.3829417],[114.10412831,22.38220033],[114.10368997,22.38109582],[114.10296333,22.38106665],[114.10226994,22.37715652],[114.10137421,22.37619189],[114.10167534,22.3756464],[114.10119997,22.37532746],[114.10064344,22.37546197],[114.10028907,22.37507122],[114.09914519,22.37497964],[114.09889121,22.37452098],[114.09732412,22.37388296],[114.09518573,22.37356932],[114.09351919,22.37263856],[114.09253913,22.37278059],[114.0904594,22.3721685],[114.09042701,22.37166292],[114.08997609,22.37122734],[114.08889812,22.37140524],[114.08861266,22.37090793],[114.08905105,22.3705058],[114.08870408,22.36942064],[114.08911329,22.36729147],[114.0912113,22.36718866],[114.09301436,22.36780939],[114.0985366,22.36818975],[114.10401415,22.3721829],[114.10555796,22.37201495],[114.10590897,22.37227133],[114.10521571,22.37373606],[114.10525658,22.37427297],[114.10552082,22.37491971],[114.10633401,22.37546655],[114.11095681,22.37548074],[114.11427602,22.37426041],[114.11492493,22.37494477],[114.11666971,22.37394859],[114.11682567,22.37424308],[114.11776758,22.37381192],[114.11877735,22.37469553],[114.12053139,22.3746224],[114.11990552,22.37511378],[114.12039689,22.37590473],[114.12018541,22.37621841],[114.11911989,22.37575996],[114.11736317,22.37594052],[114.11458132,22.37741346],[114.11373906,22.3774628],[114.11295499,22.37870383],[114.11269858,22.38054505],[114.11180754,22.38289966],[114.10965351,22.38385026],[114.10894721,22.38338774],[114.10854668,22.38346546],[114.10842847,22.38476924],[114.1075056,22.38568936]]]}},{"type":"Feature","properties":{"TPU_NUMBER":"324","SPU_NUMBER":"32","PPU_NUMBER":"3"},"geometry":{"type":"Polygon","coordinates":[[[114.12125501,22.37478989],[114.12122895,22.37569925],[114.12067135,22.37595848],[114.11989655,22.37532358],[114.12053139,22.3746224],[114.11877735,22.37469553],[114.11776758,22.37381192],[114.11682567,22.37424308],[114.11666971,22.37394859],[114.11510982,22.37490611],[114.11462434,22.37483552],[114.11427602,22.37426041],[114.11058031,22.37552638],[114.10647601,22.37549468],[114.10538116,22.37476158],[114.10521571,22.37373606],[114.10590897,22.37227133],[114.10555796,22.37201495],[114.10800721,22.3696969],[114.10806225,22.36868256],[114.10894495,22.36774936],[114.10879571,22.367464],[114.10926312,22.3676542],[114.11026761,22.36706946],[114.11061003,22.36679601],[114.11023385,22.3664019],[114.11082751,22.36660863],[114.1123792,22.36476046],[114.11137416,22.36187334],[114.11163942,22.36028351],[114.1136534,22.36074593],[114.11574613,22.36214317],[114.11965989,22.3638271],[114.12063928,22.3649276],[114.12149298,22.36717645],[114.12318292,22.36979196],[114.12344575,22.37080847],[114.12287044,22.3731567],[114.12125501,22.37478989]]]}},{"type":"Feature","properties":{"TPU_NUMBER":"325","SPU_NUMBER":"32","PPU_NUMBER":"3"},"geometry":{"type":"Polygon","coordinates":[[[114.13424678,22.38027656],[114.13363088,22.38093285],[114.13114253,22.37947268],[114.12122895,22.37569925],[114.1210593,22.3749457],[114.12245839,22.37374836],[114.12309928,22.37268681],[114.12338902,22.37037213],[114.12967782,22.37095505],[114.1328296,22.36968227],[114.13421825,22.37011507],[114.13466092,22.37108055],[114.13635598,22.3725631],[114.13640159,22.37586824],[114.13748574,22.37931445],[114.13723239,22.38000342],[114.13666161,22.38038436],[114.13424678,22.38027656]]]}},{"type":"Feature","properties":{"TPU_NUMBER":"326","SPU_NUMBER":"32","PPU_NUMBER":"3"},"geometry":{"type":"Polygon","coordinates":[[[114.131308,22.37042557],[114.12949921,22.37095596],[114.12338902,22.37037213],[114.12149298,22.36717645],[114.12063928,22.3649276],[114.11965989,22.3638271],[114.11762725,22.36309319],[114.11878083,22.36167518],[114.12031224,22.35851928],[114.12564313,22.3533025],[114.12609998,22.35205364],[114.12974404,22.35635687],[114.13408304,22.36850562],[114.131308,22.37042557]]]}},{"type":"Feature","properties":{"TPU_NUMBER":"327","SPU_NUMBER":"32","PPU_NUMBER":"3"},"geometry":{"type":"Polygon","coordinates":[[[114.1397695,22.38199891],[114.14336684,22.38438142],[114.13879913,22.38203444],[114.13760864,22.38221376],[114.13712038,22.38167887],[114.13525865,22.38158153],[114.13363003,22.38093333],[114.13424678,22.38027656],[114.13684115,22.38031111],[114.13748574,22.37931445],[114.13640159,22.37586824],[114.13632186,22.37247599],[114.13466092,22.37108055],[114.13415677,22.37006738],[114.13267958,22.36971891],[114.13471443,22.36762682],[114.13581462,22.36418038],[114.13618688,22.36179163],[114.13591039,22.36075834],[114.13450682,22.35920294],[114.13404141,22.35823555],[114.13320713,22.3547619],[114.13300871,22.35090749],[114.13344705,22.35002826],[114.135324,22.34854814],[114.13608657,22.34749925],[114.13826256,22.34675647],[114.13871396,22.34460617],[114.14195063,22.34025416],[114.14286457,22.34111697],[114.1434744,22.34118515],[114.14512196,22.33998016],[114.14680854,22.33996656],[114.1496345,22.34076999],[114.14843251,22.34082058],[114.14703946,22.34144154],[114.14672049,22.34368418],[114.14710556,22.3444298],[114.14634747,22.34640374],[114.14536806,22.3469832],[114.14511609,22.3477389],[114.14467918,22.34797134],[114.14490784,22.34893778],[114.14218395,22.34925558],[114.14200825,22.35034777],[114.14226462,22.35118804],[114.14173832,22.35204042],[114.14128267,22.3557386],[114.14173807,22.35906632],[114.14232549,22.35963054],[114.14287766,22.35968219],[114.1431773,22.36052558],[114.14551422,22.36235866],[114.14525819,22.36307508],[114.14567669,22.36339847],[114.14601098,22.36462485],[114.14470824,22.36612703],[114.14446001,22.36720809],[114.14538524,22.36740828],[114.14474086,22.36812784],[114.14532493,22.36850889],[114.14498452,22.36925186],[114.14616637,22.36970113],[114.14699095,22.37078977],[114.14552625,22.37224302],[114.14557189,22.37300384],[114.14496203,22.37359226],[114.144994,22.37425409],[114.14586944,22.37530216],[114.14352789,22.37640614],[114.1439692,22.37739025],[114.14431773,22.37750975],[114.14407348,22.37787149],[114.14347592,22.37819823],[114.14289942,22.37786367],[114.14191944,22.37814745],[114.14226099,22.3786818],[114.14277218,22.37879824],[114.14294919,22.37932422],[114.14239718,22.38016746],[114.14174691,22.38039277],[114.14142973,22.38115626],[114.14040062,22.38065139],[114.14021379,22.38093051],[114.13983214,22.38052433],[114.13972068,22.37930055],[114.13845,22.37917257],[114.13889696,22.37975535],[114.13932867,22.37979007],[114.13805383,22.38094351],[114.13925447,22.38088031],[114.13939284,22.38172864],[114.1397695,22.38199891]]]}},{"type":"Feature","properties":{"TPU_NUMBER":"328","SPU_NUMBER":"32","PPU_NUMBER":"3"},"geometry":{"type":"Polygon","coordinates":[[[114.14051296,22.34210398],[114.13871396,22.34460617],[114.13826256,22.34675647],[114.13608657,22.34749925],[114.13303909,22.3507506],[114.13320713,22.3547619],[114.13404141,22.35823555],[114.13450682,22.35920294],[114.13591039,22.36075834],[114.13618688,22.36179163],[114.13588072,22.36391563],[114.13482683,22.36733943],[114.13408304,22.36850562],[114.12974404,22.35635687],[114.12592534,22.35171265],[114.12496143,22.34769967],[114.12498178,22.3464201],[114.12617125,22.34462298],[114.13068107,22.34238756],[114.13339475,22.33858165],[114.13422459,22.33965713],[114.13511956,22.33963357],[114.13571838,22.3401107],[114.13615461,22.33997173],[114.13658259,22.34089005],[114.13741021,22.34132615],[114.13852924,22.34115795],[114.14069136,22.33993002],[114.14166958,22.34003668],[114.14195063,22.34025416],[114.14051296,22.34210398]]]}},{"type":"Feature","properties":{"TPU_NUMBER":"329","SPU_NUMBER":"32","PPU_NUMBER":"3"},"geometry":{"type":"Polygon","coordinates":[[[114.1193984,22.36028603],[114.11857565,22.36200708],[114.11762725,22.36309319],[114.11388038,22.3608505],[114.11163942,22.36028351],[114.11207942,22.35921513],[114.11252191,22.35986153],[114.11328789,22.36016181],[114.11556011,22.35519067],[114.1164105,22.35472471],[114.11791366,22.35539141],[114.11881997,22.35742123],[114.12036897,22.35844723],[114.1193984,22.36028603]]]}},{"type":"Feature","properties":{"TPU_NUMBER":"331","SPU_NUMBER":"33","PPU_NUMBER":"3"},"geometry":{"type":"Polygon","coordinates":[[[114.10526332,22.40562692],[114.10534043,22.40657729],[114.1044436,22.40740631],[114.10078125,22.40733456],[114.09764095,22.40436634],[114.09743875,22.40374381],[114.09684841,22.40352122],[114.09689386,22.40300451],[114.09610038,22.40266857],[114.09601123,22.40211418],[114.09495975,22.40084584],[114.09328442,22.39977263],[114.09222538,22.39936552],[114.09157696,22.39945894],[114.0911429,22.39839713],[114.09021227,22.39823586],[114.08940078,22.39743325],[114.08873531,22.39732592],[114.08905228,22.39713063],[114.08838229,22.39672242],[114.08612518,22.39347437],[114.08548325,22.39304561],[114.08560528,22.3917806],[114.08509101,22.39005821],[114.08562173,22.38931145],[114.08485362,22.38813917],[114.08462546,22.38644999],[114.08382354,22.38570329],[114.08775446,22.38143038],[114.08980711,22.37118788],[114.09042701,22.37166292],[114.0904594,22.3721685],[114.09253913,22.37278059],[114.09351919,22.37263856],[114.09518573,22.37356932],[114.09732412,22.37388296],[114.09889121,22.37452098],[114.0990456,22.37493823],[114.10028907,22.37507122],[114.10071989,22.37549366],[114.10119997,22.37532746],[114.1017098,22.37571894],[114.10137421,22.37619189],[114.10226994,22.37715652],[114.10296333,22.38106665],[114.10368997,22.38109582],[114.10412831,22.38220033],[114.10289575,22.3829417],[114.10171627,22.38284374],[114.10140386,22.38363729],[114.09967555,22.38474608],[114.09965876,22.38524984],[114.10117283,22.38474458],[114.10167209,22.3856459],[114.10234144,22.38471292],[114.10277277,22.38541783],[114.10449222,22.3856628],[114.10430036,22.38621281],[114.10515504,22.38839581],[114.10440409,22.39006267],[114.1048388,22.39081758],[114.10413417,22.39243409],[114.10334676,22.39256086],[114.10282143,22.39207696],[114.102775,22.39139355],[114.10215923,22.3914707],[114.10223331,22.39444913],[114.10351966,22.39477944],[114.10465218,22.39606093],[114.10774747,22.39498632],[114.10897884,22.3954231],[114.10953613,22.39603989],[114.11002008,22.39768167],[114.10902304,22.39851081],[114.10863325,22.40002807],[114.10673273,22.40131081],[114.10635284,22.40227523],[114.10498038,22.40261628],[114.10387603,22.40368836],[114.10394082,22.40431843],[114.10474507,22.40404385],[114.10511203,22.40426286],[114.10472597,22.40500695],[114.10526332,22.40562692]]]}},{"type":"Feature","properties":{"TPU_NUMBER":"332","SPU_NUMBER":"33","PPU_NUMBER":"3"},"geometry":{"type":"Polygon","coordinates":[[[114.08122005,22.38647855],[114.08066311,22.38728553],[114.08004232,22.38742258],[114.07696432,22.38702373],[114.07465481,22.38714444],[114.07285608,22.38469273],[114.07222007,22.38211681],[114.07079867,22.37961374],[114.07078171,22.37908901],[114.06843172,22.37641891],[114.06906983,22.37600283],[114.0700462,22.37611338],[114.07006568,22.3755292],[114.07211333,22.3741745],[114.07367509,22.37370233],[114.07483456,22.3741795],[114.07505481,22.37323344],[114.07707003,22.37195834],[114.07793716,22.37245573],[114.07912025,22.37254815],[114.07981766,22.37345926],[114.08038054,22.37225897],[114.08162725,22.37201502],[114.08308847,22.37072182],[114.08870408,22.36942064],[114.08901642,22.36979853],[114.08903932,22.37055376],[114.08861266,22.37090793],[114.08886853,22.37138411],[114.08980711,22.37118788],[114.08775446,22.38143038],[114.08382354,22.38570329],[114.08235006,22.38577878],[114.08122005,22.38647855]]]}},{"type":"Feature","properties":{"TPU_NUMBER":"333","SPU_NUMBER":"33","PPU_NUMBER":"3"},"geometry":{"type":"Polygon","coordinates":[[[114.09183797,22.4000976],[114.0912585,22.40127704],[114.09011597,22.40235474],[114.08747245,22.40240135],[114.08637806,22.40153061],[114.0860032,22.40067629],[114.08605907,22.39897344],[114.08528547,22.39796409],[114.07977214,22.3975178],[114.07414216,22.39623317],[114.07321267,22.39464714],[114.07401902,22.3935213],[114.07360493,22.39297653],[114.06917853,22.39298967],[114.06768071,22.39277029],[114.06724188,22.39208986],[114.06564511,22.39197323],[114.06623311,22.39057598],[114.06508888,22.39021113],[114.06458196,22.38965442],[114.06537311,22.3862871],[114.06494919,22.38496228],[114.06622719,22.38458336],[114.0672238,22.38651547],[114.06805909,22.38739969],[114.06907423,22.38711027],[114.07084103,22.38738627],[114.07696432,22.38702373],[114.08004232,22.38742258],[114.08066311,22.38728553],[114.08122005,22.38647855],[114.08235006,22.38577878],[114.08382354,22.38570329],[114.08462546,22.38644999],[114.08485362,22.38813917],[114.08562173,22.38931145],[114.08509101,22.39005821],[114.08560528,22.3917806],[114.08549245,22.39306398],[114.08612518,22.39347437],[114.08838229,22.39672242],[114.08905228,22.39713063],[114.08873531,22.39732592],[114.08940078,22.39743325],[114.09021227,22.39823586],[114.0911429,22.39839713],[114.09151594,22.39940787],[114.09195091,22.39937776],[114.09183797,22.4000976]]]}},{"type":"Feature","properties":{"TPU_NUMBER":"334","SPU_NUMBER":"33","PPU_NUMBER":"3"},"geometry":{"type":"MultiPolygon","coordinates":[[[[114.08019666,22.36434167],[114.07922728,22.36414606],[114.07947045,22.36358841],[114.08029026,22.36387013],[114.08019666,22.36434167]]],[[[114.08006377,22.37255328],[114.07978999,22.37345845],[114.07912025,22.37254815],[114.07793716,22.37245573],[114.07712203,22.37194687],[114.07522916,22.37313254],[114.07137956,22.36703627],[114.07036437,22.36612709],[114.07029076,22.36445939],[114.070792,22.36442799],[114.07127792,22.36525655],[114.07248301,22.36555966],[114.07251954,22.36598728],[114.07304998,22.36611635],[114.07394539,22.36702827],[114.07559337,22.36780389],[114.07730318,22.36777762],[114.07774318,22.36708624],[114.07862637,22.36685294],[114.07954376,22.36770052],[114.07921605,22.3686695],[114.08046721,22.36919425],[114.08211749,22.36893256],[114.08493111,22.36729123],[114.08911329,22.36729147],[114.08870408,22.36942064],[114.08815048,22.36935517],[114.08739834,22.36990079],[114.08681118,22.36967962],[114.08596649,22.37014368],[114.08379327,22.37044406],[114.08162725,22.37201502],[114.08078269,22.37207081],[114.08006377,22.37255328]]]]}},{"type":"Feature","properties":{"TPU_NUMBER":"335","SPU_NUMBER":"33","PPU_NUMBER":"3"},"geometry":{"type":"Polygon","coordinates":[[[114.06644666,22.37673952],[114.06602983,22.37686277],[114.06640748,22.37596248],[114.06531863,22.37552055],[114.0650446,22.37434035],[114.06390321,22.3753749],[114.06351552,22.37517635],[114.06200375,22.37624589],[114.0615772,22.37614335],[114.06132609,22.37526884],[114.05954101,22.3745619],[114.05890432,22.37519196],[114.05810608,22.3749434],[114.05758378,22.37538191],[114.05694576,22.3753432],[114.05643076,22.37436585],[114.05363683,22.3717243],[114.05328555,22.37063674],[114.05255205,22.37005373],[114.05124105,22.3700683],[114.05076781,22.36969006],[114.05055634,22.36855108],[114.05142186,22.36718321],[114.05223039,22.36762506],[114.05244278,22.36678545],[114.0515676,22.36602755],[114.05174806,22.36475675],[114.05231549,22.36468867],[114.05276117,22.36318655],[114.05180877,22.36282206],[114.05197292,22.36220534],[114.05294782,22.36222232],[114.05312261,22.36280965],[114.05381407,22.36297096],[114.05622941,22.36492895],[114.05687437,22.36519454],[114.05705831,22.36479781],[114.05689219,22.36520165],[114.05770207,22.36555182],[114.05793139,22.36499],[114.0581434,22.36508405],[114.05776631,22.36560588],[114.0602667,22.36646948],[114.0607692,22.36534494],[114.06306585,22.36544992],[114.06369011,22.36517577],[114.06449518,22.36402505],[114.06588287,22.36407667],[114.06681835,22.36338465],[114.06680999,22.36359095],[114.06822864,22.36323743],[114.06909432,22.36358268],[114.06926227,22.36407173],[114.07077403,22.36356035],[114.07164279,22.36389584],[114.07029076,22.36445939],[114.07036437,22.36612709],[114.07137956,22.36703627],[114.07502934,22.37271841],[114.07522932,22.37313285],[114.07494307,22.37411222],[114.07360919,22.37370785],[114.07094897,22.37483393],[114.07006568,22.3755292],[114.07015655,22.37603985],[114.06983466,22.37620399],[114.06906983,22.37600283],[114.06843172,22.37641891],[114.06831377,22.37620809],[114.06829854,22.37670288],[114.06644666,22.37673952]]]}},{"type":"Feature","properties":{"TPU_NUMBER":"336","SPU_NUMBER":"33","PPU_NUMBER":"3"},"geometry":{"type":"Polygon","coordinates":[[[114.05062264,22.36964841],[114.04961277,22.36928793],[114.04903474,22.36956104],[114.04787178,22.36762161],[114.04467509,22.36574623],[114.04357762,22.36553335],[114.04261338,22.36648857],[114.04181521,22.36655832],[114.04108203,22.365492],[114.04042702,22.36546286],[114.03980291,22.36500957],[114.03949939,22.36401071],[114.03799724,22.36403234],[114.03717026,22.36358597],[114.03718101,22.36303152],[114.0368649,22.36275376],[114.03717578,22.36209937],[114.03664511,22.36081685],[114.03613113,22.36041136],[114.03082761,22.35803222],[114.02864758,22.35880186],[114.02865326,22.35530562],[114.03185163,22.35582081],[114.03438582,22.35702534],[114.03663136,22.35743599],[114.03750004,22.35803563],[114.03937218,22.35822059],[114.04040019,22.35947004],[114.0426065,22.36069086],[114.04495808,22.36133152],[114.04507688,22.36075365],[114.0451855,22.36077424],[114.04517396,22.36136493],[114.04722634,22.36089039],[114.04694313,22.36052094],[114.04720792,22.36038157],[114.05155022,22.3621765],[114.05180877,22.36282206],[114.05276117,22.36318655],[114.05231549,22.36468867],[114.05174806,22.36475675],[114.0515676,22.36602755],[114.05244278,22.36678545],[114.05223039,22.36762506],[114.05142186,22.36718321],[114.05055634,22.36855108],[114.0508509,22.36924194],[114.05062264,22.36964841]]]}},{"type":"Feature","properties":{"TPU_NUMBER":"340","SPU_NUMBER":"34","PPU_NUMBER":"3"},"geometry":{"type":"Polygon","coordinates":[[[114.06867994,22.38718636],[114.06805909,22.38739969],[114.06763154,22.38710931],[114.06602876,22.38450688],[114.06494919,22.38496228],[114.06229566,22.38527915],[114.05886001,22.38472893],[114.05399776,22.38503068],[114.05231063,22.38641308],[114.05142702,22.38653454],[114.048861,22.38283379],[114.04900739,22.38170785],[114.0498949,22.38034014],[114.04984494,22.37994313],[114.04782591,22.3789613],[114.04628543,22.37897608],[114.04097402,22.37993593],[114.03810735,22.38096793],[114.03702857,22.38058719],[114.03613173,22.37719304],[114.03575446,22.3770553],[114.03472204,22.37784643],[114.03390546,22.37805756],[114.03308717,22.37723617],[114.03287633,22.37565189],[114.03345045,22.37466378],[114.03619961,22.37363176],[114.03587649,22.37212912],[114.03626063,22.3711419],[114.03765305,22.37054522],[114.0394516,22.3704133],[114.04033607,22.3694852],[114.04028983,22.36879654],[114.03961834,22.36782442],[114.03900878,22.36748759],[114.03601502,22.36655617],[114.0350852,22.36593079],[114.03507272,22.36415167],[114.03389822,22.36257765],[114.03241221,22.36213712],[114.03136466,22.36143576],[114.03079242,22.36066037],[114.03010495,22.35828735],[114.03082761,22.35803222],[114.03619236,22.36045235],[114.03664511,22.36081685],[114.03717578,22.36209937],[114.0368649,22.36275376],[114.03718101,22.36303152],[114.03717026,22.36358597],[114.03799724,22.36403234],[114.03949939,22.36401071],[114.03980291,22.36500957],[114.04042702,22.36546286],[114.04108203,22.365492],[114.04182435,22.36656381],[114.04261338,22.36648857],[114.04357762,22.36553335],[114.04467509,22.36574623],[114.04787178,22.36762161],[114.04903474,22.36956104],[114.04962453,22.36928864],[114.05069336,22.36958274],[114.05122857,22.37006538],[114.0525741,22.37006449],[114.05328555,22.37063674],[114.05363683,22.3717243],[114.05643076,22.37436585],[114.05694576,22.3753432],[114.05758378,22.37538191],[114.05810608,22.3749434],[114.05890432,22.37519196],[114.05954101,22.3745619],[114.06132609,22.37526884],[114.0615772,22.37614335],[114.06200375,22.37624589],[114.06351552,22.37517635],[114.06390321,22.3753749],[114.06503901,22.37433967],[114.06531863,22.37552055],[114.06640748,22.37596248],[114.0660532,22.37688522],[114.06829854,22.37670288],[114.06831377,22.37620809],[114.07078171,22.37908901],[114.07079867,22.37961374],[114.07222007,22.38211681],[114.07285608,22.38469273],[114.07465481,22.38714444],[114.07084103,22.38738627],[114.06867994,22.38718636]]]}},{"type":"Feature","properties":{"TPU_NUMBER":"350","SPU_NUMBER":"35","PPU_NUMBER":"3"},"geometry":{"type":"Polygon","coordinates":[[[114.10911784,22.35926883],[114.10904224,22.35983033],[114.10550665,22.35925576],[114.10323816,22.35952332],[114.10250718,22.35933311],[114.1017764,22.35848417],[114.10168153,22.35762856],[114.10088302,22.357187],[114.09980303,22.35564159],[114.09710934,22.34928655],[114.09651135,22.34235563],[114.09466895,22.33808205],[114.09223572,22.33591229],[114.09171206,22.33279586],[114.09130679,22.33252171],[114.09192216,22.33021653],[114.09031816,22.32916061],[114.09190186,22.32613457],[114.09388876,22.3260927],[114.09390207,22.32517615],[114.09308376,22.32541734],[114.09285736,22.32516039],[114.09539265,22.32517241],[114.09509022,22.32539903],[114.09399329,22.32518902],[114.09397713,22.32609544],[114.09507967,22.32618511],[114.09527166,22.32720058],[114.10087979,22.32792818],[114.10076301,22.3276403],[114.10109487,22.32768298],[114.1008968,22.32793036],[114.10197244,22.32807239],[114.10213411,22.32702185],[114.10129831,22.32710093],[114.10068159,22.32690466],[114.10202493,22.32684076],[114.10366133,22.32727736],[114.10225397,22.32703858],[114.10209439,22.3280881],[114.10387708,22.32831619],[114.10369861,22.33003581],[114.10418,22.32829645],[114.1062104,22.32702315],[114.10783513,22.32712183],[114.10800734,22.32688918],[114.10803331,22.32713437],[114.10813116,22.32576594],[114.10719016,22.32588129],[114.10675565,22.32560649],[114.10945434,22.32576061],[114.108975,22.32603069],[114.10820268,22.32577236],[114.10810417,22.32714051],[114.10994564,22.32717522],[114.11036078,22.3266143],[114.11162087,22.32667482],[114.11027336,22.32688123],[114.11040526,22.32865085],[114.11273016,22.32880105],[114.11265606,22.32743074],[114.11406546,22.32744905],[114.11767114,22.33098892],[114.11207946,22.3474983],[114.11223007,22.34831685],[114.11015758,22.35201532],[114.1092628,22.35487712],[114.10897209,22.35740366],[114.10911784,22.35926883]]]}},{"type":"Feature","properties":{"TPU_NUMBER":"351","SPU_NUMBER":"35","PPU_NUMBER":"3"},"geometry":{"type":"Polygon","coordinates":[[[114.10394932,22.36355442],[114.09998965,22.3638114],[114.09623707,22.36170424],[114.096015,22.36236576],[114.09590783,22.36130806],[114.09564211,22.36161755],[114.09565194,22.36284193],[114.09556616,22.36141369],[114.09535459,22.36226092],[114.09516927,22.36124325],[114.09513155,22.36211665],[114.09502704,22.36132812],[114.09479072,22.3622184],[114.09467187,22.36131857],[114.09451373,22.36259079],[114.09444601,22.36135475],[114.09436544,22.36168747],[114.09407726,22.36127644],[114.09393106,22.36167522],[114.09311742,22.36158429],[114.09311017,22.36263184],[114.09275414,22.36163434],[114.09225649,22.36161326],[114.09208978,22.36231131],[114.09200593,22.36122389],[114.09197655,22.36203665],[114.09160992,22.36203692],[114.09161219,22.36167985],[114.09139349,22.36197431],[114.09130269,22.36162569],[114.0900022,22.36161883],[114.08967488,22.36283129],[114.08928255,22.36281464],[114.08909705,22.36200967],[114.08891652,22.36282347],[114.08891632,22.3623681],[114.08532942,22.36183543],[114.08272644,22.36034049],[114.080556,22.35991692],[114.07895375,22.35850056],[114.07917623,22.35776043],[114.08033986,22.35650226],[114.08040821,22.35517884],[114.07989697,22.3548477],[114.08027158,22.35372497],[114.07991271,22.3531487],[114.08008926,22.35250439],[114.08133755,22.3516861],[114.08146651,22.35103376],[114.08356879,22.35110827],[114.08336999,22.34877777],[114.0848868,22.34845758],[114.08463742,22.34681978],[114.08428186,22.34680178],[114.08462728,22.3467539],[114.0842658,22.34449031],[114.08580498,22.34429495],[114.08567721,22.34344077],[114.08597592,22.34294537],[114.08557006,22.34295956],[114.08577075,22.34262292],[114.08629479,22.3430034],[114.08600033,22.34295847],[114.08571357,22.34343396],[114.08584072,22.34428964],[114.08794562,22.34400391],[114.08792381,22.34322933],[114.08804421,22.34398986],[114.08864525,22.34384978],[114.0885931,22.3432324],[114.08875201,22.34389535],[114.08928937,22.34382213],[114.08928163,22.34314077],[114.08938898,22.34380964],[114.08978198,22.34375693],[114.09011663,22.34357068],[114.0901184,22.34292897],[114.09032124,22.34345656],[114.09143894,22.34187547],[114.09048952,22.34130407],[114.09012592,22.34155059],[114.08972721,22.34128027],[114.0904602,22.34127684],[114.08967052,22.34065216],[114.08950617,22.33971922],[114.0897898,22.33975355],[114.0903355,22.3388882],[114.09094047,22.33927087],[114.09065406,22.3384063],[114.09098454,22.33923367],[114.09279866,22.33832765],[114.09087115,22.3354018],[114.08915446,22.33084861],[114.09031816,22.32916061],[114.09192216,22.33021653],[114.09130679,22.33252171],[114.09171206,22.33279586],[114.09223572,22.33591229],[114.09466895,22.33808205],[114.09651135,22.34235563],[114.09710934,22.34928655],[114.09997716,22.3560023],[114.101065,22.3573674],[114.10168153,22.35762856],[114.1017764,22.35848417],[114.10250718,22.35933311],[114.10323816,22.35952332],[114.10550665,22.35925576],[114.10904224,22.35983033],[114.10739214,22.36314897],[114.10487032,22.36319191],[114.10394932,22.36355442]]]}},{"type":"Feature","properties":{"TPU_NUMBER":"411","SPU_NUMBER":"41","PPU_NUMBER":"4"},"geometry":{"type":"Polygon","coordinates":[[[114.00523711,22.39152152],[114.0066703,22.38899244],[114.00729516,22.38865964],[114.00786991,22.38901387],[114.00883661,22.39104258],[114.01061215,22.39213758],[114.01247017,22.39176433],[114.01443164,22.39052254],[114.01590732,22.39029812],[114.01818959,22.39098748],[114.0211422,22.39295216],[114.02170551,22.39301724],[114.02305897,22.39109975],[114.02493881,22.39055292],[114.02599984,22.39122891],[114.02657498,22.39310655],[114.02723203,22.39394352],[114.02968768,22.39471758],[114.03118585,22.39561984],[114.03281116,22.39742309],[114.03461832,22.40058726],[114.03567691,22.40184271],[114.03880157,22.40361495],[114.00884377,22.39657572],[114.00758979,22.3942267],[114.00523711,22.39152152]]]}},{"type":"Feature","properties":{"TPU_NUMBER":"412","SPU_NUMBER":"41","PPU_NUMBER":"4"},"geometry":{"type":"Polygon","coordinates":[[[114.05722132,22.40888068],[114.05562853,22.40907561],[114.05545172,22.40894953],[114.05574723,22.40860942],[114.0516247,22.40861684],[114.0516095,22.40458303],[114.05122323,22.40458299],[114.05126097,22.40402401],[114.05205231,22.40243919],[114.05360128,22.40196527],[114.05458571,22.40312441],[114.05510181,22.4032369],[114.05740914,22.40130438],[114.05744547,22.40487359],[114.05972594,22.40487357],[114.05995628,22.407398],[114.05991971,22.40885397],[114.05722132,22.40888068]]]}},{"type":"Feature","properties":{"TPU_NUMBER":"413","SPU_NUMBER":"41","PPU_NUMBER":"4"},"geometry":{"type":"Polygon","coordinates":[[[114.05267049,22.40208734],[114.05170778,22.40289801],[114.05122323,22.40458299],[114.04206848,22.4045819],[114.03880157,22.40361495],[114.03567691,22.40184271],[114.03461832,22.40058726],[114.03281116,22.39742309],[114.03118585,22.39561984],[114.02968768,22.39471758],[114.02723203,22.39394352],[114.02657498,22.39310655],[114.02599984,22.39122891],[114.02493881,22.39055292],[114.02305897,22.39109975],[114.02222604,22.3925888],[114.0213844,22.39303844],[114.01818959,22.39098748],[114.01590732,22.39029812],[114.01443164,22.39052254],[114.01177649,22.3920097],[114.010173,22.39201881],[114.00883661,22.39104258],[114.00786991,22.38901387],[114.00729516,22.38865964],[114.0066703,22.38899244],[114.00523711,22.39152152],[114.00356621,22.39029613],[114.00068168,22.39023439],[113.99841342,22.3884867],[113.99692611,22.38875417],[113.99543862,22.38727217],[113.99226177,22.38502524],[113.99054903,22.38270236],[113.98852855,22.38077459],[113.9879337,22.37896628],[113.98889319,22.37911496],[113.98929681,22.3784369],[113.99002916,22.37830534],[113.99115364,22.37895618],[113.99211655,22.37877721],[113.99260973,22.37817668],[113.99349677,22.37845415],[113.99541994,22.3781946],[113.99613812,22.37841981],[113.99678579,22.37912291],[113.99702359,22.37808635],[113.99745225,22.37793107],[113.99863586,22.37860108],[113.99871711,22.37940658],[113.99919853,22.37899081],[114.00063768,22.37917877],[114.001397,22.37885057],[114.00178862,22.37825289],[114.00267622,22.37923901],[114.00330906,22.37937987],[114.00398882,22.38003147],[114.00496226,22.38002895],[114.00499958,22.37925123],[114.00826775,22.38028289],[114.00950206,22.38021853],[114.01094681,22.38136378],[114.01338962,22.38174393],[114.01438522,22.38293162],[114.01477034,22.3821978],[114.01545033,22.38215291],[114.01550008,22.38178804],[114.01610603,22.38155659],[114.01608601,22.38025745],[114.01666067,22.38007026],[114.01737471,22.37911863],[114.0172927,22.37841455],[114.01573878,22.37732344],[114.01568311,22.37610306],[114.01517168,22.37564419],[114.01521361,22.3750542],[114.01659741,22.37465706],[114.01620221,22.3736604],[114.01718098,22.373868],[114.01811998,22.3726361],[114.01882057,22.37314909],[114.01892009,22.37233427],[114.01948129,22.37282677],[114.01950491,22.37359576],[114.02012286,22.37345545],[114.02150172,22.37477287],[114.02235539,22.37503614],[114.02603131,22.37349298],[114.02665957,22.37333032],[114.0270147,22.37367033],[114.02614007,22.37225485],[114.02730855,22.37181132],[114.02746999,22.37111282],[114.02795495,22.37097325],[114.02784107,22.37051994],[114.02831902,22.36952958],[114.02637106,22.36619673],[114.02668763,22.36542732],[114.02756989,22.36539762],[114.02764899,22.36485656],[114.02685129,22.36383787],[114.02775906,22.36322491],[114.02673178,22.36241908],[114.02659249,22.36041372],[114.02531768,22.3612012],[114.02404878,22.36085425],[114.02414787,22.36047841],[114.02385607,22.36019687],[114.02412907,22.35967808],[114.02314491,22.35932938],[114.02287055,22.35848576],[114.02229438,22.3582413],[114.02160802,22.35608291],[114.02446507,22.35533473],[114.02865326,22.35530562],[114.02864758,22.35880186],[114.03010495,22.35828735],[114.03079242,22.36066037],[114.03136466,22.36143576],[114.03241221,22.36213712],[114.03389822,22.36257765],[114.03507272,22.36415167],[114.0350852,22.36593079],[114.03601502,22.36655617],[114.03900878,22.36748759],[114.03961834,22.36782442],[114.04028983,22.36879654],[114.04033607,22.3694852],[114.0394516,22.3704133],[114.03765305,22.37054522],[114.03626063,22.3711419],[114.03587649,22.37212912],[114.03619961,22.37363176],[114.03345045,22.37466378],[114.03287633,22.37565189],[114.03341376,22.3777384],[114.03428008,22.37807316],[114.035265,22.37726672],[114.03613173,22.37719304],[114.03673552,22.38006973],[114.03738897,22.38082988],[114.03810735,22.38096793],[114.04097402,22.37993593],[114.04628543,22.37897608],[114.04782591,22.3789613],[114.04935028,22.37948032],[114.0498949,22.38034014],[114.04900739,22.38170785],[114.048861,22.38283379],[114.05142702,22.38653454],[114.05231063,22.38641308],[114.05399776,22.38503068],[114.05886001,22.38472893],[114.06229566,22.38527915],[114.06494919,22.38496228],[114.06537311,22.3862871],[114.06458196,22.38965442],[114.06508888,22.39021113],[114.06623311,22.39057598],[114.06564511,22.39197323],[114.067275,22.39210098],[114.06769046,22.39279421],[114.06786319,22.39614894],[114.06752755,22.3969926],[114.06559306,22.39788556],[114.0638914,22.3975314],[114.06275272,22.39815602],[114.06177419,22.39776497],[114.05737379,22.39783089],[114.05740914,22.40130438],[114.05510181,22.4032369],[114.05458571,22.40312441],[114.05360128,22.40196527],[114.05267049,22.40208734]]]}},{"type":"Feature","properties":{"TPU_NUMBER":"414","SPU_NUMBER":"41","PPU_NUMBER":"4"},"geometry":{"type":"Polygon","coordinates":[[[114.00543073,22.4147809],[114.00329672,22.41485091],[114.0012252,22.41408292],[113.99742817,22.41379508],[113.99650613,22.41322579],[113.99732666,22.41249833],[113.99472188,22.41136578],[113.9952849,22.40279644],[113.99557221,22.40196324],[113.99702437,22.40041502],[113.99645459,22.39835661],[113.99588293,22.39776991],[113.9963242,22.39589496],[113.99626953,22.39391527],[113.99724441,22.3925228],[113.99814179,22.39202889],[113.99915506,22.39042807],[113.99997629,22.38979081],[114.0012729,22.39043039],[114.00356621,22.39029613],[114.00472956,22.39096296],[114.00758979,22.3942267],[114.00896924,22.3970801],[114.00850365,22.40091716],[114.00868525,22.40389838],[114.00688272,22.40546164],[114.00533301,22.4080874],[114.0053873,22.4104029],[114.00480771,22.41229954],[114.00543073,22.4147809]]]}},{"type":"Feature","properties":{"TPU_NUMBER":"415","SPU_NUMBER":"41","PPU_NUMBER":"4"},"geometry":{"type":"Polygon","coordinates":[[[113.99209658,22.4114617],[113.98913915,22.41156193],[113.98929783,22.41138171],[113.9884819,22.40976581],[113.98843375,22.40601608],[113.98957571,22.40111568],[113.98858897,22.40069657],[113.98784925,22.39822071],[113.98849379,22.39736855],[113.98861135,22.39580576],[113.98969333,22.39467582],[113.98859606,22.39472033],[113.98741706,22.39425451],[113.98595479,22.39525113],[113.98472038,22.39543256],[113.9835674,22.39482151],[113.98280153,22.39487114],[113.98225009,22.39343065],[113.98320608,22.3913638],[113.98318631,22.3888628],[113.98381023,22.38794542],[113.98368738,22.38671693],[113.98417208,22.38477917],[113.9839596,22.3826563],[113.9832291,22.38184211],[113.98467026,22.38092768],[113.98456174,22.38025836],[113.98483286,22.3800255],[113.98687428,22.37920301],[113.98759615,22.37932515],[113.9879337,22.37896628],[113.98852855,22.38077459],[113.99054903,22.38270236],[113.99226177,22.38502524],[113.99543862,22.38727217],[113.99692611,22.38875417],[113.99841342,22.3884867],[113.99997629,22.38979081],[113.99915506,22.39042807],[113.99814179,22.39202889],[113.99724441,22.3925228],[113.99626953,22.39391527],[113.9963242,22.39589496],[113.99588293,22.39776991],[113.99645459,22.39835661],[113.99702437,22.40041502],[113.99557221,22.40196324],[113.9952849,22.40279644],[113.99472188,22.41136578],[113.99209658,22.4114617]]]}},{"type":"Feature","properties":{"TPU_NUMBER":"416","SPU_NUMBER":"41","PPU_NUMBER":"4"},"geometry":{"type":"Polygon","coordinates":[[[114.01217021,22.40849799],[114.01174682,22.40902748],[114.01014161,22.40875547],[114.01062901,22.41028834],[114.01007901,22.41135168],[114.01104376,22.41171048],[114.01049847,22.41236916],[114.01087095,22.4135847],[114.01001887,22.41495251],[114.00909453,22.41532349],[114.00636036,22.41412755],[114.00543073,22.4147809],[114.00480771,22.41229954],[114.0053873,22.4104029],[114.00533301,22.4080874],[114.00688272,22.40546164],[114.00868525,22.40389838],[114.00850365,22.40091716],[114.008968,22.39811948],[114.00884377,22.39657572],[114.04206848,22.4045819],[114.01217272,22.40457476],[114.01217021,22.40849799]]]}},{"type":"Feature","properties":{"TPU_NUMBER":"421","SPU_NUMBER":"42","PPU_NUMBER":"4"},"geometry":{"type":"Polygon","coordinates":[[[113.92761145,22.37871914],[113.92615846,22.38508662],[113.92039592,22.38260668],[113.92018208,22.38111264],[113.91892629,22.37900674],[113.9182012,22.37861076],[113.91747879,22.37931277],[113.91663337,22.37892004],[113.91699091,22.378656],[113.91695261,22.37853868],[113.916581,22.37884479],[113.91629794,22.37896321],[113.91666065,22.3787518],[113.91665869,22.3783484],[113.91513574,22.37674685],[113.91480486,22.37576845],[113.91645652,22.37393625],[113.91616149,22.37379852],[113.91679332,22.37363473],[113.91526316,22.37280811],[113.91501457,22.37300948],[113.91503016,22.37271484],[113.9192508,22.36912206],[113.91548979,22.37260055],[113.91695895,22.37349298],[113.91742216,22.37307801],[113.91707987,22.37272606],[113.91751813,22.37233324],[113.91802222,22.37254429],[113.91979533,22.37098581],[113.92301374,22.36889072],[113.92275276,22.3686618],[113.92055755,22.36945522],[113.922914,22.36838655],[113.92299311,22.36853775],[113.92340981,22.36883282],[113.92306646,22.36827807],[113.92464796,22.36711636],[113.92349442,22.36813556],[113.92360263,22.36845948],[113.92938721,22.36412605],[113.93715818,22.35926265],[113.93766034,22.35940079],[113.93762002,22.35987865],[113.93506091,22.36150786],[113.93713158,22.36609646],[113.9384695,22.36557167],[113.93753078,22.36349111],[113.94021698,22.36244118],[113.94115215,22.3645225],[113.94183139,22.36426587],[113.94249706,22.36400129],[113.94155756,22.36192151],[113.94424673,22.36087153],[113.94518513,22.36295279],[113.9465264,22.36242866],[113.94558678,22.36034783],[113.94738217,22.35965003],[113.94829353,22.36189625],[113.9463571,22.36477846],[113.9466794,22.36492288],[113.94609076,22.36696923],[113.94655106,22.36701956],[113.94599807,22.36803569],[113.94554027,22.36792908],[113.9452316,22.36843915],[113.94456209,22.37166312],[113.94358271,22.3740002],[113.94444181,22.37802723],[113.9397801,22.37451493],[113.93250951,22.37573934],[113.92761145,22.37871914]]]}},{"type":"Feature","properties":{"TPU_NUMBER":"422","SPU_NUMBER":"42","PPU_NUMBER":"4"},"geometry":{"type":"Polygon","coordinates":[[[113.95576388,22.38994371],[113.95499795,22.38985262],[113.95517005,22.38945582],[113.95183351,22.38857156],[113.94858913,22.38115171],[113.94444181,22.37802723],[113.94358271,22.3740002],[113.94456209,22.37166312],[113.9452316,22.36843915],[113.94554027,22.36792908],[113.94599807,22.36803569],[113.94655106,22.36701956],[113.94609076,22.36696923],[113.9466794,22.36492288],[113.94936198,22.36651752],[113.95138343,22.36834904],[113.95146796,22.36991551],[113.95344262,22.37073529],[113.95431746,22.37174016],[113.9554501,22.37236899],[113.95774947,22.37308363],[113.95975193,22.37318467],[113.96022128,22.37287709],[113.95999238,22.37269068],[113.96016864,22.37244581],[113.96070903,22.37228319],[113.96142514,22.37277394],[113.96511498,22.3724996],[113.96596308,22.37222859],[113.965694,22.37095622],[113.96634384,22.37213112],[113.97119324,22.3709009],[113.97409252,22.3708728],[113.97279312,22.37091677],[113.9722767,22.37125076],[113.96820485,22.37836741],[113.96810673,22.37862877],[113.96852028,22.37887217],[113.96737393,22.38147273],[113.96757808,22.38348038],[113.96488587,22.3845832],[113.96511681,22.38502757],[113.96130902,22.38681618],[113.9615132,22.38780184],[113.96045272,22.38847965],[113.95707472,22.38926922],[113.95673757,22.38979723],[113.95576388,22.38994371]]]}},{"type":"Feature","properties":{"TPU_NUMBER":"423","SPU_NUMBER":"42","PPU_NUMBER":"4"},"geometry":{"type":"Polygon","coordinates":[[[113.97417901,22.41904221],[113.97383706,22.41921122],[113.97075124,22.41837443],[113.96696963,22.41690133],[113.96273002,22.40971703],[113.95838657,22.40634222],[113.95697421,22.40296707],[113.95890715,22.39941016],[113.95366655,22.39277103],[113.95183351,22.38857156],[113.95517005,22.38945582],[113.95499795,22.38985262],[113.95569392,22.39010071],[113.95673757,22.38979723],[113.95707472,22.38926922],[113.96045272,22.38847965],[113.9615132,22.38780184],[113.96130902,22.38681618],[113.96511681,22.38502757],[113.96488587,22.3845832],[113.96757808,22.38348038],[113.96840844,22.38490759],[113.97060274,22.38697071],[113.97143878,22.38875789],[113.97263757,22.39452019],[113.97388209,22.39854583],[113.97592425,22.40140631],[113.97961568,22.41396083],[113.98111046,22.41692646],[113.98040601,22.41572801],[113.97973726,22.41591744],[113.97665366,22.41762744],[113.97484408,22.41919661],[113.97417901,22.41904221]]]}},{"type":"Feature","properties":{"TPU_NUMBER":"424","SPU_NUMBER":"42","PPU_NUMBER":"4"},"geometry":{"type":"Polygon","coordinates":[[[113.97745854,22.39938081],[113.97806152,22.40073588],[113.97652055,22.40094648],[113.97572043,22.40019017],[113.97538549,22.39932068],[113.97474185,22.39980888],[113.97395372,22.3987466],[113.97263757,22.39452019],[113.97122625,22.38811125],[113.97013121,22.38639304],[113.968226,22.38467913],[113.96749288,22.38320605],[113.96746099,22.3810343],[113.96852028,22.37887217],[113.96896861,22.37913604],[113.96950294,22.37861102],[113.97590392,22.3813545],[113.97539256,22.38242527],[113.97801453,22.38352842],[113.97975871,22.38374308],[113.98079571,22.38473312],[113.98100181,22.38616448],[113.97990688,22.39056265],[113.97774197,22.39486032],[113.97721669,22.39799036],[113.97745854,22.39938081]]]}},{"type":"Feature","properties":{"TPU_NUMBER":"425","SPU_NUMBER":"42","PPU_NUMBER":"4"},"geometry":{"type":"Polygon","coordinates":[[[113.98246944,22.41702105],[113.98216104,22.41732124],[113.98235274,22.41778918],[113.98205113,22.41796077],[113.98143951,22.41675012],[113.98111046,22.41692646],[113.97961568,22.41396083],[113.97594165,22.40145518],[113.97474185,22.39980888],[113.97538549,22.39932068],[113.97635106,22.40089236],[113.97806152,22.40073588],[113.97722398,22.39841377],[113.97764684,22.39529283],[113.97818707,22.39367287],[113.9797515,22.39101874],[113.98101837,22.38602718],[113.98079571,22.38473312],[113.98001718,22.38387319],[113.97801453,22.38352842],[113.97539256,22.38242527],[113.97590392,22.3813545],[113.97654316,22.38162897],[113.97774945,22.37979899],[113.97562877,22.3763295],[113.97686991,22.37436236],[113.97748928,22.37402782],[113.97833657,22.37442196],[113.97705147,22.37450662],[113.97588536,22.37638917],[113.97783917,22.37960503],[113.97859096,22.37992443],[113.98008104,22.37923131],[113.98080696,22.37828629],[113.98079255,22.37757769],[113.97976146,22.37713115],[113.97979187,22.37701301],[113.98030433,22.37714377],[113.98036869,22.37679872],[113.98140741,22.37662379],[113.98208747,22.37598807],[113.98331928,22.37578965],[113.9854345,22.37444873],[113.98629006,22.37535343],[113.9844356,22.3771087],[113.98584062,22.37827557],[113.98405278,22.37997664],[113.9847981,22.38076917],[113.98322284,22.38186262],[113.9839596,22.3826563],[113.98417208,22.38477917],[113.98368738,22.38671693],[113.98381023,22.38794542],[113.98318631,22.3888628],[113.98320608,22.3913638],[113.98225009,22.39343065],[113.98280153,22.39487114],[113.9835674,22.39482151],[113.98472038,22.39543256],[113.98595479,22.39525113],[113.98741706,22.39425451],[113.98859606,22.39472033],[113.98971032,22.39474929],[113.98861135,22.39580576],[113.98849379,22.39736855],[113.98784428,22.39831513],[113.98858897,22.40069657],[113.98957571,22.40111568],[113.98837708,22.40674506],[113.9884819,22.40976581],[113.98929783,22.41138171],[113.98629925,22.41437784],[113.98219717,22.41568033],[113.98175326,22.41627109],[113.98246944,22.41702105]]]}},{"type":"Feature","properties":{"TPU_NUMBER":"426","SPU_NUMBER":"42","PPU_NUMBER":"4"},"geometry":{"type":"Polygon","coordinates":[[[113.98567227,22.37961952],[113.98461756,22.38017125],[113.9846549,22.38055712],[113.98405278,22.37997664],[113.98584062,22.37827557],[113.9844356,22.3771087],[113.98629006,22.37535343],[113.9854345,22.37444873],[113.98735568,22.37280635],[113.98902261,22.37027593],[113.98953436,22.36906468],[113.98922322,22.36774215],[113.98873284,22.36779245],[113.9888303,22.36706456],[113.9893478,22.36705773],[113.98947136,22.3676989],[113.99053554,22.36741888],[113.9896017,22.36793863],[113.98978125,22.36904339],[113.98953902,22.37070111],[113.98996786,22.37127225],[113.99171073,22.37230371],[113.99365551,22.36948691],[113.9946822,22.37005485],[113.99489958,22.36974022],[113.99180054,22.36787739],[113.99166976,22.36730615],[113.9922791,22.36622567],[113.9907655,22.36545355],[113.9896,22.36639903],[113.98972018,22.36583382],[113.98793891,22.36521738],[113.98791258,22.36477106],[113.99058199,22.36473189],[113.99073045,22.36534158],[113.99232092,22.36612174],[113.99273377,22.36536057],[113.99478503,22.36492815],[113.99532829,22.36508485],[113.99585439,22.36579191],[113.99622157,22.36606056],[113.99587876,22.36572053],[113.99715346,22.36512994],[113.99704167,22.36483266],[113.99745015,22.36456534],[113.99754796,22.36396801],[113.99789215,22.36394625],[113.9976059,22.36343593],[113.99823768,22.36199827],[113.99888277,22.36208817],[113.99841351,22.36176425],[113.99999748,22.36169744],[114.00146662,22.36180109],[114.00146784,22.36209527],[114.00226409,22.3621983],[114.00232349,22.36283574],[114.00361159,22.36270527],[114.00403906,22.36323031],[114.00453358,22.36307158],[114.00523212,22.36408669],[114.00692052,22.36448527],[114.00725092,22.36424829],[114.00721626,22.36495737],[114.00908391,22.36535835],[114.01086597,22.36426939],[114.01029292,22.36271557],[114.01044237,22.36245741],[114.01105808,22.36252132],[114.0110782,22.3618048],[114.0114825,22.36178237],[114.01178887,22.36232297],[114.01294815,22.36190422],[114.01197081,22.36243902],[114.01255679,22.36319752],[114.01324374,22.36315806],[114.01335337,22.36479111],[114.01213507,22.3661796],[114.00815216,22.36651841],[114.00510138,22.36609688],[114.00285056,22.36617661],[114.0018034,22.36654062],[114.00058525,22.36754305],[114.00113632,22.36825289],[114.00395561,22.36918412],[114.00477806,22.36994704],[114.00548903,22.37145576],[114.00578728,22.3739771],[114.00504566,22.3751375],[114.00369843,22.37491125],[114.0025949,22.37611647],[114.0014845,22.37625086],[113.99938454,22.37567908],[113.99887839,22.37566491],[113.99856629,22.37605217],[113.99784142,22.37566488],[113.99740236,22.37583786],[113.99744598,22.37512389],[113.99683886,22.37469682],[113.99551004,22.37581804],[113.99341432,22.37592502],[113.992651,22.37703979],[113.99159418,22.37722846],[113.99137097,22.37761485],[113.9916737,22.3784443],[113.99115364,22.37895618],[113.99002916,22.37830534],[113.98929681,22.3784369],[113.98889319,22.37911496],[113.98806089,22.37885334],[113.98758412,22.37932919],[113.98688247,22.37920129],[113.98567227,22.37961952]]]}},{"type":"Feature","properties":{"TPU_NUMBER":"427","SPU_NUMBER":"42","PPU_NUMBER":"4"},"geometry":{"type":"Polygon","coordinates":[[[114.01487059,22.38215626],[114.01424764,22.38290216],[114.01337548,22.38173738],[114.01094681,22.38136378],[114.00952885,22.38022765],[114.00809671,22.38024536],[114.00570564,22.37933215],[114.00493726,22.37928033],[114.00496226,22.38002895],[114.0040058,22.38003705],[114.00330906,22.37937987],[114.00267622,22.37923901],[114.00180008,22.37825487],[114.001397,22.37885057],[114.00063768,22.37917877],[113.99919853,22.37899081],[113.99871711,22.37940658],[113.9986427,22.37860967],[113.99801552,22.37847637],[113.99761636,22.37795398],[113.99703839,22.37806592],[113.99704822,22.37879377],[113.99674832,22.37912422],[113.99613812,22.37841981],[113.99545296,22.37819604],[113.99349677,22.37845415],[113.99262871,22.3781737],[113.99211655,22.37877721],[113.99130665,22.3787771],[113.99168919,22.3782334],[113.99137097,22.37761485],[113.99159418,22.37722846],[113.99274561,22.37697111],[113.99341432,22.37592502],[113.99527412,22.37591528],[113.99683886,22.37469682],[113.99744598,22.37512389],[113.99740236,22.37583786],[113.99784142,22.37566488],[113.99856629,22.37605217],[113.99887839,22.37566491],[113.99938454,22.37567908],[114.0014845,22.37625086],[114.0025949,22.37611647],[114.00369843,22.37491125],[114.00504566,22.3751375],[114.00578728,22.3739771],[114.00548903,22.37145576],[114.00477806,22.36994704],[114.00395561,22.36918412],[114.00113632,22.36825289],[114.00058525,22.36754305],[114.0018034,22.36654062],[114.00285056,22.36617661],[114.00510138,22.36609688],[114.00815216,22.36651841],[114.01224494,22.36612697],[114.01327963,22.36506391],[114.01324374,22.36315806],[114.01446774,22.36318906],[114.01652942,22.36114178],[114.01811732,22.35909629],[114.01773659,22.35846391],[114.01856104,22.3574082],[114.02160802,22.35608291],[114.02229438,22.3582413],[114.02287055,22.35848576],[114.02314491,22.35932938],[114.02412907,22.35967808],[114.02385607,22.36019687],[114.02414787,22.36047841],[114.02404878,22.36085425],[114.02531768,22.3612012],[114.02659249,22.36041372],[114.02673178,22.36241908],[114.02776607,22.36326846],[114.02685129,22.36383787],[114.02764899,22.36485656],[114.02756989,22.36539762],[114.02668763,22.36542732],[114.02637086,22.36627337],[114.02831596,22.36950909],[114.02784107,22.37051994],[114.02798927,22.37087086],[114.02746999,22.37111282],[114.02723861,22.37188395],[114.02614007,22.37225485],[114.02699971,22.37368731],[114.02666528,22.37333138],[114.02603131,22.37349298],[114.02266648,22.37500253],[114.02160282,22.3748395],[114.02011223,22.37345065],[114.0195097,22.3735994],[114.01948129,22.37282677],[114.01892009,22.37233427],[114.01882057,22.37314909],[114.01811998,22.3726361],[114.01718098,22.373868],[114.01619459,22.37366664],[114.01660145,22.37464926],[114.01521361,22.3750542],[114.01517168,22.37564419],[114.01568311,22.37610306],[114.01573878,22.37732344],[114.0172927,22.37841455],[114.0173766,22.37910793],[114.01666067,22.38007026],[114.01608601,22.38025745],[114.01609909,22.38156529],[114.01550008,22.38178804],[114.01545033,22.38215291],[114.01487059,22.38215626]]]}},{"type":"Feature","properties":{"TPU_NUMBER":"428","SPU_NUMBER":"42","PPU_NUMBER":"4"},"geometry":{"type":"Polygon","coordinates":[[[113.96319009,22.41049669],[113.95995016,22.41033001],[113.95806795,22.41148502],[113.95687314,22.41160922],[113.95384624,22.40918427],[113.95395523,22.40781063],[113.95363046,22.40672677],[113.95190716,22.40540905],[113.95110198,22.40431001],[113.95048624,22.40304959],[113.95041533,22.40129302],[113.95110233,22.40051892],[113.95221649,22.40005745],[113.95299242,22.39899156],[113.95381561,22.39602835],[113.95398549,22.3931751],[113.95890715,22.39941016],[113.95697421,22.40296707],[113.95838657,22.40634222],[113.96273002,22.40971703],[113.96319009,22.41049669]]]}},{"type":"Feature","properties":{"TPU_NUMBER":"431","SPU_NUMBER":"43","PPU_NUMBER":"4"},"geometry":{"type":"Polygon","coordinates":[[[113.93802497,22.42538655],[113.93763839,22.42628911],[113.93680638,22.42650869],[113.9298244,22.42421166],[113.92912781,22.42349496],[113.92853019,22.42087417],[113.92700286,22.41979536],[113.92688,22.42014533],[113.92593626,22.42048507],[113.9276227,22.42044653],[113.92803163,22.42152113],[113.92794519,22.42284407],[113.92741974,22.42328306],[113.92554818,22.42367587],[113.92260769,22.42358055],[113.91525411,22.42143813],[113.91373752,22.42053902],[113.91386232,22.41849023],[113.91318504,22.41828324],[113.9113451,22.41650862],[113.91638302,22.41589211],[113.91718265,22.41517832],[113.91691314,22.41344015],[113.91718772,22.41245424],[113.91875925,22.41069177],[113.92203314,22.40923957],[113.92528722,22.40858408],[113.9277899,22.40868671],[113.93115776,22.40950568],[113.93533604,22.40908747],[113.93882071,22.40970784],[113.94181076,22.40976782],[113.94493384,22.41084949],[113.94934654,22.4114982],[113.95095335,22.41131998],[113.95189837,22.41086965],[113.95370676,22.40879151],[113.95384624,22.40918427],[113.95687314,22.41160922],[113.95725441,22.41301391],[113.95657916,22.41566026],[113.95702703,22.41691405],[113.95541999,22.41653943],[113.95092131,22.41671941],[113.94861754,22.41851794],[113.94577047,22.41882593],[113.9451795,22.41942902],[113.94471243,22.42237948],[113.94429513,22.42289156],[113.94289246,22.42320739],[113.9423255,22.42238423],[113.94172819,22.42227889],[113.94088606,22.42154229],[113.94084475,22.42062825],[113.94000394,22.4202946],[113.94001486,22.41956497],[113.93893196,22.41964152],[113.93927024,22.42064617],[113.93904424,22.42070148],[113.93914502,22.42142502],[113.93802497,22.42538655]]]}},{"type":"Feature","properties":{"TPU_NUMBER":"432","SPU_NUMBER":"43","PPU_NUMBER":"4"},"geometry":{"type":"Polygon","coordinates":[[[113.91471965,22.41608075],[113.9113451,22.41650862],[113.90492651,22.41024368],[113.90420689,22.4101911],[113.9028489,22.40773333],[113.90156079,22.4065348],[113.90142247,22.40588858],[113.90760982,22.40374229],[113.90805925,22.40377359],[113.90864537,22.4044201],[113.90940702,22.40432709],[113.91126023,22.40259787],[113.91237577,22.40345274],[113.91405448,22.40161755],[113.91503905,22.39963129],[113.91521786,22.40018277],[113.91579451,22.40102892],[113.91562213,22.4005678],[113.91605973,22.40062288],[113.91566103,22.40051326],[113.91543536,22.39998723],[113.9151353,22.39964804],[113.91499322,22.39962064],[113.91539392,22.39800094],[113.91510127,22.39714965],[113.91369642,22.39664185],[113.91336008,22.3959623],[113.91375205,22.39597772],[113.91459929,22.39489997],[113.91504814,22.39258786],[113.91652528,22.3923127],[113.9174077,22.39107899],[113.91828703,22.39154583],[113.92016826,22.38887872],[113.92071165,22.38750403],[113.92096459,22.3854777],[113.92031876,22.38346688],[113.92039592,22.38260668],[113.92615846,22.38508662],[113.92761145,22.37871914],[113.93250951,22.37573934],[113.9397801,22.37451493],[113.94858913,22.38115171],[113.95398549,22.3931751],[113.95381561,22.39602835],[113.95299242,22.39899156],[113.95221649,22.40005745],[113.95074798,22.40078014],[113.95030389,22.40181126],[113.95048624,22.40304959],[113.95110198,22.40431001],[113.95190716,22.40540905],[113.95363046,22.40672677],[113.95386313,22.40730503],[113.95370676,22.40879151],[113.95256817,22.4103361],[113.95095335,22.41131998],[113.94934654,22.4114982],[113.94493384,22.41084949],[113.94181076,22.40976782],[113.93882071,22.40970784],[113.93533604,22.40908747],[113.93115776,22.40950568],[113.92722461,22.40860411],[113.92448877,22.4086918],[113.92203314,22.40923957],[113.91875925,22.41069177],[113.91704073,22.41279792],[113.91723151,22.41484356],[113.91699756,22.41544022],[113.9160219,22.41601865],[113.91471965,22.41608075]]]}},{"type":"Feature","properties":{"TPU_NUMBER":"433","SPU_NUMBER":"43","PPU_NUMBER":"4"},"geometry":{"type":"Polygon","coordinates":[[[113.97576056,22.43197734],[113.97351914,22.43242431],[113.97195924,22.43419654],[113.95020776,22.43348233],[113.9482166,22.43056271],[113.94841718,22.43020284],[113.94798149,22.42984775],[113.94807777,22.42884229],[113.94716515,22.42841464],[113.94613913,22.42685697],[113.94583675,22.4260819],[113.94601167,22.42494694],[113.94512723,22.42430863],[113.94384997,22.42418398],[113.94502776,22.42159692],[113.9451795,22.41942902],[113.94577047,22.41882593],[113.94861754,22.41851794],[113.95092131,22.41671941],[113.95541999,22.41653943],[113.95702703,22.41691405],[113.95657916,22.41566026],[113.95725441,22.41301391],[113.95687314,22.41160922],[113.95806795,22.41148502],[113.95995016,22.41033001],[113.96319009,22.41049669],[113.97576056,22.43197734]]]}},{"type":"Feature","properties":{"TPU_NUMBER":"434","SPU_NUMBER":"43","PPU_NUMBER":"4"},"geometry":{"type":"MultiPolygon","coordinates":[[[[113.89076457,22.34163604],[113.89024743,22.34151204],[113.89020006,22.34087414],[113.8910832,22.34106395],[113.89076457,22.34163604]]],[[[113.88907269,22.34652096],[113.88810216,22.34682647],[113.88929006,22.3447567],[113.88942425,22.34352317],[113.89039275,22.3423351],[113.89079679,22.34327323],[113.89052715,22.34392167],[113.89069503,22.34468997],[113.89145089,22.34551982],[113.89265222,22.34574139],[113.89178139,22.34566654],[113.89085764,22.34674427],[113.89040887,22.34647316],[113.88907269,22.34652096]]],[[[113.8855755,22.3487975],[113.88531006,22.34867811],[113.88542137,22.34834836],[113.88579269,22.34852138],[113.88634134,22.34813463],[113.88638932,22.34708734],[113.88694848,22.3474469],[113.88757008,22.34732584],[113.88688464,22.34869528],[113.8855755,22.3487975]]],[[[113.88777283,22.35359881],[113.8867716,22.35340667],[113.88643123,22.35271742],[113.88576469,22.35233852],[113.88595733,22.35128058],[113.88693807,22.35111376],[113.88834238,22.35238682],[113.88850299,22.353131],[113.88777283,22.35359881]]],[[[113.87458824,22.35652822],[113.87443817,22.3563361],[113.87481609,22.35597915],[113.87501679,22.35633814],[113.87458824,22.35652822]]],[[[113.8742095,22.35687079],[113.87420851,22.35671015],[113.87431131,22.35660833],[113.87441918,22.35682382],[113.8742095,22.35687079]]],[[[113.87800085,22.38207711],[113.87738303,22.38145134],[113.8774003,22.37982667],[113.8802108,22.37913321],[113.88112581,22.37851628],[113.88243464,22.37672193],[113.88245195,22.37446038],[113.88135575,22.37377091],[113.8814751,22.37260011],[113.8808442,22.37212089],[113.88105207,22.37136212],[113.88051449,22.37078612],[113.88157559,22.37017777],[113.88241065,22.37019675],[113.88347493,22.37103503],[113.8831395,22.37224696],[113.88376147,22.37255321],[113.88372118,22.37290234],[113.88459959,22.37366248],[113.8835437,22.37364574],[113.88293055,22.37482656],[113.88310105,22.37537661],[113.88421184,22.37609643],[113.8842459,22.37641715],[113.8845552,22.37624332],[113.88369629,22.37709819],[113.88397302,22.37768121],[113.88501394,22.37840063],[113.88525279,22.37952151],[113.88422019,22.38037915],[113.88324131,22.38019343],[113.88255072,22.38075001],[113.88087442,22.38031413],[113.8798327,22.38187704],[113.87860032,22.3817977],[113.87800085,22.38207711]]]]}},{"type":"Feature","properties":{"TPU_NUMBER":"441","SPU_NUMBER":"44","PPU_NUMBER":"4"},"geometry":{"type":"Polygon","coordinates":[[[113.99625595,22.42381341],[113.99540531,22.42506228],[113.99382041,22.42574442],[113.99355366,22.42717883],[113.994513,22.42776829],[113.99414014,22.42926666],[113.99533876,22.42966568],[113.99647383,22.43226321],[113.99639977,22.4327084],[113.99156898,22.42888388],[113.98325714,22.42002882],[113.98204211,22.41796592],[113.98235274,22.41778918],[113.98216104,22.41732124],[113.98246944,22.41702105],[113.98176173,22.41625482],[113.98269571,22.41541351],[113.98629925,22.41437784],[113.98913915,22.41156193],[113.99518171,22.41143984],[113.99732666,22.41249833],[113.99650613,22.41322579],[113.99741811,22.41379157],[114.0012252,22.41408292],[114.00307508,22.41482344],[114.00521455,22.41485166],[114.00612863,22.41415694],[114.00671143,22.41426935],[114.00689692,22.4219106],[114.00057609,22.42204656],[113.99880751,22.42270645],[113.99745029,22.42247131],[113.99625595,22.42381341]]]}},{"type":"Feature","properties":{"TPU_NUMBER":"442","SPU_NUMBER":"44","PPU_NUMBER":"4"},"geometry":{"type":"Polygon","coordinates":[[[113.98279066,22.42578877],[113.98188437,22.42642375],[113.98193382,22.42684062],[113.98098027,22.4278534],[113.98158389,22.42873755],[113.98102265,22.42949477],[113.98090443,22.4304427],[113.9748763,22.43044853],[113.96696963,22.41690133],[113.97075124,22.41837443],[113.97383706,22.41921122],[113.97484408,22.41919661],[113.97721418,22.4172522],[113.97760593,22.41732274],[113.98040601,22.41572801],[113.98102891,22.41696424],[113.98143951,22.41675012],[113.98325714,22.42002882],[113.98677213,22.42377637],[113.98399382,22.42566414],[113.98279066,22.42578877]]]}},{"type":"Feature","properties":{"TPU_NUMBER":"510","SPU_NUMBER":"51","PPU_NUMBER":"5"},"geometry":{"type":"Polygon","coordinates":[[[114.00715396,22.47446696],[113.99941682,22.47423235],[113.99906165,22.47357908],[113.99916927,22.47293719],[113.99872494,22.47327362],[113.99722859,22.47220487],[113.99653253,22.47093823],[113.99664057,22.47020877],[113.99626419,22.46936168],[113.9942562,22.46759817],[113.99397549,22.46599582],[113.99433551,22.46586835],[113.99388689,22.46414237],[113.99412666,22.46362633],[113.99255861,22.46266876],[113.99251907,22.46163383],[113.99466919,22.46189224],[113.99443738,22.45960559],[113.99480984,22.45808086],[113.99899871,22.45098242],[113.99884716,22.45004586],[113.99994389,22.44776624],[113.99984499,22.44653619],[114.00139457,22.44633656],[114.00276661,22.44662311],[114.0060039,22.44989232],[114.00619184,22.44975002],[114.00770859,22.4511549],[114.00906981,22.45148049],[114.00887992,22.45959775],[114.00973333,22.46220585],[114.00854708,22.46380306],[114.0097909,22.46457973],[114.01003162,22.46512339],[114.01359116,22.46635389],[114.01277302,22.46787548],[114.0102482,22.47082459],[114.01064725,22.47116895],[114.00801828,22.47436391],[114.00715396,22.47446696]]]}},{"type":"Feature","properties":{"TPU_NUMBER":"511","SPU_NUMBER":"51","PPU_NUMBER":"5"},"geometry":{"type":"Polygon","coordinates":[[[113.98981328,22.460982],[113.98815048,22.46221503],[113.98426898,22.46727405],[113.98405668,22.46719409],[113.9838076,22.46420261],[113.98331088,22.46336128],[113.98468879,22.46169363],[113.98447361,22.46121013],[113.9831155,22.46057468],[113.98336423,22.46029609],[113.98550443,22.46003963],[113.98597825,22.45961249],[113.98338114,22.45861823],[113.98098221,22.45521347],[113.98057579,22.45505328],[113.9797328,22.45590179],[113.97767249,22.45400505],[113.97734265,22.45406456],[113.97773049,22.45364476],[113.9776179,22.4528119],[113.97369451,22.45254502],[113.97589771,22.45071579],[113.97754391,22.44841],[113.97993042,22.44747573],[113.98183548,22.44620868],[113.98329748,22.44716499],[113.98396571,22.44721358],[113.98926323,22.44533228],[113.99187412,22.44383003],[113.99577783,22.44627154],[113.99784967,22.4466997],[113.99984499,22.44653619],[113.99994389,22.44776624],[113.99884716,22.45004586],[113.99899871,22.45098242],[113.99480984,22.45808086],[113.99443738,22.45960559],[113.99466919,22.46189224],[113.98981328,22.460982]]]}},{"type":"Feature","properties":{"TPU_NUMBER":"512","SPU_NUMBER":"51","PPU_NUMBER":"5"},"geometry":{"type":"Polygon","coordinates":[[[113.99160369,22.44401363],[113.9885817,22.4456182],[113.98396571,22.44721358],[113.98329748,22.44716499],[113.98183548,22.44620868],[113.98356355,22.4448801],[113.98462104,22.44341417],[113.98534086,22.44208366],[113.98556442,22.4407318],[113.98492132,22.44050763],[113.98447565,22.4384364],[113.98306941,22.43836158],[113.98278788,22.43737762],[113.98164402,22.43591162],[113.98244673,22.43492895],[113.98361296,22.43587318],[113.98387582,22.43451058],[113.98372311,22.43412122],[113.98265126,22.43391906],[113.98254995,22.4337054],[113.98322001,22.43315617],[113.98241697,22.43285652],[113.98208476,22.43170596],[113.98163854,22.43165328],[113.98090857,22.43087378],[113.9810044,22.42954622],[113.98158513,22.42869127],[113.9809665,22.42789665],[113.98234767,22.42596643],[113.98391104,22.42570541],[113.98677213,22.42377637],[113.9916757,22.42898605],[113.99639716,22.43270659],[113.99524796,22.43579412],[113.99512476,22.44100859],[113.99727283,22.44665212],[113.99577783,22.44627154],[113.99216969,22.44384231],[113.99160369,22.44401363]]]}},{"type":"Feature","properties":{"TPU_NUMBER":"513","SPU_NUMBER":"51","PPU_NUMBER":"5"},"geometry":{"type":"Polygon","coordinates":[[[113.98208566,22.46855785],[113.98143239,22.46891364],[113.98193544,22.46856823],[113.98170484,22.46840708],[113.9819396,22.46835893],[113.98190565,22.46769413],[113.98164436,22.46762631],[113.98184715,22.46743435],[113.98102647,22.4668673],[113.98045462,22.46593197],[113.97984546,22.46434695],[113.98016239,22.46419066],[113.97929113,22.46192678],[113.97903858,22.46195731],[113.97925737,22.46184293],[113.9786109,22.46009441],[113.97611367,22.45702071],[113.97526921,22.45695235],[113.97505985,22.45644469],[113.97396434,22.45609282],[113.97361695,22.45529884],[113.97240778,22.45461946],[113.96740731,22.4532979],[113.9676323,22.45286515],[113.96694731,22.45326647],[113.96541423,22.45286937],[113.96493339,22.45210015],[113.96438435,22.45249261],[113.96398635,22.45231185],[113.96402562,22.45201183],[113.96334468,22.45140363],[113.96356595,22.45203267],[113.96330763,22.45220109],[113.96191869,22.45120759],[113.96070354,22.44977279],[113.96085734,22.45013434],[113.96036202,22.450321],[113.95917284,22.44978408],[113.95675675,22.45003133],[113.95533686,22.44928289],[113.95427481,22.44795713],[113.95461695,22.44765259],[113.95434157,22.4476702],[113.95358141,22.44665843],[113.95384275,22.44472391],[113.95326884,22.44360128],[113.95253567,22.443712],[113.95273563,22.44308349],[113.9503305,22.44175009],[113.94724098,22.43942639],[113.94653951,22.43856192],[113.94682975,22.43494089],[113.94612841,22.43310741],[113.94637079,22.43254588],[113.9458584,22.43175754],[113.93813945,22.42707168],[113.9398414,22.42532622],[113.93912615,22.42472234],[113.93940853,22.42422301],[113.93909725,22.42394389],[113.93939934,22.42386161],[113.93890689,22.4238365],[113.93950622,22.42158805],[113.93893196,22.41964152],[113.94001486,22.41956497],[113.94000394,22.4202946],[113.94084475,22.42062825],[113.94088606,22.42154229],[113.94172819,22.42227889],[113.9423255,22.42238423],[113.94271768,22.42316161],[113.9444597,22.42294337],[113.94386689,22.42422587],[113.94512723,22.42430863],[113.94601167,22.42494694],[113.94583675,22.4260819],[113.94613913,22.42685697],[113.94716515,22.42841464],[113.94807777,22.42884229],[113.94798149,22.42984775],[113.94841718,22.43020284],[113.9482166,22.43056271],[113.95020776,22.43348233],[113.97195924,22.43419654],[113.97351914,22.43242431],[113.97576056,22.43197734],[113.9748763,22.43044853],[113.98090443,22.4304427],[113.98110833,22.43114601],[113.98208476,22.43170596],[113.98241697,22.43285652],[113.98324019,22.43323022],[113.98259409,22.43382254],[113.98284524,22.43410369],[113.98372311,22.43412122],[113.98388061,22.43480492],[113.98361296,22.43587318],[113.98244673,22.43492895],[113.98164402,22.43591162],[113.98278788,22.43737762],[113.98306941,22.43836158],[113.98418845,22.43826382],[113.98451326,22.43850252],[113.98492132,22.44050763],[113.98556442,22.4407318],[113.985265,22.44228654],[113.98356355,22.4448801],[113.98049609,22.44715189],[113.97754391,22.44841],[113.97589771,22.45071579],[113.97369451,22.45254502],[113.9776179,22.4528119],[113.97773049,22.45364476],[113.97734265,22.45406456],[113.97767249,22.45400505],[113.9797328,22.45590179],[113.98057579,22.45505328],[113.98098221,22.45521347],[113.98338114,22.45861823],[113.98597825,22.45961249],[113.98550443,22.46003963],[113.98335488,22.46029819],[113.98310998,22.46061532],[113.9844457,22.46119091],[113.98467282,22.46162238],[113.98331088,22.46336128],[113.9838076,22.46420261],[113.98402284,22.46715377],[113.98487596,22.46795942],[113.98421538,22.46824322],[113.98429321,22.46887426],[113.98352903,22.46827657],[113.9829439,22.46832178],[113.98290626,22.46890654],[113.98257815,22.46866434],[113.9822281,22.46894073],[113.98208566,22.46855785]]]}},{"type":"Feature","properties":{"TPU_NUMBER":"514","SPU_NUMBER":"51","PPU_NUMBER":"5"},"geometry":{"type":"Polygon","coordinates":[[[113.99940096,22.48920377],[113.99935183,22.48949179],[113.9992608,22.48912778],[113.99855487,22.48912879],[113.99830351,22.48768504],[113.99749059,22.4869719],[113.9968747,22.48739788],[113.99738782,22.48682945],[113.99661738,22.4863933],[113.99646753,22.48684826],[113.99649387,22.4864097],[113.99601689,22.48651555],[113.99649573,22.48617878],[113.99585899,22.48647661],[113.99617925,22.4858384],[113.99558508,22.48581531],[113.994093,22.48033766],[113.99328575,22.48007981],[113.99347986,22.47948231],[113.99273647,22.47754408],[113.99335354,22.47746021],[113.99207834,22.47700144],[113.9909589,22.47604872],[113.99010463,22.47585793],[113.98902974,22.4744349],[113.98775658,22.47350535],[113.98626242,22.47312821],[113.98551799,22.47235247],[113.98501282,22.47224218],[113.9846385,22.47152526],[113.98468453,22.4706947],[113.98291397,22.46889748],[113.98289285,22.46839688],[113.98323242,22.46825271],[113.98429321,22.46887426],[113.98421538,22.46824322],[113.98487596,22.46795942],[113.98410162,22.46727928],[113.98815048,22.46221503],[113.98981328,22.460982],[113.99251907,22.46163383],[113.99263264,22.46281281],[113.99410361,22.46358351],[113.99388689,22.46414237],[113.99433551,22.46586835],[113.99397549,22.46599582],[113.9942562,22.46759817],[113.99626419,22.46936168],[113.99664057,22.47020877],[113.99653253,22.47093823],[113.99722859,22.47220487],[113.99872494,22.47327362],[113.99916927,22.47293719],[113.99906165,22.47357908],[113.99941682,22.47423235],[114.00712355,22.47448071],[114.00801828,22.47436391],[114.0086214,22.47359063],[114.01094432,22.47517908],[114.01034388,22.47600342],[114.01134794,22.47851065],[114.01115213,22.47936323],[114.0117631,22.48417097],[114.01149931,22.48602497],[114.01295819,22.48715205],[114.0140579,22.48728304],[114.01405367,22.48734186],[114.01307742,22.48722734],[114.01162799,22.48644301],[114.01089211,22.48678575],[114.0090457,22.48657861],[114.00917485,22.48696352],[114.00749914,22.48767082],[114.00625415,22.48748115],[114.00383256,22.48828669],[114.00356491,22.4889449],[114.0025277,22.4893161],[113.99962942,22.48899037],[113.99940096,22.48920377]]]}},{"type":"Feature","properties":{"TPU_NUMBER":"515","SPU_NUMBER":"51","PPU_NUMBER":"5"},"geometry":{"type":"Polygon","coordinates":[[[114.00402984,22.44708472],[114.00349861,22.44719214],[114.00276661,22.44662311],[114.0016812,22.44634809],[113.99727283,22.44665212],[113.99512476,22.44100859],[113.99524796,22.43579412],[113.99639716,22.43270659],[114.00383856,22.43783479],[114.00407421,22.44036664],[114.00530702,22.44394692],[114.00572795,22.44426595],[114.00402984,22.44708472]]]}},{"type":"Feature","properties":{"TPU_NUMBER":"516","SPU_NUMBER":"51","PPU_NUMBER":"5"},"geometry":{"type":"Polygon","coordinates":[[[114.02857644,22.48017087],[114.02750976,22.480211],[114.02645283,22.47954245],[114.02450832,22.47954139],[114.019073,22.47800543],[114.01780834,22.47741086],[114.01684774,22.47656391],[114.01633069,22.47560956],[114.01578635,22.47581819],[114.01401479,22.47368304],[114.01362323,22.4747138],[114.01309724,22.47492308],[114.0132908,22.47517442],[114.01258838,22.47495032],[114.01247563,22.47399273],[114.01094432,22.47517908],[114.0086214,22.47359063],[114.01064725,22.47116895],[114.0102482,22.47082459],[114.01277302,22.46787548],[114.01359116,22.46635389],[114.01003162,22.46512339],[114.0097909,22.46457973],[114.00854708,22.46380306],[114.0093022,22.46275104],[114.0135603,22.46355317],[114.01462578,22.46251238],[114.01430252,22.46154763],[114.01465617,22.46045575],[114.01545755,22.46056289],[114.01726333,22.46267301],[114.01817031,22.46205924],[114.0192946,22.46180973],[114.01948517,22.46110214],[114.01903017,22.46083711],[114.0191919,22.46041074],[114.02361876,22.46361725],[114.02398707,22.46628299],[114.0252773,22.46653071],[114.02614476,22.46935148],[114.0283845,22.4693445],[114.02795371,22.46705378],[114.02849803,22.46840948],[114.03009056,22.47052566],[114.03038997,22.47153811],[114.02929792,22.47831333],[114.02857644,22.48017087]]]}},{"type":"Feature","properties":{"TPU_NUMBER":"517","SPU_NUMBER":"51","PPU_NUMBER":"5"},"geometry":{"type":"Polygon","coordinates":[[[114.01358982,22.46352036],[114.0093022,22.46275104],[114.00973333,22.46220585],[114.00887992,22.45959775],[114.00906981,22.45148049],[114.00735735,22.45091892],[114.00330751,22.44711143],[114.00405587,22.44705996],[114.00572729,22.44428983],[114.00530702,22.44394692],[114.00407421,22.44036664],[114.00383856,22.43783479],[114.01133245,22.44240334],[114.01413095,22.44341593],[114.01730461,22.44394944],[114.01751407,22.44465927],[114.01621474,22.44680444],[114.02157498,22.44978437],[114.02249399,22.45067387],[114.02353764,22.45261431],[114.02437127,22.45290031],[114.02376646,22.45687264],[114.02273937,22.45663789],[114.02062175,22.46138179],[114.0191919,22.46041074],[114.01903017,22.46083711],[114.01948517,22.46110214],[114.0192946,22.46180973],[114.01817031,22.46205924],[114.01726333,22.46267301],[114.01548565,22.46058699],[114.01473501,22.46042493],[114.01430252,22.46154763],[114.01462578,22.46251238],[114.01358982,22.46352036]]]}},{"type":"Feature","properties":{"TPU_NUMBER":"518","SPU_NUMBER":"51","PPU_NUMBER":"5"},"geometry":{"type":"Polygon","coordinates":[[[114.02356085,22.43029687],[114.02477253,22.43478831],[114.0196145,22.43575737],[114.01552972,22.43732347],[114.01378024,22.43193438],[114.01173071,22.43012742],[114.01237307,22.42994349],[114.01264165,22.4302492],[114.01494872,22.43003959],[114.01518888,22.43025047],[114.01579451,22.42856718],[114.01636242,22.42817721],[114.01794564,22.42836608],[114.01876174,22.43007914],[114.02033047,22.4296906],[114.02294681,22.42986581],[114.02347465,22.42998677],[114.02356085,22.43029687]]]}},{"type":"Feature","properties":{"TPU_NUMBER":"519","SPU_NUMBER":"51","PPU_NUMBER":"5"},"geometry":{"type":"Polygon","coordinates":[[[114.01289158,22.43114443],[114.01378024,22.43193438],[114.01462947,22.43435437],[114.01730461,22.44394944],[114.01413095,22.44341593],[114.01107769,22.44227554],[114.00249509,22.43699694],[113.99639977,22.4327084],[113.99647383,22.43226321],[113.99533876,22.42966568],[113.99414014,22.42926666],[113.99452632,22.42781488],[113.99357737,22.42729535],[113.99370674,22.42597038],[113.99561849,22.42487518],[113.99726094,22.4225231],[113.99880751,22.42270645],[114.00057609,22.42204656],[114.00689692,22.4219106],[114.00681003,22.41833077],[114.01122442,22.42069266],[114.01376112,22.42157463],[114.01507732,22.42340754],[114.01498614,22.42427615],[114.01587435,22.42505291],[114.01754064,22.42396914],[114.01824321,22.42498507],[114.0183084,22.42589008],[114.02029122,22.42534274],[114.0199943,22.42654407],[114.02017189,22.42758169],[114.01953317,22.42765774],[114.02032243,22.42969549],[114.01876174,22.43007914],[114.01794564,22.42836608],[114.01636242,22.42817721],[114.01579451,22.42856718],[114.01518888,22.43025047],[114.01494872,22.43003959],[114.01264165,22.4302492],[114.01237307,22.42994349],[114.01173071,22.43012742],[114.01289158,22.43114443]]]}},{"type":"Feature","properties":{"TPU_NUMBER":"521","SPU_NUMBER":"52","PPU_NUMBER":"5"},"geometry":{"type":"Polygon","coordinates":[[[114.07388944,22.45102237],[114.07010716,22.45094963],[114.0691249,22.45006134],[114.0668989,22.44913059],[114.06527705,22.44955082],[114.06266147,22.44891583],[114.06211814,22.45005138],[114.06166177,22.45006194],[114.06012097,22.44918042],[114.05973148,22.44831254],[114.05983052,22.44762504],[114.05959249,22.44756538],[114.05953074,22.44603491],[114.05921906,22.44556561],[114.05959429,22.44506242],[114.05943388,22.44264352],[114.05759551,22.4426798],[114.05585454,22.44366527],[114.05547411,22.44299817],[114.05741718,22.44169059],[114.05795685,22.43986777],[114.06028445,22.43874873],[114.06230688,22.43662304],[114.0669315,22.43641916],[114.06983043,22.43879881],[114.07018345,22.43986939],[114.07248683,22.44004488],[114.07188344,22.44092861],[114.07080116,22.44108039],[114.0721049,22.4421091],[114.07048703,22.44223659],[114.07089451,22.44291189],[114.07173789,22.44305236],[114.07152462,22.44427319],[114.07165108,22.4447644],[114.07228798,22.44498155],[114.07225054,22.44695212],[114.07260831,22.44726969],[114.07233417,22.44838208],[114.07397368,22.44874802],[114.0740919,22.44938823],[114.07569503,22.45005839],[114.07482211,22.45103355],[114.07388944,22.45102237]]]}},{"type":"Feature","properties":{"TPU_NUMBER":"522","SPU_NUMBER":"52","PPU_NUMBER":"5"},"geometry":{"type":"Polygon","coordinates":[[[114.03830371,22.43145518],[114.03708806,22.4304626],[114.03595775,22.43021197],[114.03645675,22.42917464],[114.03617075,22.42862579],[114.03401505,22.42822743],[114.03270287,22.42819436],[114.03221157,22.42850572],[114.03004618,22.4276603],[114.0298686,22.42795532],[114.02908397,22.42779737],[114.02877613,22.42821631],[114.02856027,22.43064777],[114.02378427,22.43115101],[114.02347465,22.42998677],[114.02044347,22.42989829],[114.01953317,22.42765774],[114.02017189,22.42758169],[114.0199943,22.42654407],[114.02029122,22.42534274],[114.0183084,22.42589008],[114.01824321,22.42498507],[114.01754064,22.42396914],[114.01587435,22.42505291],[114.01498614,22.42427615],[114.01507732,22.42340754],[114.01376112,22.42157463],[114.01122442,22.42069266],[114.00681003,22.41833077],[114.00671598,22.41445691],[114.00757123,22.4145165],[114.0093428,22.41532206],[114.01021763,22.41473767],[114.01087095,22.4135847],[114.01049847,22.41236916],[114.01104376,22.41171048],[114.01007901,22.41135168],[114.01062901,22.41028834],[114.01014161,22.40875547],[114.01174682,22.40902748],[114.01216444,22.40851316],[114.01217272,22.40457476],[114.0516095,22.40458303],[114.0516247,22.40861684],[114.05574723,22.40860942],[114.05545172,22.40894953],[114.05562853,22.40907561],[114.05731924,22.40891239],[114.05752287,22.40960677],[114.05910318,22.41056714],[114.05922116,22.41136637],[114.06031678,22.41172081],[114.06035258,22.41216428],[114.05978865,22.41293103],[114.06028625,22.41295894],[114.06046589,22.4133931],[114.06205647,22.4145669],[114.06233969,22.41539458],[114.06204918,22.41605011],[114.06242356,22.41648512],[114.06160099,22.41736805],[114.06101791,22.41749775],[114.06084358,22.41874308],[114.05855783,22.41945122],[114.06064708,22.41999476],[114.0606877,22.42213206],[114.06350466,22.42146523],[114.06344432,22.42255597],[114.06283921,22.42310009],[114.06574037,22.42376633],[114.06668868,22.42571448],[114.06452844,22.42470224],[114.06347942,22.42497166],[114.06318555,22.42594324],[114.06272853,22.426252],[114.06084357,22.42686402],[114.05932232,22.42650793],[114.05787665,22.42545692],[114.05704932,22.42422875],[114.05534421,22.42316417],[114.05538728,22.42099722],[114.05472846,22.42107988],[114.05184174,22.41993836],[114.05185748,22.42427371],[114.0532017,22.42647747],[114.05000869,22.43042092],[114.04999135,22.43095095],[114.04627009,22.43021443],[114.03999878,22.43010539],[114.03873476,22.43145227],[114.03830371,22.43145518]]]}},{"type":"Feature","properties":{"TPU_NUMBER":"523","SPU_NUMBER":"52","PPU_NUMBER":"5"},"geometry":{"type":"Polygon","coordinates":[[[114.04417929,22.44417634],[114.0399774,22.44441088],[114.03973825,22.44398046],[114.03974636,22.44117216],[114.03920162,22.43945591],[114.03802971,22.43775381],[114.03569258,22.43562342],[114.03306324,22.43432636],[114.031113,22.43391428],[114.02477253,22.43478831],[114.02378427,22.43115101],[114.02856027,22.43064777],[114.02877613,22.42821631],[114.02908397,22.42779737],[114.0298686,22.42795532],[114.03004618,22.4276603],[114.03221157,22.42850572],[114.03270287,22.42819436],[114.03401505,22.42822743],[114.03617075,22.42862579],[114.03645675,22.42917464],[114.03595775,22.43021197],[114.03708806,22.4304626],[114.03830371,22.43145518],[114.03873476,22.43145227],[114.03999878,22.43010539],[114.04627009,22.43021443],[114.04999135,22.43095095],[114.049801,22.4341676],[114.05009405,22.4359018],[114.04920284,22.4371129],[114.04914055,22.43789128],[114.04785019,22.44046924],[114.04829384,22.44417507],[114.04781946,22.44438538],[114.04580999,22.44403457],[114.04417929,22.44417634]]]}},{"type":"Feature","properties":{"TPU_NUMBER":"524","SPU_NUMBER":"52","PPU_NUMBER":"5"},"geometry":{"type":"Polygon","coordinates":[[[114.03828509,22.45342859],[114.03293055,22.45166057],[114.03242234,22.45232631],[114.031691,22.45182935],[114.03066285,22.45243406],[114.02845417,22.45289292],[114.02769723,22.45222098],[114.02538944,22.44890908],[114.02539639,22.44775338],[114.0259662,22.44775239],[114.02592672,22.44058322],[114.03706699,22.44060812],[114.03856205,22.43841078],[114.03974636,22.44117216],[114.03973825,22.44398046],[114.03997856,22.44414701],[114.03997664,22.44458213],[114.03958541,22.44478512],[114.03972898,22.44589907],[114.04035781,22.44714781],[114.04118711,22.44778549],[114.04084345,22.44818105],[114.0413242,22.44962053],[114.0400048,22.45145359],[114.04038115,22.45224738],[114.03985717,22.4533384],[114.03828509,22.45342859]]]}},{"type":"Feature","properties":{"TPU_NUMBER":"525","SPU_NUMBER":"52","PPU_NUMBER":"5"},"geometry":{"type":"Polygon","coordinates":[[[114.04545837,22.4572119],[114.04044576,22.45846909],[114.03771715,22.4564974],[114.03816161,22.45603994],[114.03732448,22.45467223],[114.03679828,22.45429246],[114.03545544,22.454091],[114.03418894,22.4547045],[114.03323319,22.45607711],[114.03304034,22.45698917],[114.03260455,22.45644756],[114.03211765,22.45766266],[114.03047453,22.45504379],[114.02843346,22.45289743],[114.03066285,22.45243406],[114.031691,22.45182935],[114.03242234,22.45232631],[114.03293055,22.45166057],[114.03816053,22.45346296],[114.03985717,22.4533384],[114.04038115,22.45224738],[114.0400048,22.45145359],[114.04132099,22.4493228],[114.04084345,22.44818105],[114.04118711,22.44778549],[114.04004116,22.4466603],[114.03958541,22.44478512],[114.0399774,22.44441088],[114.04488158,22.44405347],[114.04751977,22.44430319],[114.04931658,22.4468111],[114.05184722,22.45678855],[114.0502377,22.45753888],[114.04922102,22.45686557],[114.04890841,22.45794568],[114.04845606,22.4580498],[114.04771429,22.45798803],[114.04626487,22.45708667],[114.04545837,22.4572119]]]}},{"type":"Feature","properties":{"TPU_NUMBER":"526","SPU_NUMBER":"52","PPU_NUMBER":"5"},"geometry":{"type":"Polygon","coordinates":[[[114.06223293,22.46811785],[114.06114738,22.4680722],[114.05999039,22.46713141],[114.05972166,22.46456277],[114.05850274,22.46445284],[114.05733763,22.4649171],[114.05674668,22.46479934],[114.05669209,22.46410623],[114.05741501,22.46330508],[114.05716862,22.46248992],[114.05795589,22.46167268],[114.05831597,22.46028312],[114.05830089,22.46000021],[114.05669133,22.45888541],[114.05682741,22.45779233],[114.05528779,22.45861514],[114.05321342,22.45792783],[114.05213255,22.45790911],[114.04940669,22.44707635],[114.04784772,22.44458077],[114.04829384,22.44417507],[114.04785019,22.44046924],[114.04914055,22.43789128],[114.04920284,22.4371129],[114.05015716,22.43556018],[114.049801,22.4341676],[114.05000869,22.43042092],[114.0532017,22.42647747],[114.05185748,22.42427371],[114.05184174,22.41993836],[114.05472846,22.42107988],[114.05538728,22.42099722],[114.05534421,22.42316417],[114.05704932,22.42422875],[114.05787665,22.42545692],[114.05932232,22.42650793],[114.06084357,22.42686402],[114.06272853,22.426252],[114.06318555,22.42594324],[114.06347942,22.42497166],[114.06416032,22.42481147],[114.06385191,22.428536],[114.06279847,22.43186416],[114.06317922,22.4320178],[114.06295796,22.43248133],[114.06331833,22.43276266],[114.06093562,22.43566975],[114.06119867,22.43603899],[114.06184588,22.43577518],[114.06278646,22.43648729],[114.0618471,22.43697553],[114.06028445,22.43874873],[114.05795685,22.43986777],[114.05741718,22.44169059],[114.05547411,22.44299817],[114.05585454,22.44366527],[114.05759551,22.4426798],[114.05943388,22.44264352],[114.05959429,22.44506242],[114.0592208,22.44559685],[114.0600695,22.44912539],[114.06192317,22.45010925],[114.06266147,22.44891583],[114.06527705,22.44955082],[114.06701537,22.44914181],[114.0691249,22.45006134],[114.07010716,22.45094963],[114.07588854,22.45105251],[114.07805867,22.45382906],[114.07843611,22.46003141],[114.07915131,22.46151652],[114.07838533,22.46141299],[114.07338229,22.46279754],[114.069133,22.46346706],[114.0671264,22.46432849],[114.06615765,22.46420413],[114.06504449,22.46358866],[114.06373177,22.46449683],[114.06358985,22.46629791],[114.06301436,22.46754331],[114.06223293,22.46811785]]]}},{"type":"Feature","properties":{"TPU_NUMBER":"527","SPU_NUMBER":"52","PPU_NUMBER":"5"},"geometry":{"type":"Polygon","coordinates":[[[114.02549727,22.43734706],[114.02592442,22.4390643],[114.0259662,22.44775239],[114.02539639,22.44775338],[114.02536472,22.44864161],[114.02651778,22.45066673],[114.02476867,22.45188611],[114.02437127,22.45290031],[114.02353764,22.45261431],[114.02249399,22.45067387],[114.02157498,22.44978437],[114.01621474,22.44680444],[114.01751407,22.44465927],[114.01545831,22.43732037],[114.01963685,22.43575126],[114.02477253,22.43478831],[114.02549727,22.43734706]]]}},{"type":"Feature","properties":{"TPU_NUMBER":"528","SPU_NUMBER":"52","PPU_NUMBER":"5"},"geometry":{"type":"Polygon","coordinates":[[[114.02634891,22.46938285],[114.02610377,22.46929947],[114.0252773,22.46653071],[114.02398707,22.46628299],[114.02365306,22.46366425],[114.02058057,22.46123732],[114.02273937,22.45663789],[114.02376646,22.45687264],[114.02457036,22.45217454],[114.02651778,22.45066673],[114.03051542,22.45509774],[114.03248264,22.45861608],[114.03188721,22.46013802],[114.02812024,22.46480258],[114.02795413,22.46706941],[114.0283845,22.4693445],[114.02634891,22.46938285]]]}},{"type":"Feature","properties":{"TPU_NUMBER":"529","SPU_NUMBER":"52","PPU_NUMBER":"5"},"geometry":{"type":"Polygon","coordinates":[[[114.02954608,22.44064564],[114.02583791,22.44058022],[114.02592442,22.4390643],[114.02477253,22.43478831],[114.03000743,22.43391272],[114.03248484,22.43414185],[114.03571199,22.43563585],[114.03856205,22.43841078],[114.03706699,22.44060812],[114.02954608,22.44064564]]]}},{"type":"Feature","properties":{"TPU_NUMBER":"531","SPU_NUMBER":"53","PPU_NUMBER":"5"},"geometry":{"type":"Polygon","coordinates":[[[114.0828335,22.44152661],[114.08103414,22.44130293],[114.0798808,22.44048439],[114.0758128,22.44028602],[114.07588868,22.43951111],[114.07478644,22.43976243],[114.07474936,22.4394213],[114.07296014,22.44008074],[114.07018345,22.43986939],[114.06983043,22.43879881],[114.0669315,22.43641916],[114.06278646,22.43648729],[114.06184588,22.43577518],[114.06119867,22.43603899],[114.06096654,22.43581562],[114.06331833,22.43276266],[114.06295796,22.43248133],[114.06317922,22.4320178],[114.06279847,22.43186416],[114.06385191,22.428536],[114.06416032,22.42481147],[114.06467067,22.4247054],[114.06668868,22.42571448],[114.06574037,22.42376633],[114.06283921,22.42310009],[114.06344432,22.42255597],[114.06350466,22.42146523],[114.0606877,22.42213206],[114.06064708,22.41999476],[114.05855783,22.41945122],[114.06084358,22.41874308],[114.06101791,22.41749775],[114.06160099,22.41736805],[114.06242819,22.41644062],[114.06204918,22.41605011],[114.06233969,22.41539458],[114.06205647,22.4145669],[114.06046589,22.4133931],[114.06028625,22.41295894],[114.05978865,22.41293103],[114.06035258,22.41216428],[114.06031678,22.41172081],[114.05922116,22.41136637],[114.05910318,22.41056714],[114.05752287,22.40960677],[114.05722132,22.40888068],[114.05991971,22.40885397],[114.05995628,22.407398],[114.05972594,22.40487357],[114.05744547,22.40487359],[114.05737379,22.39783089],[114.06177419,22.39776497],[114.06271043,22.39815853],[114.06379586,22.39754486],[114.06519543,22.39794503],[114.06705928,22.39736568],[114.06785375,22.39626276],[114.06768071,22.39277029],[114.07024985,22.39310782],[114.07360493,22.39297653],[114.07401902,22.3935213],[114.07321267,22.39464714],[114.07414216,22.39623317],[114.07977214,22.3975178],[114.08528547,22.39796409],[114.08605907,22.39897344],[114.0860032,22.40067629],[114.08637806,22.40153061],[114.08747245,22.40240135],[114.09011597,22.40235474],[114.09156378,22.40085014],[114.09195091,22.39937776],[114.09328442,22.39977263],[114.09498094,22.4008675],[114.09601123,22.40211418],[114.09610038,22.40266857],[114.09683829,22.40294306],[114.09683246,22.40350285],[114.09743875,22.40374381],[114.09764095,22.40436634],[114.09941562,22.40581338],[114.10014966,22.40684481],[114.09745594,22.40933551],[114.09593627,22.41332771],[114.09419817,22.41620411],[114.08946284,22.42124618],[114.08777163,22.42380225],[114.08744628,22.42543746],[114.08905638,22.42636586],[114.08922504,22.42729905],[114.08896772,22.42801426],[114.08762016,22.42951552],[114.08757196,22.43094882],[114.08679217,22.43225176],[114.08689171,22.43278859],[114.08823971,22.43276915],[114.08890054,22.43321858],[114.08919722,22.43389576],[114.08859433,22.43566944],[114.08812208,22.43584375],[114.08722228,22.43523932],[114.08643099,22.4360007],[114.08632023,22.43695431],[114.08534877,22.43798452],[114.08453676,22.43956994],[114.08473117,22.43973288],[114.08360051,22.44028048],[114.0828335,22.44152661]]]}},{"type":"Feature","properties":{"TPU_NUMBER":"532","SPU_NUMBER":"53","PPU_NUMBER":"5"},"geometry":{"type":"Polygon","coordinates":[[[114.08951129,22.47532598],[114.08945737,22.47593628],[114.08923462,22.47514749],[114.08838588,22.47506017],[114.08756943,22.47559861],[114.08711274,22.47552215],[114.0874484,22.47495722],[114.08659405,22.47490952],[114.08666348,22.47428908],[114.08610101,22.47444173],[114.08547459,22.47412544],[114.08427933,22.47446167],[114.08271263,22.47349424],[114.08192404,22.47394648],[114.08113401,22.47303701],[114.07967728,22.47269025],[114.07886767,22.471336],[114.0782874,22.47108007],[114.07791839,22.47167424],[114.07732441,22.47186302],[114.07724824,22.47097347],[114.07653714,22.47044156],[114.07618987,22.46910863],[114.07688872,22.46749531],[114.0768143,22.46619643],[114.07715214,22.46544191],[114.07658289,22.46196263],[114.07838533,22.46141299],[114.07915131,22.46151652],[114.07843611,22.46003141],[114.07805867,22.45382906],[114.07588854,22.45105251],[114.07482211,22.45103355],[114.0756705,22.45030304],[114.0756123,22.44996998],[114.0740919,22.44938823],[114.07397368,22.44874802],[114.07233417,22.44838208],[114.07260831,22.44726969],[114.07225054,22.44695212],[114.07228798,22.44498155],[114.07165108,22.4447644],[114.07152462,22.44427319],[114.07173789,22.44305236],[114.07089451,22.44291189],[114.07048703,22.44223659],[114.07209706,22.44201255],[114.07145439,22.44179285],[114.07084312,22.44090985],[114.07168376,22.44100623],[114.07248683,22.44004488],[114.07474936,22.4394213],[114.07478644,22.43976243],[114.07588868,22.43951111],[114.0758128,22.44028602],[114.0798808,22.44048439],[114.08158063,22.44142854],[114.0828335,22.44152661],[114.08435725,22.44095504],[114.08594598,22.44166522],[114.08736321,22.44163785],[114.09207826,22.44018896],[114.09467298,22.43847379],[114.09680417,22.43829072],[114.10028596,22.43676743],[114.10302834,22.43208949],[114.10444925,22.43145251],[114.10726362,22.43172413],[114.10875544,22.43143866],[114.11193297,22.43268862],[114.1140091,22.43260546],[114.11639643,22.43335794],[114.11598691,22.43548752],[114.11513647,22.43639141],[114.11367848,22.43951134],[114.11250243,22.44112894],[114.11285733,22.44195554],[114.11193978,22.44352483],[114.11475074,22.44781017],[114.11183413,22.44889463],[114.11028981,22.44901452],[114.10967698,22.44979032],[114.10778719,22.45073588],[114.10736742,22.45139499],[114.10406378,22.45183821],[114.10354081,22.45136472],[114.10325378,22.45421138],[114.10366372,22.45567965],[114.10323922,22.45648168],[114.10279613,22.45620414],[114.10173933,22.45656],[114.09940756,22.45866167],[114.09848565,22.46041414],[114.09871229,22.46090833],[114.09738662,22.46192232],[114.09637681,22.46172598],[114.09584683,22.46297829],[114.09188343,22.46606209],[114.08893363,22.46609333],[114.09010897,22.46825522],[114.08955451,22.47144066],[114.08977381,22.47312967],[114.08951129,22.47532598]]]}},{"type":"Feature","properties":{"TPU_NUMBER":"533","SPU_NUMBER":"53","PPU_NUMBER":"5"},"geometry":{"type":"Polygon","coordinates":[[[114.08916374,22.44107648],[114.08684082,22.44174335],[114.08590765,22.44165465],[114.08440703,22.44095704],[114.08310147,22.44145053],[114.08360051,22.44028048],[114.08473117,22.43973288],[114.08453676,22.43956994],[114.08534877,22.43798452],[114.08632023,22.43695431],[114.08643099,22.4360007],[114.08722228,22.43523932],[114.08812208,22.43584375],[114.08859433,22.43566944],[114.08919722,22.43389576],[114.08890054,22.43321858],[114.08823971,22.43276915],[114.08689171,22.43278859],[114.08679217,22.43225176],[114.08757196,22.43094882],[114.08762016,22.42951552],[114.08896772,22.42801426],[114.08922504,22.42729905],[114.08905638,22.42636586],[114.08744628,22.42543746],[114.08777163,22.42380225],[114.08946284,22.42124618],[114.09419817,22.41620411],[114.09593627,22.41332771],[114.09745594,22.40933551],[114.10014966,22.40684481],[114.10078125,22.40733456],[114.10142711,22.40715844],[114.10207682,22.40754915],[114.1044436,22.40740631],[114.10534043,22.40657729],[114.10526332,22.40562692],[114.10679286,22.40480254],[114.10748664,22.40614456],[114.10909153,22.40536901],[114.1124505,22.40678408],[114.11282164,22.40810478],[114.11459362,22.40845386],[114.11571077,22.41012207],[114.11696889,22.41041818],[114.11680449,22.4113575],[114.11741163,22.41181787],[114.1204784,22.41095961],[114.12314599,22.41095744],[114.12336749,22.41099205],[114.12316925,22.41209226],[114.12408617,22.41279851],[114.1246288,22.41237847],[114.12428679,22.41308926],[114.12359584,22.41289932],[114.12381089,22.41348069],[114.12441401,22.41375493],[114.12351101,22.41403338],[114.12434033,22.41426733],[114.12557297,22.41593487],[114.12605548,22.41857232],[114.12600497,22.42002963],[114.12437146,22.42273663],[114.12270008,22.42357988],[114.12138085,22.42531905],[114.12109518,22.42753715],[114.12040815,22.42764511],[114.11943627,22.42840418],[114.11847594,22.42840988],[114.11798922,22.42894107],[114.11609913,22.43223664],[114.11639643,22.43335794],[114.1140091,22.43260546],[114.11193297,22.43268862],[114.10870337,22.43143036],[114.10726362,22.43172413],[114.10613917,22.4314283],[114.10371474,22.43160668],[114.10294492,22.43220229],[114.10028596,22.43676743],[114.09680417,22.43829072],[114.09467298,22.43847379],[114.09218178,22.44014212],[114.08916374,22.44107648]]]}},{"type":"Feature","properties":{"TPU_NUMBER":"541","SPU_NUMBER":"54","PPU_NUMBER":"5"},"geometry":{"type":"Polygon","coordinates":[[[114.04584603,22.48485171],[114.04491899,22.48703123],[114.0428039,22.48544466],[114.04184253,22.48350345],[114.04129692,22.47999185],[114.04086907,22.47998698],[114.03827771,22.47832834],[114.03422622,22.48014773],[114.03193208,22.48056843],[114.02927228,22.48260237],[114.02657084,22.48376649],[114.02811918,22.48238289],[114.02861079,22.47985595],[114.02928415,22.4783768],[114.03038036,22.47214202],[114.03009056,22.47052566],[114.02808829,22.46746637],[114.02804613,22.46501574],[114.03206624,22.45984427],[114.03248264,22.45861608],[114.03211765,22.45766266],[114.03260455,22.45644756],[114.03304034,22.45698917],[114.03345203,22.45567085],[114.03486962,22.45423505],[114.03606822,22.45412158],[114.03732448,22.45467223],[114.03816161,22.45603994],[114.03771715,22.4564974],[114.04044576,22.45846909],[114.04626487,22.45708667],[114.04775679,22.45800412],[114.04880464,22.45800484],[114.04922102,22.45686557],[114.0502377,22.45753888],[114.05184722,22.45678855],[114.05612764,22.47397459],[114.05776144,22.4776707],[114.05821348,22.4797749],[114.05559129,22.47990741],[114.05565012,22.48032561],[114.05504125,22.48097718],[114.0556458,22.48084847],[114.05587812,22.48137634],[114.05529951,22.4816199],[114.05506474,22.48131179],[114.05465918,22.48254734],[114.05390167,22.482412],[114.05384359,22.48285297],[114.05201748,22.48248717],[114.05145893,22.48165337],[114.05238835,22.48116205],[114.05221438,22.4809628],[114.05135159,22.48146236],[114.05105546,22.48118387],[114.05060223,22.48136695],[114.04964175,22.48236123],[114.04750259,22.48251926],[114.04622425,22.48372435],[114.04584603,22.48485171]]]}},{"type":"Feature","properties":{"TPU_NUMBER":"542","SPU_NUMBER":"54","PPU_NUMBER":"5"},"geometry":{"type":"Polygon","coordinates":[[[114.09176108,22.51945926],[114.09166096,22.52057819],[114.09088364,22.52178242],[114.0900923,22.52237235],[114.08901243,22.52244061],[114.08810655,22.52209415],[114.08525675,22.51931177],[114.08477933,22.51922288],[114.08394544,22.51983309],[114.08097256,22.51691228],[114.07754769,22.51506744],[114.07555998,22.51514579],[114.0737738,22.51707264],[114.0721106,22.51776916],[114.06446206,22.51654462],[114.06067598,22.51410478],[114.05888176,22.51234496],[114.05768454,22.50991004],[114.05710149,22.50592481],[114.05655089,22.50481878],[114.05516279,22.50361487],[114.05248283,22.50255641],[114.04969562,22.50246965],[114.04535266,22.50407475],[114.04404877,22.5042841],[114.04306319,22.50376765],[114.04250223,22.50413729],[114.04112995,22.50424563],[114.04075859,22.50385024],[114.04115296,22.50307001],[114.04063301,22.5030628],[114.03982563,22.50380373],[114.03970192,22.50298751],[114.03814396,22.50230777],[114.03805669,22.50271576],[114.03752978,22.50299298],[114.03805943,22.50300586],[114.03742087,22.50361114],[114.03713598,22.5013683],[114.03631705,22.50090591],[114.03634969,22.50046402],[114.03590665,22.50009847],[114.03542889,22.50043217],[114.03514303,22.50020333],[114.03359535,22.50140019],[114.0348813,22.49955066],[114.03480634,22.49920631],[114.03385874,22.50006864],[114.03415061,22.49952801],[114.03402069,22.49888052],[114.03195789,22.49894585],[114.03083482,22.49951149],[114.03214571,22.49764959],[114.03309524,22.49748395],[114.03299915,22.49700694],[114.03147228,22.49632209],[114.03007062,22.49729101],[114.03074035,22.49577],[114.02941031,22.49506104],[114.02912122,22.49447323],[114.02840506,22.49451265],[114.02860808,22.49380395],[114.02905051,22.49356788],[114.02849387,22.49269537],[114.02832739,22.49046979],[114.02808045,22.49022631],[114.02826721,22.48994992],[114.02624257,22.48910032],[114.0279723,22.48855615],[114.02809774,22.48768314],[114.02604372,22.48708692],[114.02851932,22.48646161],[114.02856017,22.48574712],[114.02748717,22.48501747],[114.02875208,22.48462301],[114.02870534,22.48375888],[114.02769522,22.48345449],[114.03184093,22.48061124],[114.03422622,22.48014773],[114.03827771,22.47832834],[114.04086907,22.47998698],[114.04129692,22.47999185],[114.04184253,22.48350345],[114.0426784,22.48521653],[114.04491899,22.48703123],[114.04622425,22.48372435],[114.0471265,22.48269222],[114.04964175,22.48236123],[114.05060223,22.48136695],[114.05105546,22.48118387],[114.05135159,22.48146236],[114.05221438,22.4809628],[114.05238835,22.48116205],[114.05145893,22.48165337],[114.05201748,22.48248717],[114.05384359,22.48285297],[114.05390167,22.482412],[114.05465918,22.48254734],[114.05506474,22.48131179],[114.05529951,22.4816199],[114.05587812,22.48137634],[114.0556458,22.48084847],[114.05504125,22.48097718],[114.05565012,22.48032561],[114.05559129,22.47990741],[114.05821348,22.4797749],[114.05882787,22.48704007],[114.05981677,22.4891575],[114.06152828,22.49098679],[114.06432409,22.49239975],[114.07650636,22.49580147],[114.07780022,22.49667551],[114.08067822,22.50042534],[114.08285602,22.50226142],[114.08617254,22.50376586],[114.0894711,22.50422678],[114.08936796,22.50475865],[114.09045842,22.50698839],[114.08998401,22.50783232],[114.0902667,22.50835611],[114.09225495,22.50889469],[114.09309982,22.51029947],[114.09180809,22.51180128],[114.09143219,22.5129109],[114.09153882,22.51399402],[114.09061098,22.5152515],[114.09134889,22.51654493],[114.09118989,22.51774239],[114.09176108,22.51945926]]]}},{"type":"Feature","properties":{"TPU_NUMBER":"543","SPU_NUMBER":"54","PPU_NUMBER":"5"},"geometry":{"type":"Polygon","coordinates":[[[114.09128651,22.49501188],[114.08960921,22.4965049],[114.09029545,22.49718626],[114.0902009,22.49842938],[114.09092638,22.49916433],[114.09169722,22.50112618],[114.0916225,22.50198417],[114.09061639,22.50418565],[114.08745907,22.50405224],[114.08420633,22.50302213],[114.08106796,22.50083049],[114.07807315,22.49697287],[114.07694556,22.49602193],[114.06395231,22.49228002],[114.06108486,22.49061833],[114.05958913,22.48880149],[114.05879389,22.48691351],[114.05821348,22.4797749],[114.05937038,22.4795848],[114.06107625,22.47981496],[114.06252325,22.47897287],[114.06362601,22.47781175],[114.06428622,22.47771662],[114.0649251,22.47716621],[114.06626713,22.47700067],[114.06763407,22.47743579],[114.06903161,22.47690128],[114.07139418,22.47731345],[114.07201162,22.47799913],[114.07123748,22.47942138],[114.07182426,22.48053929],[114.0722002,22.48027441],[114.07213865,22.47978056],[114.07253129,22.4796482],[114.07522292,22.48060363],[114.07679228,22.47925358],[114.07905339,22.47861725],[114.08116667,22.4790063],[114.08299411,22.48025338],[114.0837449,22.47966865],[114.08545041,22.47958344],[114.08644754,22.48047971],[114.08767611,22.48008664],[114.0894266,22.47823299],[114.0892908,22.48165633],[114.09115829,22.48430644],[114.09234813,22.48510609],[114.09202702,22.48700692],[114.09244243,22.488645],[114.09236799,22.49011007],[114.09260777,22.49054648],[114.09237021,22.49085998],[114.09246296,22.49133859],[114.09322733,22.49196906],[114.09232922,22.49234833],[114.09235525,22.49291716],[114.09134624,22.49425835],[114.09168431,22.49502973],[114.09128651,22.49501188]]]}},{"type":"Feature","properties":{"TPU_NUMBER":"544","SPU_NUMBER":"54","PPU_NUMBER":"5"},"geometry":{"type":"Polygon","coordinates":[[[114.07522292,22.48060363],[114.07253129,22.4796482],[114.07213865,22.47978056],[114.0722002,22.48027441],[114.07182426,22.48053929],[114.07123748,22.47942138],[114.07201162,22.47799913],[114.07139418,22.47731345],[114.06908983,22.47690132],[114.06763407,22.47743579],[114.06632535,22.47699794],[114.0649251,22.47716621],[114.06428622,22.47771662],[114.06355486,22.47786052],[114.06252325,22.47897287],[114.06107625,22.47981496],[114.05937038,22.4795848],[114.05821348,22.4797749],[114.05776144,22.4776707],[114.05612764,22.47397459],[114.05213255,22.45790911],[114.05321342,22.45792783],[114.05528779,22.45861514],[114.05682741,22.45779233],[114.05669133,22.45888541],[114.05830089,22.46000021],[114.05831597,22.46028312],[114.05795589,22.46167268],[114.05716862,22.46248992],[114.05741501,22.46330508],[114.05669209,22.46410623],[114.05674668,22.46479934],[114.05733763,22.4649171],[114.05850274,22.46445284],[114.05972166,22.46456277],[114.0599073,22.46699902],[114.06087488,22.46792367],[114.06187317,22.46825999],[114.06301436,22.46754331],[114.06362331,22.46620315],[114.06373177,22.46449683],[114.06504449,22.46358866],[114.06707619,22.46433582],[114.069133,22.46346706],[114.07658289,22.46196263],[114.07715214,22.46544191],[114.0768143,22.46619643],[114.07688872,22.46749531],[114.07618987,22.46910863],[114.07653714,22.47044156],[114.07739571,22.47125119],[114.07732441,22.47186302],[114.07791839,22.47167424],[114.0782874,22.47108007],[114.07911688,22.47160179],[114.07967728,22.47269025],[114.08113401,22.47303701],[114.08192404,22.47394648],[114.08271263,22.47349424],[114.08427933,22.47446167],[114.08547459,22.47412544],[114.08610101,22.47444173],[114.08666348,22.47428908],[114.08659405,22.47490952],[114.0874484,22.47495722],[114.08711274,22.47552215],[114.08756943,22.47559861],[114.08838588,22.47506017],[114.08938052,22.4752718],[114.08948247,22.47839337],[114.08755569,22.4801509],[114.08637489,22.48047604],[114.08530878,22.47956687],[114.0837449,22.47966865],[114.08299411,22.48025338],[114.08116667,22.4790063],[114.07905339,22.47861725],[114.07679228,22.47925358],[114.07522292,22.48060363]]]}},{"type":"Feature","properties":{"TPU_NUMBER":"545","SPU_NUMBER":"54","PPU_NUMBER":"5"},"geometry":{"type":"Polygon","coordinates":[[[114.09944753,22.51326098],[114.09895683,22.51430159],[114.09840864,22.51332142],[114.09689977,22.51296039],[114.0955553,22.51205448],[114.09509376,22.50994717],[114.09444276,22.50911508],[114.09434931,22.50783572],[114.0924629,22.50640213],[114.09247084,22.50604281],[114.09317973,22.50593791],[114.09510567,22.50370202],[114.10093523,22.50328573],[114.10109911,22.50556606],[114.10288205,22.50539758],[114.10308739,22.50810033],[114.09995333,22.51238435],[114.09954049,22.51257649],[114.09944753,22.51326098]]]}},{"type":"Feature","properties":{"TPU_NUMBER":"546","SPU_NUMBER":"54","PPU_NUMBER":"5"},"geometry":{"type":"Polygon","coordinates":[[[114.09197921,22.50338432],[114.0908307,22.5034501],[114.0916225,22.50198417],[114.09169722,22.50112618],[114.09092638,22.49916433],[114.0902009,22.49842938],[114.09029545,22.49718626],[114.08960877,22.49651685],[114.09101122,22.4951644],[114.09168431,22.49502973],[114.09134624,22.49425835],[114.09235525,22.49291716],[114.09232922,22.49234833],[114.09322033,22.49199893],[114.09246296,22.49133859],[114.09237792,22.49089813],[114.09416008,22.49124821],[114.09473742,22.49158526],[114.09445806,22.4919804],[114.09466094,22.49217838],[114.09541372,22.49218965],[114.09692389,22.4929719],[114.09782449,22.49462658],[114.09732418,22.49534231],[114.0998938,22.49696099],[114.10067719,22.49806931],[114.10015528,22.49840143],[114.098606,22.49843326],[114.09711918,22.49762526],[114.09664316,22.49774943],[114.09628226,22.49809717],[114.09640156,22.49877145],[114.09875156,22.4999643],[114.09858256,22.50128051],[114.09763664,22.50191868],[114.09712857,22.50182308],[114.0967787,22.5023298],[114.09551394,22.50153074],[114.09537449,22.5025676],[114.09420298,22.50293981],[114.09303133,22.50105826],[114.09326233,22.50265872],[114.09303634,22.50248152],[114.09283391,22.50282045],[114.09226777,22.50220945],[114.09197921,22.50338432]]]}},{"type":"Feature","properties":{"TPU_NUMBER":"547","SPU_NUMBER":"54","PPU_NUMBER":"5"},"geometry":{"type":"Polygon","coordinates":[[[114.10537355,22.50295286],[114.09553453,22.50369539],[114.09197921,22.50338432],[114.09226777,22.50220945],[114.09283391,22.50282045],[114.09303634,22.50248152],[114.09326233,22.50265872],[114.09303133,22.50105826],[114.09420298,22.50293981],[114.09537449,22.5025676],[114.09551394,22.50153074],[114.0967787,22.5023298],[114.09712857,22.50182308],[114.09763664,22.50191868],[114.09858256,22.50128051],[114.09875156,22.4999643],[114.09640156,22.49877145],[114.09628226,22.49809717],[114.09664316,22.49774943],[114.09711918,22.49762526],[114.09869787,22.49843881],[114.10036068,22.49835816],[114.10067367,22.49796936],[114.09987477,22.49694593],[114.09732418,22.49534231],[114.09782449,22.49462658],[114.09692389,22.4929719],[114.09541372,22.49218965],[114.09466094,22.49217838],[114.09445806,22.4919804],[114.09473742,22.49158526],[114.09416008,22.49124821],[114.09237792,22.49089813],[114.09260777,22.49054648],[114.09236799,22.49011007],[114.09244243,22.488645],[114.09202702,22.48700692],[114.09238496,22.48521301],[114.09115829,22.48430644],[114.08926507,22.48155632],[114.08977381,22.47312967],[114.08955451,22.47144066],[114.09010897,22.46825522],[114.08893363,22.46609333],[114.08917349,22.46592997],[114.09015429,22.46623766],[114.09104441,22.46590758],[114.09244075,22.46602023],[114.09422614,22.46681709],[114.09627885,22.4667471],[114.09835128,22.46738437],[114.09947016,22.467394],[114.10070575,22.46788023],[114.10258539,22.46934681],[114.10425456,22.46998427],[114.10881274,22.46936006],[114.11017474,22.47026784],[114.1089584,22.47154252],[114.10999777,22.47292105],[114.10996274,22.47409586],[114.11130523,22.4731354],[114.11127646,22.47244193],[114.11206459,22.47210611],[114.11246729,22.47210422],[114.11264763,22.47268032],[114.11378814,22.47253165],[114.11424158,22.47192059],[114.11482358,22.4723383],[114.11538998,22.47189051],[114.1152152,22.47290034],[114.1155078,22.47316474],[114.11594459,22.47254374],[114.11631894,22.47313195],[114.1169261,22.47312629],[114.11739531,22.47285399],[114.11719691,22.47268902],[114.1174918,22.47240762],[114.11727302,22.47125781],[114.11787747,22.47176652],[114.11845641,22.47163436],[114.12068859,22.47267845],[114.12041227,22.47315859],[114.11955788,22.47306678],[114.11686626,22.47362648],[114.11576713,22.47442912],[114.1153521,22.4743417],[114.11553943,22.47455142],[114.11434564,22.47537624],[114.11315321,22.47579337],[114.1146022,22.4761828],[114.11431038,22.47681666],[114.11463684,22.47728365],[114.1151712,22.4770545],[114.1158965,22.47732399],[114.11593885,22.47763357],[114.11639153,22.47770204],[114.11610112,22.47830912],[114.11742631,22.47868001],[114.11753039,22.47896204],[114.11658348,22.47985744],[114.11519437,22.480419],[114.11367463,22.48014649],[114.11320855,22.48038606],[114.1128878,22.48014203],[114.11335516,22.48168311],[114.11136913,22.48399785],[114.11167542,22.48573],[114.11026077,22.4871399],[114.11135458,22.48872652],[114.11096931,22.48878356],[114.11079297,22.48847923],[114.10903811,22.48891924],[114.10717902,22.48987102],[114.1068919,22.49044116],[114.10571966,22.49082899],[114.10546265,22.49127296],[114.10567398,22.49171986],[114.10496317,22.49191318],[114.10399415,22.49489958],[114.10421758,22.49602622],[114.10496249,22.49636311],[114.10707638,22.4963978],[114.10787821,22.4960773],[114.10819728,22.49542904],[114.10940478,22.49550927],[114.11011893,22.49494695],[114.10955941,22.49478666],[114.10934642,22.49383362],[114.11001282,22.49388135],[114.11066297,22.49469238],[114.11112201,22.49462254],[114.11121085,22.49422757],[114.11194746,22.49445081],[114.112556,22.49556875],[114.11264747,22.49661748],[114.11416334,22.49723517],[114.11478295,22.49704432],[114.11588226,22.49734836],[114.11491746,22.49876901],[114.11453367,22.49997033],[114.11535924,22.50195563],[114.10537355,22.50295286]]]}},{"type":"Feature","properties":{"TPU_NUMBER":"548","SPU_NUMBER":"54","PPU_NUMBER":"5"},"geometry":{"type":"Polygon","coordinates":[[[114.10794357,22.52045006],[114.10630117,22.52031218],[114.10451754,22.51864804],[114.10339405,22.51836685],[114.10338838,22.51877431],[114.09972929,22.51644064],[114.09945425,22.51595897],[114.09895683,22.51430159],[114.09954049,22.51257649],[114.09995333,22.51238435],[114.10319549,22.50779699],[114.10288205,22.50539758],[114.10109911,22.50556606],[114.10093523,22.50328573],[114.1094369,22.5026492],[114.10942405,22.50411496],[114.10796893,22.5060036],[114.10918743,22.50688617],[114.10967234,22.50828759],[114.10883335,22.50846734],[114.10827366,22.50905887],[114.10705452,22.50882414],[114.10708133,22.50919747],[114.10757532,22.50924158],[114.10784846,22.50973016],[114.10781663,22.51160521],[114.10835609,22.51239632],[114.10844967,22.51398325],[114.11024776,22.51584865],[114.11281744,22.51658495],[114.11323229,22.51708182],[114.11259734,22.51773886],[114.11282394,22.51804123],[114.1125364,22.51822723],[114.11167357,22.51749011],[114.11123671,22.51771657],[114.11116109,22.51835316],[114.11025418,22.51861452],[114.10905683,22.52002723],[114.10794357,22.52045006]]]}},{"type":"Feature","properties":{"TPU_NUMBER":"549","SPU_NUMBER":"54","PPU_NUMBER":"5"},"geometry":{"type":"Polygon","coordinates":[[[114.09845153,22.51982836],[114.09768377,22.52021006],[114.09663623,22.51980149],[114.09626614,22.51998019],[114.09633305,22.51974964],[114.09555265,22.51945934],[114.09605523,22.51790402],[114.09398759,22.5170019],[114.09105291,22.51476788],[114.09155784,22.51393358],[114.09142083,22.51303977],[114.0917281,22.51196796],[114.09310215,22.51032494],[114.09226752,22.50890366],[114.0903335,22.5084102],[114.08998892,22.50788123],[114.09045842,22.50698839],[114.08934568,22.50461198],[114.0894711,22.50422678],[114.09061639,22.50418565],[114.0908307,22.5034501],[114.09510567,22.50370202],[114.09317973,22.50593791],[114.09241479,22.50625556],[114.09434931,22.50783572],[114.09443032,22.50907077],[114.09509376,22.50994717],[114.09542342,22.51187414],[114.09681472,22.51292101],[114.09852273,22.51340879],[114.09972929,22.51644064],[114.1033994,22.51881712],[114.10306614,22.51934552],[114.10263451,22.51943222],[114.10079955,22.5182614],[114.10108091,22.51955693],[114.10078093,22.51995546],[114.09912284,22.5192357],[114.09845153,22.51982836]]]}},{"type":"Feature","properties":{"TPU_NUMBER":"610","SPU_NUMBER":"61","PPU_NUMBER":"6"},"geometry":{"type":"Polygon","coordinates":[[[114.11542078,22.47091856],[114.11495967,22.47138855],[114.11430639,22.4709124],[114.11342647,22.47133362],[114.11234831,22.47119221],[114.1115041,22.47060771],[114.11077872,22.47066949],[114.10864442,22.46931289],[114.10425456,22.46998427],[114.10258539,22.46934681],[114.0999833,22.46755104],[114.09627885,22.4667471],[114.09422614,22.46681709],[114.09244075,22.46602023],[114.09188343,22.46606209],[114.09584683,22.46297829],[114.09637681,22.46172598],[114.09738662,22.46192232],[114.09871229,22.46090833],[114.09848565,22.46041414],[114.09940756,22.45866167],[114.10173933,22.45656],[114.10279613,22.45620414],[114.10323922,22.45648168],[114.10366372,22.45567965],[114.10325378,22.45421138],[114.10354081,22.45136472],[114.10406378,22.45183821],[114.10736742,22.45139499],[114.10778719,22.45073588],[114.10967698,22.44979032],[114.11028981,22.44901452],[114.11183413,22.44889463],[114.11475074,22.44781017],[114.11807637,22.45093288],[114.11850956,22.45279047],[114.12057672,22.45493156],[114.12179887,22.4556443],[114.12230004,22.45785521],[114.12385948,22.45915398],[114.12393174,22.46002934],[114.12438164,22.4604257],[114.12406981,22.46140202],[114.12493241,22.46233657],[114.1248162,22.46355484],[114.12685827,22.46383147],[114.12749072,22.46467432],[114.12790926,22.46650798],[114.12657739,22.46617047],[114.1259542,22.46569454],[114.12366977,22.46625538],[114.12265442,22.46568061],[114.12150712,22.46594917],[114.12076363,22.46660951],[114.12029837,22.46776263],[114.11881601,22.468017],[114.116864,22.46934289],[114.11610174,22.46942477],[114.11619987,22.47016353],[114.11542078,22.47091856]]]}},{"type":"Feature","properties":{"TPU_NUMBER":"620","SPU_NUMBER":"62","PPU_NUMBER":"6"},"geometry":{"type":"Polygon","coordinates":[[[114.08394544,22.51983309],[114.08549269,22.52240354],[114.08549383,22.5236716],[114.08380731,22.5254493],[114.07989268,22.52760939],[114.07867932,22.52897621],[114.07850192,22.52996726],[114.07750922,22.52842791],[114.07430404,22.5199197],[114.07254094,22.51840138],[114.06977155,22.51753926],[114.071658,22.51778862],[114.07298493,22.51755244],[114.07434825,22.51655883],[114.075388,22.51524727],[114.07698647,22.51495252],[114.07859656,22.51541011],[114.08096103,22.5169038],[114.08394544,22.51983309]]]}},{"type":"Feature","properties":{"TPU_NUMBER":"621","SPU_NUMBER":"62","PPU_NUMBER":"6"},"geometry":{"type":"Polygon","coordinates":[[[114.11892491,22.50022199],[114.1163242,22.50204813],[114.11535924,22.50195563],[114.11453367,22.49997033],[114.11491746,22.49876901],[114.11588226,22.49734836],[114.11478295,22.49704432],[114.11416334,22.49723517],[114.11264747,22.49661748],[114.11252344,22.49546936],[114.11191729,22.49443636],[114.11121085,22.49422757],[114.11112201,22.49462254],[114.11066297,22.49469238],[114.11001282,22.49388135],[114.10934642,22.49383362],[114.10955941,22.49478666],[114.11011893,22.49494695],[114.10940478,22.49550927],[114.10819728,22.49542904],[114.10787821,22.4960773],[114.10707638,22.4963978],[114.10496249,22.49636311],[114.10421758,22.49602622],[114.10399415,22.49489958],[114.10496317,22.49191318],[114.10567398,22.49171986],[114.10546265,22.49127296],[114.10571966,22.49082899],[114.1068919,22.49044116],[114.10717902,22.48987102],[114.10903811,22.48891924],[114.11079297,22.48847923],[114.11096931,22.48878356],[114.11135458,22.48872652],[114.11026077,22.4871399],[114.11167542,22.48573],[114.1113623,22.48401077],[114.112105,22.4834378],[114.11233902,22.48262982],[114.11326077,22.48171306],[114.11573099,22.48231783],[114.11616122,22.48136658],[114.11678624,22.48117322],[114.11723505,22.48049662],[114.11789624,22.48060529],[114.11846956,22.4802292],[114.11860311,22.47952192],[114.12021463,22.48109228],[114.1205974,22.48035797],[114.11994012,22.48002178],[114.1199527,22.47972114],[114.12146656,22.47997668],[114.12122694,22.47931437],[114.12159803,22.47868426],[114.12336253,22.47968557],[114.12408403,22.47958106],[114.12427254,22.47908085],[114.12492142,22.47953687],[114.12499317,22.48018889],[114.12451888,22.48044494],[114.12527164,22.48087985],[114.12562301,22.48190954],[114.12471628,22.48200155],[114.1254988,22.48271481],[114.12421393,22.48319457],[114.12450344,22.48335529],[114.12436013,22.48368408],[114.12317649,22.48386114],[114.12341999,22.48497926],[114.12435078,22.48650449],[114.12504473,22.48700513],[114.12497006,22.48739237],[114.12593378,22.48778211],[114.12740239,22.48771597],[114.12794755,22.48669513],[114.12881202,22.48785242],[114.12940112,22.48793387],[114.12967915,22.48832846],[114.13077618,22.48785633],[114.13146926,22.48948486],[114.13128619,22.49026764],[114.13165397,22.49042315],[114.13139387,22.49126028],[114.1306834,22.49186181],[114.13083696,22.49326053],[114.13010015,22.49396714],[114.12916311,22.49372149],[114.12874566,22.4939224],[114.12820403,22.49314404],[114.12748259,22.49278262],[114.12401887,22.4924203],[114.12301904,22.49438297],[114.12309006,22.49571047],[114.12238368,22.49654961],[114.12194593,22.49656087],[114.12266527,22.49748668],[114.12302787,22.49928988],[114.12087387,22.50036123],[114.11892491,22.50022199]]]}},{"type":"Feature","properties":{"TPU_NUMBER":"622","SPU_NUMBER":"62","PPU_NUMBER":"6"},"geometry":{"type":"Polygon","coordinates":[[[114.09653231,22.53423676],[114.0927217,22.53689102],[114.08960755,22.53671231],[114.08847338,22.536146],[114.08524723,22.53237937],[114.07955958,22.53069971],[114.07850192,22.52996726],[114.07867932,22.52897621],[114.07989268,22.52760939],[114.08380731,22.5254493],[114.08549383,22.5236716],[114.08549269,22.52240354],[114.08394544,22.51983309],[114.08512983,22.51924905],[114.08830421,22.52223141],[114.08959166,22.522459],[114.0904788,22.52216712],[114.0917765,22.52009252],[114.09118989,22.51774239],[114.09134889,22.51654493],[114.09061098,22.5152515],[114.09105291,22.51476788],[114.09398759,22.5170019],[114.09605523,22.51790402],[114.09555265,22.51945934],[114.09633305,22.51974964],[114.09626614,22.51998019],[114.09663623,22.51980149],[114.09762482,22.52020805],[114.09912284,22.5192357],[114.10078093,22.51995546],[114.10108091,22.51955693],[114.10079955,22.5182614],[114.10273256,22.5194456],[114.1032915,22.51907999],[114.10339405,22.51836685],[114.10451754,22.51864804],[114.10630117,22.52031218],[114.1077629,22.52050427],[114.10905683,22.52002723],[114.11025418,22.51861452],[114.11116109,22.51835316],[114.11123671,22.51771657],[114.11167357,22.51749011],[114.1125364,22.51822723],[114.11319712,22.51707282],[114.11402706,22.51800781],[114.11477165,22.51794934],[114.11514693,22.51962985],[114.11498565,22.52118636],[114.11274466,22.52548229],[114.11134222,22.52968506],[114.10945078,22.53078048],[114.10789655,22.53345082],[114.10520256,22.53478619],[114.10358387,22.53517051],[114.09789401,22.53414404],[114.09653231,22.53423676]]]}},{"type":"Feature","properties":{"TPU_NUMBER":"623","SPU_NUMBER":"62","PPU_NUMBER":"6"},"geometry":{"type":"Polygon","coordinates":[[[114.11704771,22.50929615],[114.11488498,22.51362505],[114.1145478,22.51612514],[114.11477165,22.51794934],[114.11399357,22.51798596],[114.11284138,22.51659594],[114.1100853,22.51572356],[114.10843585,22.51395961],[114.10835609,22.51239632],[114.10781663,22.51160521],[114.10786048,22.5097725],[114.10757532,22.50924158],[114.10708133,22.50919747],[114.10705452,22.50882414],[114.10827366,22.50905887],[114.10883335,22.50846734],[114.10967234,22.50828759],[114.10918743,22.50688617],[114.10796893,22.5060036],[114.10942405,22.50411496],[114.1094369,22.5026492],[114.11447421,22.50198001],[114.1163242,22.50204813],[114.11698019,22.50305823],[114.11672054,22.50457708],[114.11816573,22.50546599],[114.11845598,22.50614955],[114.11704771,22.50929615]]]}},{"type":"Feature","properties":{"TPU_NUMBER":"624","SPU_NUMBER":"62","PPU_NUMBER":"6"},"geometry":{"type":"Polygon","coordinates":[[[114.12544018,22.5180374],[114.12524308,22.51836285],[114.12247832,22.5179476],[114.1217263,22.51627803],[114.12128967,22.51605441],[114.11789012,22.51640504],[114.11640363,22.51720595],[114.11620039,22.5144688],[114.11659027,22.51241012],[114.11753807,22.51045705],[114.11876031,22.50908104],[114.13162177,22.4981496],[114.13440616,22.50038414],[114.13686747,22.5033593],[114.13766617,22.50356179],[114.13828676,22.50627956],[114.14218622,22.50744949],[114.14444813,22.50772122],[114.14306267,22.50830626],[114.13790516,22.50693671],[114.13657062,22.50738994],[114.13524805,22.50852457],[114.13437332,22.51053962],[114.13462963,22.51062452],[114.13449232,22.51098233],[114.13490957,22.51114887],[114.1351162,22.51212178],[114.1367404,22.51277446],[114.13666254,22.51317225],[114.13537064,22.51357548],[114.13508156,22.51280446],[114.13437069,22.51331687],[114.13397765,22.513134],[114.12965577,22.51711745],[114.1280046,22.51747071],[114.12636398,22.51718806],[114.12544018,22.5180374]]]}},{"type":"Feature","properties":{"TPU_NUMBER":"625","SPU_NUMBER":"62","PPU_NUMBER":"6"},"geometry":{"type":"Polygon","coordinates":[[[114.14510553,22.50732322],[114.14444813,22.50772122],[114.14300227,22.50760952],[114.13828676,22.50627956],[114.13766617,22.50356179],[114.13653576,22.5030544],[114.13440616,22.50038414],[114.13255761,22.4990965],[114.13114931,22.49752984],[114.13413069,22.49557798],[114.14141237,22.48940016],[114.14302275,22.48862685],[114.14921312,22.48672777],[114.14761702,22.48810522],[114.14756658,22.48881631],[114.14669452,22.49035305],[114.14783813,22.49207694],[114.14711742,22.4934058],[114.14581037,22.49455739],[114.14573138,22.49524888],[114.14772237,22.49705363],[114.14776303,22.4994018],[114.14920871,22.50056653],[114.14935492,22.5010897],[114.14867399,22.50257808],[114.14696207,22.50373117],[114.14652172,22.5063153],[114.14572426,22.50729094],[114.14510553,22.50732322]]]}},{"type":"Feature","properties":{"TPU_NUMBER":"626","SPU_NUMBER":"62","PPU_NUMBER":"6"},"geometry":{"type":"Polygon","coordinates":[[[114.126813,22.50231892],[114.11876031,22.50908104],[114.11753807,22.51045705],[114.11626063,22.51384672],[114.11634908,22.51656815],[114.11600719,22.5166155],[114.11610993,22.51748269],[114.11477165,22.51794934],[114.1145478,22.51612514],[114.11488498,22.51362505],[114.11845598,22.50614955],[114.11816573,22.50546599],[114.11672054,22.50457708],[114.11698019,22.50305823],[114.1163242,22.50204813],[114.11890038,22.50022811],[114.12098142,22.5003357],[114.12296214,22.49925676],[114.12379835,22.50008839],[114.12881556,22.49862205],[114.13114931,22.49752984],[114.13162177,22.4981496],[114.126813,22.50231892]]]}},{"type":"Feature","properties":{"TPU_NUMBER":"627","SPU_NUMBER":"62","PPU_NUMBER":"6"},"geometry":{"type":"Polygon","coordinates":[[[114.13087243,22.49711515],[114.13114931,22.49752984],[114.129441,22.49838375],[114.12379835,22.50008839],[114.12302787,22.49928988],[114.12266527,22.49748668],[114.12194593,22.49656087],[114.12238368,22.49654961],[114.12309006,22.49571047],[114.12301904,22.49438297],[114.12401887,22.4924203],[114.1279593,22.4929645],[114.12873522,22.49389881],[114.12855168,22.49400291],[114.12928764,22.49576156],[114.1298617,22.4956343],[114.13087243,22.49711515]]]}},{"type":"Feature","properties":{"TPU_NUMBER":"628","SPU_NUMBER":"62","PPU_NUMBER":"6"},"geometry":{"type":"Polygon","coordinates":[[[114.13352333,22.49604721],[114.13114931,22.49752984],[114.1298617,22.4956343],[114.12928764,22.49576156],[114.12855168,22.49400291],[114.13055466,22.49373266],[114.13083696,22.49326053],[114.1306834,22.49186181],[114.13166583,22.49121667],[114.13188359,22.49047396],[114.13378714,22.49073801],[114.13450566,22.4900055],[114.13501828,22.48996902],[114.13607725,22.48862488],[114.13636813,22.48745944],[114.13610415,22.48537633],[114.13669607,22.48374462],[114.13542985,22.48156651],[114.13548145,22.48006882],[114.13656646,22.48093347],[114.13709259,22.48042077],[114.13842989,22.48119328],[114.13924034,22.48122795],[114.1401755,22.48087401],[114.14074644,22.47997058],[114.14209237,22.48052261],[114.14262741,22.48174823],[114.14602556,22.48170063],[114.14564464,22.48347831],[114.14589124,22.483609],[114.14687697,22.48216685],[114.14793928,22.48196704],[114.1484272,22.4825785],[114.14836103,22.48326821],[114.14907947,22.48312285],[114.14922471,22.48364171],[114.14961683,22.48378021],[114.15009804,22.48330929],[114.15098425,22.48339533],[114.15128949,22.48443623],[114.15210435,22.48494923],[114.14921312,22.48672777],[114.14302275,22.48862685],[114.14141237,22.48940016],[114.13352333,22.49604721]]]}},{"type":"Feature","properties":{"TPU_NUMBER":"629","SPU_NUMBER":"62","PPU_NUMBER":"6"},"geometry":{"type":"Polygon","coordinates":[[[114.12668183,22.52201517],[114.12498597,22.52199023],[114.12397938,22.52163615],[114.12391718,22.52028128],[114.12304816,22.52131997],[114.12246963,22.52098595],[114.11971747,22.52106009],[114.11840082,22.52007725],[114.11713926,22.51852637],[114.11700029,22.51867784],[114.11644415,22.51717657],[114.11789012,22.51640504],[114.12029324,22.51599325],[114.1216385,22.51617175],[114.12212393,22.51763274],[114.12268402,22.51800825],[114.12524308,22.51836285],[114.1260037,22.51728057],[114.12921763,22.51732456],[114.13024215,22.51669765],[114.13395446,22.51314612],[114.13437069,22.51331687],[114.13508156,22.51280446],[114.13537064,22.51357548],[114.13666254,22.51317225],[114.1367404,22.51277446],[114.1351162,22.51212178],[114.13490957,22.51114887],[114.13449232,22.51098233],[114.13462963,22.51062452],[114.13437332,22.51053962],[114.13510718,22.50874132],[114.13604848,22.50772296],[114.13787479,22.50693389],[114.14213169,22.50800676],[114.14172921,22.50842047],[114.14121917,22.50815541],[114.141118,22.50864523],[114.14189161,22.50982376],[114.14247623,22.50969044],[114.14257961,22.51067098],[114.13795214,22.51379322],[114.13763861,22.51335395],[114.13630082,22.51409965],[114.13643504,22.51532604],[114.13678406,22.51560453],[114.13614748,22.51622857],[114.13657851,22.51668105],[114.13597124,22.51769678],[114.13514193,22.51811001],[114.13341612,22.51824495],[114.13367457,22.51899329],[114.13236345,22.5192873],[114.13211554,22.51969783],[114.13152084,22.51939134],[114.13063936,22.5196065],[114.12989072,22.52007253],[114.13019544,22.52070199],[114.12950408,22.52089664],[114.12827696,22.52063735],[114.12734231,22.51954654],[114.12576372,22.51931185],[114.12638449,22.52023718],[114.12650359,22.52125474],[114.12729316,22.52194247],[114.12668183,22.52201517]]]}},{"type":"Feature","properties":{"TPU_NUMBER":"631","SPU_NUMBER":"63","PPU_NUMBER":"6"},"geometry":{"type":"Polygon","coordinates":[[[114.16434093,22.48860852],[114.16429914,22.48957413],[114.16382413,22.48979071],[114.15953377,22.48829437],[114.15146869,22.48823854],[114.15193226,22.48735589],[114.15149925,22.48721473],[114.15177165,22.48607881],[114.15235456,22.48473988],[114.15210435,22.48494923],[114.15144227,22.48461229],[114.15098425,22.48339533],[114.15015251,22.48329411],[114.149753,22.48375829],[114.14927734,22.48368899],[114.14907947,22.48312285],[114.14833218,22.48324248],[114.14842248,22.48256583],[114.14776156,22.48195959],[114.14687697,22.48216685],[114.14589124,22.483609],[114.14564464,22.48347831],[114.14602556,22.48170063],[114.14262741,22.48174823],[114.14209237,22.48052261],[114.14067766,22.4799667],[114.1401755,22.48087401],[114.13924034,22.48122795],[114.13842989,22.48119328],[114.13709259,22.48042077],[114.13656646,22.48093347],[114.13548145,22.48006882],[114.13542985,22.48156651],[114.13669607,22.48374462],[114.13609811,22.48542585],[114.13633692,22.48786887],[114.13586882,22.48898216],[114.1356522,22.48892001],[114.13543076,22.48742037],[114.13412409,22.4866865],[114.13129592,22.48428708],[114.13145797,22.48280359],[114.12937433,22.48123778],[114.12894571,22.47913049],[114.12649204,22.47630342],[114.12776092,22.47558344],[114.12835806,22.47593013],[114.12807684,22.47427286],[114.1284367,22.47337891],[114.13138915,22.46864089],[114.12998096,22.46829291],[114.1293053,22.46744213],[114.12809927,22.46699244],[114.12749072,22.46467432],[114.12690474,22.46392647],[114.12927611,22.46380015],[114.1339405,22.46423868],[114.13470527,22.46447637],[114.13491979,22.46509916],[114.13498247,22.4642436],[114.13470584,22.46409848],[114.13508357,22.46417362],[114.13536162,22.46484268],[114.13568205,22.46419189],[114.13692898,22.46403617],[114.13797612,22.46344045],[114.13874781,22.46262268],[114.13881537,22.46193293],[114.13936836,22.46163842],[114.14176352,22.46224327],[114.14302737,22.46155583],[114.14641958,22.46201265],[114.14743736,22.46133679],[114.14862714,22.46265696],[114.15051328,22.46214511],[114.15127985,22.46158015],[114.15189286,22.46319951],[114.15279036,22.46324029],[114.15315163,22.46354907],[114.15205962,22.46453886],[114.15168012,22.46441254],[114.15233143,22.46666706],[114.15365831,22.4663237],[114.15368586,22.46602229],[114.15483294,22.46628883],[114.15524065,22.46578915],[114.15618568,22.46568974],[114.15672876,22.46599496],[114.15881988,22.46515257],[114.1611948,22.46513758],[114.16237383,22.46273936],[114.16287055,22.46474428],[114.1641918,22.46473819],[114.16649673,22.46573324],[114.16841456,22.4686757],[114.16899522,22.47016186],[114.16855159,22.472162],[114.16932794,22.47350953],[114.16940221,22.47499381],[114.17047067,22.47620353],[114.17054294,22.47685738],[114.1710332,22.47677349],[114.17150199,22.47815472],[114.17203706,22.47856814],[114.17179809,22.47920951],[114.17230499,22.47965922],[114.17178578,22.48083348],[114.17231894,22.48181144],[114.17218946,22.48390468],[114.17066959,22.48466372],[114.1696424,22.48465828],[114.16960755,22.48501984],[114.17011244,22.4852519],[114.168889,22.48696037],[114.16844797,22.4864045],[114.16635528,22.48609139],[114.16558928,22.48563265],[114.16412331,22.4859833],[114.16423657,22.48699773],[114.1638534,22.48712726],[114.16380112,22.48752133],[114.16434093,22.48860852]]]}},{"type":"Feature","properties":{"TPU_NUMBER":"632","SPU_NUMBER":"63","PPU_NUMBER":"6"},"geometry":{"type":"Polygon","coordinates":[[[114.13166583,22.49121667],[114.13139387,22.49126028],[114.13165397,22.49042315],[114.13128619,22.49026764],[114.13146926,22.48948486],[114.13092412,22.48868044],[114.13081774,22.4878828],[114.12967915,22.48832846],[114.12940112,22.48793387],[114.12881202,22.48785242],[114.12794755,22.48669513],[114.12740239,22.48771597],[114.12587367,22.48776516],[114.12497006,22.48739237],[114.12505291,22.48701749],[114.12435078,22.48650449],[114.12341999,22.48497926],[114.12317649,22.48386114],[114.12436013,22.48368408],[114.12450344,22.48335529],[114.12421393,22.48319457],[114.1254988,22.48271481],[114.1247034,22.48206391],[114.12562301,22.48190954],[114.12527164,22.48087985],[114.12451888,22.48044494],[114.12499841,22.48016368],[114.12462868,22.47920884],[114.12424306,22.47908183],[114.12408403,22.47958106],[114.12336253,22.47968557],[114.12159803,22.47868426],[114.12122694,22.47931437],[114.12146656,22.47997668],[114.1199527,22.47972114],[114.11994012,22.48002178],[114.1205974,22.48035797],[114.12021463,22.48109228],[114.11860311,22.47952192],[114.11846956,22.4802292],[114.11789624,22.48060529],[114.11723505,22.48049662],[114.11678624,22.48117322],[114.11616122,22.48136658],[114.11564064,22.48233632],[114.11392395,22.48203315],[114.11300557,22.48114726],[114.1128878,22.48014203],[114.11320855,22.48038606],[114.11367463,22.48014649],[114.11519437,22.480419],[114.11658348,22.47985744],[114.11753039,22.47896204],[114.11742631,22.47868001],[114.11610112,22.47830912],[114.11639153,22.47770204],[114.11593885,22.47763357],[114.1158965,22.47732399],[114.1151712,22.4770545],[114.11463684,22.47728365],[114.11431038,22.47681666],[114.1146022,22.4761828],[114.11315321,22.47579337],[114.11434564,22.47537624],[114.11553943,22.47455142],[114.1153521,22.4743417],[114.11576713,22.47442912],[114.11683548,22.47363955],[114.11955788,22.47306678],[114.12042606,22.47315514],[114.12060912,22.47256263],[114.11845641,22.47163436],[114.11787747,22.47176652],[114.11727302,22.47125781],[114.1174918,22.47240762],[114.11719691,22.47268902],[114.11739531,22.47285399],[114.1169261,22.47312629],[114.11631894,22.47313195],[114.11594459,22.47254374],[114.1155078,22.47316474],[114.1152152,22.47290034],[114.11538998,22.47189051],[114.11482358,22.4723383],[114.11424158,22.47192059],[114.11378814,22.47253165],[114.11264763,22.47268032],[114.11246729,22.47210422],[114.11206459,22.47210611],[114.11127646,22.47244193],[114.11130523,22.4731354],[114.10998687,22.47410068],[114.10999777,22.47292105],[114.1089584,22.47154252],[114.10948101,22.4707348],[114.11017474,22.47026784],[114.11088836,22.47072232],[114.11164783,22.47066361],[114.11234831,22.47119221],[114.11342647,22.47133362],[114.11430639,22.4709124],[114.11495967,22.47138855],[114.11619987,22.47016353],[114.11610174,22.46942477],[114.116864,22.46934289],[114.11881601,22.468017],[114.12029837,22.46776263],[114.12092105,22.46641552],[114.12150712,22.46594917],[114.12265442,22.46568061],[114.12366977,22.46625538],[114.1259542,22.46569454],[114.12657739,22.46617047],[114.12790926,22.46650798],[114.12809927,22.46699244],[114.1293053,22.46744213],[114.12998096,22.46829291],[114.13138915,22.46864089],[114.1284367,22.47337891],[114.12807684,22.47427286],[114.12835806,22.47593013],[114.12776092,22.47558344],[114.12649204,22.47630342],[114.12894571,22.47913049],[114.12937433,22.48123778],[114.13145797,22.48280359],[114.13129592,22.48428708],[114.13560205,22.4876531],[114.13559513,22.48878051],[114.13585889,22.4889967],[114.13501828,22.48996902],[114.13452209,22.48999584],[114.13362568,22.49078521],[114.13188359,22.49047396],[114.13166583,22.49121667]]]}},{"type":"Feature","properties":{"TPU_NUMBER":"633","SPU_NUMBER":"63","PPU_NUMBER":"6"},"geometry":{"type":"Polygon","coordinates":[[[114.19468729,22.49422955],[114.19382839,22.49497484],[114.19157719,22.49434464],[114.19149032,22.49487201],[114.19086087,22.49510557],[114.18334402,22.49562352],[114.17938452,22.49452259],[114.17824776,22.49343945],[114.17753795,22.49322142],[114.17706634,22.49238302],[114.17482377,22.49067559],[114.17362736,22.48809863],[114.17237749,22.48705966],[114.17183207,22.48448689],[114.17236099,22.48358788],[114.17206529,22.4827915],[114.17232377,22.48185386],[114.17178578,22.48083348],[114.17230499,22.47965922],[114.17179809,22.47920951],[114.17203706,22.47856814],[114.17150199,22.47815472],[114.1710332,22.47677349],[114.17064047,22.47691278],[114.1704454,22.4766768],[114.17036628,22.47607821],[114.17083309,22.47496739],[114.17254288,22.47402719],[114.17430765,22.47360133],[114.17757487,22.47465528],[114.17831483,22.47415728],[114.17964767,22.47436952],[114.18186077,22.47368165],[114.18252607,22.47308984],[114.1826589,22.47367875],[114.18182053,22.47487249],[114.18106432,22.47447237],[114.18125035,22.47556538],[114.18053354,22.47522045],[114.18082038,22.47468636],[114.18043291,22.47452473],[114.17937101,22.47478487],[114.17939979,22.4750971],[114.17873098,22.47481769],[114.17871215,22.47537654],[114.17911528,22.47523295],[114.17941015,22.47582472],[114.17841976,22.47657737],[114.1791922,22.47735741],[114.17785783,22.47695927],[114.17737531,22.47721741],[114.17749936,22.47748053],[114.17825789,22.47748474],[114.1781151,22.47819132],[114.17870393,22.47835691],[114.1787028,22.47876891],[114.17807236,22.47890733],[114.17965499,22.47933135],[114.18007925,22.48004624],[114.18198981,22.48073615],[114.18298143,22.48180019],[114.18355442,22.48189457],[114.18410815,22.48134279],[114.18497869,22.48139542],[114.18484542,22.4833634],[114.18737144,22.48581077],[114.18623372,22.48689857],[114.18722648,22.4876468],[114.18895392,22.48717789],[114.18969651,22.48781445],[114.19108084,22.48677856],[114.19263961,22.48719668],[114.19437111,22.48642602],[114.19549613,22.48646382],[114.19546462,22.48591327],[114.19429385,22.48546393],[114.19157707,22.48540433],[114.1902821,22.48602195],[114.1878382,22.485766],[114.18503102,22.48309424],[114.18530661,22.48149057],[114.18689312,22.48123605],[114.18729318,22.48224007],[114.187652,22.48203783],[114.18737712,22.48088722],[114.18803185,22.47998336],[114.18811406,22.47973567],[114.18756959,22.47961039],[114.18813798,22.47865351],[114.18710294,22.47810699],[114.18651334,22.4782226],[114.18617913,22.47754467],[114.18638016,22.4767533],[114.1859188,22.47605325],[114.18481752,22.4757969],[114.18450444,22.47598892],[114.18306844,22.47526006],[114.18327084,22.47397292],[114.18375118,22.47359999],[114.18351842,22.47288098],[114.18297823,22.47266764],[114.18338083,22.47197052],[114.18433734,22.4714728],[114.18717092,22.47174639],[114.18801182,22.47512619],[114.18851735,22.47606387],[114.19158763,22.47783823],[114.19239568,22.4796374],[114.19345156,22.48009843],[114.19511079,22.48159758],[114.19641243,22.48191515],[114.19793936,22.48095729],[114.1991629,22.48085036],[114.20054274,22.48201825],[114.20067516,22.48246121],[114.20215374,22.48283444],[114.20201767,22.48366869],[114.20312282,22.48487879],[114.20492984,22.48519438],[114.20514667,22.48575448],[114.20602801,22.48631031],[114.20723081,22.48782629],[114.20758635,22.48955077],[114.20249577,22.49247117],[114.20059823,22.49293222],[114.19756505,22.49297425],[114.19713541,22.49327777],[114.1957619,22.49307977],[114.19468729,22.49422955]]]}},{"type":"Feature","properties":{"TPU_NUMBER":"634","SPU_NUMBER":"63","PPU_NUMBER":"6"},"geometry":{"type":"Polygon","coordinates":[[[114.16201482,22.52269489],[114.16161119,22.5221287],[114.16121587,22.51981764],[114.15889498,22.51921136],[114.15629083,22.5174177],[114.15446939,22.51712403],[114.15283302,22.51488998],[114.15149906,22.51425692],[114.14803294,22.51503726],[114.14675871,22.51478527],[114.14492892,22.51591084],[114.14480822,22.5167008],[114.14414122,22.51752957],[114.14076892,22.51787875],[114.13696525,22.51514954],[114.1375044,22.51339342],[114.13782163,22.51339536],[114.13795214,22.51379322],[114.14257961,22.51067098],[114.142512,22.50975155],[114.14224739,22.50955401],[114.14189161,22.50982376],[114.141118,22.50864523],[114.14121917,22.50815541],[114.14167569,22.50842046],[114.14213169,22.50800676],[114.14340986,22.50830348],[114.14357068,22.50798858],[114.14574281,22.5072763],[114.14669491,22.50598195],[114.14696207,22.50373117],[114.14859221,22.50266399],[114.14910009,22.50184931],[114.14930716,22.50070126],[114.14774646,22.49935279],[114.14773293,22.49707233],[114.14573223,22.495271],[114.14581037,22.49455739],[114.14709825,22.4934289],[114.14781108,22.49217368],[114.14777818,22.49174036],[114.14667402,22.49043489],[114.14756658,22.48881631],[114.14761702,22.48810522],[114.1483319,22.48737088],[114.15235456,22.48473988],[114.15177165,22.48607881],[114.15149925,22.48721473],[114.15193226,22.48735589],[114.15146869,22.48823854],[114.15953377,22.48829437],[114.16407035,22.48975802],[114.16443378,22.48894863],[114.16380112,22.48752133],[114.1638534,22.48712726],[114.16423657,22.48699773],[114.16405524,22.48602798],[114.16558928,22.48563265],[114.16635528,22.48609139],[114.16844797,22.4864045],[114.168889,22.48696037],[114.17011244,22.4852519],[114.16960755,22.48501984],[114.1696424,22.48465828],[114.17066959,22.48466372],[114.17178674,22.48396923],[114.17237749,22.48705966],[114.17362736,22.48809863],[114.17482377,22.49067559],[114.17938452,22.49452259],[114.18334402,22.49562352],[114.18611432,22.49561891],[114.1889065,22.49511502],[114.19086087,22.49510557],[114.19149032,22.49487201],[114.19157719,22.49434464],[114.19382839,22.49497484],[114.19468729,22.49422955],[114.19387757,22.50556576],[114.19287616,22.50702836],[114.182422,22.51607083],[114.18162166,22.51641539],[114.1811638,22.51709045],[114.17942088,22.51764499],[114.17875832,22.51913339],[114.17779017,22.51947393],[114.17722495,22.51927282],[114.17641858,22.51988643],[114.17559262,22.51964671],[114.17423545,22.52003783],[114.17057293,22.51886434],[114.16811206,22.51706837],[114.16620145,22.51678637],[114.16519101,22.5196905],[114.16317186,22.52080289],[114.16201482,22.52269489]]]}},{"type":"Feature","properties":{"TPU_NUMBER":"641","SPU_NUMBER":"64","PPU_NUMBER":"6"},"geometry":{"type":"Polygon","coordinates":[[[114.14025979,22.5428213],[114.13858719,22.54347566],[114.13746294,22.54354111],[114.1343287,22.54165477],[114.13077544,22.54201672],[114.13009043,22.54171854],[114.12806217,22.53977116],[114.12522298,22.53971256],[114.12229181,22.53794709],[114.12003923,22.53501671],[114.11664744,22.53405838],[114.11535464,22.53105714],[114.11256529,22.52964175],[114.11134222,22.52968506],[114.11274466,22.52548229],[114.11498565,22.52118636],[114.11514693,22.51962985],[114.11477165,22.51794934],[114.11610993,22.51748269],[114.11600719,22.5166155],[114.11634908,22.51656815],[114.11695142,22.51861949],[114.11971747,22.52106009],[114.12246963,22.52098595],[114.12304816,22.52131997],[114.12391718,22.52028128],[114.12397938,22.52163615],[114.12634595,22.52216456],[114.12729316,22.52194247],[114.12650359,22.52125474],[114.12638449,22.52023718],[114.12573684,22.51932785],[114.12734231,22.51954654],[114.12827696,22.52063735],[114.12950408,22.52089664],[114.13019544,22.52070199],[114.12989072,22.52007253],[114.13065492,22.51959926],[114.13152084,22.51939134],[114.13195857,22.51973641],[114.13237836,22.51928128],[114.13341368,22.51919424],[114.13367782,22.51898544],[114.13341612,22.51824495],[114.13514193,22.51811001],[114.13624534,22.51738549],[114.13657851,22.51668105],[114.13614748,22.51622857],[114.13678406,22.51560453],[114.13643504,22.51532604],[114.13627985,22.5141295],[114.13738636,22.51341823],[114.13696525,22.51514954],[114.14076892,22.51787875],[114.14414122,22.51752957],[114.14480822,22.5167008],[114.14492892,22.51591084],[114.14675871,22.51478527],[114.14803294,22.51503726],[114.14951717,22.5145276],[114.15048521,22.51465814],[114.15130426,22.51422034],[114.15283302,22.51488998],[114.15446939,22.51712403],[114.15629083,22.5174177],[114.15889498,22.51921136],[114.16121587,22.51981764],[114.16161119,22.5221287],[114.16201482,22.52269489],[114.16178727,22.52309093],[114.16006832,22.52482535],[114.15863942,22.52802496],[114.15458277,22.53004502],[114.15423156,22.53093634],[114.1520918,22.53340516],[114.14863869,22.54019845],[114.14809008,22.5404499],[114.14814696,22.54088372],[114.14744066,22.54148881],[114.14451663,22.5408961],[114.14425345,22.54214788],[114.14217472,22.54191055],[114.14131626,22.5427909],[114.14025979,22.5428213]]]}},{"type":"Feature","properties":{"TPU_NUMBER":"642","SPU_NUMBER":"64","PPU_NUMBER":"6"},"geometry":{"type":"Polygon","coordinates":[[[114.16387644,22.55917972],[114.16324264,22.55936684],[114.16221661,22.5614622],[114.16114782,22.56191208],[114.15947964,22.56064779],[114.1574898,22.55756609],[114.15616394,22.55450743],[114.15436817,22.55450032],[114.15263936,22.55502914],[114.15196782,22.55487947],[114.15162595,22.55140335],[114.15115567,22.55080012],[114.15035023,22.55090857],[114.14996791,22.55065702],[114.14952669,22.54879408],[114.14983964,22.54715222],[114.1510496,22.54698157],[114.15064687,22.54791818],[114.15129019,22.54817211],[114.15189272,22.54777493],[114.15199345,22.54701244],[114.15126315,22.54622721],[114.15052599,22.54625555],[114.14892635,22.5445725],[114.14826068,22.54305991],[114.14863447,22.54200588],[114.14744066,22.54148881],[114.14816443,22.54086009],[114.14809008,22.5404499],[114.14863869,22.54019845],[114.15217459,22.53326773],[114.15423156,22.53093634],[114.15467065,22.52993325],[114.15863942,22.52802496],[114.16006832,22.52482535],[114.16168176,22.52323699],[114.16313004,22.52084546],[114.16454012,22.52010703],[114.16468466,22.52078611],[114.16541904,22.52093155],[114.16605046,22.52223426],[114.16721453,22.52171706],[114.16828884,22.52183569],[114.16920687,22.52254184],[114.16833225,22.52527431],[114.1695485,22.52576558],[114.17024645,22.52789465],[114.17116574,22.52802675],[114.17090615,22.52932549],[114.17029463,22.52984737],[114.17013294,22.53360548],[114.17132214,22.53735745],[114.17170874,22.53780629],[114.17374644,22.53959716],[114.17660096,22.53773302],[114.1764144,22.53711126],[114.17681209,22.53594826],[114.1786304,22.53622926],[114.18177043,22.53756369],[114.18255996,22.53759552],[114.18377825,22.53866996],[114.18368109,22.53906835],[114.18150267,22.54075931],[114.18057949,22.54097729],[114.17925634,22.54190669],[114.17807432,22.54206847],[114.17744272,22.54354991],[114.17545095,22.54480074],[114.17421753,22.54616209],[114.17436617,22.5482863],[114.17377468,22.54921629],[114.17439215,22.55026577],[114.17473149,22.55177049],[114.1743601,22.55266141],[114.17525593,22.55440493],[114.17514102,22.55628593],[114.17439896,22.55731701],[114.17493014,22.55827623],[114.17474431,22.55886857],[114.17530635,22.55922676],[114.17521209,22.56005631],[114.17340618,22.55960948],[114.17088269,22.55964115],[114.17010568,22.55997472],[114.16906613,22.56108279],[114.16755134,22.5612154],[114.16548108,22.55946585],[114.16387644,22.55917972]]]}},{"type":"Feature","properties":{"TPU_NUMBER":"651","SPU_NUMBER":"65","PPU_NUMBER":"6"},"geometry":{"type":"Polygon","coordinates":[[[114.17595498,22.56002565],[114.17510693,22.55988005],[114.17530635,22.55922676],[114.17474431,22.55886857],[114.17493014,22.55827623],[114.17439896,22.55731701],[114.17514102,22.55628593],[114.17525593,22.55440493],[114.1743601,22.55266141],[114.17473149,22.55177049],[114.17439215,22.55026577],[114.17377468,22.54921629],[114.17436617,22.5482863],[114.17421753,22.54616209],[114.17545095,22.54480074],[114.17744272,22.54354991],[114.17807432,22.54206847],[114.17925634,22.54190669],[114.18057949,22.54097729],[114.18150267,22.54075931],[114.18368109,22.53906835],[114.18377763,22.53865216],[114.18255996,22.53759552],[114.18177043,22.53756369],[114.1786304,22.53622926],[114.17681209,22.53594826],[114.1764144,22.53711126],[114.17660096,22.53773302],[114.17374644,22.53959716],[114.17132214,22.53735745],[114.17018315,22.53395933],[114.17004494,22.53148854],[114.17029463,22.52984737],[114.17090615,22.52932549],[114.17116574,22.52802675],[114.17024645,22.52789465],[114.1695485,22.52576558],[114.16833225,22.52527431],[114.16920687,22.52254184],[114.16828884,22.52183569],[114.16721453,22.52171706],[114.16605046,22.52223426],[114.16541904,22.52093155],[114.16466766,22.52074125],[114.16454012,22.52010703],[114.16524054,22.51960316],[114.16620145,22.51678637],[114.16811206,22.51706837],[114.17057293,22.51886434],[114.17423545,22.52003783],[114.17559262,22.51964671],[114.17602475,22.51981197],[114.1761502,22.52018039],[114.17491509,22.52112815],[114.17444232,22.52265558],[114.17398107,22.52316405],[114.1744745,22.52399965],[114.17436938,22.5232837],[114.17500158,22.52248425],[114.17558341,22.52437035],[114.17642851,22.52453245],[114.17711911,22.52506672],[114.178659,22.52505963],[114.17927828,22.5255973],[114.17902317,22.5268868],[114.17841467,22.52711579],[114.17828622,22.52778649],[114.17800112,22.52773101],[114.17776248,22.52939371],[114.17879711,22.52939048],[114.1804256,22.53107735],[114.18069698,22.5321918],[114.18030322,22.53246264],[114.1796442,22.53195578],[114.17842891,22.53207827],[114.1785362,22.53277685],[114.17794679,22.53326677],[114.17875822,22.53433179],[114.17934837,22.53452561],[114.17882719,22.53504894],[114.17884826,22.53549406],[114.1801701,22.53623343],[114.18042884,22.53676087],[114.18081252,22.53615352],[114.18131507,22.53646493],[114.18225669,22.53594587],[114.18346225,22.53666592],[114.18518948,22.53647424],[114.18543307,22.53865577],[114.18813504,22.54036042],[114.18906067,22.54203954],[114.1902726,22.54316732],[114.19073686,22.54295503],[114.190418,22.54237203],[114.19122043,22.54168171],[114.19122001,22.54113794],[114.19076187,22.54068748],[114.19159118,22.54039883],[114.19227087,22.53936513],[114.19346017,22.53972049],[114.19329922,22.5401803],[114.19421602,22.54098472],[114.19460471,22.54203431],[114.19432603,22.54262897],[114.19473113,22.54327001],[114.19575399,22.5436622],[114.19794136,22.54336086],[114.20076708,22.54370241],[114.20181107,22.54462882],[114.20190712,22.5453485],[114.20234807,22.54628724],[114.20295221,22.5467356],[114.20336503,22.54811351],[114.20520015,22.54904692],[114.20671472,22.55054695],[114.20653644,22.55167804],[114.20533399,22.55373052],[114.20553907,22.55521321],[114.20681597,22.55654309],[114.2015495,22.55608876],[114.20071082,22.55754638],[114.19900917,22.55663034],[114.19750134,22.55652039],[114.19630049,22.55715948],[114.1957903,22.55580026],[114.19423,22.55534268],[114.19305248,22.55552627],[114.19211088,22.55607923],[114.19093063,22.5550615],[114.19065264,22.55444474],[114.18959424,22.55418109],[114.18900623,22.55430767],[114.18774097,22.55569005],[114.18660148,22.55460447],[114.18169274,22.55545465],[114.18126825,22.55514949],[114.18099648,22.55415718],[114.17772201,22.5556762],[114.17728539,22.55953622],[114.17595498,22.56002565]]]}},{"type":"Feature","properties":{"TPU_NUMBER":"652","SPU_NUMBER":"65","PPU_NUMBER":"6"},"geometry":{"type":"MultiPolygon","coordinates":[[[[114.20924481,22.52783283],[114.20933295,22.52790579],[114.2092645,22.52799636],[114.20920573,22.52794328],[114.20924481,22.52783283]]],[[[114.21091183,22.52826952],[114.21027819,22.52773815],[114.21045851,22.52732948],[114.21125552,22.5272165],[114.21140584,22.52768001],[114.21091183,22.52826952]]],[[[114.219456,22.54121858],[114.22006056,22.54173473],[114.22018029,22.54211111],[114.22016035,22.54223072],[114.21945741,22.5412878],[114.21903412,22.54118615],[114.219456,22.54121858]]],[[[114.22298843,22.54351489],[114.22302354,22.54399324],[114.22290365,22.54355485],[114.22160196,22.54315091],[114.2219379,22.54292556],[114.22298843,22.54351489]]],[[[114.224391,22.54358424],[114.22391593,22.54427082],[114.22382366,22.54428393],[114.2243105,22.54348554],[114.22464084,22.54362295],[114.224391,22.54358424]]],[[[114.20983186,22.55620504],[114.20849387,22.55693397],[114.20681597,22.55654309],[114.20568673,22.55547826],[114.20536288,22.55335179],[114.20653644,22.55167804],[114.20671118,22.55053369],[114.20520015,22.54904692],[114.20336503,22.54811351],[114.20295221,22.5467356],[114.20234807,22.54628724],[114.20190712,22.5453485],[114.20181107,22.54462882],[114.20076708,22.54370241],[114.19805203,22.54336236],[114.1952019,22.5435587],[114.19433143,22.54264231],[114.19460371,22.54202742],[114.19419418,22.54095355],[114.19329922,22.5401803],[114.19346017,22.53972049],[114.19227087,22.53936513],[114.19159118,22.54039883],[114.19076187,22.54068748],[114.19122001,22.54113794],[114.19122043,22.54168171],[114.19040968,22.54238912],[114.19070354,22.54302838],[114.19022813,22.54315131],[114.18906067,22.54203954],[114.18813504,22.54036042],[114.18543307,22.53865577],[114.18518948,22.53647424],[114.18346225,22.53666592],[114.18225669,22.53594587],[114.18131507,22.53646493],[114.18081252,22.53615352],[114.18042884,22.53676087],[114.1801701,22.53623343],[114.17884826,22.53549406],[114.17882719,22.53504894],[114.17934837,22.53452561],[114.17875822,22.53433179],[114.17794679,22.53326677],[114.1785362,22.53277685],[114.17842891,22.53207827],[114.1796442,22.53195578],[114.18030322,22.53246264],[114.18069698,22.5321918],[114.1804256,22.53107735],[114.17879711,22.52939048],[114.17776248,22.52939371],[114.17800112,22.52773101],[114.17828622,22.52778649],[114.17841467,22.52711579],[114.17902317,22.5268868],[114.17927828,22.5255973],[114.178659,22.52505963],[114.17711911,22.52506672],[114.17642851,22.52453245],[114.17558341,22.52437035],[114.17500158,22.52248425],[114.17436938,22.5232837],[114.1744745,22.52399965],[114.17398107,22.52316405],[114.17444232,22.52265558],[114.17491509,22.52112815],[114.1761502,22.52018039],[114.17600096,22.51982719],[114.17641858,22.51988643],[114.17722495,22.51927282],[114.17779017,22.51947393],[114.17876926,22.51912532],[114.17942088,22.51764499],[114.1811638,22.51709045],[114.18162166,22.51641539],[114.182422,22.51607083],[114.19364106,22.50621824],[114.19485057,22.4938605],[114.1957619,22.49307977],[114.19713541,22.49327777],[114.19756505,22.49297425],[114.20059823,22.49293222],[114.20249577,22.49247117],[114.20745104,22.48952848],[114.21020135,22.49056338],[114.21163298,22.49463004],[114.21345076,22.49500834],[114.2142763,22.49631465],[114.21513906,22.49681203],[114.21491762,22.49747866],[114.21510404,22.49848401],[114.21642404,22.49929703],[114.21607757,22.50014646],[114.21744192,22.50136711],[114.21772835,22.50236701],[114.21853148,22.50272841],[114.21839391,22.50380123],[114.21902871,22.50406461],[114.22148499,22.50380265],[114.22145063,22.50441531],[114.22231619,22.50566935],[114.22178282,22.50646044],[114.22194175,22.50838122],[114.22237466,22.50841782],[114.22273489,22.50893316],[114.22313911,22.50868341],[114.22457321,22.51079182],[114.22529563,22.51019737],[114.22777761,22.51220642],[114.22981013,22.51250016],[114.23031507,22.51385124],[114.23314311,22.51367059],[114.23310122,22.51438423],[114.23347227,22.51477266],[114.23535721,22.51537811],[114.23715934,22.51713107],[114.23559358,22.51731424],[114.23389241,22.51949333],[114.23150167,22.52037509],[114.23093561,22.52163848],[114.22672362,22.52273403],[114.2251779,22.52248722],[114.2236389,22.52302392],[114.22404752,22.52409829],[114.22258819,22.52600749],[114.22105098,22.52722917],[114.22103055,22.52754793],[114.22170766,22.52731604],[114.22075453,22.52860765],[114.22028262,22.52830838],[114.22020851,22.52750176],[114.21919576,22.5252552],[114.21570645,22.52401827],[114.21558987,22.52435022],[114.21604009,22.52499766],[114.21579283,22.52558903],[114.21633636,22.52737745],[114.21522301,22.52647667],[114.21520997,22.52576021],[114.21440217,22.52547309],[114.21022847,22.52564211],[114.20987653,22.52516009],[114.21028291,22.52496283],[114.21031112,22.52420362],[114.20921698,22.52424776],[114.20848207,22.52496239],[114.20813192,22.52488086],[114.20788958,22.52597311],[114.20851418,22.52697696],[114.20796835,22.52800264],[114.20842569,22.52885844],[114.20836953,22.52939576],[114.20893875,22.53049848],[114.20941255,22.53061509],[114.20965154,22.53158101],[114.20901156,22.53164242],[114.20843023,22.53230254],[114.20833838,22.53381855],[114.2089509,22.53414422],[114.20903294,22.53510037],[114.20911289,22.53453512],[114.20955062,22.5344785],[114.20970228,22.53514035],[114.20931248,22.53551242],[114.20981291,22.53589389],[114.2101593,22.53555592],[114.21042546,22.53575178],[114.21050224,22.53510665],[114.21111643,22.53505615],[114.21152216,22.53429767],[114.21214374,22.53416253],[114.21405411,22.53608787],[114.21466558,22.53620958],[114.21499888,22.53687743],[114.21496248,22.5379695],[114.21562659,22.53891983],[114.21489349,22.54003414],[114.21528672,22.53999656],[114.21579524,22.54088736],[114.21709541,22.54172318],[114.21765073,22.54286784],[114.21946596,22.54351465],[114.21861061,22.54437052],[114.21890262,22.54422124],[114.21960558,22.54477422],[114.22004266,22.54402954],[114.22093327,22.543752],[114.22420915,22.54463003],[114.22506872,22.54302711],[114.22602751,22.54348675],[114.22731591,22.54117029],[114.22769476,22.54138515],[114.22606736,22.54350935],[114.22635636,22.54373844],[114.22540291,22.54524602],[114.22662093,22.54705952],[114.22690602,22.54800725],[114.22606883,22.54851134],[114.22422683,22.55089585],[114.22326222,22.5509414],[114.22132516,22.55170541],[114.22043388,22.55368087],[114.21978209,22.55374246],[114.2192299,22.55476486],[114.21786703,22.55598558],[114.21695122,22.55574372],[114.21692379,22.55532739],[114.21653188,22.55511959],[114.21584693,22.55539802],[114.21522533,22.55496902],[114.21353393,22.55480064],[114.21273037,22.55504191],[114.21129558,22.55648576],[114.21064192,22.55590573],[114.20983186,22.55620504]]]]}},{"type":"Feature","properties":{"TPU_NUMBER":"653","SPU_NUMBER":"65","PPU_NUMBER":"6"},"geometry":{"type":"MultiPolygon","coordinates":[[[[114.30511329,22.50171496],[114.30422313,22.50149087],[114.30372354,22.50094412],[114.30469634,22.50109207],[114.30511329,22.50171496]]],[[[114.30034419,22.51478338],[114.30033901,22.5143787],[114.30057423,22.51424105],[114.3007101,22.51463714],[114.30034419,22.51478338]]],[[[114.28603469,22.52129495],[114.28496622,22.52079879],[114.28593562,22.51923589],[114.28890871,22.51949393],[114.28898312,22.51993967],[114.28843841,22.52047592],[114.28751253,22.52053488],[114.28725836,22.52015612],[114.28644469,22.52033836],[114.28600419,22.52080267],[114.28603469,22.52129495]]],[[[114.30926394,22.52622547],[114.30830318,22.52515343],[114.30864614,22.52456055],[114.30941574,22.52449583],[114.31033772,22.52393159],[114.30944238,22.52311441],[114.30909789,22.52142937],[114.30950971,22.52006592],[114.31032088,22.51958706],[114.31027633,22.51878685],[114.30929294,22.51772393],[114.30920094,22.51717215],[114.30951847,22.51662417],[114.3078618,22.51625444],[114.30798338,22.51469483],[114.30722173,22.51429539],[114.30632879,22.51461809],[114.30579983,22.51445229],[114.30584743,22.51361315],[114.30747124,22.51380955],[114.3070562,22.51308327],[114.30607155,22.51305116],[114.30617681,22.51216703],[114.30577163,22.51209894],[114.30457993,22.5129173],[114.30381525,22.51248084],[114.30399004,22.51208104],[114.30471787,22.51194393],[114.30587822,22.51090181],[114.30468387,22.51081911],[114.30399247,22.50975925],[114.30368832,22.51050469],[114.30290916,22.51016946],[114.30232589,22.51068917],[114.30243082,22.51261127],[114.30198359,22.51182982],[114.30080253,22.51224115],[114.30164705,22.5128402],[114.30157329,22.51345688],[114.30095062,22.51301044],[114.30007455,22.51336691],[114.29960844,22.51271311],[114.30016462,22.51116437],[114.29812026,22.51226293],[114.29787728,22.51315415],[114.29720928,22.51314196],[114.29642654,22.51194847],[114.29513908,22.51243025],[114.29511614,22.5131513],[114.2945629,22.51342563],[114.29456128,22.5123803],[114.29514054,22.51177087],[114.29501936,22.51102088],[114.29625344,22.51099747],[114.29786208,22.5096167],[114.29800007,22.50865033],[114.2977044,22.50837955],[114.29660477,22.50855465],[114.29726355,22.50771705],[114.29713663,22.5075136],[114.2967035,22.50719232],[114.29566187,22.50717722],[114.29636716,22.50637719],[114.29816391,22.50689769],[114.29721046,22.50554197],[114.29798458,22.50510882],[114.29802508,22.50474612],[114.29907697,22.50432703],[114.30007821,22.50483648],[114.30035449,22.50539442],[114.30100511,22.50536151],[114.30228645,22.50598454],[114.30314321,22.50591946],[114.3037072,22.50736893],[114.30475653,22.50784025],[114.30417852,22.50844728],[114.30444828,22.50913728],[114.3057295,22.50989915],[114.30732845,22.50953064],[114.3084234,22.50870003],[114.3082375,22.50852094],[114.30844608,22.50868509],[114.30912318,22.50814921],[114.3105132,22.50812039],[114.31172667,22.5108303],[114.31336134,22.51100064],[114.31616966,22.51192873],[114.31717078,22.51317084],[114.31838524,22.51389471],[114.31875447,22.5155102],[114.32129086,22.51640484],[114.32127824,22.51694734],[114.3205203,22.51700909],[114.3201155,22.51769857],[114.32031106,22.51784782],[114.31963547,22.51799246],[114.31890357,22.51892866],[114.31826366,22.51838077],[114.31768948,22.51846953],[114.31707391,22.51754637],[114.31632837,22.51782037],[114.31619899,22.51735742],[114.31574072,22.51742924],[114.31626722,22.51791794],[114.31746471,22.51820072],[114.31669686,22.51885111],[114.31639668,22.51966075],[114.31741637,22.52051274],[114.31628282,22.52133558],[114.3163639,22.52169699],[114.31533968,22.5232528],[114.31407247,22.52385734],[114.31407612,22.52432484],[114.31329728,22.5243354],[114.31295362,22.5247151],[114.31206215,22.52461449],[114.31192144,22.52501262],[114.31112132,22.52509585],[114.3109825,22.52565591],[114.31040201,22.52607099],[114.30981045,22.52590064],[114.30926394,22.52622547]]],[[[114.27341703,22.52693814],[114.27345764,22.52716306],[114.27309889,22.52732299],[114.27310159,22.52717534],[114.27341703,22.52693814]]],[[[114.22748457,22.53233682],[114.22715382,22.53221705],[114.22685546,22.53152739],[114.22715695,22.53140726],[114.22747418,22.53181196],[114.22748457,22.53233682]]],[[[114.28875688,22.53288642],[114.28815186,22.53291813],[114.28804126,22.53275038],[114.28854169,22.53269194],[114.28875688,22.53288642]]],[[[114.28088858,22.53235281],[114.28062735,22.53291946],[114.27991816,22.53279221],[114.28003264,22.53227927],[114.28088858,22.53235281]]],[[[114.27289203,22.5333386],[114.27252622,22.5333151],[114.27255063,22.53243576],[114.27301055,22.53263781],[114.27289203,22.5333386]]],[[[114.2750721,22.53463831],[114.27458838,22.53488283],[114.27504625,22.5340713],[114.27516515,22.53204286],[114.27596635,22.53203356],[114.2772435,22.53348445],[114.27543766,22.53371634],[114.2750721,22.53463831]]],[[[114.32004782,22.53754345],[114.31977069,22.53775003],[114.31828514,22.53709612],[114.31804216,22.5344843],[114.31839994,22.53315276],[114.31908577,22.53236667],[114.31815058,22.53052518],[114.31694151,22.5292383],[114.31609213,22.52916041],[114.31549955,22.52854289],[114.31412398,22.52886304],[114.31399608,22.53030793],[114.31338442,22.53155445],[114.31266535,22.53179189],[114.31202364,22.53289737],[114.31196999,22.533915],[114.31053808,22.53452128],[114.31004043,22.53518355],[114.30936278,22.53503867],[114.30787455,22.5330482],[114.3080904,22.52901976],[114.31143801,22.52794795],[114.31622552,22.52452731],[114.31780198,22.52482852],[114.31898866,22.52301078],[114.32017338,22.52358677],[114.32072288,22.525368],[114.31990457,22.52763031],[114.32018406,22.52775428],[114.3201434,22.52879772],[114.31965847,22.53109384],[114.31990402,22.53109803],[114.31981095,22.53164036],[114.32009236,22.53158233],[114.32057757,22.53225317],[114.32115103,22.53222783],[114.32160737,22.53374403],[114.32098531,22.53552888],[114.3205735,22.53511115],[114.32021542,22.53525279],[114.32004782,22.53754345]]],[[[114.26711963,22.53884828],[114.26717458,22.53824274],[114.26760886,22.53804566],[114.2676609,22.53843764],[114.26711963,22.53884828]]],[[[114.30758757,22.5420093],[114.30538767,22.54061996],[114.30517909,22.53928679],[114.30547983,22.53725144],[114.30784165,22.5384149],[114.30930266,22.53961781],[114.30981634,22.54058448],[114.30892454,22.54168308],[114.30758757,22.5420093]]],[[[114.31164941,22.54218205],[114.31135577,22.5418979],[114.31176744,22.54171736],[114.31199902,22.54204347],[114.31164941,22.54218205]]],[[[114.26586027,22.54249627],[114.26513602,22.54238753],[114.26503435,22.54229377],[114.26585987,22.54166503],[114.26606134,22.54212523],[114.26586027,22.54249627]]],[[[114.33021507,22.54243101],[114.32909798,22.54175566],[114.33110204,22.53963128],[114.33147469,22.54105365],[114.33129215,22.54187083],[114.33097247,22.54229453],[114.33021507,22.54243101]]],[[[114.26164679,22.54673133],[114.26045221,22.54626152],[114.26004228,22.54527649],[114.25930703,22.54510845],[114.2596943,22.54562275],[114.25947856,22.54593253],[114.25901339,22.54578894],[114.25860617,22.54505674],[114.25944556,22.54467246],[114.26134835,22.54513327],[114.26222839,22.54585027],[114.26215641,22.54652723],[114.26164679,22.54673133]]],[[[114.25616005,22.55116735],[114.25591291,22.55153504],[114.2553875,22.55071577],[114.2556007,22.54989064],[114.25489824,22.54882125],[114.2553847,22.54770984],[114.25455479,22.54644493],[114.2532309,22.54633562],[114.2533706,22.54774592],[114.25212749,22.54741423],[114.25132475,22.54808745],[114.25097626,22.54761227],[114.25042704,22.54772228],[114.2502476,22.54706359],[114.25027373,22.54655405],[114.25069838,22.54627714],[114.25060086,22.54574839],[114.25116036,22.54582088],[114.25122604,22.54551004],[114.24930127,22.5446064],[114.2471135,22.54617369],[114.24697826,22.54648033],[114.24728698,22.54673853],[114.24695026,22.5464975],[114.24649425,22.54714015],[114.2466444,22.54817923],[114.24751533,22.54915638],[114.24718835,22.54943109],[114.24492357,22.54942696],[114.24413513,22.54836598],[114.24443149,22.54817892],[114.24481962,22.54632273],[114.24435172,22.54588676],[114.24345975,22.54586349],[114.24377687,22.54619363],[114.24359063,22.54827311],[114.24309496,22.54846991],[114.24309051,22.54992891],[114.24266493,22.55035505],[114.24283541,22.54857776],[114.24185707,22.54801028],[114.24139621,22.54653928],[114.24085527,22.54601211],[114.24088369,22.54355818],[114.24059641,22.54366575],[114.24072923,22.54342997],[114.23876012,22.54107449],[114.23841575,22.53778801],[114.23764144,22.53667998],[114.23752894,22.53570191],[114.23604493,22.5340524],[114.23562634,22.53422139],[114.23611389,22.53365971],[114.2333319,22.53176695],[114.23181261,22.53234141],[114.23081052,22.5335785],[114.22914718,22.53384799],[114.22901758,22.53096697],[114.22808452,22.52994002],[114.2273608,22.53003046],[114.22739614,22.53072585],[114.22704538,22.5307291],[114.22593217,22.5292902],[114.22572633,22.52941256],[114.22589901,22.52922527],[114.22399408,22.52856144],[114.22350116,22.52982812],[114.22183349,22.53071074],[114.22130302,22.53017416],[114.22179634,22.52820669],[114.22126038,22.52814996],[114.22170766,22.52731604],[114.22097393,22.52747789],[114.22353049,22.52498756],[114.22361827,22.52441864],[114.22405128,22.52407381],[114.22360275,22.52308484],[114.22418964,22.52263969],[114.22672362,22.52273403],[114.23093561,22.52163848],[114.23150167,22.52037509],[114.23389241,22.51949333],[114.23490496,22.51789153],[114.23569402,22.51724943],[114.23907601,22.51723131],[114.23986472,22.51587739],[114.24067309,22.51547373],[114.24108863,22.51586801],[114.2423053,22.51601507],[114.24325251,22.51702125],[114.24484026,22.51612358],[114.24657325,22.51582618],[114.24855505,22.5144622],[114.25070544,22.51366754],[114.25297467,22.51357003],[114.25524588,22.51283787],[114.2569847,22.51264294],[114.25868988,22.51133151],[114.25889086,22.51006992],[114.25776341,22.50807441],[114.25729282,22.50646175],[114.25665902,22.50611726],[114.25667756,22.50527396],[114.25611991,22.50393337],[114.25512609,22.50332853],[114.25485308,22.50234211],[114.25415088,22.50156504],[114.25408967,22.50076689],[114.25525561,22.49912869],[114.25452297,22.49808689],[114.25504151,22.49713866],[114.25553922,22.49726076],[114.25614695,22.49687219],[114.25650059,22.49727692],[114.25729828,22.49736151],[114.25984028,22.49679082],[114.26144834,22.49691449],[114.26393513,22.49606645],[114.26534621,22.49602363],[114.26579309,22.49551939],[114.26626812,22.49584995],[114.26757805,22.49528557],[114.26944115,22.49603939],[114.27113387,22.49583577],[114.27471844,22.49606513],[114.28055435,22.49825386],[114.28264339,22.49696418],[114.28488027,22.49686164],[114.28706725,22.49623612],[114.28864758,22.49536943],[114.29027079,22.49397931],[114.29203542,22.49340435],[114.29363973,22.49199371],[114.29602449,22.49211635],[114.29821852,22.49070281],[114.2999619,22.49068135],[114.30110908,22.48995579],[114.30207366,22.49003417],[114.3038558,22.49096931],[114.30510118,22.49106898],[114.30874151,22.49344331],[114.31003834,22.49371836],[114.31159734,22.49521148],[114.31246978,22.49556352],[114.31385589,22.49558247],[114.31530435,22.49639307],[114.3161248,22.49786501],[114.31603028,22.49879225],[114.31808904,22.50010574],[114.32094593,22.50107106],[114.32202195,22.50217243],[114.32396769,22.50317756],[114.32470159,22.50332719],[114.32652536,22.50297055],[114.32985472,22.50500136],[114.33280048,22.50794656],[114.33478956,22.50902639],[114.33580924,22.51002141],[114.33439894,22.51030284],[114.33373466,22.51135569],[114.33149752,22.50967786],[114.33033197,22.50943831],[114.32826797,22.50791316],[114.32685159,22.50597462],[114.324249,22.50588777],[114.32249794,22.50538238],[114.32163888,22.50470499],[114.32022762,22.50458602],[114.32035748,22.50383009],[114.32012992,22.50363069],[114.31764711,22.5038165],[114.31724541,22.50422277],[114.31742035,22.50442754],[114.316391,22.50366272],[114.31585913,22.50409481],[114.31457996,22.50406204],[114.31364303,22.50363867],[114.31317683,22.5027213],[114.31215637,22.50289531],[114.31188562,22.50249379],[114.31052006,22.50261352],[114.30940607,22.5020919],[114.30901645,22.50122502],[114.30960912,22.50065148],[114.30966237,22.50045097],[114.30897954,22.50080216],[114.30850664,22.50155178],[114.30699655,22.5012911],[114.30437976,22.49930373],[114.30487832,22.49789586],[114.304607,22.49781866],[114.30474295,22.49725335],[114.30428278,22.4979199],[114.30336304,22.49809846],[114.3036771,22.49859775],[114.30303262,22.49980914],[114.30153405,22.50123182],[114.30021409,22.50103357],[114.30000633,22.50152146],[114.30054985,22.50223659],[114.29952776,22.50259167],[114.2990889,22.5022869],[114.29825194,22.50243204],[114.29870274,22.50130546],[114.29805686,22.50113601],[114.29833074,22.50064083],[114.29866841,22.50063054],[114.2982344,22.50020791],[114.29773019,22.50086724],[114.29673967,22.50107089],[114.29697805,22.50172453],[114.29615181,22.50210417],[114.29635121,22.50238732],[114.29724786,22.50231326],[114.29756048,22.50329262],[114.29746439,22.50383239],[114.29701327,22.50399281],[114.29689656,22.50475209],[114.29614544,22.50465845],[114.29460706,22.50528081],[114.29381068,22.50485254],[114.29429353,22.50426288],[114.29402874,22.50369904],[114.29348816,22.50414988],[114.29269165,22.50386617],[114.29322926,22.50447069],[114.2926427,22.50480245],[114.29262185,22.50517155],[114.29386337,22.50618236],[114.29350805,22.50689252],[114.29373992,22.50803763],[114.29313765,22.50844113],[114.29280101,22.50828838],[114.29293962,22.50706647],[114.2921518,22.50647318],[114.29245527,22.50742022],[114.2922617,22.5076976],[114.29160977,22.5075526],[114.2917077,22.50892423],[114.29060156,22.50871464],[114.28972789,22.50814536],[114.29037142,22.50748257],[114.28994449,22.50690413],[114.29003993,22.50604017],[114.29163608,22.50557669],[114.29150375,22.5043654],[114.29097473,22.50421142],[114.29112314,22.5038521],[114.29064897,22.50436438],[114.29112818,22.5047082],[114.29103623,22.5050576],[114.29017195,22.50504525],[114.28919282,22.50549268],[114.28915286,22.50592509],[114.28832993,22.50604859],[114.28822511,22.50661254],[114.28670404,22.50606762],[114.28632455,22.50542585],[114.28586803,22.50559735],[114.28653179,22.50681747],[114.28786627,22.50816199],[114.2876975,22.50924465],[114.28623052,22.50823866],[114.2860895,22.50854386],[114.28524619,22.50868373],[114.28453118,22.50803051],[114.28325183,22.50845247],[114.28303494,22.50928044],[114.28230061,22.50888931],[114.28231991,22.50939714],[114.28167912,22.50991093],[114.28318774,22.5097374],[114.2840059,22.50901752],[114.28481582,22.51020963],[114.28591049,22.51051559],[114.28533145,22.51093887],[114.28430567,22.51068724],[114.28402378,22.51137129],[114.28340628,22.51022951],[114.28203686,22.51070456],[114.28022388,22.51055196],[114.27975286,22.51035417],[114.27959837,22.50953459],[114.27898496,22.51052764],[114.27810929,22.51046104],[114.27792173,22.51013804],[114.27819474,22.50885176],[114.27757044,22.50897201],[114.27707672,22.5097765],[114.27585925,22.51004945],[114.27540554,22.50980206],[114.27593017,22.50844948],[114.27547912,22.50779014],[114.27448227,22.50823596],[114.27392456,22.50777136],[114.27386126,22.50815352],[114.27332267,22.50827647],[114.27305541,22.5087004],[114.2727399,22.50857039],[114.2728508,22.50764056],[114.27177406,22.50765537],[114.27222557,22.50816741],[114.2716719,22.50782075],[114.27155784,22.50812253],[114.27202989,22.50838068],[114.27187314,22.50856264],[114.2723315,22.50858399],[114.27187354,22.50955594],[114.27214179,22.50926634],[114.27317634,22.50943863],[114.27418892,22.50873767],[114.27463647,22.50884338],[114.27442124,22.50971153],[114.27370681,22.5101014],[114.27316644,22.51100284],[114.27337922,22.51139472],[114.27361529,22.51090334],[114.2743004,22.5109519],[114.27517349,22.51160733],[114.27417223,22.51178929],[114.27406457,22.51267642],[114.2745247,22.51262397],[114.27476184,22.51309071],[114.27521041,22.51313512],[114.27513665,22.51343611],[114.27330861,22.51337012],[114.2722308,22.51273392],[114.27224588,22.51213202],[114.2720135,22.51268459],[114.27125876,22.5128994],[114.27232956,22.51323878],[114.27181577,22.51371411],[114.2722387,22.51384003],[114.27243559,22.51523849],[114.27306801,22.51555345],[114.27369385,22.51533124],[114.2735075,22.51585265],[114.27260636,22.51569016],[114.27200956,22.51628782],[114.27247029,22.51693904],[114.27279836,22.51671479],[114.27313438,22.51659642],[114.27238567,22.51701841],[114.27247257,22.51741289],[114.27413568,22.51742613],[114.27478819,22.51627716],[114.27665869,22.51644403],[114.27617555,22.51560717],[114.27682325,22.51534371],[114.27726538,22.51403563],[114.27830973,22.51337821],[114.27899258,22.51445432],[114.27899827,22.51508419],[114.27959063,22.51529906],[114.27910067,22.51626537],[114.27953311,22.51821135],[114.28056549,22.51863336],[114.28157335,22.51817837],[114.28191254,22.51835498],[114.28167501,22.51952418],[114.2804981,22.52115312],[114.28139513,22.52041006],[114.28300711,22.52129667],[114.28506469,22.52368981],[114.28574487,22.52396739],[114.28588268,22.52497747],[114.28640236,22.52493859],[114.28589858,22.52499841],[114.28603164,22.5252408],[114.28563102,22.52561111],[114.28478951,22.52527409],[114.28457573,22.52609672],[114.28410792,22.5262499],[114.28406393,22.525903],[114.28475499,22.52522061],[114.28466362,22.52478916],[114.28455405,22.52483808],[114.28436772,22.52477084],[114.28470296,22.52473614],[114.28490353,22.52426233],[114.28340447,22.52385554],[114.28283432,22.52415728],[114.28294528,22.52471804],[114.28262759,22.52464122],[114.28212423,22.52362567],[114.28075744,22.52310386],[114.28028911,22.52162049],[114.27935889,22.52179624],[114.27918891,22.522028],[114.27948366,22.52266702],[114.27882071,22.52274667],[114.27817395,22.52227594],[114.27767983,22.5228675],[114.27732844,22.52274002],[114.27739171,22.52362853],[114.27850407,22.52350335],[114.27785039,22.52451429],[114.27853884,22.52489394],[114.27950808,22.52614102],[114.27957451,22.52705405],[114.28153961,22.52870108],[114.2804029,22.52906413],[114.27977263,22.52868757],[114.27624878,22.52837492],[114.27513081,22.52876843],[114.2744133,22.52969824],[114.27370345,22.5293216],[114.27373381,22.52889447],[114.27463043,22.52823474],[114.27541057,22.52808536],[114.27572555,22.52683165],[114.27433795,22.52657273],[114.27352709,22.52521407],[114.27250454,22.5256688],[114.27175838,22.52489228],[114.27098329,22.5256457],[114.26901527,22.52594267],[114.26795027,22.5272023],[114.26659648,22.52694597],[114.26648861,22.52627845],[114.26631974,22.52646368],[114.26443885,22.52530448],[114.26387252,22.52567937],[114.26307792,22.52465867],[114.26198716,22.52571308],[114.26146202,22.52573663],[114.26178433,22.5259102],[114.26161948,22.52679136],[114.26252015,22.52757635],[114.26227265,22.5277237],[114.26272042,22.52966828],[114.26333859,22.52962325],[114.26278811,22.52975403],[114.26396144,22.53276866],[114.26714394,22.53339632],[114.26768098,22.53532552],[114.26706356,22.53651582],[114.26719182,22.5369874],[114.26435636,22.53667306],[114.26373768,22.53614924],[114.2635527,22.5352934],[114.26295218,22.5351435],[114.26249012,22.53380541],[114.26193735,22.53371165],[114.2611351,22.53412466],[114.26104059,22.53436295],[114.26162779,22.53437996],[114.26181604,22.53544847],[114.26267067,22.53651963],[114.26259355,22.53744097],[114.26335036,22.53807954],[114.26317934,22.53956622],[114.2623722,22.5405994],[114.26131935,22.54062319],[114.26034353,22.54006262],[114.26008846,22.53941448],[114.25778949,22.53804164],[114.25720027,22.53788305],[114.2562835,22.53869645],[114.25611434,22.53952553],[114.25828408,22.54148344],[114.25794974,22.54329284],[114.25896878,22.54405581],[114.25821637,22.54453311],[114.25763986,22.5443183],[114.25585702,22.54456486],[114.25683933,22.54522708],[114.25722718,22.54604934],[114.25808401,22.54618214],[114.25915562,22.54713734],[114.25939102,22.5477198],[114.26033595,22.54779907],[114.26076013,22.548348],[114.26067614,22.54890373],[114.26033967,22.54899401],[114.25946913,22.54846345],[114.2591878,22.54788175],[114.25844942,22.5477424],[114.25736792,22.54850801],[114.25730021,22.54906926],[114.25563611,22.54950909],[114.25591177,22.55110036],[114.25616005,22.55116735]]],[[[114.26256186,22.55198229],[114.26077961,22.55178691],[114.26053271,22.55158818],[114.26077357,22.55131556],[114.26259389,22.55139677],[114.26256186,22.55198229]]],[[[114.26497426,22.55267445],[114.26467765,22.55260211],[114.2646112,22.55241265],[114.26510252,22.55233964],[114.26497426,22.55267445]]],[[[114.26797748,22.55366798],[114.26764579,22.5534432],[114.26812839,22.55318158],[114.26861018,22.55156599],[114.27018052,22.55099811],[114.27013629,22.55042615],[114.26978001,22.55051696],[114.2697593,22.55035754],[114.2700956,22.55039558],[114.27029052,22.54974026],[114.27070842,22.54981175],[114.27105237,22.55097239],[114.26797748,22.55366798]]],[[[114.29184804,22.55520439],[114.29038015,22.55504253],[114.2900552,22.554422],[114.28870254,22.5536139],[114.28832584,22.5530336],[114.2887126,22.55164197],[114.28938307,22.55143583],[114.2902694,22.55052134],[114.2899085,22.55009102],[114.29049598,22.55034661],[114.29181674,22.54947246],[114.29145119,22.54831282],[114.29113045,22.54825348],[114.29102498,22.54706268],[114.29056664,22.54661425],[114.29062314,22.54599054],[114.28994167,22.54547202],[114.28936139,22.54584915],[114.28945722,22.54743992],[114.29006413,22.54762103],[114.29008954,22.54802936],[114.28940485,22.54816286],[114.2886052,22.54770447],[114.28795473,22.54791095],[114.28720214,22.54754384],[114.28660236,22.5476842],[114.2863539,22.54704236],[114.28759872,22.54656243],[114.28882896,22.54488033],[114.28955285,22.54488958],[114.29011874,22.54448437],[114.29114489,22.5430035],[114.29250625,22.54261247],[114.29328119,22.54081581],[114.29480154,22.53881786],[114.29472884,22.53859657],[114.29438332,22.53885337],[114.29189247,22.53832756],[114.29166073,22.53895531],[114.29210142,22.53988694],[114.2919054,22.54032672],[114.29047925,22.53869393],[114.28951037,22.53854299],[114.28875436,22.53882462],[114.28757749,22.53845587],[114.28784213,22.53683618],[114.28584669,22.53413966],[114.28626596,22.53258786],[114.28856497,22.53435516],[114.29031178,22.53367182],[114.29100521,22.53433334],[114.292719,22.53425021],[114.29354762,22.535009],[114.29396315,22.53499837],[114.29440721,22.53477822],[114.29396497,22.53404329],[114.29411932,22.53376109],[114.29517436,22.53451491],[114.2957876,22.5345201],[114.29603915,22.5357508],[114.2965373,22.53531082],[114.29841211,22.53571954],[114.29822488,22.53605529],[114.29880365,22.53647838],[114.29870837,22.53708676],[114.29900907,22.53741724],[114.3007036,22.53637245],[114.30004141,22.53549618],[114.3001777,22.535199],[114.30196687,22.53508625],[114.30229156,22.53470315],[114.30227091,22.53411292],[114.30147153,22.53369673],[114.30096131,22.5345662],[114.30006196,22.53428184],[114.2993646,22.53312066],[114.29957815,22.53261511],[114.30000731,22.53233963],[114.30196416,22.5328619],[114.30432621,22.53189518],[114.30464845,22.53221846],[114.30455738,22.53341663],[114.30565308,22.53515815],[114.30530624,22.53654498],[114.30473286,22.5368296],[114.30452296,22.53649562],[114.30392161,22.53659889],[114.30353884,22.53563053],[114.30243981,22.53586439],[114.30218515,22.5364826],[114.30058941,22.53770182],[114.30054954,22.53816146],[114.29881332,22.5388782],[114.29865582,22.53959884],[114.29743209,22.54018258],[114.29757076,22.54162662],[114.29717564,22.54321674],[114.29649821,22.54349437],[114.29538241,22.54323162],[114.29441467,22.54356513],[114.29400595,22.54405264],[114.29355169,22.5437],[114.29365103,22.54661885],[114.29415678,22.54707437],[114.29435406,22.54673542],[114.29406461,22.54637231],[114.29436295,22.54611032],[114.29484787,22.54778026],[114.29553479,22.54867391],[114.29575562,22.54840931],[114.29719074,22.54826503],[114.29818896,22.54887765],[114.29880987,22.54869266],[114.3006511,22.54693079],[114.30188919,22.54636968],[114.30243627,22.54572008],[114.30262914,22.54487006],[114.30306877,22.5447216],[114.30507932,22.54532095],[114.3057367,22.54722412],[114.30824913,22.5472807],[114.30791013,22.54832752],[114.30826602,22.54877851],[114.30964667,22.54846788],[114.31041521,22.54798539],[114.31067446,22.54734291],[114.31149943,22.54713556],[114.31126453,22.54748714],[114.31157933,22.54744713],[114.31200252,22.54807783],[114.31276061,22.54805502],[114.31309854,22.54849343],[114.3133265,22.54828078],[114.31424296,22.54849641],[114.31412512,22.54895419],[114.31452916,22.54890042],[114.31493133,22.54965848],[114.31560866,22.54997239],[114.3167694,22.54977418],[114.31713108,22.55006464],[114.31589136,22.55069673],[114.31352709,22.54980798],[114.31125881,22.5510088],[114.30927943,22.55035707],[114.3086934,22.55057427],[114.30807166,22.55037508],[114.30619911,22.55080656],[114.30542738,22.55144756],[114.30508225,22.55138964],[114.30471952,22.55052888],[114.30366057,22.55014295],[114.30253817,22.55067522],[114.30193563,22.55035024],[114.29879107,22.55060023],[114.29768553,22.55127011],[114.29662886,22.55078127],[114.29533742,22.55123939],[114.29372085,22.55107201],[114.2930174,22.55175809],[114.29272239,22.55266096],[114.29358142,22.5543962],[114.29298857,22.55489353],[114.29184804,22.55520439]]]]}},{"type":"Feature","properties":{"TPU_NUMBER":"711","SPU_NUMBER":"71","PPU_NUMBER":"7"},"geometry":{"type":"Polygon","coordinates":[[[114.23787631,22.51731071],[114.23665599,22.51689576],[114.23656688,22.51647338],[114.23535721,22.51537811],[114.23361714,22.51487896],[114.23310122,22.51438423],[114.23326333,22.51377861],[114.23253073,22.51363855],[114.23350567,22.51255431],[114.23356106,22.51184751],[114.23406104,22.51149088],[114.23419854,22.50870779],[114.23463515,22.5082167],[114.23438933,22.50776079],[114.23557524,22.50704521],[114.23587571,22.50621997],[114.23552924,22.50550317],[114.23613037,22.50492316],[114.2364014,22.50376825],[114.23789117,22.50277031],[114.23904949,22.50335743],[114.24002536,22.50144083],[114.24094207,22.49811026],[114.24148362,22.49742984],[114.24126652,22.4952617],[114.24207985,22.49337745],[114.2424536,22.4913571],[114.24205719,22.49093843],[114.24263469,22.48992791],[114.24239282,22.48837379],[114.24388329,22.48784571],[114.24424534,22.48716735],[114.24423525,22.48545219],[114.24300929,22.48489407],[114.24351602,22.48323809],[114.24305201,22.48229107],[114.24155394,22.4811171],[114.2408889,22.47952156],[114.23980007,22.47904348],[114.24071571,22.47906515],[114.24029351,22.4786256],[114.23970251,22.47869397],[114.23924695,22.47797753],[114.23941585,22.47749714],[114.24043445,22.476745],[114.23917043,22.47731841],[114.24112658,22.47512607],[114.24093794,22.4749826],[114.23911956,22.47727925],[114.23861107,22.47651665],[114.23812341,22.47636259],[114.23660188,22.4771317],[114.23636608,22.47633085],[114.23674937,22.47528023],[114.23569278,22.47315259],[114.23568606,22.47244131],[114.2342764,22.4716607],[114.233915,22.47086308],[114.233144,22.47098662],[114.23303896,22.47034854],[114.23337536,22.46954113],[114.23391396,22.46952227],[114.23354628,22.46859669],[114.23380861,22.46806469],[114.23485705,22.46776636],[114.24764926,22.455137],[114.24662397,22.45373649],[114.24691708,22.4530256],[114.24660063,22.44994835],[114.24681303,22.4498119],[114.24769351,22.45140674],[114.24876166,22.45236427],[114.2497426,22.45280205],[114.25044103,22.45269271],[114.25088765,22.45347425],[114.25343162,22.45364661],[114.25414875,22.45285497],[114.25674097,22.45390553],[114.25736162,22.45469764],[114.25705786,22.45556767],[114.25765586,22.45579211],[114.25820883,22.45509727],[114.25821302,22.45552369],[114.2587124,22.45562855],[114.25954745,22.45684926],[114.2592769,22.45682923],[114.25941708,22.45756286],[114.25996745,22.4584347],[114.26045432,22.45862669],[114.26116308,22.46045102],[114.26242804,22.46133798],[114.26279168,22.46223523],[114.26581048,22.46336405],[114.26796594,22.46531012],[114.27068596,22.46613128],[114.27484918,22.46848689],[114.27444279,22.46889704],[114.27359925,22.46880109],[114.2708713,22.46719729],[114.27000768,22.4671351],[114.26993838,22.46812154],[114.270394,22.46886901],[114.27184116,22.46920768],[114.27333868,22.47124977],[114.27410014,22.47106018],[114.27674208,22.47150607],[114.27817848,22.47064298],[114.27970283,22.47049348],[114.28512846,22.47369762],[114.28712694,22.47397317],[114.28870158,22.47490236],[114.28913115,22.47427182],[114.2897678,22.47434321],[114.29010146,22.47469084],[114.28945802,22.47513102],[114.28949669,22.47569758],[114.29094675,22.47527881],[114.29206552,22.47559164],[114.29433756,22.477756],[114.29421987,22.4786556],[114.29454912,22.47956338],[114.2959983,22.47880096],[114.29757767,22.47952798],[114.29859244,22.4793675],[114.29986363,22.47961809],[114.30719054,22.48323999],[114.30930237,22.48567343],[114.30927446,22.48600485],[114.30539804,22.485643],[114.30588012,22.48571372],[114.3062382,22.48591642],[114.30637151,22.48607045],[114.30608839,22.48593251],[114.30600209,22.48667135],[114.30764447,22.48701433],[114.30851266,22.48753305],[114.30900076,22.48809117],[114.30868325,22.48869096],[114.31044569,22.48846489],[114.31093108,22.48988812],[114.31192258,22.48999196],[114.31228893,22.49035222],[114.31281226,22.49035305],[114.31279334,22.48993984],[114.31171809,22.48875768],[114.31207494,22.48751073],[114.31278346,22.48763319],[114.31385338,22.4887789],[114.31472792,22.48892382],[114.31685352,22.49182502],[114.31803723,22.49213013],[114.31845599,22.49170325],[114.3187866,22.4920284],[114.31883617,22.49293963],[114.31964214,22.49409585],[114.31963031,22.49485608],[114.32139368,22.49515525],[114.32181643,22.49667671],[114.3232051,22.49710314],[114.32415087,22.49831887],[114.32433784,22.49923247],[114.32547771,22.50060856],[114.32584985,22.50082991],[114.32700847,22.50065175],[114.32930001,22.50331826],[114.33088918,22.50350413],[114.33215029,22.50421081],[114.33395514,22.50552743],[114.33481036,22.50682443],[114.33600824,22.50749256],[114.33662177,22.50824977],[114.33633475,22.50836344],[114.33649115,22.50903955],[114.33613223,22.50901233],[114.33580924,22.51002141],[114.33478956,22.50902639],[114.33280048,22.50794656],[114.32985472,22.50500136],[114.32652536,22.50297055],[114.32470159,22.50332719],[114.32396769,22.50317756],[114.32202195,22.50217243],[114.32094593,22.50107106],[114.31882879,22.50045481],[114.31603028,22.49879225],[114.3161248,22.49786501],[114.31530435,22.49639307],[114.31385589,22.49558247],[114.31246978,22.49556352],[114.31159734,22.49521148],[114.31024187,22.4938344],[114.30874151,22.49344331],[114.30510118,22.49106898],[114.3038558,22.49096931],[114.30222528,22.49006425],[114.30110908,22.48995579],[114.30030833,22.49059051],[114.29788293,22.49082384],[114.29602449,22.49211635],[114.29363973,22.49199371],[114.29203542,22.49340435],[114.29027079,22.49397931],[114.28864758,22.49536943],[114.28706725,22.49623612],[114.28488027,22.49686164],[114.28264339,22.49696418],[114.28055435,22.49825386],[114.27471844,22.49606513],[114.27113387,22.49583577],[114.26944115,22.49603939],[114.26757805,22.49528557],[114.26626812,22.49584995],[114.26579309,22.49551939],[114.26534621,22.49602363],[114.26393513,22.49606645],[114.26144834,22.49691449],[114.25984028,22.49679082],[114.25729828,22.49736151],[114.25650059,22.49727692],[114.25614695,22.49687219],[114.25553922,22.49726076],[114.25504151,22.49713866],[114.25452297,22.49808689],[114.25525561,22.49912869],[114.25408967,22.50076689],[114.25415088,22.50156504],[114.25485308,22.50234211],[114.25512609,22.50332853],[114.25611991,22.50393337],[114.25667756,22.50527396],[114.25665902,22.50611726],[114.25729282,22.50646175],[114.25776341,22.50807441],[114.25889086,22.51006992],[114.25872985,22.51128721],[114.2569847,22.51264294],[114.25524588,22.51283787],[114.25297467,22.51357003],[114.25070544,22.51366754],[114.24855505,22.5144622],[114.24657325,22.51582618],[114.24484026,22.51612358],[114.24325251,22.51702125],[114.2423053,22.51601507],[114.24108863,22.51586801],[114.24067309,22.51547373],[114.23986472,22.51587739],[114.23919721,22.51717598],[114.23787631,22.51731071]]]}},{"type":"Feature","properties":{"TPU_NUMBER":"712","SPU_NUMBER":"71","PPU_NUMBER":"7"},"geometry":{"type":"Polygon","coordinates":[[[114.23101295,22.51399642],[114.23029105,22.51383458],[114.22981013,22.51250016],[114.22777761,22.51220642],[114.22544262,22.51025717],[114.22507927,22.51018409],[114.22457321,22.51079182],[114.22313911,22.50868341],[114.22273489,22.50893316],[114.22237466,22.50841782],[114.22194175,22.50838122],[114.22178282,22.50646044],[114.22231619,22.50566935],[114.22145063,22.50441531],[114.22151197,22.50384064],[114.21902871,22.50406461],[114.21839391,22.50380123],[114.21853148,22.50272841],[114.21772835,22.50236701],[114.21744192,22.50136711],[114.21607757,22.50014646],[114.21642404,22.49929703],[114.21510404,22.49848401],[114.21491762,22.49747866],[114.21513906,22.49681203],[114.2142763,22.49631465],[114.21345076,22.49500834],[114.21169538,22.49470676],[114.21068219,22.49243904],[114.21046135,22.49084174],[114.20912764,22.49017742],[114.21204533,22.49039758],[114.21504726,22.48989842],[114.21600007,22.49016591],[114.21766607,22.4899699],[114.2194366,22.48910225],[114.22052326,22.48919862],[114.22197308,22.48774653],[114.22317395,22.4874379],[114.22379228,22.48663896],[114.22548827,22.48611753],[114.22841099,22.48623976],[114.23249238,22.48513309],[114.23404923,22.48499655],[114.23458554,22.48417216],[114.23420407,22.48354344],[114.2343004,22.48311314],[114.23780247,22.47765774],[114.23916364,22.47903401],[114.2408889,22.47952156],[114.24155394,22.4811171],[114.24305201,22.48229107],[114.24351602,22.48323809],[114.24300929,22.48489407],[114.24340804,22.48528133],[114.2442224,22.48540187],[114.24424534,22.48716735],[114.24380424,22.48792551],[114.24239282,22.48837379],[114.24263469,22.48992791],[114.24205719,22.49093843],[114.2424536,22.4913571],[114.24207985,22.49337745],[114.24126652,22.4952617],[114.24148362,22.49742984],[114.24094207,22.49811026],[114.23968516,22.5021641],[114.2392056,22.50262098],[114.23904949,22.50335743],[114.23789117,22.50277031],[114.2364014,22.50376825],[114.23613037,22.50492316],[114.23552924,22.50550317],[114.23587571,22.50621997],[114.23557524,22.50704521],[114.23438933,22.50776079],[114.23463515,22.5082167],[114.23419854,22.50870779],[114.23406104,22.51149088],[114.23356106,22.51184751],[114.23350567,22.51255431],[114.23253073,22.51363855],[114.23101295,22.51399642]]]}},{"type":"Feature","properties":{"TPU_NUMBER":"720","SPU_NUMBER":"72","PPU_NUMBER":"7"},"geometry":{"type":"Polygon","coordinates":[[[114.14986985,22.45954905],[114.1493774,22.45974195],[114.14884584,22.45926163],[114.14784605,22.45944109],[114.14720892,22.45798565],[114.14795228,22.45571002],[114.14871336,22.45542394],[114.14927561,22.45388582],[114.14840989,22.4531163],[114.14811088,22.45193871],[114.14845777,22.4507551],[114.1489757,22.45021319],[114.14729126,22.4455148],[114.14406564,22.442846],[114.14320082,22.44133954],[114.14352788,22.43972052],[114.1442506,22.43967308],[114.14488408,22.43906806],[114.14549849,22.43943111],[114.1459818,22.43873838],[114.14567136,22.43808733],[114.14683829,22.43751398],[114.14994147,22.43917851],[114.15145394,22.43878429],[114.1512296,22.43942842],[114.15149993,22.43981831],[114.15148205,22.44149167],[114.15200196,22.44106633],[114.15390757,22.44244284],[114.15495229,22.44251568],[114.15552848,22.44338956],[114.15656407,22.44374735],[114.15659225,22.4443996],[114.15803836,22.44463892],[114.15485174,22.44703327],[114.15374762,22.44997398],[114.15424579,22.45048091],[114.15578928,22.44995633],[114.15729287,22.45016794],[114.15794951,22.45072734],[114.15909005,22.45281254],[114.15394553,22.45510591],[114.15225178,22.45660561],[114.15090063,22.45938856],[114.150252,22.45899202],[114.14986985,22.45954905]]]}},{"type":"Feature","properties":{"TPU_NUMBER":"721","SPU_NUMBER":"72","PPU_NUMBER":"7"},"geometry":{"type":"Polygon","coordinates":[[[114.22366274,22.48699512],[114.22176298,22.48788751],[114.22052326,22.48919862],[114.2194366,22.48910225],[114.21766607,22.4899699],[114.21600007,22.49016591],[114.21504726,22.48989842],[114.21326301,22.4903674],[114.21152042,22.49038897],[114.20933208,22.49026525],[114.20758635,22.48955077],[114.20723081,22.48782629],[114.20602801,22.48631031],[114.20514667,22.48575448],[114.20492984,22.48519438],[114.20312282,22.48487879],[114.20201767,22.48366869],[114.20215374,22.48283444],[114.20067516,22.48246121],[114.1996543,22.48115237],[114.19914108,22.48083995],[114.19810199,22.48089973],[114.19696106,22.48174389],[114.19555406,22.48174087],[114.19418567,22.48097976],[114.19332683,22.48001534],[114.19239568,22.4796374],[114.19158763,22.47783823],[114.18851735,22.47606387],[114.18801182,22.47512619],[114.18717092,22.47174639],[114.18889263,22.47335104],[114.19214075,22.4740138],[114.19428397,22.4731692],[114.19518483,22.47326594],[114.19606669,22.47379525],[114.1988533,22.47251052],[114.19877912,22.47450586],[114.19968445,22.47559228],[114.20001309,22.47552736],[114.20042881,22.47411077],[114.20118443,22.47532033],[114.20333519,22.47578034],[114.20527339,22.47662978],[114.20741564,22.47603408],[114.2078912,22.47696827],[114.20934202,22.47547045],[114.21083045,22.47525669],[114.21168326,22.47472933],[114.21296395,22.47604093],[114.21219145,22.47683733],[114.21217415,22.47787649],[114.21249073,22.4780162],[114.21274085,22.47781499],[114.21265325,22.4768272],[114.21323868,22.4765275],[114.21335214,22.47530037],[114.21696506,22.47569822],[114.21762328,22.47466316],[114.21809174,22.47464045],[114.21882924,22.47512902],[114.2191337,22.47651932],[114.21753449,22.47685725],[114.21602277,22.4780061],[114.21692102,22.47898319],[114.21696662,22.47970044],[114.21746688,22.48022106],[114.21775769,22.4800447],[114.21840429,22.47761215],[114.21935745,22.4775639],[114.22080917,22.47592368],[114.22058213,22.47494218],[114.22116406,22.47369528],[114.22308771,22.47516749],[114.22389625,22.47646464],[114.22475319,22.47578772],[114.22529906,22.47608844],[114.225935,22.47590886],[114.22652998,22.47653242],[114.22748134,22.47642215],[114.22807933,22.47708317],[114.22771702,22.47558939],[114.22830956,22.47583642],[114.22902017,22.4751839],[114.2299196,22.47576583],[114.22940802,22.47646163],[114.2294297,22.47694619],[114.23118976,22.47536081],[114.23269154,22.4760467],[114.23266128,22.47660355],[114.23319782,22.47653115],[114.23399346,22.47727102],[114.23562742,22.47735965],[114.23644459,22.47658067],[114.23674107,22.47740102],[114.23780247,22.47765774],[114.2343004,22.48311314],[114.23420407,22.48354344],[114.23458554,22.48417216],[114.23404923,22.48499655],[114.23249238,22.48513309],[114.22841099,22.48623976],[114.2256173,22.48609034],[114.22379228,22.48663896],[114.22366274,22.48699512]]]}},{"type":"Feature","properties":{"TPU_NUMBER":"722","SPU_NUMBER":"72","PPU_NUMBER":"7"},"geometry":{"type":"Polygon","coordinates":[[[114.19025111,22.48737927],[114.18969651,22.48781445],[114.18895392,22.48717789],[114.18722648,22.4876468],[114.18623372,22.48689857],[114.18737144,22.48581077],[114.18484542,22.4833634],[114.18497869,22.48139542],[114.18410815,22.48134279],[114.18355442,22.48189457],[114.18298143,22.48180019],[114.18198981,22.48073615],[114.18007925,22.48004624],[114.17965499,22.47933135],[114.17807236,22.47890733],[114.1787028,22.47876891],[114.17870393,22.47835691],[114.1781151,22.47819132],[114.17825789,22.47748474],[114.17749936,22.47748053],[114.17737531,22.47721741],[114.17785783,22.47695927],[114.1791922,22.47735741],[114.17841976,22.47657737],[114.17941015,22.47582472],[114.17911528,22.47523295],[114.17871215,22.47537654],[114.17873098,22.47481769],[114.17939979,22.4750971],[114.17937101,22.47478487],[114.18043291,22.47452473],[114.18082038,22.47468636],[114.18053354,22.47522045],[114.18125035,22.47556538],[114.18106432,22.47447237],[114.18182053,22.47487249],[114.1826589,22.47367875],[114.18252607,22.47308984],[114.18100405,22.47401908],[114.17955182,22.47437893],[114.17829557,22.47416023],[114.17763468,22.47465873],[114.17481256,22.47358565],[114.17315096,22.47383943],[114.17096453,22.47483388],[114.17031554,22.47621135],[114.16942251,22.47504488],[114.16932794,22.47350953],[114.16856044,22.47219753],[114.16899522,22.47016186],[114.16841456,22.4686757],[114.16649673,22.46573324],[114.1641918,22.46473819],[114.16287055,22.46474428],[114.16237383,22.46273936],[114.1611948,22.46513758],[114.15881988,22.46515257],[114.15672876,22.46599496],[114.15618568,22.46568974],[114.15524065,22.46578915],[114.15483294,22.46628883],[114.15368586,22.46602229],[114.15365831,22.4663237],[114.15233143,22.46666706],[114.15168012,22.46441254],[114.15205962,22.46453886],[114.15315163,22.46354907],[114.15279036,22.46324029],[114.15189286,22.46319951],[114.15127985,22.46158015],[114.15090453,22.46172627],[114.15081305,22.46063752],[114.15090063,22.45938856],[114.15225178,22.45660561],[114.15394553,22.45510591],[114.15909005,22.45281254],[114.16045742,22.45344297],[114.16214567,22.45276157],[114.16289388,22.45387528],[114.16846625,22.45706766],[114.17093482,22.45608762],[114.17523487,22.45573793],[114.17646406,22.45652117],[114.17754532,22.45669428],[114.17772354,22.45822262],[114.17833661,22.45899021],[114.18251691,22.459253],[114.18481812,22.46168529],[114.18592909,22.46219129],[114.19068266,22.46213368],[114.19637251,22.46009605],[114.19731801,22.45923409],[114.19830826,22.45724044],[114.19948988,22.45766324],[114.19935978,22.45837747],[114.20066515,22.45934586],[114.2032289,22.45978562],[114.20417452,22.46026936],[114.20485417,22.46098427],[114.2030386,22.4618628],[114.20381792,22.4630564],[114.20365363,22.4644663],[114.20429008,22.4661676],[114.20412371,22.46790286],[114.20150244,22.46965406],[114.1988533,22.47251052],[114.19606669,22.47379525],[114.19518483,22.47326594],[114.19428397,22.4731692],[114.19219904,22.47401661],[114.18889263,22.47335104],[114.1870863,22.47172601],[114.184491,22.47144803],[114.18324429,22.47211332],[114.18297823,22.47266764],[114.18351842,22.47288098],[114.18375118,22.47359999],[114.18327084,22.47397292],[114.18306844,22.47526006],[114.18450444,22.47598892],[114.18481752,22.4757969],[114.1859188,22.47605325],[114.18638016,22.4767533],[114.18617913,22.47754467],[114.18651334,22.4782226],[114.18710294,22.47810699],[114.18813798,22.47865351],[114.18756959,22.47961039],[114.18811406,22.47973567],[114.18803185,22.47998336],[114.18737712,22.48088722],[114.187652,22.48203783],[114.18729318,22.48224007],[114.18689312,22.48123605],[114.18530661,22.48149057],[114.18501233,22.48293911],[114.18537504,22.48358178],[114.1878382,22.485766],[114.1902821,22.48602195],[114.19157707,22.48540433],[114.19429385,22.48546393],[114.19557624,22.48611271],[114.19549613,22.48646382],[114.19437111,22.48642602],[114.19263961,22.48719668],[114.19108084,22.48677856],[114.19025111,22.48737927]]]}},{"type":"Feature","properties":{"TPU_NUMBER":"723","SPU_NUMBER":"72","PPU_NUMBER":"7"},"geometry":{"type":"Polygon","coordinates":[[[114.17704571,22.44919478],[114.17437455,22.45035967],[114.17299511,22.45061956],[114.16611288,22.45060468],[114.16140974,22.44913617],[114.16035114,22.44927549],[114.15778394,22.45051978],[114.15616546,22.4499229],[114.15424579,22.45048091],[114.15374762,22.44997398],[114.15485174,22.44703327],[114.1581244,22.44451819],[114.15886091,22.44181691],[114.15946208,22.44092966],[114.16085789,22.44009442],[114.16510341,22.43907366],[114.16745345,22.43967251],[114.1739716,22.44450972],[114.17952606,22.4453052],[114.17914707,22.44617988],[114.1782259,22.44626705],[114.17776902,22.44664829],[114.17765277,22.44738227],[114.17812974,22.44821026],[114.17700079,22.44883488],[114.17704571,22.44919478]]]}},{"type":"Feature","properties":{"TPU_NUMBER":"724","SPU_NUMBER":"72","PPU_NUMBER":"7"},"geometry":{"type":"Polygon","coordinates":[[[114.13496837,22.46451886],[114.13491138,22.46509975],[114.13470527,22.46447637],[114.1339405,22.46423868],[114.12488478,22.46363839],[114.12493241,22.46233657],[114.12406981,22.46140202],[114.12438164,22.4604257],[114.12393174,22.46002934],[114.12385948,22.45915398],[114.12230004,22.45785521],[114.12179887,22.4556443],[114.12057672,22.45493156],[114.11850956,22.45279047],[114.11807637,22.45093288],[114.11526647,22.44850254],[114.11195472,22.44379819],[114.11285733,22.44195554],[114.11250243,22.44112894],[114.11367848,22.43951134],[114.11513647,22.43639141],[114.11598691,22.43548752],[114.11640298,22.43331455],[114.11609913,22.43223664],[114.11644205,22.43152266],[114.11836276,22.4284771],[114.11943627,22.42840418],[114.12040815,22.42764511],[114.12110513,22.42752549],[114.12137777,22.42532376],[114.12270008,22.42357988],[114.12437146,22.42273663],[114.12600497,22.42002963],[114.12605548,22.41857232],[114.12557852,22.416167],[114.12724743,22.41632188],[114.12886692,22.4170715],[114.13185219,22.41681655],[114.13448893,22.41805974],[114.13687174,22.41806035],[114.14024532,22.41741251],[114.1428829,22.41559504],[114.14416799,22.41562272],[114.14645682,22.41660983],[114.14681832,22.41634496],[114.1467517,22.41491061],[114.14720707,22.41379613],[114.14724761,22.41196896],[114.15015228,22.41244453],[114.1531106,22.41235363],[114.15509165,22.41286552],[114.15726032,22.41197962],[114.16001783,22.4118703],[114.18274738,22.41617406],[114.19357789,22.4190167],[114.19414399,22.42026183],[114.19175247,22.42302899],[114.1905424,22.4256],[114.19078098,22.42703343],[114.19211746,22.42817962],[114.18827025,22.42694189],[114.18752019,22.42879221],[114.18766908,22.43247623],[114.18567474,22.43274781],[114.18347217,22.43462388],[114.18294607,22.43414215],[114.18423933,22.43297144],[114.1846182,22.4310858],[114.1833306,22.42961462],[114.18192256,22.42914278],[114.1815487,22.429334],[114.18169026,22.42973345],[114.1836858,22.43100977],[114.18315036,22.4323792],[114.18245474,22.43288156],[114.18152622,22.43285889],[114.1807703,22.43197736],[114.17913993,22.43102198],[114.1755534,22.43084022],[114.17463873,22.42995412],[114.17432986,22.42903427],[114.17529654,22.4261898],[114.17348016,22.42546925],[114.17146546,22.4232597],[114.16946581,22.42365582],[114.16780555,22.42446504],[114.16679745,22.42427774],[114.16752332,22.42047793],[114.16446542,22.41786595],[114.15989156,22.41739819],[114.15680772,22.42124637],[114.14819696,22.42234689],[114.1485211,22.42961643],[114.14959794,22.43021003],[114.15123131,22.43293846],[114.15309861,22.43502269],[114.15669002,22.43645352],[114.15602908,22.43725244],[114.15440381,22.43793335],[114.15457071,22.43868835],[114.15524515,22.4387945],[114.15471058,22.43907064],[114.15395706,22.44017596],[114.15148205,22.44149167],[114.15149993,22.43981831],[114.1512296,22.43942842],[114.15145394,22.43878429],[114.14994147,22.43917851],[114.14683829,22.43751398],[114.14567136,22.43808733],[114.1459818,22.43873838],[114.14554794,22.43939171],[114.14468278,22.43912878],[114.1443062,22.4396453],[114.14352788,22.43972052],[114.14322216,22.44049179],[114.14320082,22.44133954],[114.14363002,22.44236253],[114.14729126,22.4455148],[114.1489757,22.45021319],[114.14845777,22.4507551],[114.14811088,22.45193871],[114.14840989,22.4531163],[114.14927561,22.45388582],[114.14871336,22.45542394],[114.14795228,22.45571002],[114.14720892,22.45798565],[114.14784605,22.45944109],[114.14884584,22.45926163],[114.14886174,22.45954159],[114.14949788,22.45972262],[114.150252,22.45899202],[114.15090063,22.45938856],[114.15104161,22.46183262],[114.14862714,22.46265696],[114.14743736,22.46133679],[114.14641958,22.46201265],[114.14302737,22.46155583],[114.14176352,22.46224327],[114.13936836,22.46163842],[114.13881537,22.46193293],[114.13874781,22.46262268],[114.13797612,22.46344045],[114.13645502,22.46425651],[114.13635449,22.46395127],[114.13568205,22.46419189],[114.13537128,22.46484236],[114.13508357,22.46417362],[114.1349227,22.46408176],[114.13470584,22.46409848],[114.13496837,22.46451886]]]}},{"type":"Feature","properties":{"TPU_NUMBER":"725","SPU_NUMBER":"72","PPU_NUMBER":"7"},"geometry":{"type":"Polygon","coordinates":[[[114.15862124,22.4427363],[114.15803836,22.44463892],[114.15685235,22.44455157],[114.15649465,22.44420328],[114.15656407,22.44374735],[114.15552848,22.44338956],[114.15495229,22.44251568],[114.15390757,22.44244284],[114.15200196,22.44106633],[114.15395706,22.44017596],[114.15471058,22.43907064],[114.15524515,22.4387945],[114.15457071,22.43868835],[114.15440381,22.43793335],[114.15602908,22.43725244],[114.15669002,22.43645352],[114.15309861,22.43502269],[114.15123131,22.43293846],[114.14959794,22.43021003],[114.1485211,22.42961643],[114.14819696,22.42234689],[114.15680772,22.42124637],[114.15989156,22.41739819],[114.16446542,22.41786595],[114.16752332,22.42047793],[114.16679745,22.42427774],[114.16780555,22.42446504],[114.16946581,22.42365582],[114.17146546,22.4232597],[114.17276576,22.42441486],[114.17329766,22.42532826],[114.17536187,22.42628475],[114.17432986,22.42903427],[114.17495106,22.43031967],[114.1755534,22.43084022],[114.17913993,22.43102198],[114.1807703,22.43197736],[114.18152622,22.43285889],[114.1819677,22.43288345],[114.18119328,22.43318669],[114.17925441,22.43589718],[114.17794574,22.43685036],[114.17746295,22.4369454],[114.17630185,22.43636612],[114.17566602,22.43673346],[114.17500274,22.43776886],[114.17398124,22.43768347],[114.17286754,22.43863976],[114.1724263,22.43838967],[114.172032,22.43975855],[114.17061939,22.44072225],[114.17095956,22.44118578],[114.17095736,22.44230879],[114.16733241,22.43960487],[114.16510341,22.43907366],[114.16008631,22.4404341],[114.15909458,22.44138052],[114.15862124,22.4427363]]]}},{"type":"Feature","properties":{"TPU_NUMBER":"726","SPU_NUMBER":"72","PPU_NUMBER":"7"},"geometry":{"type":"Polygon","coordinates":[[[114.17462526,22.45565262],[114.17093482,22.45608762],[114.16837391,22.45704307],[114.16289388,22.45387528],[114.16214567,22.45276157],[114.16062366,22.4534275],[114.15950275,22.45319343],[114.15778394,22.45051978],[114.16104756,22.44912667],[114.16480455,22.45033325],[114.16710761,22.45066235],[114.17356914,22.45056629],[114.17689682,22.44923461],[114.17724817,22.45183869],[114.17799847,22.4539961],[114.17761006,22.4565588],[114.17667311,22.45658766],[114.17462526,22.45565262]]]}},{"type":"Feature","properties":{"TPU_NUMBER":"727","SPU_NUMBER":"72","PPU_NUMBER":"7"},"geometry":{"type":"Polygon","coordinates":[[[114.18845361,22.46222388],[114.18531248,22.46200129],[114.18241825,22.45921368],[114.17892635,22.45919339],[114.17799947,22.45870936],[114.17753589,22.45689874],[114.17796745,22.45372389],[114.17724817,22.45183869],[114.17689682,22.44923461],[114.17708026,22.44947158],[114.18023365,22.44952907],[114.18085795,22.45019731],[114.18132589,22.45185123],[114.18240397,22.45253003],[114.18639221,22.45256951],[114.19302083,22.45075929],[114.19383628,22.45178796],[114.19653799,22.45225321],[114.19778822,22.45306644],[114.19835135,22.45429322],[114.19830688,22.45728733],[114.19707853,22.45953182],[114.19637251,22.46009605],[114.1908792,22.46207986],[114.18845361,22.46222388]]]}},{"type":"Feature","properties":{"TPU_NUMBER":"728","SPU_NUMBER":"72","PPU_NUMBER":"7"},"geometry":{"type":"MultiPolygon","coordinates":[[[[114.22237585,22.4411335],[114.22194998,22.44075805],[114.2217817,22.43953208],[114.22116542,22.43850551],[114.2211793,22.43752693],[114.22170302,22.43767414],[114.22292315,22.43909862],[114.22237585,22.4411335]]],[[[114.22243848,22.46346521],[114.22131166,22.46217705],[114.2203492,22.46228064],[114.22020753,22.46079423],[114.22115286,22.46034903],[114.22249816,22.46036929],[114.2228047,22.46143536],[114.22254959,22.46230728],[114.22274988,22.46322027],[114.22243848,22.46346521]]],[[[114.240112,22.4791744],[114.23916364,22.47903401],[114.23819796,22.47787299],[114.23686017,22.47749262],[114.23660188,22.4771317],[114.23812341,22.47636259],[114.23861107,22.47651665],[114.23911956,22.47727925],[114.24093794,22.4749826],[114.24112658,22.47512607],[114.23917043,22.47731841],[114.24043445,22.476745],[114.23923164,22.47781194],[114.23970251,22.47869397],[114.24029351,22.4786256],[114.24071571,22.47906515],[114.23980007,22.47904348],[114.240112,22.4791744]]],[[[114.21854102,22.47752228],[114.21775769,22.4800447],[114.21746688,22.48022106],[114.21696662,22.47970044],[114.21692102,22.47898319],[114.21602277,22.4780061],[114.21753449,22.47685725],[114.2191337,22.47651932],[114.21882924,22.47512902],[114.21809174,22.47464045],[114.21762328,22.47466316],[114.21696506,22.47569822],[114.21335214,22.47530037],[114.21322914,22.47655349],[114.21262929,22.47687572],[114.2125604,22.47801784],[114.21217415,22.47787649],[114.21219145,22.47683733],[114.21296395,22.47604093],[114.21168326,22.47472933],[114.21083045,22.47525669],[114.20934202,22.47547045],[114.2078912,22.47696827],[114.20741564,22.47603408],[114.20527339,22.47662978],[114.20333519,22.47578034],[114.20118443,22.47532033],[114.20042881,22.47411077],[114.19975889,22.47562177],[114.19873075,22.47425229],[114.1986671,22.47301503],[114.19911382,22.47215019],[114.20211995,22.46912286],[114.20412371,22.46790286],[114.20429008,22.4661676],[114.20365363,22.4644663],[114.20381792,22.4630564],[114.20304223,22.46181032],[114.20485417,22.46098427],[114.20402439,22.46015459],[114.20311113,22.45975706],[114.20306559,22.45884472],[114.20417376,22.45927091],[114.20547701,22.45722409],[114.20619962,22.45752579],[114.20778089,22.45656889],[114.20898248,22.45664484],[114.2114758,22.45335981],[114.20920458,22.45671684],[114.21125217,22.45721224],[114.21319302,22.45691632],[114.21362849,22.45568723],[114.21320673,22.45549],[114.21396398,22.45545695],[114.21416108,22.45454107],[114.21383145,22.45457688],[114.21383516,22.45424887],[114.21264932,22.45358552],[114.21259495,22.45283314],[114.21188598,22.45227214],[114.211216,22.45083744],[114.20967981,22.4497007],[114.20990224,22.44945673],[114.21069727,22.44959658],[114.21133971,22.44915222],[114.2121032,22.44926945],[114.21273614,22.44882294],[114.21334612,22.44913029],[114.2140567,22.4490406],[114.21406608,22.44880722],[114.21409392,22.44905597],[114.21498936,22.44921968],[114.2163311,22.44844333],[114.21561184,22.44737482],[114.21599334,22.44714144],[114.21750163,22.44788882],[114.21649751,22.44902604],[114.2166328,22.44950552],[114.21719761,22.44971493],[114.21779812,22.44977024],[114.21926186,22.44899659],[114.22083094,22.44909563],[114.22278048,22.45025697],[114.22461691,22.44998175],[114.22494976,22.44883539],[114.22605112,22.44926876],[114.22707776,22.45039387],[114.22959676,22.45089339],[114.23114738,22.45305022],[114.23220865,22.45341311],[114.23313884,22.45439925],[114.23366485,22.45539512],[114.23357799,22.45613458],[114.23439824,22.45747006],[114.23214885,22.45881139],[114.22990631,22.45801369],[114.22747012,22.45561706],[114.22756979,22.45489932],[114.22684904,22.45384939],[114.22680436,22.4526411],[114.22584103,22.45231088],[114.22312069,22.45034298],[114.22180932,22.4500204],[114.22106308,22.45023082],[114.22042926,22.45121565],[114.21582209,22.45235246],[114.21512859,22.4535989],[114.21573105,22.45446008],[114.21776037,22.45610918],[114.21903773,22.45562356],[114.21981144,22.45591911],[114.21996369,22.45637734],[114.21926843,22.45678297],[114.2173899,22.45692439],[114.21659401,22.45742873],[114.21641946,22.45691828],[114.21550754,22.45626213],[114.21496306,22.45629839],[114.21440551,22.45773125],[114.2138026,22.45759461],[114.21366787,22.4578477],[114.21378475,22.45758701],[114.21325485,22.45759503],[114.2134578,22.45738547],[114.21324151,22.45722543],[114.2120897,22.45746612],[114.21147504,22.4583264],[114.20883701,22.45913628],[114.20822287,22.46121149],[114.20832743,22.46220025],[114.20888633,22.46199242],[114.20833338,22.46221993],[114.20890145,22.46264753],[114.20957823,22.46406957],[114.20947858,22.46463261],[114.20876662,22.46516084],[114.20907534,22.46694366],[114.20953228,22.4670935],[114.20972904,22.46764884],[114.22232329,22.46764802],[114.22232138,22.46888129],[114.22273482,22.46884566],[114.22295567,22.46832999],[114.22312353,22.46912901],[114.22310313,22.46838709],[114.22350424,22.46834568],[114.22568973,22.47119015],[114.22669009,22.47095226],[114.22729888,22.47014057],[114.22696937,22.47062238],[114.22861492,22.4715857],[114.22911627,22.4709405],[114.22845212,22.47185652],[114.23051167,22.47196593],[114.23128032,22.47230585],[114.232555,22.47114355],[114.23232797,22.47086641],[114.23270531,22.47101867],[114.23283838,22.47052555],[114.23244271,22.470418],[114.23284012,22.47035587],[114.23331235,22.46919356],[114.23254512,22.46879587],[114.23183816,22.46913898],[114.23165368,22.46838629],[114.23285253,22.46831694],[114.2329106,22.4680683],[114.23247263,22.46793862],[114.2338394,22.46764767],[114.23445597,22.46793704],[114.2338244,22.46804868],[114.23359547,22.46843498],[114.23362756,22.46916626],[114.23398217,22.46929604],[114.23323001,22.46971697],[114.23308016,22.47087138],[114.233915,22.47086308],[114.2342764,22.4716607],[114.23568606,22.47244131],[114.23569278,22.47315259],[114.23676021,22.47535966],[114.23641831,22.47686629],[114.23561178,22.47736296],[114.2339821,22.47726619],[114.23319782,22.47653115],[114.23266128,22.47660355],[114.23269154,22.4760467],[114.23118976,22.47536081],[114.22940369,22.47694555],[114.2299196,22.47576583],[114.22902017,22.4751839],[114.22830956,22.47583642],[114.22771702,22.47558939],[114.22805507,22.47708444],[114.22748134,22.47642215],[114.22652998,22.47653242],[114.225935,22.47590886],[114.22529906,22.47608844],[114.2247796,22.47578102],[114.22382782,22.47643597],[114.22308771,22.47516749],[114.22116406,22.47369528],[114.22058213,22.47494218],[114.22088953,22.4757336],[114.22038539,22.47658643],[114.21925891,22.47761792],[114.21854102,22.47752228]]]]}},{"type":"Feature","properties":{"TPU_NUMBER":"729","SPU_NUMBER":"72","PPU_NUMBER":"7"},"geometry":{"type":"Polygon","coordinates":[[[114.18335979,22.44194296],[114.1811707,22.44305351],[114.17832004,22.44504581],[114.17674855,22.44505086],[114.17447784,22.44471231],[114.17332596,22.44411718],[114.17095736,22.44230879],[114.17095956,22.44118578],[114.17060817,22.4407641],[114.172032,22.43975855],[114.1724263,22.43838967],[114.17286754,22.43863976],[114.17398124,22.43768347],[114.17500274,22.43776886],[114.17566602,22.43673346],[114.17630185,22.43636612],[114.17746295,22.4369454],[114.17794574,22.43685036],[114.17925441,22.43589718],[114.18119328,22.43318669],[114.18297329,22.43258651],[114.18363856,22.43086108],[114.18169026,22.42973345],[114.18166293,22.42917658],[114.1831882,22.42951938],[114.18457676,22.43093424],[114.18423933,22.43297144],[114.18294607,22.43414215],[114.18347217,22.43462388],[114.18567474,22.43274781],[114.18766908,22.43247623],[114.18752019,22.42879221],[114.18827025,22.42694189],[114.19178974,22.42812669],[114.19336946,22.42789353],[114.19395011,22.42706606],[114.19363621,22.42635592],[114.19376552,22.42577437],[114.19494803,22.42420873],[114.1947681,22.42288525],[114.19595789,22.42123054],[114.19606355,22.42020452],[114.1965452,22.41973603],[114.19811504,22.41947552],[114.19912292,22.42157922],[114.20014367,22.42146132],[114.20027085,22.42216518],[114.19998184,22.42255686],[114.200376,22.42426446],[114.2009488,22.42434172],[114.20228822,22.4253335],[114.20198575,22.42493055],[114.2025133,22.42349341],[114.20225145,22.42297846],[114.20295934,22.42339923],[114.20353873,22.42287517],[114.20327481,22.42243367],[114.20350603,22.42230621],[114.20398851,22.42256295],[114.20331749,22.42392743],[114.20359977,22.42411639],[114.20349206,22.42472283],[114.20375588,22.42469158],[114.20446283,22.42584213],[114.20503977,22.42577247],[114.20543417,22.42525629],[114.20612525,22.42575517],[114.20640277,22.42507209],[114.20728664,22.42667225],[114.21110959,22.42414702],[114.21252872,22.42273664],[114.21389222,22.4231858],[114.21450614,22.42142911],[114.21479986,22.42182668],[114.21511314,22.42323066],[114.21497534,22.42465624],[114.21440784,22.42580412],[114.21327903,22.42705016],[114.20187708,22.43515083],[114.19974024,22.43619614],[114.19653574,22.4387422],[114.19491271,22.43959437],[114.19303577,22.44008439],[114.18852873,22.43940925],[114.1861719,22.44028246],[114.18551665,22.44105232],[114.1851957,22.44083413],[114.18368466,22.44179638],[114.18400495,22.44262715],[114.18335979,22.44194296]]]}},{"type":"Feature","properties":{"TPU_NUMBER":"731","SPU_NUMBER":"73","PPU_NUMBER":"7"},"geometry":{"type":"Polygon","coordinates":[[[114.16707543,22.40590264],[114.16666209,22.4062094],[114.16648936,22.40734232],[114.16524494,22.409065],[114.1658943,22.41162413],[114.16572017,22.4128666],[114.16112886,22.41198005],[114.15778238,22.41188832],[114.15685939,22.4074573],[114.15309933,22.39991056],[114.15256426,22.39799195],[114.15255109,22.39677688],[114.15320606,22.39531137],[114.15241585,22.39402211],[114.15337452,22.3941403],[114.15402974,22.3946797],[114.15416967,22.39471535],[114.15430831,22.39464688],[114.15157966,22.39290792],[114.1518857,22.39261528],[114.15142666,22.39246686],[114.15169364,22.39202576],[114.1510756,22.39188064],[114.15092006,22.39141296],[114.15129796,22.39106154],[114.14965376,22.39060103],[114.14973503,22.39025867],[114.15034601,22.39027083],[114.15024457,22.38977388],[114.14942865,22.38900399],[114.14973981,22.3887714],[114.14973937,22.38819988],[114.14915925,22.38836736],[114.14893279,22.38769905],[114.14859399,22.3876648],[114.14861031,22.38718253],[114.14877326,22.38693042],[114.14960875,22.38727611],[114.14949728,22.38794193],[114.1500379,22.38812858],[114.15027452,22.38764383],[114.15055475,22.38875601],[114.15223729,22.38840772],[114.15273296,22.38859387],[114.15283535,22.38914995],[114.15305822,22.38886397],[114.15351645,22.38930276],[114.15348609,22.38883508],[114.15308335,22.38821379],[114.15228746,22.3877822],[114.15140121,22.38812289],[114.15206292,22.38746341],[114.15135039,22.38712462],[114.15135094,22.38644617],[114.15105892,22.38660153],[114.15005434,22.38593661],[114.15067692,22.38498131],[114.1504184,22.38483085],[114.14961272,22.3854327],[114.14933178,22.38522426],[114.14894661,22.38549809],[114.14890255,22.38484691],[114.14803327,22.38451875],[114.148493,22.38402758],[114.14844263,22.38358948],[114.14894258,22.3835539],[114.148717,22.38282038],[114.14741167,22.38290423],[114.14737456,22.38257538],[114.14779321,22.38238161],[114.14776898,22.3816653],[114.14711413,22.38109126],[114.14779469,22.38102973],[114.1490095,22.3802802],[114.15232603,22.38264361],[114.15353047,22.38296355],[114.15454766,22.38257085],[114.15620931,22.38343572],[114.15739439,22.38504809],[114.16054497,22.38682217],[114.16248471,22.38979469],[114.1629726,22.39117019],[114.16515458,22.39225995],[114.1655557,22.39290149],[114.16759126,22.39383922],[114.16817738,22.3950091],[114.16763444,22.3956582],[114.16773716,22.39737592],[114.16595958,22.39866522],[114.16612201,22.39907333],[114.16696154,22.39945196],[114.16725565,22.40036219],[114.16789203,22.40102009],[114.16727559,22.40192182],[114.16769175,22.40254778],[114.16718766,22.40257108],[114.16734624,22.40314499],[114.16708616,22.40392158],[114.16772128,22.40499957],[114.16707543,22.40590264]]]}},{"type":"Feature","properties":{"TPU_NUMBER":"732","SPU_NUMBER":"73","PPU_NUMBER":"7"},"geometry":{"type":"Polygon","coordinates":[[[114.19488597,22.41703259],[114.19392372,22.41788304],[114.19403847,22.41835945],[114.19357789,22.4190167],[114.18527744,22.4167221],[114.16572017,22.4128666],[114.1658943,22.41162413],[114.16524494,22.409065],[114.16648936,22.40734232],[114.16666209,22.4062094],[114.16772128,22.40499957],[114.16708616,22.40392158],[114.16734624,22.40314499],[114.16718766,22.40257108],[114.16769175,22.40254778],[114.16727559,22.40192182],[114.16789345,22.40105977],[114.16725565,22.40036219],[114.16696154,22.39945196],[114.16612201,22.39907333],[114.16595958,22.39866522],[114.16770448,22.39743678],[114.16763444,22.3956582],[114.16817012,22.39492012],[114.17351274,22.39517315],[114.17513528,22.39482634],[114.17585613,22.39519954],[114.17583048,22.39583874],[114.17719233,22.39577333],[114.17734261,22.39611374],[114.17828118,22.3964173],[114.17928225,22.39584005],[114.17972119,22.39610605],[114.18145557,22.39578811],[114.18194209,22.39614886],[114.17919996,22.39732658],[114.17907167,22.39797766],[114.18041811,22.39841538],[114.1822181,22.39838553],[114.1849776,22.39917599],[114.18557889,22.40105761],[114.18530683,22.40278744],[114.18672588,22.40299923],[114.18773198,22.40379839],[114.18936842,22.40768119],[114.19118899,22.40854255],[114.19379263,22.41125147],[114.19588948,22.41182465],[114.19671511,22.41251202],[114.19711159,22.41340041],[114.19651891,22.41348087],[114.19578309,22.41441437],[114.19670313,22.41667028],[114.19570968,22.41614491],[114.19553724,22.4169305],[114.19488597,22.41703259]]]}},{"type":"Feature","properties":{"TPU_NUMBER":"733","SPU_NUMBER":"73","PPU_NUMBER":"7"},"geometry":{"type":"Polygon","coordinates":[[[114.18226015,22.39105846],[114.18003513,22.39130834],[114.17911694,22.39242776],[114.17914801,22.39331417],[114.17825074,22.39409425],[114.17585613,22.39519954],[114.17513528,22.39482634],[114.17351274,22.39517315],[114.16817012,22.39492012],[114.16742995,22.39370105],[114.1655557,22.39290149],[114.16515458,22.39225995],[114.1629726,22.39117019],[114.16248471,22.38979469],[114.16054497,22.38682217],[114.15739439,22.38504809],[114.15620931,22.38343572],[114.15454766,22.38257085],[114.15353047,22.38296355],[114.15232603,22.38264361],[114.1490095,22.3802802],[114.14983741,22.37927206],[114.14951631,22.37884263],[114.14987783,22.37791083],[114.14868951,22.37782236],[114.14843138,22.37638561],[114.14770514,22.37628412],[114.14858452,22.37557254],[114.14819191,22.37481989],[114.14873077,22.37444666],[114.14870425,22.37361526],[114.14842636,22.3733892],[114.14881958,22.37187612],[114.150563,22.37029993],[114.15193189,22.37010388],[114.15408618,22.36880016],[114.155256,22.36772804],[114.15659011,22.36583019],[114.15748256,22.36656025],[114.15722534,22.36842981],[114.15779539,22.36893127],[114.16085431,22.3676685],[114.16276056,22.3660367],[114.16390803,22.3656069],[114.16451677,22.36561507],[114.16669122,22.36676099],[114.16712795,22.36718766],[114.16671373,22.36783438],[114.16739832,22.36823922],[114.16744489,22.36920173],[114.16605625,22.37030033],[114.1663951,22.37053937],[114.16442794,22.37216902],[114.16322031,22.37514004],[114.16150207,22.376073],[114.16062717,22.37739828],[114.16041846,22.37887013],[114.16094861,22.38250858],[114.17169787,22.3903849],[114.17816587,22.39070155],[114.18080914,22.38979174],[114.18163517,22.39017078],[114.18226015,22.39105846]]]}},{"type":"Feature","properties":{"TPU_NUMBER":"741","SPU_NUMBER":"74","PPU_NUMBER":"7"},"geometry":{"type":"MultiPolygon","coordinates":[[[[114.27225191,22.41580289],[114.27185285,22.41577714],[114.27195818,22.41533675],[114.27397743,22.41536085],[114.27238118,22.4155303],[114.27225191,22.41580289]]],[[[114.27300956,22.42453156],[114.27365769,22.42548052],[114.27353011,22.42613771],[114.27304419,22.4265597],[114.27256442,22.42611069],[114.27238402,22.42537691],[114.27300956,22.42453156]]],[[[114.27220325,22.43296273],[114.27194676,22.43283397],[114.27144816,22.43208759],[114.27188672,22.43230367],[114.27220325,22.43296273]]],[[[114.27249936,22.43314739],[114.27235516,22.43308017],[114.27232884,22.43295799],[114.27258845,22.43297233],[114.27249936,22.43314739]]],[[[114.32139783,22.47694643],[114.32176989,22.4794496],[114.32158237,22.48049889],[114.32081728,22.4795057],[114.32025831,22.47669383],[114.3178127,22.47739784],[114.31636153,22.4770029],[114.31421271,22.47500992],[114.31401324,22.47353404],[114.3131889,22.47308935],[114.31268084,22.47196511],[114.31210754,22.47216054],[114.31219466,22.47159549],[114.30992103,22.47161124],[114.30847765,22.47098463],[114.30770679,22.46919484],[114.30553978,22.46770727],[114.30511061,22.46616892],[114.30529893,22.46538054],[114.30448466,22.46465983],[114.30484648,22.46350768],[114.30367224,22.46253549],[114.30225372,22.46320806],[114.30199332,22.4629711],[114.30287599,22.4621382],[114.30307052,22.46165755],[114.30268671,22.46145562],[114.30271152,22.46077474],[114.30379913,22.45955891],[114.30399597,22.45879181],[114.30357328,22.45765424],[114.3029869,22.45746756],[114.3034232,22.45757247],[114.30370282,22.45730217],[114.30324321,22.45541707],[114.30247011,22.4552419],[114.30145985,22.4544224],[114.29991015,22.45414019],[114.29949436,22.45493922],[114.29995394,22.45567633],[114.29962956,22.45653733],[114.30005371,22.45692388],[114.29983616,22.45702059],[114.29959348,22.45654247],[114.29899069,22.45661824],[114.29650864,22.45582387],[114.29491441,22.45614164],[114.29464701,22.45559687],[114.29463091,22.45606947],[114.29323697,22.45816804],[114.29206497,22.45840751],[114.29172449,22.45810678],[114.29243184,22.45670492],[114.29180042,22.45611869],[114.29153331,22.45503875],[114.2919997,22.45387998],[114.29132415,22.45277599],[114.29208094,22.45128165],[114.29208381,22.45056425],[114.2900064,22.44943678],[114.28918708,22.45106492],[114.28888102,22.45255125],[114.28724474,22.45334328],[114.28686236,22.45384918],[114.28610781,22.4538265],[114.28547358,22.45228719],[114.28474879,22.45220833],[114.28259252,22.4510019],[114.28103928,22.4490922],[114.28024715,22.44723523],[114.27818839,22.4451428],[114.27741389,22.44495697],[114.27723066,22.44405873],[114.2781655,22.4429161],[114.27852234,22.44307451],[114.27857697,22.44437063],[114.27945499,22.44395264],[114.28024981,22.44402734],[114.28106448,22.44339077],[114.28179503,22.44347396],[114.2821006,22.4439184],[114.28378171,22.44360749],[114.28399103,22.44192357],[114.28326451,22.44171261],[114.28181196,22.44053552],[114.28142969,22.44090033],[114.28120668,22.43944834],[114.28205331,22.43788194],[114.28237569,22.4361265],[114.28356589,22.43530823],[114.28340905,22.43299863],[114.28402936,22.43183354],[114.28543426,22.43065501],[114.2857604,22.42946195],[114.28657378,22.4295954],[114.28786463,22.4291572],[114.28848625,22.42934484],[114.28983708,22.42840979],[114.28939637,22.42856744],[114.28837311,22.42777059],[114.28862675,22.42730413],[114.28828627,22.42647137],[114.28800325,22.42707378],[114.28766547,22.42707142],[114.28799908,22.42640641],[114.2873631,22.42628696],[114.28731532,22.42579071],[114.28774417,22.42551633],[114.2875057,22.42528022],[114.28544041,22.42502727],[114.28465197,22.42426627],[114.28437414,22.42353061],[114.28328791,22.42314915],[114.28333606,22.42284555],[114.28264977,22.42225056],[114.28080612,22.42151008],[114.27837921,22.41969099],[114.27595032,22.41901267],[114.27572848,22.41657703],[114.27501788,22.4151591],[114.27429633,22.415307],[114.27502799,22.41509182],[114.27597085,22.41324359],[114.27573885,22.41200666],[114.27638554,22.40971565],[114.27621637,22.40901854],[114.2742628,22.41168883],[114.27421042,22.41303549],[114.27319299,22.41351429],[114.27218652,22.41497163],[114.27010455,22.41654016],[114.26964961,22.41836929],[114.26833118,22.41872132],[114.26730091,22.42105719],[114.2677194,22.42169328],[114.26837993,22.421328],[114.26903207,22.42143449],[114.27045698,22.4224264],[114.27076786,22.42385135],[114.27034017,22.42446851],[114.27103188,22.42542447],[114.27063634,22.42584097],[114.2709757,22.42703583],[114.27078049,22.42799551],[114.27137921,22.42794584],[114.27063845,22.42802642],[114.27114449,22.42835996],[114.27042557,22.42867328],[114.27039426,22.429024],[114.2710672,22.42911188],[114.27055613,22.42909902],[114.27075376,22.43010764],[114.26953304,22.43145926],[114.26946728,22.43173212],[114.26984028,22.43193877],[114.26940843,22.43172057],[114.26896473,22.43203288],[114.26867818,22.43347695],[114.2680271,22.43406502],[114.26780073,22.43486651],[114.26773749,22.43365936],[114.2671597,22.43328403],[114.26717901,22.43352643],[114.26690612,22.43329947],[114.26614661,22.43381081],[114.26577008,22.43364911],[114.26592467,22.43340674],[114.26545712,22.4336511],[114.2653022,22.43341944],[114.26444578,22.43394749],[114.2638285,22.43343833],[114.26374123,22.43373706],[114.26339015,22.4336986],[114.26289399,22.43313633],[114.26138983,22.43286393],[114.26123173,22.43228878],[114.26090835,22.43266699],[114.26058452,22.43232442],[114.25933776,22.43266686],[114.25863713,22.43221353],[114.25797239,22.43248713],[114.25748424,22.43228869],[114.25836078,22.43076264],[114.25780882,22.43054988],[114.25898268,22.43022854],[114.25950411,22.42945489],[114.25990393,22.42947568],[114.26062445,22.42874065],[114.26076459,22.42820398],[114.26071061,22.42536842],[114.25810432,22.42538899],[114.25793529,22.42284949],[114.25627301,22.42293846],[114.2564041,22.4249249],[114.25615646,22.42493718],[114.25507655,22.42380251],[114.25009493,22.42344848],[114.24928974,22.42288146],[114.24875134,22.42307267],[114.24821998,22.42218706],[114.24842202,22.42178239],[114.24813293,22.41988955],[114.24836535,22.41683056],[114.24901122,22.41507329],[114.24851075,22.41420262],[114.25117066,22.41139339],[114.2524621,22.40901108],[114.25616636,22.40689093],[114.26158801,22.40677031],[114.26225614,22.40718672],[114.26261939,22.40787239],[114.26309616,22.40785049],[114.26392607,22.40386864],[114.26284565,22.40237233],[114.26432983,22.4027105],[114.26355609,22.40180052],[114.26328761,22.40048179],[114.26360374,22.40027764],[114.26362594,22.39941313],[114.26399141,22.39881632],[114.27030681,22.40066428],[114.27047395,22.40043958],[114.26993651,22.39954901],[114.27064922,22.3989381],[114.27069561,22.39794919],[114.27232173,22.39799379],[114.27225999,22.39837644],[114.27286054,22.39856587],[114.27345823,22.39966701],[114.27366705,22.40102003],[114.27539088,22.40198013],[114.27671379,22.40095438],[114.27683724,22.40138615],[114.27753559,22.40162976],[114.27828206,22.40241828],[114.28182045,22.4012944],[114.28312042,22.40400349],[114.28435528,22.40518145],[114.28500065,22.4064393],[114.28644035,22.40753548],[114.2872983,22.40895763],[114.28756759,22.40967171],[114.28669595,22.41193471],[114.28722512,22.41372471],[114.2882717,22.41506524],[114.29069118,22.41602412],[114.29102905,22.41664663],[114.29249148,22.41598825],[114.29409096,22.41607243],[114.29529612,22.41555665],[114.29746021,22.41522465],[114.29959643,22.41567107],[114.30259658,22.41475137],[114.30362375,22.41496738],[114.30613454,22.41672231],[114.30552238,22.41800806],[114.30563661,22.41850514],[114.30710694,22.4195479],[114.30680353,22.42052392],[114.30609019,22.42134391],[114.30651032,22.422326],[114.3061143,22.42378803],[114.30666842,22.42615117],[114.30800426,22.42770809],[114.31148892,22.42675953],[114.31145748,22.42857732],[114.31229489,22.4285165],[114.31268055,22.42899652],[114.31228504,22.42981933],[114.31166022,22.42980747],[114.3108591,22.43030315],[114.30987075,22.43168379],[114.30655557,22.43448029],[114.30526064,22.43609747],[114.30348132,22.43993085],[114.30255319,22.44274848],[114.30258779,22.443826],[114.30454867,22.44633661],[114.30749697,22.4486912],[114.30846887,22.45012938],[114.30949124,22.45254102],[114.31045011,22.45379273],[114.3144994,22.45722083],[114.31517208,22.46061652],[114.3179372,22.46470498],[114.31846189,22.46602768],[114.31869588,22.47210143],[114.32071856,22.47506941],[114.32139783,22.47694643]]]]}},{"type":"Feature","properties":{"TPU_NUMBER":"742","SPU_NUMBER":"74","PPU_NUMBER":"7"},"geometry":{"type":"MultiPolygon","coordinates":[[[[114.39538964,22.44822339],[114.39527508,22.44798214],[114.39536219,22.44771022],[114.39545639,22.44797851],[114.39538964,22.44822339]]],[[[114.39521095,22.44830963],[114.3949958,22.44802452],[114.3950708,22.44781407],[114.39532946,22.44820487],[114.39521095,22.44830963]]],[[[114.39566275,22.44835402],[114.39556659,22.44831521],[114.39560343,22.44801516],[114.39585165,22.44795664],[114.39566275,22.44835402]]],[[[114.39597201,22.4486931],[114.39575679,22.44830931],[114.39602112,22.44818061],[114.39608117,22.44857867],[114.39597201,22.4486931]]],[[[114.39500734,22.44914114],[114.39451315,22.44919072],[114.39473942,22.44895315],[114.39419814,22.44857855],[114.39456344,22.4480582],[114.39511451,22.44822034],[114.39500734,22.44914114]]],[[[114.42832346,22.46586596],[114.42781757,22.46593997],[114.42810215,22.46556736],[114.42770128,22.46552586],[114.42863872,22.46508708],[114.42832346,22.46586596]]],[[[114.42779654,22.46674765],[114.42725193,22.46713455],[114.42728738,22.4665921],[114.42781149,22.46597246],[114.42804333,22.46620996],[114.42779654,22.46674765]]],[[[114.3318665,22.47554186],[114.33133723,22.47549288],[114.33133526,22.47465836],[114.33218882,22.47475512],[114.3318665,22.47554186]]],[[[114.32313717,22.47819692],[114.32221638,22.47948058],[114.32209996,22.48017278],[114.32165901,22.48047874],[114.32167019,22.47831555],[114.32116916,22.47613593],[114.31869588,22.47210143],[114.31846189,22.46602768],[114.3179372,22.46470498],[114.31517208,22.46061652],[114.3144994,22.45722083],[114.31132862,22.45476463],[114.30949124,22.45254102],[114.30846887,22.45012938],[114.30749697,22.4486912],[114.30454867,22.44633661],[114.30275272,22.44433468],[114.30255319,22.44274848],[114.30434461,22.43778528],[114.30621815,22.43480874],[114.30987075,22.43168379],[114.3108591,22.43030315],[114.31166022,22.42980747],[114.31228504,22.42981933],[114.312681,22.42896875],[114.31229489,22.4285165],[114.31145748,22.42857732],[114.31148892,22.42675953],[114.31799851,22.42607589],[114.31924873,22.42520471],[114.31994264,22.42429443],[114.32167634,22.42367741],[114.32256644,22.42295564],[114.32286023,22.42222203],[114.32222992,22.42070024],[114.32476767,22.41743539],[114.33130252,22.41476771],[114.33250129,22.41462539],[114.3346282,22.41541734],[114.33484579,22.41610156],[114.33637245,22.41706143],[114.33759303,22.41880517],[114.33906054,22.41806617],[114.33974983,22.41700905],[114.34171202,22.41536215],[114.34184102,22.41490117],[114.34280942,22.4144537],[114.34344204,22.41357572],[114.34361761,22.41260736],[114.34473129,22.41104127],[114.34887267,22.41009993],[114.35204496,22.4083471],[114.351524,22.40681562],[114.35072713,22.40632002],[114.35095328,22.40615254],[114.35230718,22.40580167],[114.35558017,22.40580039],[114.35553407,22.40660654],[114.3562248,22.40750297],[114.35823896,22.40750303],[114.35837908,22.40796012],[114.35955975,22.40839874],[114.36030825,22.41028455],[114.36213059,22.41289276],[114.36472332,22.41512239],[114.3660654,22.41790871],[114.3656211,22.41863806],[114.36639362,22.42075502],[114.36602246,22.42099936],[114.3666713,22.42155157],[114.36699552,22.42235728],[114.36802764,22.42317093],[114.36786271,22.42536142],[114.36643745,22.42654871],[114.36642008,22.42816965],[114.36593193,22.42913064],[114.36637681,22.42984926],[114.3661933,22.43036208],[114.36677068,22.43169277],[114.36668921,22.43245053],[114.36609577,22.43345279],[114.36452849,22.43396492],[114.36392895,22.4355831],[114.36478752,22.43885421],[114.36379375,22.44201977],[114.36768642,22.44304224],[114.36663975,22.44515926],[114.36655637,22.44703791],[114.36715426,22.4478522],[114.36821012,22.44794019],[114.36835595,22.44845206],[114.36963469,22.44962701],[114.37018854,22.45347324],[114.36967527,22.45533483],[114.36784779,22.45657289],[114.36695101,22.45856026],[114.36104579,22.46086377],[114.36077123,22.46029088],[114.36168879,22.45984199],[114.36102386,22.45847488],[114.36052637,22.45866221],[114.36042812,22.45842217],[114.36103639,22.4584188],[114.36056008,22.4564097],[114.36121505,22.45432949],[114.3616852,22.45395322],[114.36225838,22.45256097],[114.36223131,22.45212576],[114.36196493,22.45178295],[114.3622171,22.45145983],[114.36186089,22.4517177],[114.36205237,22.45225583],[114.36085585,22.45147804],[114.35848636,22.45251162],[114.3573459,22.45111401],[114.35702895,22.44975642],[114.35604718,22.44991158],[114.35571866,22.44936973],[114.35515816,22.44920449],[114.35488252,22.4495294],[114.3548687,22.45054508],[114.35445154,22.45067494],[114.35329211,22.45023122],[114.35250367,22.44945036],[114.35241584,22.44891047],[114.35300723,22.44857078],[114.35290066,22.44833385],[114.35314812,22.44858501],[114.35414914,22.44765196],[114.35376423,22.44520195],[114.35500381,22.44517722],[114.35512739,22.44576175],[114.35684683,22.44607242],[114.35504455,22.44263548],[114.35534164,22.44199268],[114.35494571,22.44090345],[114.35604328,22.43954206],[114.35448928,22.43723529],[114.35424756,22.43516178],[114.35526252,22.43411108],[114.35518453,22.43377552],[114.35436294,22.43339664],[114.35390381,22.43354596],[114.35429119,22.43330079],[114.35393975,22.43178702],[114.35460824,22.42937469],[114.35432574,22.42879267],[114.35359203,22.42833325],[114.35381853,22.42783304],[114.35547188,22.42763072],[114.35558211,22.4270831],[114.35472735,22.42663613],[114.35601066,22.42571799],[114.35625845,22.42470845],[114.35348416,22.42487305],[114.35402255,22.42463676],[114.3538063,22.42432675],[114.35444825,22.42343322],[114.35562418,22.42307437],[114.35602876,22.42224843],[114.35560387,22.4224582],[114.35477186,22.42197276],[114.35328835,22.42248991],[114.35300623,22.42208256],[114.35273328,22.4227088],[114.35261834,22.42206307],[114.3523691,22.42249419],[114.35221352,22.422111],[114.35116957,22.42259563],[114.35090456,22.4222947],[114.35041125,22.42234465],[114.35074685,22.42223552],[114.35061177,22.42165269],[114.34982912,22.42158058],[114.34972414,22.42185549],[114.34912727,22.42185901],[114.34862443,22.42234551],[114.34859923,22.42286625],[114.34804455,22.42323223],[114.34738105,22.42275884],[114.3467588,22.42325278],[114.34714165,22.42387763],[114.34726928,22.42521573],[114.35096774,22.4265144],[114.34947026,22.42825983],[114.34932446,22.42975085],[114.34966344,22.43004355],[114.34906911,22.43133311],[114.3489253,22.43256183],[114.3482799,22.43313289],[114.34743566,22.43504854],[114.34703179,22.43531459],[114.3469141,22.43658249],[114.34757417,22.43752663],[114.34645857,22.43919625],[114.34546097,22.43895058],[114.34383164,22.437962],[114.34288934,22.43690837],[114.34256714,22.43589369],[114.34210022,22.43559472],[114.34219147,22.43450276],[114.34184058,22.43411675],[114.34241939,22.43305829],[114.34195583,22.43242014],[114.34214494,22.43182873],[114.34192861,22.43135926],[114.34116347,22.43086],[114.3404494,22.43120519],[114.33969828,22.43105596],[114.33915702,22.43164648],[114.33805837,22.43161069],[114.33801075,22.43089521],[114.33855042,22.42939239],[114.33970493,22.42872425],[114.3405413,22.42905443],[114.34069267,22.428695],[114.34142769,22.42868531],[114.34156672,22.42843439],[114.340224,22.42808394],[114.33990135,22.42767218],[114.33908069,22.42805613],[114.33881695,22.42787123],[114.33777522,22.42852403],[114.33671877,22.42813502],[114.33657679,22.42816054],[114.33660392,22.42857503],[114.33656101,22.42857864],[114.33656049,22.42816026],[114.33534183,22.42768067],[114.33319561,22.42831437],[114.33293197,22.42895779],[114.33322157,22.42899175],[114.33322658,22.42944375],[114.3343314,22.42896857],[114.33560675,22.42947098],[114.33669079,22.43111915],[114.33701175,22.43299095],[114.33753466,22.43321397],[114.33757585,22.4337061],[114.33723434,22.43413942],[114.33720799,22.43502412],[114.33681093,22.43538724],[114.33743728,22.43546844],[114.33729313,22.43572483],[114.33680431,22.43548033],[114.33553042,22.43695002],[114.33447075,22.43747388],[114.33401692,22.43910994],[114.33372965,22.43924345],[114.33326757,22.43851748],[114.33263353,22.43843768],[114.33328887,22.43875519],[114.33296537,22.43931916],[114.33322128,22.43944167],[114.33267264,22.43939643],[114.33304148,22.43988282],[114.33281934,22.4399771],[114.33361047,22.44014489],[114.33410511,22.4410456],[114.33477333,22.44140982],[114.33515541,22.44082421],[114.33557839,22.44112825],[114.33686537,22.44110572],[114.33729149,22.44037466],[114.33895904,22.44049801],[114.33955996,22.44158424],[114.34048499,22.44190047],[114.34126703,22.44434211],[114.34155152,22.44445658],[114.34124764,22.4470669],[114.3396126,22.4474703],[114.33829241,22.44815257],[114.33796496,22.44865134],[114.33877982,22.45046584],[114.33817296,22.45235336],[114.33703216,22.45373995],[114.33703002,22.45488855],[114.3371994,22.45541705],[114.33775637,22.45566213],[114.33820254,22.45675233],[114.33798477,22.45698922],[114.33826561,22.4571032],[114.33874408,22.45967792],[114.33775829,22.46264732],[114.33828123,22.46316039],[114.33906652,22.46327383],[114.34149123,22.46226464],[114.3417063,22.46143226],[114.34311753,22.46124922],[114.34371972,22.46066022],[114.3443762,22.4606138],[114.34567792,22.46160351],[114.34656444,22.46159243],[114.3467066,22.46242821],[114.3471781,22.46288281],[114.34714666,22.46372622],[114.34691193,22.46452815],[114.34612252,22.46513733],[114.34538651,22.46798184],[114.34440334,22.46859874],[114.34377612,22.47069677],[114.34384546,22.47129299],[114.34446246,22.47198451],[114.34303074,22.47536134],[114.3424716,22.47811519],[114.34185102,22.47878881],[114.34137603,22.47886178],[114.34010837,22.47744628],[114.33935062,22.47529729],[114.33861988,22.47487634],[114.33823351,22.47505129],[114.33760609,22.47439009],[114.3378665,22.47403516],[114.33852751,22.47407416],[114.33863054,22.47337654],[114.33931212,22.47271694],[114.33969356,22.47158581],[114.33936181,22.47014014],[114.33858638,22.46887217],[114.33843451,22.4673882],[114.33800822,22.46680042],[114.33678048,22.46674982],[114.33620261,22.46632847],[114.33720513,22.46301011],[114.3359263,22.46235816],[114.33570677,22.46295575],[114.33490086,22.46326717],[114.33485289,22.46266172],[114.33313365,22.46206395],[114.33286704,22.46318393],[114.33354457,22.46310786],[114.33351061,22.46346473],[114.33286528,22.46320727],[114.33236777,22.46381154],[114.33150532,22.4639079],[114.33038102,22.46304399],[114.33045955,22.46219157],[114.32968722,22.46136372],[114.32899503,22.46157826],[114.32879461,22.46123766],[114.32779207,22.46178336],[114.3275618,22.46077023],[114.32697035,22.46071494],[114.32706025,22.46119397],[114.32670622,22.46137487],[114.32726829,22.46121],[114.32693938,22.46170077],[114.32749193,22.46173819],[114.32709042,22.46210334],[114.32689574,22.46299782],[114.32787793,22.46565934],[114.32858787,22.46641755],[114.32839891,22.46797732],[114.32854738,22.46840676],[114.32903659,22.46855217],[114.32886934,22.47017935],[114.32963063,22.47098771],[114.3307687,22.47075658],[114.33103596,22.47016558],[114.33151721,22.47024489],[114.3309149,22.4712653],[114.33126432,22.47303199],[114.33045874,22.47388737],[114.3298593,22.47397025],[114.32852588,22.47241308],[114.32833756,22.47115274],[114.32618221,22.47162254],[114.3251104,22.47115791],[114.32300326,22.47363026],[114.32284106,22.47494013],[114.32365742,22.47661292],[114.32313717,22.47819692]]],[[[114.33384398,22.48048141],[114.33336323,22.48036317],[114.33322232,22.4799959],[114.33395744,22.47929572],[114.3343247,22.47982415],[114.33384398,22.48048141]]],[[[114.33121978,22.48067978],[114.33072469,22.48048438],[114.33056518,22.4794533],[114.3307085,22.47713181],[114.33111009,22.47675085],[114.33139448,22.47685067],[114.33188357,22.47826627],[114.33182436,22.48003252],[114.33121978,22.48067978]]],[[[114.37043738,22.48418168],[114.37002259,22.48385233],[114.37015409,22.48324822],[114.37130552,22.48275638],[114.37151674,22.48329607],[114.37043738,22.48418168]]],[[[114.35969589,22.48643002],[114.35788829,22.48540157],[114.35630775,22.48258411],[114.3546728,22.48225725],[114.35330326,22.48073732],[114.35437707,22.4800853],[114.35547065,22.48018147],[114.35571171,22.47917247],[114.356767,22.47771139],[114.35619261,22.47647774],[114.35634768,22.47608436],[114.35736854,22.47553385],[114.35774587,22.47188821],[114.35848724,22.47175709],[114.35996517,22.47338495],[114.36095792,22.47355973],[114.36127556,22.47398728],[114.36133415,22.47292657],[114.36080806,22.47283523],[114.36082239,22.47217019],[114.36051114,22.47246364],[114.35966069,22.4724447],[114.35928006,22.47063115],[114.35892192,22.47029309],[114.35860784,22.47048619],[114.35891884,22.47007352],[114.3588638,22.46935199],[114.35827792,22.46851053],[114.35809349,22.46732873],[114.35761699,22.46725792],[114.35818373,22.46726234],[114.35831501,22.46649411],[114.35939116,22.46552664],[114.36075309,22.46513493],[114.36219724,22.46561507],[114.3625968,22.46645893],[114.36333654,22.4670285],[114.36365947,22.46694207],[114.36389673,22.46798554],[114.36441846,22.46855014],[114.36367711,22.47008931],[114.36379851,22.47120601],[114.36421358,22.4717071],[114.36532544,22.47189024],[114.36534196,22.47224867],[114.36583356,22.47216327],[114.36602526,22.47262698],[114.36668633,22.47277181],[114.36619153,22.47383622],[114.36693924,22.47590098],[114.36650483,22.47637706],[114.36677322,22.47670145],[114.36623329,22.47711417],[114.36660054,22.47706929],[114.36344187,22.47916549],[114.3633003,22.48041075],[114.36358256,22.48147816],[114.36455954,22.48211388],[114.36436619,22.48441106],[114.36346822,22.48538223],[114.36172113,22.48522105],[114.36084013,22.48606782],[114.35969589,22.48643002]]],[[[114.35979806,22.50476971],[114.3590735,22.50467846],[114.35779459,22.50374817],[114.35689874,22.50370392],[114.35672648,22.50241573],[114.35710093,22.50122599],[114.35652286,22.50071856],[114.35508368,22.50036492],[114.3566531,22.49854955],[114.35794079,22.49588048],[114.35822129,22.49662794],[114.3588724,22.4969789],[114.35974542,22.49637204],[114.35999777,22.49672077],[114.36022954,22.49646174],[114.36041906,22.49689617],[114.36008546,22.4972604],[114.36085156,22.49742388],[114.36067551,22.49859325],[114.36088445,22.49849752],[114.36063389,22.49876355],[114.36088619,22.49871234],[114.36078641,22.4993069],[114.3613702,22.49980306],[114.36134073,22.50054289],[114.36173278,22.50090781],[114.36199978,22.5005795],[114.36219833,22.50105114],[114.36195749,22.50147905],[114.36241105,22.50194926],[114.36266097,22.50174093],[114.36293184,22.50258212],[114.36270402,22.5027084],[114.36321164,22.50282999],[114.36314031,22.50321771],[114.36354173,22.5031891],[114.36397861,22.50370559],[114.36376162,22.50405385],[114.36320905,22.50389134],[114.36246892,22.5041719],[114.36219339,22.50328554],[114.3614145,22.50397532],[114.36127763,22.50455182],[114.35979806,22.50476971]]]]}},{"type":"Feature","properties":{"TPU_NUMBER":"743","SPU_NUMBER":"74","PPU_NUMBER":"7"},"geometry":{"type":"Polygon","coordinates":[[[114.43012118,22.55323562],[114.42582327,22.55146082],[114.4253549,22.54899902],[114.42416837,22.54815015],[114.42422405,22.54767671],[114.42500574,22.54799952],[114.42564727,22.54768976],[114.42583115,22.54719794],[114.42551356,22.54488178],[114.42586725,22.54373006],[114.42568272,22.54301139],[114.42705824,22.54172306],[114.42771902,22.54053083],[114.4286251,22.54095466],[114.42894435,22.5406897],[114.4297828,22.54077136],[114.43219136,22.53902469],[114.43485721,22.53784114],[114.43854462,22.53781155],[114.43945651,22.53814689],[114.44039872,22.53950826],[114.44187566,22.54037437],[114.44187804,22.54087144],[114.44127847,22.5414895],[114.4401016,22.54158334],[114.43883825,22.54227594],[114.43799686,22.54229762],[114.4368711,22.54157631],[114.43598347,22.54169867],[114.43342825,22.54359641],[114.43295723,22.54454962],[114.43352637,22.5451106],[114.43243668,22.54436941],[114.43147039,22.54478749],[114.43070045,22.5460927],[114.43080248,22.54682065],[114.43011653,22.55015289],[114.43054399,22.55280718],[114.43012118,22.55323562]]]}},{"type":"Feature","properties":{"TPU_NUMBER":"744","SPU_NUMBER":"74","PPU_NUMBER":"7"},"geometry":{"type":"Polygon","coordinates":[[[114.25911907,22.40684239],[114.25616636,22.40689093],[114.25267386,22.40894818],[114.25280159,22.39766531],[114.26164906,22.39808116],[114.26425425,22.39874729],[114.26386611,22.39896934],[114.26360374,22.40027764],[114.26328761,22.40048179],[114.26355609,22.40180052],[114.26432983,22.4027105],[114.26284565,22.40237233],[114.26392607,22.40386864],[114.26309616,22.40785049],[114.26261939,22.40787239],[114.26225614,22.40718672],[114.26158801,22.40677031],[114.25911907,22.40684239]]]}},{"type":"Feature","properties":{"TPU_NUMBER":"751","SPU_NUMBER":"75","PPU_NUMBER":"7"},"geometry":{"type":"Polygon","coordinates":[[[114.1947681,22.42288525],[114.19493467,22.42425513],[114.19367186,22.42603638],[114.19391888,22.42718225],[114.19321947,22.428013],[114.19211746,22.42817962],[114.19078098,22.42703343],[114.19056745,22.42635312],[114.1905424,22.4256],[114.19121893,22.42394334],[114.19237683,22.42211462],[114.19414399,22.42026183],[114.19447533,22.42076991],[114.19582406,22.42125515],[114.1947681,22.42288525]]]}},{"type":"Feature","properties":{"TPU_NUMBER":"753","SPU_NUMBER":"75","PPU_NUMBER":"7"},"geometry":{"type":"Polygon","coordinates":[[[114.20756478,22.42650202],[114.20728664,22.42667225],[114.20640277,22.42507209],[114.20612525,22.42575517],[114.20543417,22.42525629],[114.20503977,22.42577247],[114.20446283,22.42584213],[114.20375588,22.42469158],[114.20349206,22.42472283],[114.20359977,22.42411639],[114.20331749,22.42392743],[114.20398851,22.42256295],[114.20350603,22.42230621],[114.20327481,22.42243367],[114.20353873,22.42287517],[114.20295934,22.42339923],[114.20225145,22.42297846],[114.2025133,22.42349341],[114.20198575,22.42493055],[114.20228822,22.4253335],[114.2009488,22.42434172],[114.200376,22.42426446],[114.19998184,22.42255686],[114.20027085,22.42216518],[114.20014367,22.42146132],[114.19912292,22.42157922],[114.19811504,22.41947552],[114.1963627,22.41985047],[114.19595789,22.42123054],[114.19434872,22.42067357],[114.19357912,22.4188448],[114.19460433,22.41713511],[114.19556146,22.41690263],[114.19560263,22.41619449],[114.19670313,22.41667028],[114.19578309,22.41441437],[114.19651891,22.41348087],[114.19711159,22.41340041],[114.19671511,22.41251202],[114.19588948,22.41182465],[114.19379263,22.41125147],[114.19118899,22.40854255],[114.18936842,22.40768119],[114.18773198,22.40379839],[114.18672588,22.40299923],[114.18530683,22.40278744],[114.18557889,22.40105761],[114.1849776,22.39917599],[114.1822181,22.39838553],[114.18041811,22.39841538],[114.17907167,22.39797766],[114.17919996,22.39732658],[114.18194209,22.39614886],[114.18145557,22.39578811],[114.17972119,22.39610605],[114.17928225,22.39584005],[114.1783006,22.39642038],[114.17734261,22.39611374],[114.1772088,22.39577747],[114.17567657,22.39567635],[114.1761369,22.39493806],[114.17823405,22.39410379],[114.17914801,22.39331417],[114.17911694,22.39242776],[114.18003513,22.39130834],[114.18226015,22.39105846],[114.18261736,22.39149672],[114.18324915,22.39147869],[114.18376109,22.39106202],[114.18466847,22.39113181],[114.18508302,22.39077876],[114.18562697,22.39120219],[114.18608134,22.39099579],[114.18589218,22.39039478],[114.18683862,22.3909374],[114.18720733,22.390184],[114.18754003,22.39064779],[114.18848212,22.39059506],[114.18923067,22.39162771],[114.1905107,22.39209811],[114.19105648,22.39296427],[114.19101346,22.39374623],[114.19158795,22.39377434],[114.19171448,22.39243225],[114.19314071,22.39062526],[114.19369509,22.3906237],[114.19400264,22.39164251],[114.194869,22.39169924],[114.19473562,22.39238469],[114.19599613,22.39257153],[114.19754704,22.39409931],[114.20194276,22.39047409],[114.2181662,22.40732276],[114.21551026,22.40950612],[114.21619807,22.40926358],[114.2137139,22.41097758],[114.21364312,22.41206377],[114.21478269,22.41493284],[114.21454114,22.41623615],[114.21408302,22.41662599],[114.21423452,22.41719112],[114.21471672,22.4171283],[114.21424446,22.41725824],[114.21465459,22.41840172],[114.21451096,22.42137233],[114.21389222,22.4231858],[114.21252872,22.42273664],[114.21110959,22.42414702],[114.20756478,22.42650202]]]}},{"type":"Feature","properties":{"TPU_NUMBER":"754","SPU_NUMBER":"75","PPU_NUMBER":"7"},"geometry":{"type":"Polygon","coordinates":[[[114.17893481,22.38740204],[114.17919186,22.38899083],[114.17816587,22.39070155],[114.17169787,22.3903849],[114.16094861,22.38250858],[114.16041846,22.37887013],[114.16076616,22.37703341],[114.16150207,22.376073],[114.16322031,22.37514004],[114.16442794,22.37216902],[114.1663951,22.37053937],[114.16605625,22.37030033],[114.16743437,22.3692164],[114.16753641,22.36872688],[114.16726031,22.36803974],[114.16671373,22.36783438],[114.16712795,22.36718766],[114.16697484,22.36698014],[114.1642127,22.36555547],[114.16285705,22.36597622],[114.1611307,22.36750065],[114.15872456,22.36870949],[114.15789297,22.36893645],[114.15731638,22.36868649],[114.15750415,22.3666292],[114.15652434,22.36558142],[114.158156,22.36356959],[114.15789359,22.36184687],[114.15817705,22.3602099],[114.15907789,22.35976127],[114.15990597,22.35865908],[114.15933184,22.35791095],[114.15871967,22.35492085],[114.15787142,22.35373472],[114.15968355,22.3540953],[114.16207874,22.3576713],[114.16613429,22.36272323],[114.17016397,22.36562307],[114.17390562,22.3699294],[114.18169,22.3755415],[114.18398966,22.3782462],[114.18506456,22.37882105],[114.18590165,22.37976081],[114.18607839,22.38005688],[114.18554784,22.38056883],[114.18523039,22.38024173],[114.18370662,22.38202883],[114.18373074,22.38260246],[114.18515661,22.38347958],[114.18538453,22.38331455],[114.18492779,22.38444549],[114.17977556,22.3853596],[114.17934612,22.38569095],[114.17928108,22.3873295],[114.17893481,22.38740204]]]}},{"type":"Feature","properties":{"TPU_NUMBER":"755","SPU_NUMBER":"75","PPU_NUMBER":"7"},"geometry":{"type":"Polygon","coordinates":[[[114.20047199,22.37461193],[114.20045029,22.37794858],[114.19948684,22.37821997],[114.20072751,22.38111547],[114.20166525,22.38499878],[114.20135591,22.38643881],[114.20000933,22.38844883],[114.19021078,22.37825181],[114.18696582,22.37659188],[114.18991164,22.37353452],[114.18992401,22.37186337],[114.19084364,22.37280118],[114.19334821,22.37375894],[114.19365542,22.37242364],[114.19456596,22.37272597],[114.19612949,22.37195043],[114.1965934,22.36990494],[114.19706404,22.36944202],[114.19773687,22.3676269],[114.19830399,22.36741149],[114.19913542,22.36743807],[114.19969416,22.36783552],[114.19950449,22.36957877],[114.20003022,22.37022683],[114.20047199,22.37461193]]]}},{"type":"Feature","properties":{"TPU_NUMBER":"756","SPU_NUMBER":"75","PPU_NUMBER":"7"},"geometry":{"type":"Polygon","coordinates":[[[114.2181662,22.40732276],[114.20000933,22.38844883],[114.20135591,22.38643881],[114.20166525,22.38499878],[114.20072751,22.38111547],[114.19948684,22.37821997],[114.20045029,22.37794858],[114.2005401,22.37509876],[114.2001095,22.37108143],[114.20317505,22.37244886],[114.20481852,22.37191511],[114.20554523,22.37073638],[114.20667681,22.37021598],[114.20731832,22.37026636],[114.20889517,22.3716376],[114.21172452,22.37257289],[114.21172354,22.37322488],[114.21230906,22.37320864],[114.21338735,22.37522862],[114.2142344,22.37588538],[114.21557632,22.37614096],[114.21652322,22.37685871],[114.21783758,22.37912764],[114.21944387,22.37952177],[114.2212562,22.38154478],[114.22108879,22.38202057],[114.22160698,22.38287545],[114.22225759,22.3891642],[114.22409552,22.39060892],[114.22412496,22.39176783],[114.22459588,22.39289223],[114.22437014,22.39665362],[114.22721172,22.39856189],[114.2279521,22.39969102],[114.22590848,22.40168818],[114.22675125,22.40193203],[114.22618876,22.40253595],[114.22270415,22.40411502],[114.22035366,22.40584174],[114.21914844,22.40720624],[114.21880731,22.40678786],[114.2181662,22.40732276]]]}},{"type":"Feature","properties":{"TPU_NUMBER":"757","SPU_NUMBER":"75","PPU_NUMBER":"7"},"geometry":{"type":"Polygon","coordinates":[[[114.24194477,22.43742631],[114.24078156,22.43737587],[114.24008307,22.43682791],[114.238012,22.43688581],[114.23711797,22.43625864],[114.23694797,22.43552872],[114.23886687,22.43400518],[114.23897855,22.43201614],[114.23568491,22.42946394],[114.23507547,22.42863184],[114.23406163,22.42952362],[114.23496614,22.42853704],[114.23349368,22.42758963],[114.23345093,22.42722315],[114.23130436,22.42825458],[114.22825927,22.42781814],[114.22628283,22.42562414],[114.22394688,22.42121058],[114.22114378,22.41055131],[114.21914844,22.40720624],[114.21937591,22.40669559],[114.22249928,22.40424748],[114.22537012,22.40302485],[114.22675125,22.40193203],[114.22590848,22.40168818],[114.22768747,22.40020107],[114.23093193,22.39498698],[114.23196555,22.39353728],[114.23248354,22.3932689],[114.23288321,22.39153088],[114.23254497,22.39131892],[114.23216168,22.39015457],[114.23545164,22.38989949],[114.23618061,22.38934628],[114.23650796,22.39040435],[114.2360472,22.39173004],[114.23700339,22.39239733],[114.23773451,22.3924921],[114.23872988,22.39383337],[114.23659765,22.39405995],[114.23441776,22.39282523],[114.23340703,22.39458962],[114.23086095,22.39627964],[114.22874187,22.40197841],[114.23004138,22.40262261],[114.22977502,22.40354064],[114.23039918,22.40380294],[114.23210274,22.40365013],[114.2335722,22.40311816],[114.23427183,22.40242837],[114.23458706,22.40153647],[114.2357519,22.40167989],[114.2369535,22.40104283],[114.23822584,22.4011049],[114.23889428,22.40072362],[114.2398606,22.40165435],[114.24063361,22.40159071],[114.24131699,22.40137876],[114.24164139,22.40060596],[114.2428822,22.40088946],[114.24479864,22.40022872],[114.24685495,22.40010846],[114.24766198,22.39943364],[114.24914238,22.39980477],[114.25013465,22.40063666],[114.24998715,22.4016613],[114.25029391,22.40238838],[114.25070682,22.40254652],[114.25102768,22.40360258],[114.25147765,22.40734517],[114.25128916,22.4079849],[114.2466083,22.40689639],[114.24528884,22.40703004],[114.24328536,22.40826244],[114.24282531,22.40767648],[114.24254253,22.40939291],[114.24151619,22.41000335],[114.23982879,22.40914091],[114.23813212,22.40915853],[114.23762771,22.40789952],[114.23735391,22.407828],[114.23575669,22.40996572],[114.23493929,22.4103622],[114.23355666,22.41201092],[114.23439944,22.41184393],[114.23467155,22.41254697],[114.23430775,22.4131276],[114.23347447,22.41330019],[114.23327825,22.41367958],[114.23320125,22.41436763],[114.2327121,22.41497799],[114.23298061,22.41585529],[114.23571453,22.41590844],[114.23737662,22.41870549],[114.23635241,22.41943531],[114.23694879,22.41946419],[114.23706376,22.41986894],[114.23982812,22.42159529],[114.23990842,22.42241426],[114.24083084,22.42272695],[114.24313402,22.42484291],[114.24617513,22.42411024],[114.24928974,22.42288146],[114.25009493,22.42344848],[114.25507655,22.42380251],[114.25602239,22.42489088],[114.2564041,22.4249249],[114.25627301,22.42293846],[114.25793529,22.42284949],[114.25810432,22.42538899],[114.26071061,22.42536842],[114.26062445,22.42874065],[114.25990393,22.42947568],[114.25950411,22.42945489],[114.25898268,22.43022854],[114.25780882,22.43054988],[114.25836078,22.43076264],[114.25744448,22.43218135],[114.25670678,22.43099846],[114.25637623,22.43098754],[114.25554929,22.43274968],[114.25442313,22.43322023],[114.25418219,22.43364307],[114.25418416,22.43444948],[114.2544892,22.43474],[114.25312815,22.43448148],[114.25100791,22.43318472],[114.25020785,22.43331855],[114.24859734,22.43295243],[114.24826974,22.43252076],[114.24707575,22.43222475],[114.24614258,22.4309599],[114.24550212,22.43079978],[114.2445914,22.43133375],[114.24414916,22.43199127],[114.24389188,22.43291237],[114.24404002,22.43257689],[114.24413593,22.43320145],[114.24466527,22.43378567],[114.2454332,22.43388938],[114.24602032,22.43449783],[114.24780365,22.43485979],[114.24781126,22.43616053],[114.24710429,22.43627469],[114.24507565,22.43540651],[114.24340233,22.43685241],[114.24194477,22.43742631]]]}},{"type":"Feature","properties":{"TPU_NUMBER":"758","SPU_NUMBER":"75","PPU_NUMBER":"7"},"geometry":{"type":"Polygon","coordinates":[[[114.19863163,22.39321102],[114.19754704,22.39409931],[114.19599613,22.39257153],[114.19473562,22.39238469],[114.194869,22.39169924],[114.19400264,22.39164251],[114.19369509,22.3906237],[114.19314071,22.39062526],[114.19171448,22.39243225],[114.19177454,22.39360833],[114.19117964,22.39377942],[114.1905107,22.39209811],[114.18923067,22.39162771],[114.18848212,22.39059506],[114.18754003,22.39064779],[114.18720733,22.390184],[114.18683862,22.3909374],[114.18589218,22.39039478],[114.18608134,22.39099579],[114.18562697,22.39120219],[114.18508302,22.39077876],[114.18469214,22.39112424],[114.18377197,22.39105886],[114.18278146,22.39151507],[114.18163517,22.39017078],[114.18084731,22.38979617],[114.17816587,22.39070155],[114.17919186,22.38899083],[114.17893481,22.38740204],[114.17928108,22.3873295],[114.17934612,22.38569095],[114.18156176,22.38490049],[114.18492779,22.38444549],[114.18538453,22.38331455],[114.18515661,22.38347958],[114.18373074,22.38260246],[114.18371422,22.3819923],[114.18523039,22.38024173],[114.18554784,22.38056883],[114.18607839,22.38005688],[114.18638619,22.38056587],[114.18603402,22.37931158],[114.18696582,22.37659188],[114.19021078,22.37825181],[114.20194276,22.39047409],[114.19863163,22.39321102]]]}},{"type":"Feature","properties":{"TPU_NUMBER":"759","SPU_NUMBER":"75","PPU_NUMBER":"7"},"geometry":{"type":"Polygon","coordinates":[[[114.19218064,22.36671668],[114.19204925,22.36738531],[114.19249136,22.36767694],[114.19227107,22.36978176],[114.18992401,22.37186337],[114.18991164,22.37353452],[114.1880012,22.37523815],[114.18660322,22.37710391],[114.18603402,22.37931158],[114.18638619,22.38056587],[114.18546727,22.37919201],[114.18398966,22.3782462],[114.18169,22.3755415],[114.17390562,22.3699294],[114.17016397,22.36562307],[114.16562943,22.36222757],[114.15968355,22.3540953],[114.16041365,22.35404056],[114.16168437,22.35321537],[114.16223628,22.35514495],[114.1626898,22.35525813],[114.16279048,22.35595827],[114.16346445,22.35562516],[114.16444824,22.35601817],[114.16515989,22.35531515],[114.16551661,22.35572515],[114.16607099,22.35576165],[114.16645815,22.35536403],[114.16694335,22.35548179],[114.16751685,22.35515777],[114.16871005,22.35629101],[114.16930809,22.35587951],[114.16969144,22.35509275],[114.17089646,22.35586328],[114.17166878,22.35552053],[114.17210987,22.35480627],[114.17271725,22.35499443],[114.17360935,22.35469729],[114.1738245,22.35611725],[114.17318473,22.35705977],[114.17325352,22.35781157],[114.17389788,22.35838612],[114.17520226,22.35886162],[114.17755265,22.36140298],[114.18061713,22.36381482],[114.18376015,22.36535348],[114.18526464,22.36380932],[114.18604716,22.36344824],[114.18678555,22.36334329],[114.18641482,22.36425711],[114.18766726,22.36432755],[114.18769841,22.36496119],[114.18824376,22.36501481],[114.18932443,22.36495627],[114.18930326,22.36432525],[114.1909225,22.36340773],[114.19127335,22.36477547],[114.19209122,22.36577136],[114.19126946,22.36661775],[114.19218064,22.36671668]]]}},{"type":"Feature","properties":{"TPU_NUMBER":"761","SPU_NUMBER":"76","PPU_NUMBER":"7"},"geometry":{"type":"Polygon","coordinates":[[[114.23358122,22.37929613],[114.23436075,22.38114216],[114.23374884,22.38205178],[114.23339336,22.38455947],[114.23257262,22.38550454],[114.22906669,22.38692177],[114.22789175,22.388625],[114.22808483,22.39000633],[114.22785843,22.39043253],[114.22594985,22.39128058],[114.22444845,22.39249751],[114.22408567,22.39059333],[114.22225759,22.3891642],[114.22160698,22.38287545],[114.22108879,22.38202057],[114.22123583,22.38150634],[114.21944387,22.37952177],[114.21783758,22.37912764],[114.21652322,22.37685871],[114.21557632,22.37614096],[114.2142344,22.37588538],[114.21338735,22.37522862],[114.21230906,22.37320864],[114.21172354,22.37322488],[114.21172452,22.37257289],[114.20892912,22.371655],[114.20692512,22.37017565],[114.20552955,22.37074644],[114.20468771,22.37199433],[114.20259979,22.37239919],[114.20005024,22.37103224],[114.20001009,22.3701577],[114.19950449,22.36957877],[114.19969416,22.36783552],[114.19847767,22.3673946],[114.19769992,22.36768976],[114.19706404,22.36944202],[114.19649549,22.37014087],[114.19612949,22.37195043],[114.19456596,22.37272597],[114.19365542,22.37242364],[114.19334821,22.37375894],[114.19224691,22.37340382],[114.19059486,22.37265204],[114.18992401,22.37186337],[114.19194394,22.37026962],[114.19238141,22.36932449],[114.19249136,22.36767694],[114.19204925,22.36738531],[114.19218064,22.36671668],[114.19126946,22.36661775],[114.19208978,22.36576242],[114.19127335,22.36477547],[114.19098082,22.36343403],[114.18930326,22.36432525],[114.18930215,22.36496482],[114.18775918,22.36499724],[114.1876792,22.36433339],[114.18646024,22.36429655],[114.18678555,22.36334329],[114.18532442,22.3637632],[114.18398346,22.3652938],[114.18315024,22.36515428],[114.18047649,22.36371835],[114.17755265,22.36140298],[114.17517933,22.35884318],[114.17351415,22.35813449],[114.17313625,22.35733896],[114.1738245,22.35611725],[114.17362842,22.35470586],[114.17270231,22.35499544],[114.17210987,22.35480627],[114.17166878,22.35552053],[114.17089646,22.35586328],[114.16969144,22.35509275],[114.16873351,22.35629082],[114.16751685,22.35515777],[114.16694335,22.35548179],[114.16645815,22.35536403],[114.16607099,22.35576165],[114.16551661,22.35572515],[114.16515989,22.35531515],[114.16444824,22.35601817],[114.16346445,22.35562516],[114.16285308,22.35597392],[114.16268317,22.35524884],[114.16223628,22.35514495],[114.16166965,22.35321347],[114.16004081,22.3541162],[114.15902641,22.35414953],[114.15787142,22.35373472],[114.15864853,22.35474882],[114.15933184,22.35791095],[114.15990612,22.35860452],[114.15907789,22.35976127],[114.15817705,22.3602099],[114.15789359,22.36184687],[114.15820975,22.36267928],[114.15813236,22.3636443],[114.1546967,22.36830534],[114.15196253,22.37009069],[114.150563,22.37029993],[114.14889404,22.37175703],[114.14842636,22.3733892],[114.14870425,22.37361526],[114.14873077,22.37444666],[114.14819191,22.37481989],[114.14858452,22.37557254],[114.14773179,22.37631607],[114.14686812,22.37609304],[114.14553168,22.37508403],[114.1453884,22.3744491],[114.14497933,22.37419098],[114.14496203,22.37359226],[114.14557189,22.37300384],[114.14552625,22.37224302],[114.14699095,22.37078977],[114.14616637,22.36970113],[114.14498452,22.36925186],[114.14532493,22.36850889],[114.14474086,22.36812784],[114.14538524,22.36740828],[114.14446001,22.36720809],[114.14470824,22.36612703],[114.14601098,22.36462485],[114.14567669,22.36339847],[114.14525819,22.36307508],[114.14551422,22.36235866],[114.14460424,22.36187295],[114.1431773,22.36052558],[114.14296694,22.35976204],[114.1420879,22.35946109],[114.14157224,22.35867113],[114.14128386,22.35570193],[114.14173832,22.35204042],[114.14226462,22.35118804],[114.14212995,22.34937529],[114.14249978,22.34905385],[114.14490784,22.34893778],[114.14467918,22.34797134],[114.14511609,22.3477389],[114.14536806,22.3469832],[114.14634747,22.34640374],[114.14710556,22.3444298],[114.14818254,22.34526305],[114.14863372,22.34524987],[114.14889482,22.34477266],[114.15078184,22.34525868],[114.15118853,22.34573471],[114.15120263,22.34716694],[114.15269756,22.3461835],[114.154814,22.34678971],[114.1559822,22.34664705],[114.15637019,22.34612462],[114.15712047,22.34648098],[114.15861116,22.34533228],[114.15956338,22.3459861],[114.15971737,22.34683361],[114.16026051,22.34737575],[114.16094845,22.34695697],[114.16121946,22.34742619],[114.16357582,22.3485722],[114.1654635,22.34718631],[114.16532462,22.3462432],[114.16564819,22.34625744],[114.16625313,22.34546161],[114.16697582,22.34623669],[114.16830444,22.34576685],[114.1694212,22.34582638],[114.16965393,22.3461771],[114.17041126,22.34592289],[114.17151223,22.34656603],[114.17262947,22.34626102],[114.17342054,22.3470205],[114.17294337,22.34793849],[114.1735138,22.34838968],[114.17437218,22.34797711],[114.17557161,22.34910817],[114.17624885,22.34888253],[114.1768948,22.34930379],[114.17715999,22.3487029],[114.1780661,22.34902313],[114.17851546,22.34860319],[114.17891176,22.34908269],[114.18031413,22.34889152],[114.18319273,22.35017726],[114.18434344,22.35008747],[114.18484955,22.34967656],[114.18517941,22.35028126],[114.18785664,22.34999362],[114.1887583,22.35026956],[114.19151656,22.34966203],[114.19139464,22.3501463],[114.19175816,22.35074623],[114.19102178,22.35304966],[114.19282324,22.35271254],[114.19311765,22.35380351],[114.19695348,22.35251511],[114.19741364,22.35411232],[114.19808531,22.35391243],[114.19818732,22.3544328],[114.19899082,22.35521497],[114.1994489,22.35506083],[114.19890956,22.35556153],[114.19968682,22.35533848],[114.20019819,22.35460636],[114.2012303,22.35443407],[114.20223637,22.35469241],[114.20263801,22.35438079],[114.20366831,22.35435128],[114.20473271,22.35496743],[114.20678194,22.35463525],[114.20910472,22.3559171],[114.21097149,22.35519715],[114.21416948,22.35580338],[114.21380625,22.357033],[114.21465558,22.35693654],[114.21438395,22.35730028],[114.2164517,22.35719852],[114.21763241,22.35810449],[114.22234407,22.35840984],[114.22245591,22.35687238],[114.22449089,22.35887522],[114.2238097,22.36126754],[114.22359154,22.36403248],[114.22425176,22.36423676],[114.22514871,22.36511294],[114.22571241,22.36968061],[114.2270237,22.37072327],[114.23230516,22.37090472],[114.23452551,22.37171191],[114.236821,22.37304579],[114.23440157,22.3743855],[114.23407337,22.37558021],[114.23432851,22.37689009],[114.2333277,22.37876601],[114.23358122,22.37929613]]]}},{"type":"Feature","properties":{"TPU_NUMBER":"762","SPU_NUMBER":"76","PPU_NUMBER":"7"},"geometry":{"type":"Polygon","coordinates":[[[114.24837957,22.42241711],[114.24876098,22.4230852],[114.24617513,22.42411024],[114.24299751,22.42478459],[114.24083084,22.42272695],[114.23990842,22.42241426],[114.23982812,22.42159529],[114.23706376,22.41986894],[114.23694879,22.41946419],[114.23635241,22.41943531],[114.23737662,22.41870549],[114.23571453,22.41590844],[114.23339586,22.41605403],[114.23298061,22.41585529],[114.23270135,22.41507155],[114.23347447,22.41330019],[114.23430775,22.4131276],[114.23467155,22.41254697],[114.23439944,22.41184393],[114.23355666,22.41201092],[114.23493929,22.4103622],[114.23575669,22.40996572],[114.23735391,22.407828],[114.23762771,22.40789952],[114.23813212,22.40915853],[114.23982879,22.40914091],[114.24151619,22.41000335],[114.24254253,22.40939291],[114.24282531,22.40767648],[114.24328536,22.40826244],[114.24528884,22.40703004],[114.24741782,22.40700051],[114.25128916,22.4079849],[114.25148642,22.40715386],[114.25119765,22.40444996],[114.25071556,22.40256484],[114.25030063,22.4023966],[114.25000207,22.40172295],[114.25006237,22.40054302],[114.24914238,22.39980477],[114.24765408,22.39943388],[114.24685495,22.40010846],[114.24479864,22.40022872],[114.2428822,22.40088946],[114.24164139,22.40060596],[114.24131699,22.40137876],[114.24063361,22.40159071],[114.2398606,22.40165435],[114.23889428,22.40072362],[114.23822584,22.4011049],[114.23749237,22.40092701],[114.2357519,22.40167989],[114.23458706,22.40153647],[114.23389493,22.40287802],[114.23211258,22.40364726],[114.23039918,22.40380294],[114.22977502,22.40354064],[114.23004138,22.40262261],[114.22874187,22.40197841],[114.23086095,22.39627964],[114.23340703,22.39458962],[114.23441776,22.39282523],[114.23659765,22.39405995],[114.23872988,22.39383337],[114.23773451,22.3924921],[114.23700339,22.39239733],[114.2360472,22.39173004],[114.23650796,22.39040435],[114.23618061,22.38934628],[114.23545164,22.38989949],[114.23215138,22.39016624],[114.23288321,22.39153088],[114.23248354,22.3932689],[114.23196555,22.39353728],[114.23093193,22.39498698],[114.22977188,22.39667349],[114.22939035,22.397806],[114.22835059,22.3988165],[114.2279521,22.39969102],[114.22722599,22.39857407],[114.22434513,22.39656633],[114.22465433,22.39366584],[114.22444845,22.39249751],[114.22594985,22.39128058],[114.22785843,22.39043253],[114.22808483,22.39000633],[114.22789175,22.388625],[114.22906669,22.38692177],[114.23257262,22.38550454],[114.23339783,22.38455238],[114.23374884,22.38205178],[114.23436058,22.3809542],[114.23332401,22.37879492],[114.23432851,22.37689009],[114.23407337,22.37558021],[114.23440157,22.3743855],[114.236821,22.37304579],[114.2422311,22.37618231],[114.24537007,22.37888106],[114.24582001,22.38168417],[114.24623173,22.38212829],[114.24596171,22.38337576],[114.24654803,22.38753718],[114.24763065,22.38881498],[114.24866154,22.38945403],[114.25108402,22.38949863],[114.25258349,22.39037497],[114.25357556,22.39338021],[114.25409785,22.39396466],[114.25527593,22.39445743],[114.25590564,22.39558084],[114.2562683,22.39784636],[114.25280159,22.39766531],[114.25267386,22.40894818],[114.25094145,22.41168996],[114.24851075,22.41420262],[114.24901122,22.41507329],[114.24824855,22.4179836],[114.24837957,22.42241711]]]}},{"type":"Feature","properties":{"TPU_NUMBER":"811","SPU_NUMBER":"81","PPU_NUMBER":"8"},"geometry":{"type":"MultiPolygon","coordinates":[[[[114.31844492,22.38752819],[114.31806947,22.38813738],[114.31689725,22.38734901],[114.31664831,22.38754144],[114.31686689,22.38796852],[114.31605578,22.38765146],[114.3150322,22.38558691],[114.31542929,22.38410674],[114.31627686,22.3843294],[114.31636511,22.38404494],[114.31631051,22.38428889],[114.31674374,22.3844362],[114.31781957,22.38593609],[114.31844492,22.38752819]]],[[[114.29249148,22.41598825],[114.29102905,22.41664663],[114.29069118,22.41602412],[114.2882717,22.41506524],[114.28722512,22.41372471],[114.286873,22.41270583],[114.28848194,22.40740471],[114.28974737,22.40484748],[114.28961432,22.40399047],[114.28990245,22.40340202],[114.29031125,22.40271055],[114.29130541,22.40209653],[114.29227863,22.40066699],[114.293675,22.40008887],[114.29445724,22.39847558],[114.29443282,22.39708127],[114.29472113,22.39646549],[114.29441808,22.39382629],[114.29101658,22.39203668],[114.29133315,22.39161405],[114.29074448,22.39187596],[114.28967774,22.39124588],[114.29043771,22.38976638],[114.29299938,22.38820175],[114.29404874,22.38820178],[114.29473337,22.38859323],[114.29527107,22.38964218],[114.29539253,22.39042097],[114.29528199,22.39061792],[114.29531052,22.39071163],[114.29578572,22.390305],[114.29586512,22.39071863],[114.29664675,22.39072419],[114.29698173,22.38964796],[114.29649524,22.38854233],[114.29697389,22.38842376],[114.29712746,22.38804423],[114.29854137,22.38817546],[114.29923276,22.38725366],[114.29806,22.3868281],[114.2980758,22.38679148],[114.29917259,22.38720922],[114.2996952,22.38635996],[114.29971828,22.38581754],[114.29863223,22.38453852],[114.2987508,22.38411192],[114.29936928,22.38419872],[114.29992864,22.38494607],[114.30119723,22.38491379],[114.30237819,22.38536722],[114.30247774,22.38601159],[114.30189175,22.3866639],[114.30154996,22.38822068],[114.3021284,22.38742088],[114.30241752,22.38759105],[114.30318323,22.38639974],[114.304469,22.38583468],[114.30424491,22.38429117],[114.30474933,22.38400823],[114.30596461,22.38445129],[114.30608091,22.3856155],[114.30641232,22.38587411],[114.30689231,22.38559756],[114.30767965,22.38574723],[114.30751795,22.38540554],[114.30815132,22.38480605],[114.30880208,22.38538136],[114.31016096,22.38490776],[114.31016473,22.38530964],[114.31053483,22.38550397],[114.31042274,22.38606702],[114.30973149,22.38661155],[114.30866809,22.38672372],[114.30838785,22.38731906],[114.30872637,22.38755693],[114.30884577,22.38856155],[114.30805975,22.38840669],[114.30845379,22.38889712],[114.30841727,22.38987744],[114.30931024,22.38924877],[114.30936961,22.38964686],[114.31008914,22.38995976],[114.30978713,22.39062359],[114.30990206,22.39226318],[114.31017531,22.39257351],[114.31131443,22.39252107],[114.31248733,22.39316428],[114.31427593,22.39275657],[114.31459232,22.39310397],[114.31501129,22.39305164],[114.3150579,22.39340177],[114.31569418,22.39332627],[114.31691182,22.3944447],[114.317064,22.39384716],[114.31752603,22.39400516],[114.31838412,22.39352872],[114.31913025,22.39380375],[114.32001817,22.39357338],[114.32136698,22.39382322],[114.32078672,22.3916158],[114.31993744,22.39270404],[114.31915216,22.39282699],[114.3189362,22.39242996],[114.31737804,22.39168231],[114.31709505,22.39076903],[114.31747102,22.39041265],[114.31768404,22.39067704],[114.31827524,22.39052711],[114.31823944,22.39005206],[114.31756373,22.38988768],[114.31788626,22.3886099],[114.31928159,22.38825935],[114.31966468,22.38882398],[114.32029079,22.38865278],[114.31979407,22.38825173],[114.3200287,22.38830832],[114.31999094,22.38744506],[114.31913539,22.38699913],[114.31911597,22.38564359],[114.31806478,22.38377372],[114.31805123,22.38230374],[114.31915866,22.38159303],[114.31949716,22.38171468],[114.3198203,22.38255244],[114.3204769,22.38272326],[114.32112757,22.38239892],[114.321821,22.38267261],[114.3216176,22.38720521],[114.32187795,22.38724105],[114.32114665,22.39093931],[114.32187335,22.39583672],[114.3225364,22.3965705],[114.32224297,22.39775739],[114.32124693,22.39823651],[114.31986853,22.39735056],[114.31970081,22.39827117],[114.31938115,22.39809579],[114.31807131,22.39907668],[114.31441765,22.39853234],[114.3115543,22.39915399],[114.3107475,22.40003609],[114.31016686,22.40163044],[114.30944424,22.40234063],[114.30832859,22.40242185],[114.30681018,22.40452289],[114.30776286,22.40843531],[114.30758664,22.41014603],[114.3059014,22.41151242],[114.30342434,22.41488049],[114.30246015,22.41476244],[114.29959643,22.41567107],[114.29813148,22.41517655],[114.29529612,22.41555665],[114.29409096,22.41607243],[114.29249148,22.41598825]]]]}},{"type":"Feature","properties":{"TPU_NUMBER":"812","SPU_NUMBER":"81","PPU_NUMBER":"8"},"geometry":{"type":"MultiPolygon","coordinates":[[[[114.39128602,22.36479568],[114.39076831,22.3646918],[114.39071251,22.36440279],[114.39117086,22.36342007],[114.392024,22.36259464],[114.39224403,22.36278343],[114.39197394,22.3645635],[114.39128602,22.36479568]]],[[[114.30800426,22.42770809],[114.30666842,22.42615117],[114.30616257,22.42410421],[114.30651032,22.422326],[114.30609019,22.42134391],[114.30680353,22.42052392],[114.30710694,22.4195479],[114.30563661,22.41850514],[114.30552238,22.41800806],[114.30613454,22.41672231],[114.30342434,22.41488049],[114.3059014,22.41151242],[114.30758664,22.41014603],[114.30776286,22.40843531],[114.3067521,22.40466644],[114.30832859,22.40242185],[114.30944424,22.40234063],[114.31016686,22.40163044],[114.3107475,22.40003609],[114.3118934,22.39898713],[114.31441765,22.39853234],[114.31774798,22.39911681],[114.31875013,22.3987389],[114.31938115,22.39809579],[114.31970081,22.39827117],[114.31986853,22.39735056],[114.32124693,22.39823651],[114.32224297,22.39775739],[114.3225364,22.3965705],[114.32187335,22.39583672],[114.32114665,22.39093931],[114.32187795,22.38724105],[114.3216176,22.38720521],[114.321821,22.38267261],[114.32254415,22.38289057],[114.32274449,22.38354039],[114.32314675,22.38372118],[114.32307487,22.38415293],[114.32345554,22.38423683],[114.32403484,22.38350069],[114.32290251,22.38231795],[114.32276497,22.38143822],[114.32433026,22.3800023],[114.32644954,22.37880487],[114.33143604,22.37745612],[114.33262178,22.37658195],[114.33433278,22.37780079],[114.33490088,22.37863499],[114.33538987,22.37860173],[114.33567225,22.3781984],[114.33503042,22.37695446],[114.33538634,22.37679494],[114.33512229,22.37609295],[114.3389288,22.37647252],[114.34104238,22.37368195],[114.34222633,22.37096868],[114.34344048,22.37072154],[114.34353722,22.37099414],[114.34456031,22.37114283],[114.34482124,22.37035242],[114.34459411,22.37004998],[114.34519831,22.36951104],[114.34488827,22.36879158],[114.34569299,22.36855051],[114.34611812,22.36761249],[114.34837467,22.3659537],[114.34870036,22.36525657],[114.34917078,22.36573109],[114.34894369,22.36619812],[114.3492467,22.36638909],[114.34949814,22.36825368],[114.34942686,22.36910023],[114.34899298,22.3696688],[114.34918811,22.37011812],[114.35027311,22.36956515],[114.35094688,22.36974267],[114.35251663,22.36857745],[114.35325188,22.3683773],[114.35377542,22.36740079],[114.35428997,22.36596095],[114.35392324,22.3652712],[114.35386144,22.36411506],[114.35490593,22.36516879],[114.35576402,22.36420875],[114.35638813,22.36422361],[114.35812651,22.3630485],[114.35797649,22.36392483],[114.35848033,22.36399348],[114.35865388,22.36323971],[114.35948921,22.3623258],[114.35963985,22.36102038],[114.36015448,22.36046123],[114.36048995,22.36112944],[114.36096981,22.36069368],[114.36227414,22.36032559],[114.36257453,22.36100755],[114.36220981,22.36108505],[114.36233618,22.36149826],[114.36329506,22.36223664],[114.36395738,22.36235281],[114.36512645,22.36151088],[114.36623491,22.36133832],[114.36599493,22.3602189],[114.36622358,22.3598245],[114.36818292,22.36066654],[114.3687875,22.36046907],[114.3688816,22.36089104],[114.37055155,22.36036867],[114.37121178,22.36060031],[114.37071598,22.36175838],[114.37500568,22.36059202],[114.37708472,22.36351628],[114.37741143,22.36321712],[114.37802277,22.36331018],[114.37811382,22.3629909],[114.38015434,22.36325064],[114.38088498,22.36436814],[114.38105825,22.36590649],[114.38063669,22.36592383],[114.38091559,22.36647524],[114.38018179,22.36689243],[114.3793064,22.36662924],[114.37986144,22.36721294],[114.37936919,22.3679189],[114.37754322,22.36895228],[114.37601321,22.36912048],[114.37569513,22.37010847],[114.37598094,22.37024483],[114.37609403,22.37051625],[114.37551225,22.37095601],[114.37579397,22.37162102],[114.37529262,22.37189713],[114.37544951,22.37233272],[114.37519007,22.37248266],[114.37582809,22.37362994],[114.37739735,22.37492013],[114.37809424,22.37491824],[114.37837739,22.37439332],[114.37923229,22.37390851],[114.37934382,22.37422769],[114.37949201,22.37393137],[114.38011658,22.37406318],[114.38040082,22.37372201],[114.38080652,22.37417963],[114.38123139,22.37407877],[114.38110252,22.37430335],[114.38158987,22.37442178],[114.38163654,22.37574762],[114.38202429,22.37591936],[114.38241824,22.3759132],[114.38268101,22.37524758],[114.38294757,22.37525008],[114.38295379,22.37463704],[114.38328953,22.37472389],[114.38309384,22.37445542],[114.38336458,22.37435074],[114.38292827,22.37383834],[114.38333713,22.3733282],[114.38306139,22.37311693],[114.38366733,22.37169901],[114.38426223,22.37115026],[114.38461182,22.37119873],[114.38460944,22.37090287],[114.38481208,22.37104171],[114.38520507,22.36994137],[114.38601727,22.36910891],[114.38557101,22.36925552],[114.38568303,22.36864956],[114.38529425,22.36855625],[114.38638949,22.36710688],[114.38583192,22.36732778],[114.38638543,22.36647008],[114.38767414,22.36565842],[114.38803197,22.3658321],[114.38798148,22.36621484],[114.38827096,22.36563535],[114.3894817,22.3650224],[114.38988017,22.36530245],[114.38924215,22.3658014],[114.38999455,22.36583977],[114.38938984,22.36655857],[114.39017206,22.36618825],[114.39025679,22.36585735],[114.39062608,22.36591656],[114.39078654,22.36639755],[114.38976241,22.36706553],[114.39000151,22.36740532],[114.38953315,22.36803239],[114.39064897,22.3674581],[114.39145001,22.36766565],[114.39156541,22.3685791],[114.39108445,22.36941668],[114.39120596,22.37015426],[114.39058305,22.37086754],[114.38977799,22.3697521],[114.39010948,22.3710696],[114.38994449,22.37174661],[114.38945032,22.37206729],[114.3895732,22.372384],[114.38872345,22.37327727],[114.38829077,22.37442679],[114.38740394,22.37454665],[114.38767513,22.3751144],[114.38721572,22.3751578],[114.38736365,22.3756952],[114.3868472,22.3759761],[114.38713777,22.37621664],[114.38643472,22.376897],[114.38684681,22.37684098],[114.38685175,22.37746005],[114.38761433,22.37680328],[114.38797473,22.37682525],[114.38794726,22.37710714],[114.3884192,22.37700719],[114.38859189,22.37646348],[114.38880484,22.37649032],[114.38867455,22.3768067],[114.38945822,22.37664582],[114.38972924,22.37691385],[114.38996724,22.37635786],[114.38989449,22.37722157],[114.39027337,22.37675073],[114.39052332,22.37750473],[114.39087089,22.3766939],[114.39157721,22.37720786],[114.39144931,22.37782253],[114.39184156,22.37798227],[114.39129687,22.37822321],[114.39140799,22.37871992],[114.39080889,22.37958279],[114.39150672,22.37950976],[114.39085737,22.38029355],[114.39135704,22.3802198],[114.39133356,22.38053759],[114.39054136,22.38084442],[114.39046949,22.38129781],[114.39005588,22.38131225],[114.3902197,22.38161104],[114.38981778,22.38167009],[114.39019578,22.38184501],[114.38982084,22.38212447],[114.39028933,22.38228869],[114.39004874,22.38378948],[114.3903823,22.38417527],[114.39010484,22.38489298],[114.39036709,22.3849265],[114.39038074,22.38531057],[114.38975594,22.3855897],[114.39041992,22.38594037],[114.38097304,22.38545981],[114.37987693,22.38485649],[114.37929449,22.38488402],[114.37896869,22.38434707],[114.37789969,22.38413389],[114.37718358,22.38450414],[114.37651611,22.3874094],[114.37518897,22.38958826],[114.37462889,22.3900746],[114.37402987,22.39012249],[114.37378683,22.38968431],[114.37307337,22.38964774],[114.37223466,22.38901075],[114.37173539,22.38816601],[114.37049946,22.38724376],[114.36786516,22.38738498],[114.36682008,22.38822709],[114.36589746,22.39113605],[114.36476396,22.39320287],[114.36474448,22.3939372],[114.36424879,22.39416189],[114.36422076,22.39520637],[114.36144973,22.39604721],[114.35999689,22.39605683],[114.35919276,22.39646706],[114.35813005,22.39599903],[114.356717,22.39642095],[114.35386343,22.39619538],[114.34933912,22.40023089],[114.3466054,22.40144111],[114.34616114,22.40235331],[114.34530017,22.40281076],[114.34352504,22.40304925],[114.34312085,22.40340936],[114.34258761,22.40692832],[114.34471102,22.40958836],[114.3451204,22.41058289],[114.34361761,22.41260736],[114.34344204,22.41357572],[114.34280942,22.4144537],[114.34184102,22.41490117],[114.34171202,22.41536215],[114.33851985,22.41844803],[114.33759303,22.41880517],[114.33637245,22.41706143],[114.33484579,22.41610156],[114.33428567,22.41515175],[114.33295552,22.41468739],[114.33153977,22.41469001],[114.32476767,22.41743539],[114.32222992,22.42070024],[114.32286023,22.42222203],[114.32256644,22.42295564],[114.32167634,22.42367741],[114.31994264,22.42429443],[114.31924873,22.42520471],[114.31799851,22.42607589],[114.31380493,22.42635166],[114.30800426,22.42770809]]]]}},{"type":"Feature","properties":{"TPU_NUMBER":"813","SPU_NUMBER":"81","PPU_NUMBER":"8"},"geometry":{"type":"MultiPolygon","coordinates":[[[[114.31994774,22.32623535],[114.31986734,22.32572579],[114.32064761,22.32560616],[114.32014596,22.32611988],[114.31994774,22.32623535]]],[[[114.33452636,22.33730685],[114.33368078,22.33720674],[114.33314296,22.33658342],[114.33305586,22.33609217],[114.33331362,22.33587893],[114.33274231,22.33494768],[114.33349996,22.33426722],[114.33429503,22.33421324],[114.33461739,22.33473768],[114.33532084,22.33435725],[114.33565623,22.33500013],[114.33602508,22.33461997],[114.33604337,22.33496822],[114.33539196,22.33521064],[114.33488579,22.33585095],[114.33504329,22.3368087],[114.33452636,22.33730685]]],[[[114.32233373,22.34173997],[114.32036801,22.3411899],[114.31929259,22.34045136],[114.31715137,22.34056981],[114.31667937,22.33916365],[114.31563823,22.33851379],[114.31557199,22.33812385],[114.31589157,22.33788491],[114.31570938,22.33758081],[114.31780457,22.33469754],[114.31795456,22.33400456],[114.31736945,22.33376288],[114.31768009,22.33362897],[114.31740558,22.3335391],[114.31777192,22.33209945],[114.3187312,22.33143367],[114.3195764,22.33134786],[114.31922931,22.33059968],[114.31834985,22.33044383],[114.31863451,22.32983449],[114.31912945,22.3296032],[114.31866565,22.32949262],[114.3189458,22.32949211],[114.31925246,22.32848334],[114.3200334,22.32784175],[114.31976737,22.32762309],[114.32012076,22.32727147],[114.31994913,22.32662711],[114.32077439,22.32618085],[114.32159113,22.32620866],[114.32178295,22.3267746],[114.32265478,22.32741853],[114.32250681,22.32667196],[114.32290807,22.32690606],[114.32304803,22.3264976],[114.32373655,22.3267536],[114.32360176,22.32707461],[114.32446155,22.32691303],[114.32462713,22.3273788],[114.32630977,22.32582426],[114.32619114,22.32563359],[114.32707216,22.32550241],[114.3266862,22.32601674],[114.32747868,22.32609656],[114.32729184,22.32712798],[114.32755216,22.32717542],[114.32781724,22.32620071],[114.32815171,22.32610794],[114.32798844,22.32629707],[114.3283196,22.326496],[114.32826025,22.32670709],[114.32762886,22.32738775],[114.32762023,22.32747968],[114.32818945,22.32730497],[114.32853078,22.3279785],[114.33033592,22.32784612],[114.33074979,22.32865129],[114.33025043,22.32938998],[114.33052943,22.32994385],[114.33026547,22.33023877],[114.33080164,22.33135266],[114.33052086,22.3321825],[114.33070676,22.33281998],[114.33021583,22.3333307],[114.33056933,22.33357274],[114.33006847,22.33433039],[114.32863429,22.33496731],[114.32756209,22.33600396],[114.32743456,22.33766667],[114.32673604,22.33785029],[114.32613526,22.34056892],[114.32497603,22.34069466],[114.32444309,22.34119618],[114.32233373,22.34173997]]],[[[114.35204542,22.34275006],[114.35153755,22.34247329],[114.35157659,22.34198313],[114.35216808,22.34210235],[114.35204542,22.34275006]]],[[[114.36071843,22.34352141],[114.36057641,22.34367281],[114.36057745,22.34319475],[114.36075878,22.3432503],[114.36071843,22.34352141]]],[[[114.35996746,22.34665783],[114.35992109,22.34686651],[114.35979094,22.34650524],[114.3599047,22.34651374],[114.35996746,22.34665783]]],[[[114.36568963,22.34820588],[114.36555133,22.3479644],[114.36608305,22.34773388],[114.36609184,22.34790743],[114.36568963,22.34820588]]],[[[114.36536947,22.34904407],[114.36510774,22.34898079],[114.36563367,22.34888759],[114.36538486,22.3489989],[114.36536947,22.34904407]]],[[[114.36572741,22.34926869],[114.36575744,22.34945868],[114.36553285,22.3495843],[114.36557608,22.34940255],[114.36572741,22.34926869]]],[[[114.32897503,22.35060911],[114.32901225,22.351053],[114.32850426,22.35088282],[114.32865438,22.35066249],[114.32897503,22.35060911]]],[[[114.37159758,22.35165653],[114.37143242,22.35156945],[114.37154278,22.35134492],[114.37176169,22.35141845],[114.37159758,22.35165653]]],[[[114.35058381,22.35400101],[114.35023332,22.35394181],[114.35012942,22.35340584],[114.35047656,22.35295691],[114.35123554,22.35276955],[114.35132296,22.35306753],[114.35058381,22.35400101]]],[[[114.37747714,22.3592098],[114.37728525,22.35898899],[114.37815373,22.3580735],[114.37911575,22.35751809],[114.37948528,22.35762915],[114.37910217,22.3583975],[114.37747714,22.3592098]]],[[[114.32491644,22.36741332],[114.32354942,22.36726491],[114.32359759,22.36680363],[114.32508936,22.3664045],[114.3253576,22.36689583],[114.32491644,22.36741332]]],[[[114.30183911,22.37095079],[114.30133853,22.37184434],[114.3007471,22.37145573],[114.30104229,22.37091922],[114.30183911,22.37095079]]],[[[114.2959211,22.37123667],[114.29513964,22.37176577],[114.29466109,22.37189238],[114.29464914,22.37119561],[114.29559192,22.37009692],[114.2965015,22.37088682],[114.2959211,22.37123667]]],[[[114.29619967,22.37400621],[114.29562102,22.37427891],[114.29497647,22.37399622],[114.29486564,22.37314478],[114.29551612,22.37358111],[114.2960589,22.37303817],[114.29638461,22.37358135],[114.29619967,22.37400621]]],[[[114.29389934,22.3756368],[114.29253787,22.37447339],[114.29169503,22.37440061],[114.29114519,22.37321514],[114.29053477,22.3729183],[114.29065905,22.37250895],[114.29040365,22.37233905],[114.29068131,22.37249009],[114.29078704,22.37211356],[114.2911286,22.37208498],[114.29115248,22.37164592],[114.29048384,22.37094789],[114.28931506,22.36860358],[114.28790302,22.36770826],[114.28747905,22.36785393],[114.28747274,22.36749099],[114.28720917,22.36765726],[114.28735392,22.36729107],[114.28710248,22.36717754],[114.28770797,22.36715663],[114.28747238,22.36677696],[114.28777099,22.36713297],[114.28841797,22.36652175],[114.28815887,22.36640592],[114.28853636,22.36636079],[114.28731193,22.36445531],[114.28675144,22.36432557],[114.285875,22.36310025],[114.28699691,22.36231095],[114.28734772,22.36430498],[114.28847612,22.36608232],[114.2899281,22.36477322],[114.2911357,22.36431948],[114.29236777,22.36286378],[114.29250218,22.36019465],[114.2932566,22.35899126],[114.29272471,22.35800515],[114.29279403,22.35754038],[114.2940398,22.35777891],[114.29445001,22.35760165],[114.29430034,22.35718338],[114.29478795,22.35735064],[114.29582488,22.35697262],[114.29618879,22.35621204],[114.29599504,22.35552671],[114.29523754,22.35520525],[114.29486924,22.3541212],[114.29519419,22.35339088],[114.29583931,22.35351434],[114.29586689,22.35313828],[114.29633902,22.35297001],[114.29691356,22.35406806],[114.29721815,22.35409364],[114.29746023,22.35359228],[114.29783161,22.35386743],[114.29744136,22.35410608],[114.29726179,22.35480276],[114.29772243,22.35495228],[114.29774833,22.35536659],[114.29758101,22.35522111],[114.29731932,22.35561973],[114.29742101,22.35615864],[114.29677623,22.35691612],[114.29692246,22.35737848],[114.29639459,22.35810752],[114.29660194,22.35866162],[114.29632063,22.3617476],[114.29583835,22.36277671],[114.29629922,22.36307387],[114.29622695,22.36358177],[114.29763296,22.36421198],[114.29768358,22.36576912],[114.29656298,22.36650992],[114.29564761,22.36655902],[114.29541525,22.36733794],[114.29588664,22.36796623],[114.29507395,22.36783386],[114.29470243,22.36818288],[114.29367153,22.37021858],[114.2942673,22.37109138],[114.29268506,22.37231304],[114.29329516,22.37283985],[114.29292199,22.37295268],[114.29266412,22.37360733],[114.29332692,22.37335476],[114.29377621,22.37373887],[114.2942668,22.37343922],[114.29478725,22.37394847],[114.2949789,22.37529295],[114.29389934,22.3756368]]],[[[114.30067931,22.37485272],[114.30004488,22.37571183],[114.29943196,22.37516762],[114.30040921,22.37429482],[114.30017041,22.37353721],[114.30057396,22.37287574],[114.30189627,22.37279943],[114.30241419,22.37356133],[114.30206109,22.3745684],[114.30131801,22.37513156],[114.30125818,22.37478092],[114.30067931,22.37485272]]],[[[114.28644208,22.37508331],[114.28694253,22.37604059],[114.28618268,22.37589736],[114.28549373,22.37510127],[114.28458034,22.37509724],[114.28445206,22.37425673],[114.28563359,22.37352936],[114.28639878,22.37402856],[114.28643281,22.37458681],[114.28696096,22.37451426],[114.2864304,22.37461325],[114.28644208,22.37508331]]],[[[114.34233753,22.37089718],[114.34104238,22.37368195],[114.3389288,22.37647252],[114.33512229,22.37609295],[114.33457813,22.37455426],[114.33455298,22.37095387],[114.33416877,22.37081897],[114.33421378,22.37035197],[114.3350172,22.36962858],[114.33487924,22.36937112],[114.33512141,22.36957387],[114.33613849,22.36893394],[114.33682573,22.36911008],[114.33752434,22.36837749],[114.33480584,22.36768212],[114.33332909,22.36807258],[114.33259576,22.36679725],[114.33259935,22.36594865],[114.33210665,22.36518464],[114.33140919,22.36481159],[114.33104673,22.36397337],[114.33114655,22.36339595],[114.33188112,22.36194095],[114.33284206,22.3614155],[114.33489565,22.35920864],[114.33620597,22.35879061],[114.33659172,22.35973769],[114.33739814,22.35966925],[114.33803905,22.35902644],[114.33841713,22.35777751],[114.34082573,22.35684661],[114.34153884,22.35595246],[114.34167555,22.35573347],[114.3412884,22.35551436],[114.34157684,22.35558251],[114.34211046,22.35487938],[114.34202964,22.35401656],[114.34005847,22.35482033],[114.33882578,22.35449801],[114.33812385,22.35466729],[114.33810361,22.35424947],[114.33937841,22.35364985],[114.33951407,22.35320632],[114.33896509,22.35214203],[114.33912629,22.35145713],[114.34082251,22.35032887],[114.34064988,22.34979399],[114.3410768,22.34881135],[114.34176773,22.34880109],[114.34186585,22.34836377],[114.34245853,22.34807809],[114.34240322,22.34759264],[114.34268566,22.34734766],[114.34311678,22.34751281],[114.34289672,22.34719445],[114.34321638,22.34699984],[114.34370215,22.34689437],[114.34431395,22.34726402],[114.34407335,22.34773765],[114.34480177,22.34816497],[114.34476853,22.34886429],[114.34507587,22.34896178],[114.3448516,22.34912571],[114.34558406,22.35050188],[114.34663492,22.35051824],[114.34663545,22.35022852],[114.34706887,22.35072516],[114.34747795,22.35033949],[114.34776109,22.35049023],[114.34772977,22.35015087],[114.34837174,22.35042963],[114.34818713,22.34952488],[114.34843717,22.34944612],[114.34857042,22.34996858],[114.34883149,22.34995039],[114.34851845,22.35077548],[114.34941268,22.35183589],[114.34932583,22.35281289],[114.3496874,22.35267382],[114.34929968,22.35323726],[114.34981782,22.35322465],[114.34939005,22.35349269],[114.34947925,22.35388099],[114.35093104,22.35443781],[114.35130436,22.35386816],[114.35117652,22.35486387],[114.35174027,22.35498268],[114.35315959,22.3511775],[114.35290758,22.35086625],[114.35315798,22.35044671],[114.35291544,22.35047397],[114.35362492,22.35028824],[114.35385615,22.34897995],[114.35497946,22.34810141],[114.35484074,22.34779774],[114.35279368,22.3481006],[114.35281816,22.34833934],[114.35273013,22.34782343],[114.35118484,22.34805817],[114.35105409,22.34784811],[114.35143746,22.34714205],[114.35191596,22.34696219],[114.35214104,22.34728079],[114.35250164,22.34721302],[114.35273988,22.34579392],[114.35243638,22.34545979],[114.35229178,22.34567194],[114.35221319,22.34528916],[114.35261263,22.34474871],[114.35277055,22.34271563],[114.35446571,22.34173551],[114.35431939,22.34068001],[114.3548571,22.33965473],[114.35419063,22.33911832],[114.35503686,22.33744073],[114.35490705,22.33634784],[114.35589276,22.33615494],[114.35564929,22.33591062],[114.3563514,22.33536594],[114.35704885,22.33534516],[114.35698042,22.33576269],[114.35739995,22.33563311],[114.35743846,22.33617306],[114.35918804,22.33648761],[114.3594745,22.3384689],[114.35914463,22.33936109],[114.35867702,22.33946494],[114.35991068,22.34044451],[114.36034269,22.34147342],[114.36113831,22.34107794],[114.36151463,22.34120384],[114.36081136,22.3419008],[114.36125172,22.34205511],[114.36124205,22.34259321],[114.36043131,22.34275243],[114.3600265,22.34427424],[114.35915955,22.3450164],[114.35965212,22.3448208],[114.35920777,22.34527848],[114.35918327,22.34599301],[114.36007719,22.3470986],[114.35976467,22.34776593],[114.36021126,22.34794373],[114.35991711,22.34878366],[114.35938095,22.34922602],[114.35954752,22.35133641],[114.36165936,22.35207195],[114.3630914,22.35061474],[114.36305758,22.35085542],[114.36343878,22.35071545],[114.36441458,22.34913626],[114.36553071,22.34916189],[114.36529167,22.34977602],[114.36622257,22.35035572],[114.36668233,22.35023609],[114.36676881,22.34982467],[114.36754952,22.3495012],[114.36759605,22.34979528],[114.36681956,22.34994307],[114.36766586,22.35074364],[114.36705502,22.35050861],[114.3672556,22.35111493],[114.36657391,22.35076978],[114.36713848,22.35134737],[114.36663804,22.35150675],[114.36668673,22.3518813],[114.36387457,22.35266918],[114.36399419,22.35361715],[114.36449067,22.3534829],[114.3647946,22.35387462],[114.3649402,22.35362184],[114.36520789,22.35360045],[114.36479916,22.35404702],[114.36510644,22.35402343],[114.36476442,22.35452675],[114.36500745,22.35491752],[114.36558884,22.3550801],[114.36616735,22.35436525],[114.36637899,22.35468911],[114.3664304,22.35425737],[114.3671855,22.35367595],[114.36744074,22.35371238],[114.36740003,22.35426812],[114.36790504,22.35384691],[114.36801998,22.35415098],[114.36834174,22.35381288],[114.36924713,22.3539838],[114.36972909,22.35335265],[114.36926908,22.35362628],[114.36962612,22.35298352],[114.37026079,22.35239098],[114.37049106,22.3525745],[114.37050827,22.3521685],[114.37106952,22.35176874],[114.37140214,22.35266184],[114.37093086,22.35309192],[114.37128252,22.35311077],[114.37106582,22.35336135],[114.37182648,22.35402981],[114.373953,22.35337878],[114.3736842,22.35384805],[114.37416491,22.35385922],[114.37407606,22.35450538],[114.37318188,22.35537356],[114.37415942,22.35593281],[114.37470705,22.35571463],[114.37472293,22.35612747],[114.37539385,22.35594442],[114.37554665,22.35621433],[114.37466198,22.35664317],[114.37502603,22.35765392],[114.37536293,22.35787296],[114.37595724,22.35761587],[114.3758485,22.35781421],[114.37685205,22.3573103],[114.37700338,22.35777254],[114.37778764,22.35764675],[114.37776771,22.35830783],[114.37717001,22.35897346],[114.37628704,22.35913001],[114.37574001,22.35965264],[114.37432873,22.35942423],[114.37500568,22.36059202],[114.37071598,22.36175838],[114.37121178,22.36060031],[114.37055155,22.36036867],[114.3688816,22.36089104],[114.3687875,22.36046907],[114.36818292,22.36066654],[114.36628324,22.35981816],[114.36599493,22.3602189],[114.36623491,22.36133832],[114.36512645,22.36151088],[114.36395738,22.36235281],[114.36329506,22.36223664],[114.36233618,22.36149826],[114.36220981,22.36108505],[114.36257453,22.36100755],[114.36227414,22.36032559],[114.36096981,22.36069368],[114.36048995,22.36112944],[114.36015448,22.36046123],[114.35963985,22.36102038],[114.35948921,22.3623258],[114.35865388,22.36323971],[114.35848033,22.36399348],[114.35797649,22.36392483],[114.35812651,22.3630485],[114.35638813,22.36422361],[114.35576402,22.36420875],[114.35490593,22.36516879],[114.35386144,22.36411506],[114.35392324,22.3652712],[114.35428997,22.36596095],[114.35377542,22.36740079],[114.35325188,22.3683773],[114.35251663,22.36857745],[114.35094688,22.36974267],[114.35027311,22.36956515],[114.34918811,22.37011812],[114.34899298,22.3696688],[114.34942686,22.36910023],[114.34949814,22.36825368],[114.3492467,22.36638909],[114.34894369,22.36619812],[114.34917078,22.36573109],[114.34885916,22.36566719],[114.34878925,22.36521967],[114.34837467,22.3659537],[114.34611812,22.36761249],[114.34569299,22.36855051],[114.34488827,22.36879158],[114.34519831,22.36951104],[114.34459411,22.37004998],[114.34482124,22.37035242],[114.34456031,22.37114283],[114.34353722,22.37099414],[114.34344048,22.37072154],[114.34233753,22.37089718]]],[[[114.32247386,22.37713871],[114.32215875,22.37705101],[114.32194874,22.37626405],[114.32105441,22.37648848],[114.32102627,22.37689684],[114.32102571,22.37612382],[114.32059998,22.37569618],[114.3209524,22.37485876],[114.3206468,22.37452243],[114.32118377,22.37352082],[114.32056236,22.37333076],[114.32047303,22.37282365],[114.32130637,22.37247683],[114.32197992,22.37129421],[114.32232111,22.37151918],[114.32273064,22.37115198],[114.32262707,22.37084793],[114.32210691,22.37103182],[114.32292591,22.37069086],[114.32433595,22.37262405],[114.32430231,22.37440611],[114.32566835,22.37355955],[114.32620341,22.37290115],[114.32578113,22.37259462],[114.32608366,22.37109946],[114.32557981,22.37087893],[114.32566617,22.36988738],[114.32592665,22.36916664],[114.32648504,22.3687331],[114.32727777,22.36666824],[114.32719852,22.36600871],[114.32687232,22.36584458],[114.32745622,22.36540602],[114.32751391,22.36569785],[114.32858014,22.36578544],[114.32883113,22.36693438],[114.32850897,22.36830478],[114.32896249,22.36867064],[114.32830285,22.36984764],[114.32957908,22.37089419],[114.32936745,22.3735827],[114.32640503,22.37566387],[114.32464658,22.37635221],[114.32399851,22.37580565],[114.32247386,22.37713871]]],[[[114.28783756,22.38033236],[114.28751839,22.37974192],[114.28837287,22.37902045],[114.28871842,22.37828101],[114.28911528,22.37818655],[114.28971266,22.37898066],[114.28783756,22.38033236]]],[[[114.30747033,22.38100102],[114.30660052,22.3808248],[114.30739429,22.38081085],[114.30978671,22.37923488],[114.30942885,22.37804137],[114.30880075,22.3772676],[114.3089535,22.37689375],[114.30816409,22.37658023],[114.30872628,22.37570854],[114.30830105,22.37542647],[114.30792955,22.37605438],[114.30784834,22.37539002],[114.30729194,22.3748724],[114.30739304,22.37365603],[114.30699368,22.37388234],[114.30682706,22.37298782],[114.30647741,22.37277064],[114.30628819,22.3731356],[114.30664218,22.3736826],[114.30659365,22.37443036],[114.30623907,22.37507561],[114.30597183,22.37489863],[114.30611058,22.37457943],[114.30555166,22.37434308],[114.30576638,22.37386821],[114.30535302,22.37324074],[114.30471891,22.37315121],[114.30412261,22.37384559],[114.30503878,22.37539821],[114.3056456,22.37556712],[114.30558086,22.37629562],[114.30631175,22.37700053],[114.3060668,22.37859989],[114.30551885,22.37867567],[114.30527328,22.37907943],[114.30564313,22.37982683],[114.30509004,22.38005706],[114.30415824,22.37947853],[114.30330129,22.37939093],[114.3030222,22.37960777],[114.30327493,22.38032847],[114.30166876,22.38059584],[114.3006819,22.38029341],[114.30050546,22.37983639],[114.3010504,22.37909104],[114.30057763,22.3782105],[114.30090043,22.3775002],[114.30045391,22.37731617],[114.30094199,22.37743361],[114.30112551,22.37717709],[114.30071366,22.376789],[114.30055057,22.37580675],[114.30088913,22.37553687],[114.30177954,22.37615609],[114.30220367,22.37507136],[114.30277064,22.37497524],[114.30317791,22.37542557],[114.30311143,22.37462139],[114.30345896,22.37384385],[114.3040598,22.3738939],[114.30491526,22.37291079],[114.30490196,22.37231497],[114.30565516,22.37198888],[114.30523014,22.37181056],[114.30445998,22.37209973],[114.30466005,22.37179836],[114.30416155,22.37111034],[114.30489296,22.37051775],[114.30446113,22.37012357],[114.30280796,22.37063791],[114.30227605,22.3702963],[114.30243672,22.36945972],[114.30202201,22.36783512],[114.3026504,22.36752815],[114.30279247,22.36691678],[114.30394881,22.36661167],[114.30429802,22.36694721],[114.3039268,22.36776533],[114.30405038,22.36820322],[114.30555372,22.36777759],[114.30560571,22.36624237],[114.30420533,22.36528866],[114.30545336,22.3652057],[114.30531442,22.36423782],[114.30619634,22.3641404],[114.30562551,22.36335145],[114.30617658,22.36215436],[114.30727648,22.36097052],[114.30821228,22.36079057],[114.30811564,22.36018776],[114.3084653,22.35974587],[114.30701438,22.35995599],[114.30635632,22.36029911],[114.30631554,22.36081953],[114.30594741,22.3610326],[114.30537251,22.36076553],[114.30516052,22.3598587],[114.30546727,22.35953673],[114.30537372,22.35878233],[114.30577529,22.35817766],[114.3068941,22.35765264],[114.30632506,22.35673617],[114.30599518,22.35684194],[114.30528093,22.35617808],[114.30458181,22.35488911],[114.30393927,22.35499257],[114.3035461,22.35460618],[114.30415267,22.35363915],[114.3032394,22.35190254],[114.30376418,22.35164333],[114.30388715,22.35081027],[114.3047943,22.35026664],[114.30501433,22.34844853],[114.3054155,22.34838087],[114.30575714,22.3473011],[114.30663593,22.34694273],[114.3074283,22.34569542],[114.30811949,22.34538519],[114.3084216,22.34570648],[114.30905621,22.34523862],[114.3093913,22.3454477],[114.30925493,22.34508607],[114.309623,22.3449976],[114.31051742,22.34357591],[114.31169766,22.34312812],[114.31207602,22.34318545],[114.31188156,22.34345595],[114.31272233,22.34367083],[114.31320064,22.34466476],[114.31328212,22.34605324],[114.31398515,22.34638228],[114.31465984,22.34611615],[114.31496517,22.34514144],[114.31540308,22.34500495],[114.31566207,22.34436563],[114.31637734,22.34403892],[114.31675055,22.34338359],[114.31738829,22.34363472],[114.31773879,22.34326747],[114.31837112,22.34343202],[114.31988627,22.34262635],[114.32064972,22.34266139],[114.32054347,22.34243514],[114.3214382,22.34204919],[114.32350585,22.34232821],[114.32475137,22.34402283],[114.32444341,22.3458404],[114.32308781,22.34714846],[114.3236894,22.34784504],[114.3256715,22.34775853],[114.32561502,22.34820413],[114.32628506,22.3484719],[114.32527618,22.35078047],[114.32537534,22.35103468],[114.32637636,22.35094869],[114.32719846,22.35060013],[114.3272132,22.35168478],[114.32663881,22.35322708],[114.32599482,22.3539031],[114.32638218,22.35457934],[114.32725486,22.35479357],[114.32700318,22.3553886],[114.32784096,22.35616026],[114.32725566,22.35633769],[114.32653872,22.35753286],[114.32568104,22.35782984],[114.32460147,22.35737101],[114.32451058,22.35857059],[114.32280923,22.3591774],[114.3222564,22.3598946],[114.32164643,22.35976028],[114.32036184,22.36025973],[114.32035956,22.35910191],[114.32121176,22.35743036],[114.31953334,22.36000843],[114.31895114,22.35979977],[114.31914513,22.36045832],[114.31884612,22.36089683],[114.31907194,22.36104667],[114.31883178,22.36091458],[114.31912845,22.36112089],[114.31951427,22.36102121],[114.31955347,22.36274187],[114.3200405,22.36324802],[114.31971906,22.36379033],[114.31897685,22.36403039],[114.31887346,22.36445116],[114.31935849,22.36475829],[114.32015829,22.36461498],[114.32060716,22.36415343],[114.32088647,22.36423702],[114.32061161,22.36454042],[114.32080703,22.36509587],[114.32033018,22.36693869],[114.3200204,22.36756304],[114.31932975,22.36790102],[114.31949308,22.36956145],[114.31861497,22.36997339],[114.31803481,22.3693701],[114.31772109,22.37058104],[114.31663166,22.37165773],[114.31745792,22.37243809],[114.31717644,22.37395948],[114.31658158,22.3749906],[114.31690137,22.37556997],[114.31748059,22.37523139],[114.31757176,22.37567878],[114.31796191,22.37555968],[114.31778575,22.37634583],[114.31725628,22.37631375],[114.31714441,22.37663448],[114.31721551,22.37710013],[114.31785458,22.37754964],[114.31754618,22.37804965],[114.31670748,22.37791825],[114.31575687,22.37867889],[114.31448078,22.3777628],[114.31347569,22.37594016],[114.3135216,22.37503602],[114.31314068,22.37428141],[114.31327169,22.37557126],[114.31291242,22.37552948],[114.3128041,22.37505817],[114.31241202,22.3750841],[114.3120676,22.37539264],[114.3123187,22.37569423],[114.31170348,22.37540152],[114.31132151,22.37581978],[114.31198486,22.37615492],[114.31232898,22.37575478],[114.31262073,22.37583175],[114.31212658,22.37684708],[114.31233958,22.37765313],[114.31285079,22.37754659],[114.31347021,22.37845753],[114.31370555,22.3794956],[114.31345635,22.38008295],[114.31184702,22.38039425],[114.30990501,22.37938172],[114.30857742,22.38031969],[114.30860003,22.38069186],[114.30776122,22.38068994],[114.30747033,22.38100102]]],[[[114.28073827,22.38146679],[114.27942581,22.38179336],[114.27928779,22.38131797],[114.27972379,22.38102612],[114.27971074,22.37993315],[114.27995549,22.38048096],[114.28051654,22.38046686],[114.28120947,22.37891223],[114.28214554,22.37867183],[114.28254106,22.37885598],[114.282904,22.3802091],[114.28193867,22.3810098],[114.28155002,22.38093225],[114.28109615,22.38148389],[114.28073827,22.38146679]]],[[[114.28168593,22.38226574],[114.28177716,22.38195744],[114.2820042,22.38203065],[114.2818611,22.38220516],[114.28168593,22.38226574]]]]}},{"type":"Feature","properties":{"TPU_NUMBER":"814","SPU_NUMBER":"81","PPU_NUMBER":"8"},"geometry":{"type":"MultiPolygon","coordinates":[[[[114.36829833,22.30719192],[114.36801241,22.30720497],[114.36805868,22.30693125],[114.36860648,22.30661563],[114.36829833,22.30719192]]],[[[114.36486579,22.30732327],[114.36498742,22.30756044],[114.36466731,22.30808769],[114.36452251,22.30745111],[114.36486579,22.30732327]]],[[[114.36911747,22.31051359],[114.36893521,22.31055448],[114.36870286,22.31067455],[114.36916111,22.31017049],[114.36935967,22.31033015],[114.36911747,22.31051359]]],[[[114.37275928,22.31144361],[114.37278294,22.31159969],[114.37247753,22.31174906],[114.37247166,22.31146174],[114.37275928,22.31144361]]],[[[114.37187936,22.3123207],[114.37112826,22.31225578],[114.37204708,22.31154304],[114.37209582,22.31169491],[114.37187936,22.3123207]]],[[[114.37130939,22.3115174],[114.37076988,22.31231272],[114.37006145,22.31217689],[114.37054421,22.31152542],[114.37130939,22.3115174]]],[[[114.34663893,22.3143913],[114.34684684,22.31468637],[114.34682046,22.31488952],[114.34652793,22.31471383],[114.34663893,22.3143913]]],[[[114.36565271,22.32118282],[114.36399047,22.32056424],[114.36236065,22.32068013],[114.36203461,22.32055587],[114.36200166,22.32014463],[114.3611274,22.31997335],[114.36087817,22.31923779],[114.36107978,22.31870081],[114.36091312,22.31891428],[114.36079191,22.31867151],[114.36139888,22.31661856],[114.36093916,22.31655165],[114.36088363,22.31610898],[114.36229618,22.31472006],[114.36185663,22.31426609],[114.36267872,22.31276169],[114.36425673,22.31175631],[114.3652515,22.31188973],[114.36477746,22.31105331],[114.3654902,22.31087693],[114.36508598,22.31064101],[114.36547593,22.31052283],[114.36525062,22.31020556],[114.3655985,22.3103263],[114.36530775,22.30967625],[114.36554218,22.3093076],[114.36515053,22.3089397],[114.36561693,22.30855565],[114.36491683,22.3083784],[114.36502683,22.30799124],[114.36656768,22.30687637],[114.36743521,22.3067062],[114.36773673,22.30698417],[114.36767715,22.30792457],[114.36660246,22.30863301],[114.36758941,22.30883918],[114.36757525,22.30947275],[114.36709327,22.31012898],[114.36754556,22.31033233],[114.36790092,22.30987941],[114.36786095,22.31035088],[114.36849204,22.31041809],[114.3685325,22.31097194],[114.36957089,22.31054765],[114.36919883,22.31101312],[114.37101942,22.31084863],[114.36961577,22.31161802],[114.36987401,22.311978],[114.36934615,22.31278872],[114.36882791,22.31289232],[114.36836716,22.31346134],[114.3683102,22.31463108],[114.36867441,22.31492389],[114.36922486,22.31460636],[114.36949501,22.31514492],[114.36845751,22.3163272],[114.36806334,22.31732068],[114.36813968,22.31823922],[114.36757239,22.31848061],[114.36747541,22.31872977],[114.36781154,22.31857685],[114.36736711,22.31905535],[114.36657794,22.31912426],[114.36593216,22.31997653],[114.36522821,22.32000911],[114.36518468,22.3206041],[114.36577454,22.32046185],[114.36534553,22.32067851],[114.36576126,22.32079939],[114.36593111,22.32057818],[114.36639262,22.32044369],[114.36603949,22.32079942],[114.36640527,22.32101024],[114.36565271,22.32118282]]],[[[114.36658147,22.3219361],[114.36601293,22.32247147],[114.36555804,22.32248865],[114.3656806,22.32186522],[114.36658147,22.3219361]]],[[[114.36764378,22.32616853],[114.36754385,22.32563022],[114.3679511,22.32527492],[114.36917317,22.32553937],[114.36764378,22.32616853]]],[[[114.36721528,22.32620122],[114.36656804,22.32587845],[114.36674232,22.32528958],[114.3673027,22.32562808],[114.36721528,22.32620122]]],[[[114.35553099,22.32654745],[114.35474795,22.32624393],[114.35444801,22.32453432],[114.35374087,22.32369085],[114.35276874,22.3234674],[114.35134377,22.32484625],[114.35046621,22.32517921],[114.34939012,22.32382347],[114.34886104,22.32367123],[114.34836141,22.32286707],[114.34853177,22.32266178],[114.34806696,22.32236642],[114.34811939,22.32131561],[114.34745984,22.32117759],[114.34786652,22.32027669],[114.34783198,22.31936425],[114.3473647,22.31869869],[114.34668166,22.31853177],[114.3466119,22.31789154],[114.34620125,22.31788209],[114.34615969,22.31697326],[114.34620792,22.31643941],[114.34677761,22.31606171],[114.34653896,22.31582393],[114.34682877,22.31517807],[114.346394,22.31510582],[114.34699989,22.31500553],[114.3469121,22.31443079],[114.34755947,22.31388243],[114.34737008,22.3133821],[114.34802775,22.31262893],[114.34840005,22.31268415],[114.34884007,22.31350144],[114.34754257,22.3147017],[114.34856751,22.31478877],[114.34853678,22.31584688],[114.34886225,22.31624742],[114.35026017,22.3168792],[114.35091834,22.31605352],[114.35198728,22.31602748],[114.3524417,22.31671413],[114.35230009,22.31711572],[114.35368728,22.31729204],[114.35349041,22.31925553],[114.35407193,22.31947519],[114.35370634,22.32012894],[114.35289761,22.32054624],[114.35287325,22.32117804],[114.35346556,22.32148506],[114.35308466,22.32235852],[114.35341875,22.32270063],[114.35465578,22.32253404],[114.35421214,22.32337698],[114.35540836,22.32285415],[114.35535238,22.32323542],[114.35481197,22.32334876],[114.35531734,22.32346932],[114.35528227,22.32388411],[114.35660735,22.32357189],[114.35706326,22.325715],[114.35771071,22.32583282],[114.35756004,22.3261293],[114.35553099,22.32654745]]],[[[114.36817264,22.32681966],[114.36759353,22.32651296],[114.36898297,22.32612192],[114.36938383,22.32627696],[114.36903557,22.32676594],[114.36817264,22.32681966]]],[[[114.36201142,22.33013802],[114.36203866,22.33023602],[114.36192503,22.33035928],[114.36188243,22.33019143],[114.36201142,22.33013802]]],[[[114.36706106,22.33003835],[114.36709414,22.33019222],[114.36684726,22.33051013],[114.36689137,22.33013228],[114.36706106,22.33003835]]],[[[114.36757252,22.33074906],[114.36727744,22.33063089],[114.36753997,22.33068639],[114.36742875,22.33028955],[114.36784452,22.3299439],[114.36808912,22.33045637],[114.36757252,22.33074906]]],[[[114.36706117,22.33064285],[114.36704736,22.33089577],[114.36692724,22.33070467],[114.367239,22.33044253],[114.36706117,22.33064285]]],[[[114.37212971,22.33308998],[114.37198159,22.33298483],[114.37206452,22.3325949],[114.3723038,22.33286272],[114.37212971,22.33308998]]],[[[114.37115854,22.33392833],[114.37004982,22.33373958],[114.37037554,22.33331473],[114.37048401,22.33326359],[114.37000573,22.33227409],[114.37073705,22.33184949],[114.37079988,22.33144561],[114.37146066,22.33158433],[114.37100049,22.33053995],[114.3714538,22.3294587],[114.3721084,22.32958693],[114.37160448,22.32880146],[114.37206123,22.32806919],[114.37248185,22.32854322],[114.37291571,22.32822137],[114.37298001,22.32870943],[114.37338154,22.32791417],[114.37331127,22.32837001],[114.37464783,22.3276214],[114.3746508,22.32801535],[114.37513079,22.32809774],[114.37530495,22.32770413],[114.37580692,22.32789315],[114.37600673,22.32848554],[114.37633164,22.32818003],[114.37639274,22.32857515],[114.3775953,22.32743322],[114.37787035,22.32759486],[114.37813275,22.32794309],[114.37796455,22.32852232],[114.37755967,22.32862476],[114.37749267,22.32900021],[114.3761913,22.32942666],[114.37585143,22.32908664],[114.37526912,22.33049287],[114.37295209,22.33053965],[114.37308843,22.33150644],[114.37248395,22.33185329],[114.37205679,22.33173232],[114.37242853,22.33215694],[114.37160568,22.33193325],[114.37175688,22.33221477],[114.37146611,22.33227509],[114.37196617,22.33263044],[114.37175621,22.33324944],[114.37118072,22.33357466],[114.37041761,22.33333607],[114.37115854,22.33392833]]],[[[114.37074334,22.3345192],[114.36995081,22.33423938],[114.36958386,22.33448545],[114.36926379,22.33421452],[114.36950815,22.33391423],[114.37051213,22.33402571],[114.37097932,22.33425684],[114.37074334,22.3345192]]],[[[114.37015353,22.33474711],[114.36993048,22.33481201],[114.3698322,22.33450918],[114.37032584,22.33458746],[114.37015353,22.33474711]]],[[[114.37044527,22.33496734],[114.37050359,22.33515058],[114.37023363,22.33521602],[114.37022795,22.33511203],[114.37044527,22.33496734]]],[[[114.3679054,22.33683601],[114.36756267,22.33661887],[114.36780544,22.33616178],[114.36802414,22.33636979],[114.3679054,22.33683601]]],[[[114.37464599,22.33919328],[114.37451002,22.33874832],[114.37558466,22.33868981],[114.37550077,22.33907249],[114.37464599,22.33919328]]],[[[114.37510471,22.33956193],[114.37497246,22.33961578],[114.37469955,22.33944896],[114.37488311,22.33936291],[114.37510471,22.33956193]]],[[[114.36594253,22.33966333],[114.36579436,22.33938522],[114.36547993,22.33948729],[114.36500528,22.33776233],[114.36442737,22.33751072],[114.36399569,22.33818624],[114.36271475,22.33883679],[114.36232282,22.33849689],[114.36105079,22.33874736],[114.36084694,22.33834183],[114.36115057,22.33841752],[114.3608713,22.33793286],[114.36111505,22.33633771],[114.36036784,22.3353008],[114.3611052,22.3339659],[114.36059841,22.33397263],[114.36072412,22.33339739],[114.36138299,22.3332083],[114.36147773,22.33268975],[114.36130416,22.33224229],[114.36081761,22.33218731],[114.36104408,22.33204819],[114.36023505,22.33092419],[114.36083433,22.32986654],[114.36140081,22.33073584],[114.3614749,22.33036428],[114.36146555,22.33059341],[114.3622411,22.33081841],[114.36244458,22.33041906],[114.36259567,22.33066384],[114.36288981,22.33039721],[114.36317945,22.33056923],[114.36311744,22.33016547],[114.36403199,22.32930528],[114.36424985,22.32932398],[114.36414601,22.32984147],[114.3644443,22.32977121],[114.36490778,22.32937109],[114.36476684,22.32915142],[114.36531594,22.32916059],[114.36583315,22.3284244],[114.3664339,22.32877704],[114.36618341,22.32929577],[114.36531501,22.32952708],[114.36554196,22.33004186],[114.36612592,22.33039448],[114.36609007,22.33009605],[114.36675514,22.33018185],[114.36582959,22.33358622],[114.36631309,22.33431101],[114.36706587,22.33435654],[114.36688463,22.33492342],[114.36713894,22.33544802],[114.36768239,22.33534409],[114.36776461,22.33602411],[114.3673106,22.33676627],[114.36773037,22.33696935],[114.36794606,22.33782184],[114.36746771,22.33897745],[114.36629201,22.33934893],[114.36686706,22.33943],[114.36676653,22.33955397],[114.36594253,22.33966333]]],[[[114.36998013,22.34562376],[114.36888798,22.34516676],[114.36874063,22.34477355],[114.36926963,22.34428922],[114.37016054,22.34445466],[114.36998013,22.34562376]]]]}},{"type":"Feature","properties":{"TPU_NUMBER":"815","SPU_NUMBER":"81","PPU_NUMBER":"8"},"geometry":{"type":"MultiPolygon","coordinates":[[[[114.39453067,22.43881117],[114.39444644,22.43857133],[114.39416727,22.43831276],[114.39464271,22.43835135],[114.39453067,22.43881117]]],[[[114.39238163,22.44086297],[114.39213484,22.44119849],[114.39183181,22.44107861],[114.39197967,22.44066461],[114.39238163,22.44086297]]],[[[114.36834293,22.44155046],[114.36768642,22.44304224],[114.36379375,22.44201977],[114.36478752,22.43885421],[114.36392895,22.4355831],[114.36452849,22.43396492],[114.36609577,22.43345279],[114.36668921,22.43245053],[114.36677068,22.43169277],[114.3661933,22.43036208],[114.36637681,22.42984926],[114.36593193,22.42913064],[114.36642008,22.42816965],[114.36627852,22.42688909],[114.36700003,22.42590056],[114.36786271,22.42536142],[114.36807066,22.42350281],[114.36602246,22.42099936],[114.36639362,22.42075502],[114.3656211,22.41863806],[114.3660654,22.41790871],[114.36533039,22.41599063],[114.36455062,22.41489945],[114.36330121,22.41413458],[114.36213059,22.41289276],[114.36030825,22.41028455],[114.35955975,22.40839874],[114.35837908,22.40796012],[114.35823896,22.40750303],[114.3562248,22.40750297],[114.35553407,22.40660654],[114.35558017,22.40580039],[114.35116521,22.40603413],[114.35072713,22.40632002],[114.351524,22.40681562],[114.35209234,22.40805644],[114.35170056,22.40866231],[114.34887267,22.41009993],[114.34493701,22.41090658],[114.34510156,22.41016522],[114.34258761,22.40692832],[114.34312085,22.40340936],[114.34352504,22.40304925],[114.34530017,22.40281076],[114.34616114,22.40235331],[114.3466054,22.40144111],[114.34933912,22.40023089],[114.35386343,22.39619538],[114.356717,22.39642095],[114.35813005,22.39599903],[114.35919276,22.39646706],[114.35999689,22.39605683],[114.36144973,22.39604721],[114.36422076,22.39520637],[114.36424879,22.39416189],[114.36474448,22.3939372],[114.36476396,22.39320287],[114.36589746,22.39113605],[114.36682008,22.38822709],[114.36792044,22.38736102],[114.37049946,22.38724376],[114.37173539,22.38816601],[114.37223466,22.38901075],[114.37307337,22.38964774],[114.37378683,22.38968431],[114.37402987,22.39012249],[114.37462889,22.3900746],[114.37518897,22.38958826],[114.37651611,22.3874094],[114.37718358,22.38450414],[114.37789969,22.38413389],[114.37896869,22.38434707],[114.37929449,22.38488402],[114.37987693,22.38485649],[114.38097304,22.38545981],[114.38662332,22.3855501],[114.39046775,22.38594922],[114.39062365,22.38668533],[114.38992147,22.3876074],[114.3906292,22.38746295],[114.39073818,22.38773471],[114.39012399,22.38818025],[114.38973313,22.38809708],[114.3894323,22.38896652],[114.38776006,22.38920012],[114.38787011,22.38943031],[114.38702218,22.38962198],[114.38698063,22.39012366],[114.38660351,22.39009974],[114.38693081,22.39037601],[114.38677854,22.39057275],[114.38636264,22.39062886],[114.38522184,22.38966312],[114.38533361,22.38927343],[114.38443113,22.38926388],[114.38375043,22.39091764],[114.38305718,22.39163406],[114.38262524,22.39171849],[114.38270828,22.39146447],[114.38245455,22.39163622],[114.38224137,22.39140025],[114.3813654,22.39156658],[114.3816717,22.39221499],[114.3815997,22.39319728],[114.38135434,22.39370262],[114.38061504,22.39398137],[114.38091693,22.39418186],[114.37982866,22.39535429],[114.38005871,22.39552138],[114.37984497,22.39591055],[114.37930318,22.39609932],[114.37901085,22.39578675],[114.37906874,22.39609645],[114.37879844,22.39588688],[114.37854743,22.39616569],[114.37839681,22.39578557],[114.3775521,22.39698712],[114.37648203,22.39652578],[114.37669581,22.39739695],[114.37648698,22.39826755],[114.37454454,22.39798129],[114.37400372,22.39699272],[114.37286796,22.39641482],[114.37140537,22.39751473],[114.37157562,22.39815646],[114.37040823,22.39823223],[114.36989343,22.40000562],[114.37084533,22.40061613],[114.37213233,22.40063139],[114.37208867,22.40095235],[114.37168879,22.40085375],[114.37197569,22.40140953],[114.37309511,22.40118165],[114.37309867,22.40148647],[114.3738839,22.40172514],[114.37304476,22.40215097],[114.37450364,22.40251982],[114.37364905,22.40314881],[114.37390051,22.40355363],[114.37519768,22.40314721],[114.37516319,22.40342321],[114.37427328,22.40376933],[114.37464428,22.40396867],[114.37436051,22.40459805],[114.37508923,22.40572912],[114.37484488,22.40565779],[114.37478421,22.40613767],[114.37414046,22.40625879],[114.37470762,22.40697632],[114.3745251,22.40742382],[114.37479912,22.40734942],[114.37490745,22.40764303],[114.37409399,22.40844463],[114.37488487,22.40873753],[114.3754575,22.40951313],[114.37608788,22.40965392],[114.37610118,22.41058918],[114.37535694,22.41047382],[114.37493254,22.41095072],[114.37457906,22.41047012],[114.37412301,22.41029754],[114.37482601,22.41110351],[114.37396658,22.41171537],[114.37390817,22.41235411],[114.37414548,22.41174073],[114.3754286,22.41076546],[114.37662568,22.41101965],[114.3782488,22.40930297],[114.37902737,22.40928076],[114.37884173,22.41004834],[114.37908155,22.41022004],[114.37852724,22.4107515],[114.37914435,22.4105067],[114.37922031,22.41061826],[114.37829344,22.41111739],[114.37831239,22.41183291],[114.37795139,22.41197275],[114.37919524,22.41446521],[114.38120742,22.41711443],[114.38147442,22.41731015],[114.38193874,22.41691585],[114.38261717,22.41704902],[114.38278119,22.41772388],[114.38256442,22.41793665],[114.38271067,22.41812167],[114.38301624,22.41787474],[114.38276735,22.41822089],[114.38333003,22.41837013],[114.3833062,22.41885579],[114.38361387,22.41866412],[114.3835244,22.41892815],[114.38451788,22.41936757],[114.38500371,22.42012016],[114.38595205,22.42068807],[114.38688146,22.42090105],[114.38724299,22.42042072],[114.38964414,22.42003087],[114.38964706,22.41980807],[114.39021492,22.4201199],[114.39058703,22.41981371],[114.39220776,22.42063323],[114.39260107,22.42008468],[114.39291284,22.42032786],[114.39297554,22.42001315],[114.39325445,22.42003992],[114.39336339,22.41994996],[114.39316046,22.41947659],[114.39366523,22.41900966],[114.39349964,22.41871782],[114.39461349,22.41835888],[114.39499309,22.41779858],[114.39504305,22.41745087],[114.3945576,22.4171359],[114.39481316,22.41557626],[114.39584245,22.41490903],[114.39618628,22.41507805],[114.39657044,22.41423035],[114.39751605,22.41428846],[114.39840981,22.41371628],[114.3983053,22.41264187],[114.399177,22.41193754],[114.40098108,22.41181903],[114.40113121,22.41221853],[114.40086187,22.41264592],[114.40111088,22.41281536],[114.40162882,22.41272029],[114.40172453,22.41219659],[114.40235537,22.41179991],[114.40284708,22.41229935],[114.40436212,22.41210348],[114.40428185,22.41354982],[114.40502654,22.41267536],[114.40562816,22.41269746],[114.40496775,22.41441722],[114.40339979,22.41558407],[114.40446069,22.41592988],[114.40406656,22.41705874],[114.40337474,22.41721161],[114.40338962,22.41753667],[114.4032066,22.4173273],[114.40285467,22.41775846],[114.40302528,22.41856296],[114.40350237,22.4187913],[114.40334546,22.419632],[114.40258581,22.41974602],[114.4023362,22.41926315],[114.40159642,22.42040829],[114.40010411,22.42047397],[114.3996126,22.42102678],[114.39938133,22.42074229],[114.39891541,22.42184366],[114.39681389,22.4231573],[114.39747708,22.42405919],[114.3969599,22.42480855],[114.39756661,22.4246131],[114.39745154,22.42517448],[114.39801614,22.42550795],[114.39763895,22.42589728],[114.39798052,22.42680813],[114.3967052,22.42704879],[114.39685157,22.42739995],[114.39658552,22.42765483],[114.39692779,22.42793906],[114.39673365,22.42827116],[114.39526808,22.42948058],[114.3954232,22.42999664],[114.39663194,22.43035544],[114.39660461,22.43080517],[114.39709708,22.4305744],[114.39772961,22.43093166],[114.39778757,22.43066954],[114.39820679,22.43073766],[114.39800729,22.43085236],[114.39860071,22.43117831],[114.3984489,22.43178891],[114.3987588,22.4319293],[114.39871678,22.43324116],[114.39821074,22.43338523],[114.39886317,22.43376261],[114.39868019,22.43421946],[114.39914148,22.43444704],[114.39963626,22.43382928],[114.39984513,22.43448672],[114.40011963,22.43421412],[114.39999423,22.43457547],[114.40065119,22.43500974],[114.40039516,22.4354044],[114.4012314,22.43594723],[114.40101402,22.43628948],[114.40054223,22.43608018],[114.40034215,22.43641126],[114.39921237,22.43598097],[114.3976686,22.43610514],[114.39682906,22.4355979],[114.39693845,22.43445386],[114.39677701,22.43423758],[114.39669549,22.43422324],[114.39689427,22.43450322],[114.39638856,22.43558221],[114.39565763,22.43579336],[114.39556684,22.43699408],[114.39504746,22.43686898],[114.39505351,22.43777659],[114.39457812,22.43821795],[114.39376684,22.43817649],[114.39279141,22.43701443],[114.39200292,22.43728713],[114.39152329,22.43819116],[114.39162646,22.43891855],[114.39205285,22.43922772],[114.39181882,22.43939216],[114.39216865,22.439389],[114.39183653,22.43984626],[114.39208269,22.43974667],[114.39192092,22.43994436],[114.39251309,22.44018902],[114.39242248,22.44043053],[114.39192851,22.44059987],[114.39177853,22.44084908],[114.39125206,22.4402034],[114.39122006,22.43925253],[114.39056774,22.43917666],[114.39059508,22.43888],[114.38890194,22.43853453],[114.38866822,22.43902029],[114.38801906,22.43904255],[114.38664416,22.43842445],[114.38482405,22.43830419],[114.38357855,22.43699878],[114.38220085,22.43627913],[114.37843796,22.43702518],[114.37691885,22.43797113],[114.3767067,22.4385991],[114.37531156,22.43837079],[114.37504536,22.43873534],[114.37465735,22.43802415],[114.37313826,22.43796799],[114.3715147,22.43686819],[114.36952549,22.43788328],[114.36953016,22.43885691],[114.36834293,22.44155046]]]]}},{"type":"Feature","properties":{"TPU_NUMBER":"820","SPU_NUMBER":"82","PPU_NUMBER":"8"},"geometry":{"type":"Polygon","coordinates":[[[114.25222407,22.36733295],[114.25073743,22.36843919],[114.24838461,22.36940375],[114.24874856,22.36736087],[114.24943808,22.36667799],[114.24847312,22.36281257],[114.24889074,22.36192727],[114.24810091,22.36184093],[114.24795782,22.36127932],[114.24671342,22.36038645],[114.24590036,22.3604578],[114.24604561,22.35973903],[114.24570055,22.35925959],[114.24398918,22.35905485],[114.24360257,22.35787232],[114.243252,22.3579143],[114.24304054,22.35859886],[114.24162859,22.35833376],[114.24088633,22.35887715],[114.24029856,22.35871392],[114.23905217,22.35934478],[114.23912872,22.35983035],[114.23865986,22.36003776],[114.23711824,22.35944675],[114.23644997,22.35961251],[114.23550909,22.35912953],[114.23463861,22.36003],[114.23395583,22.36005545],[114.23488007,22.35864333],[114.23465472,22.35835077],[114.23474434,22.35443967],[114.23517354,22.35236701],[114.23248389,22.35136516],[114.23429207,22.35077254],[114.23405757,22.3498257],[114.23465139,22.34798398],[114.23441716,22.34717041],[114.23710812,22.34794228],[114.23808607,22.34904452],[114.23762339,22.34942628],[114.23821027,22.34970971],[114.23953359,22.34834931],[114.23995423,22.34900032],[114.24479926,22.34871359],[114.24543161,22.34960776],[114.24592096,22.34846689],[114.24698004,22.34928002],[114.2481996,22.34912598],[114.2480195,22.3484005],[114.24679525,22.34775283],[114.24633781,22.34572677],[114.24723454,22.34591183],[114.24780305,22.34546635],[114.24800526,22.34598979],[114.2485746,22.34623366],[114.24949923,22.34585414],[114.2508757,22.34634528],[114.25141656,22.34615464],[114.25160728,22.34730314],[114.25416639,22.34689924],[114.25463151,22.34760257],[114.25560413,22.34574766],[114.25604869,22.34571293],[114.25354063,22.3510999],[114.25211105,22.35188583],[114.25223886,22.3522408],[114.251688,22.35251828],[114.2511742,22.35229986],[114.2503006,22.35354416],[114.25165945,22.35551562],[114.25255861,22.35964878],[114.2536415,22.36004096],[114.25360385,22.36045903],[114.25577298,22.36002823],[114.255343,22.36146419],[114.25580674,22.36452058],[114.25492475,22.36496013],[114.2528732,22.36717207],[114.25222407,22.36733295]]]}},{"type":"Feature","properties":{"TPU_NUMBER":"821","SPU_NUMBER":"82","PPU_NUMBER":"8"},"geometry":{"type":"MultiPolygon","coordinates":[[[[114.26397486,22.37142036],[114.26381136,22.37159909],[114.26361753,22.37152769],[114.26405259,22.37120056],[114.26397486,22.37142036]]],[[[114.26567261,22.3758869],[114.26520068,22.37611421],[114.26477841,22.37579639],[114.2643601,22.37606289],[114.26345701,22.37562791],[114.26308856,22.37574398],[114.26123682,22.37441279],[114.26055084,22.37351102],[114.2596591,22.37037992],[114.26007993,22.3663023],[114.25887087,22.36369124],[114.25941375,22.363393],[114.25985795,22.3637516],[114.25980653,22.36450526],[114.26006975,22.36453303],[114.25947812,22.36466134],[114.26004619,22.36466892],[114.26010206,22.36517974],[114.26083806,22.36451411],[114.26113117,22.36512767],[114.26024196,22.36552064],[114.26030466,22.36594964],[114.26072909,22.36585544],[114.26074338,22.36630004],[114.26057604,22.36748645],[114.2600694,22.36804831],[114.25998843,22.36867119],[114.26045108,22.36874499],[114.26123807,22.36776946],[114.26283845,22.36748931],[114.26309887,22.36829881],[114.26270094,22.36961331],[114.26322952,22.36967395],[114.26368514,22.36918293],[114.26414822,22.36946053],[114.26371885,22.37056439],[114.26381958,22.37088171],[114.26412084,22.37064212],[114.26414356,22.37065988],[114.26345128,22.37154026],[114.26291897,22.37164404],[114.26357636,22.37234022],[114.26415782,22.37235138],[114.26497892,22.37129171],[114.26656044,22.37021207],[114.2678639,22.37037309],[114.26854119,22.36795694],[114.26984286,22.36651249],[114.27009249,22.3655096],[114.26973727,22.36482926],[114.27014404,22.36346599],[114.26897453,22.36189306],[114.268852,22.36120114],[114.26802784,22.36077318],[114.26748621,22.3600262],[114.26716451,22.36018921],[114.26540746,22.35967137],[114.26549428,22.3591321],[114.26510296,22.35904734],[114.265561,22.35888558],[114.26538413,22.35721507],[114.26494103,22.35625195],[114.26520809,22.35639853],[114.26576774,22.3560203],[114.26590498,22.35701316],[114.26700565,22.35764629],[114.26737022,22.35736623],[114.26757265,22.35763178],[114.26860469,22.35765232],[114.26875206,22.35730562],[114.26953699,22.35722783],[114.27150531,22.35886916],[114.27185008,22.35969706],[114.27251944,22.36005351],[114.27227141,22.35814936],[114.27170096,22.35712968],[114.2713158,22.35723294],[114.27128649,22.35609944],[114.27153353,22.35604015],[114.27155422,22.35529484],[114.27233223,22.35421887],[114.27244499,22.3535144],[114.27268793,22.35354211],[114.27308234,22.35248088],[114.27372165,22.35182259],[114.27344203,22.35126855],[114.2741193,22.35131254],[114.27513504,22.35065162],[114.27561306,22.35231148],[114.27525389,22.35286772],[114.27590579,22.3533003],[114.2756998,22.35389503],[114.27616802,22.35433544],[114.27649005,22.3540862],[114.2772293,22.35428516],[114.27789342,22.35488547],[114.27778205,22.3556276],[114.27752764,22.35561679],[114.27695442,22.35665783],[114.27704697,22.35760517],[114.27681282,22.35754797],[114.27709233,22.35803125],[114.27825939,22.35832848],[114.27875193,22.35916097],[114.27816362,22.36014539],[114.27751446,22.36015792],[114.27714618,22.36088247],[114.27635884,22.3606738],[114.27531838,22.36093646],[114.27487131,22.3617218],[114.27495882,22.36255781],[114.27445581,22.36261752],[114.27423095,22.36370994],[114.27322244,22.36383666],[114.2726794,22.3644778],[114.27301918,22.36612835],[114.27250045,22.36648692],[114.2718833,22.36794972],[114.27164995,22.36993855],[114.27223854,22.37069277],[114.27219382,22.37106193],[114.27290036,22.37168753],[114.27290028,22.37243913],[114.27064286,22.372546],[114.26935322,22.37334369],[114.26921049,22.37408992],[114.26808015,22.3753808],[114.26709573,22.37525887],[114.26706426,22.37502833],[114.26567261,22.3758869]]]]}},{"type":"Feature","properties":{"TPU_NUMBER":"822","SPU_NUMBER":"82","PPU_NUMBER":"8"},"geometry":{"type":"Polygon","coordinates":[[[114.29062037,22.40243156],[114.28961432,22.40399047],[114.28974737,22.40484748],[114.28848194,22.40740471],[114.286873,22.41270583],[114.28673969,22.41155989],[114.28719264,22.41105981],[114.28756759,22.40967171],[114.2872983,22.40895763],[114.28644035,22.40753548],[114.28500065,22.4064393],[114.28435528,22.40518145],[114.28312042,22.40400349],[114.28182045,22.4012944],[114.27828206,22.40241828],[114.27753559,22.40162976],[114.27683724,22.40138615],[114.27671379,22.40095438],[114.27539088,22.40198013],[114.27366705,22.40102003],[114.27345823,22.39966701],[114.27286054,22.39856587],[114.27233071,22.39845491],[114.27172283,22.39723923],[114.26837738,22.39451292],[114.26865899,22.39529609],[114.26750814,22.39622135],[114.26670632,22.39759241],[114.26616478,22.39750658],[114.26563848,22.39614259],[114.26505063,22.39721059],[114.26344237,22.39804614],[114.26240552,22.39745154],[114.26305253,22.39715948],[114.26352858,22.39615111],[114.2605895,22.39688417],[114.2596478,22.39661435],[114.25763145,22.39473779],[114.25676942,22.3903038],[114.2571713,22.38768714],[114.25698583,22.38644293],[114.2576258,22.38550588],[114.25862695,22.38527545],[114.26000386,22.38519656],[114.26072195,22.38560332],[114.26016297,22.38631695],[114.26045072,22.38637408],[114.26081556,22.38572533],[114.26124553,22.38613393],[114.26205711,22.38566329],[114.26202632,22.38477695],[114.26400364,22.38276423],[114.2659586,22.38236173],[114.26598625,22.38270098],[114.26684945,22.38284673],[114.2678102,22.38351384],[114.26761272,22.38465306],[114.26699558,22.38500795],[114.26698203,22.38562886],[114.26631529,22.38585798],[114.26655349,22.38612446],[114.26800611,22.38662655],[114.26842503,22.38600543],[114.26845478,22.38517133],[114.26930033,22.38520581],[114.27000811,22.38458572],[114.27097866,22.38492831],[114.27145601,22.3866044],[114.27267383,22.38842656],[114.27454906,22.38854916],[114.27642787,22.39024059],[114.27657206,22.39149339],[114.27753092,22.39297209],[114.27763678,22.39398268],[114.27874859,22.39484037],[114.27969695,22.3946481],[114.28080524,22.39356865],[114.28051679,22.3931487],[114.28091794,22.39271664],[114.28264007,22.39459557],[114.28276552,22.39535651],[114.28285859,22.39508774],[114.28421719,22.39523777],[114.28542744,22.39601755],[114.28542595,22.39629646],[114.28581423,22.39570015],[114.28641319,22.39614867],[114.28637906,22.39559106],[114.28733746,22.39497462],[114.28742486,22.39421362],[114.2881092,22.394316],[114.28897368,22.39397761],[114.28917391,22.3926424],[114.28891416,22.39253792],[114.28850597,22.39200603],[114.28919329,22.39258585],[114.28967774,22.39124588],[114.29074448,22.39187596],[114.29132969,22.39161234],[114.29101658,22.39203668],[114.29441808,22.39382629],[114.29472113,22.39646549],[114.29428288,22.39909451],[114.293675,22.40008887],[114.29231166,22.40064077],[114.29130541,22.40209653],[114.29062037,22.40243156]]]}},{"type":"Feature","properties":{"TPU_NUMBER":"823","SPU_NUMBER":"82","PPU_NUMBER":"8"},"geometry":{"type":"MultiPolygon","coordinates":[[[[114.26550092,22.35282182],[114.26514867,22.35284655],[114.26498296,22.35274334],[114.26560643,22.35270088],[114.26550092,22.35282182]]],[[[114.25915039,22.36352576],[114.25887087,22.36369124],[114.25781417,22.36304816],[114.25672104,22.36151075],[114.25675337,22.3603246],[114.25572941,22.36002625],[114.25360385,22.36045903],[114.2536415,22.36004096],[114.25255861,22.35964878],[114.25165945,22.35551562],[114.25029786,22.3536486],[114.2511742,22.35229986],[114.251688,22.35251828],[114.25223886,22.3522408],[114.25211105,22.35188583],[114.25318856,22.35146297],[114.25367302,22.35091374],[114.25477624,22.34816844],[114.2557299,22.34668721],[114.2571212,22.34269318],[114.25793202,22.34268146],[114.25841924,22.34331583],[114.26018032,22.34411666],[114.26083015,22.34486409],[114.26272199,22.34435661],[114.26446983,22.34567622],[114.26609194,22.34613721],[114.26637646,22.34690949],[114.26724906,22.3468876],[114.26672944,22.34704511],[114.26665645,22.34805389],[114.26864351,22.34949047],[114.26815162,22.35116486],[114.26609228,22.35117082],[114.26486768,22.35012236],[114.26463156,22.35012011],[114.26440462,22.35094482],[114.26484461,22.35222382],[114.26387085,22.35287881],[114.26278817,22.35465057],[114.26141404,22.35416011],[114.26072041,22.35455282],[114.26006973,22.35557994],[114.26075739,22.35620368],[114.26064131,22.35682742],[114.25976576,22.3564884],[114.25982024,22.35523764],[114.25716695,22.3558152],[114.25371251,22.35581385],[114.25472002,22.35646469],[114.25681595,22.35694579],[114.25908609,22.35804817],[114.25908586,22.35842604],[114.25713077,22.36070479],[114.2571525,22.36109693],[114.25762552,22.36100586],[114.25700061,22.36121767],[114.25742928,22.36184194],[114.25781596,22.36186584],[114.25784539,22.36268692],[114.25822372,22.36298555],[114.25854789,22.36307203],[114.25901759,22.36251943],[114.25856202,22.36308671],[114.25893796,22.36341836],[114.25991571,22.36201599],[114.26011607,22.3621275],[114.25915039,22.36352576]]]]}},{"type":"Feature","properties":{"TPU_NUMBER":"824","SPU_NUMBER":"82","PPU_NUMBER":"8"},"geometry":{"type":"Polygon","coordinates":[[[114.27040384,22.40060964],[114.26164906,22.39808116],[114.2562683,22.39784636],[114.25559738,22.39485012],[114.25357556,22.39338021],[114.25258349,22.39037497],[114.25108402,22.38949863],[114.24866154,22.38945403],[114.24763065,22.38881498],[114.24654803,22.38753718],[114.24596171,22.38337576],[114.24623173,22.38212829],[114.24582001,22.38168417],[114.24547618,22.37907327],[114.24474928,22.37857995],[114.24441852,22.37788211],[114.2405176,22.37501359],[114.23451833,22.37170871],[114.23177131,22.37080084],[114.2270237,22.37072327],[114.22571241,22.36968061],[114.22514871,22.36511294],[114.22425176,22.36423676],[114.22359154,22.36403248],[114.2238097,22.36126754],[114.22449089,22.35887522],[114.22245591,22.35687238],[114.22171495,22.35654372],[114.22182398,22.35520917],[114.22128871,22.35457763],[114.22146447,22.35409328],[114.22112045,22.35318005],[114.22403488,22.33451589],[114.22449408,22.33436774],[114.22496442,22.33537708],[114.22591633,22.33544735],[114.22671375,22.33605611],[114.22705151,22.33894973],[114.22782748,22.33896247],[114.22774702,22.33958335],[114.22916696,22.33989205],[114.22868807,22.3408457],[114.22795101,22.34135097],[114.22776728,22.3421852],[114.22799865,22.34248886],[114.22868167,22.34208395],[114.23187344,22.34197547],[114.23123656,22.34048979],[114.2320113,22.33949792],[114.23497425,22.33987289],[114.23533696,22.33957231],[114.23695943,22.33985845],[114.23743419,22.34058467],[114.23873937,22.34091605],[114.23915972,22.34065569],[114.24027463,22.34149284],[114.24070972,22.34431529],[114.24300889,22.34358854],[114.24511362,22.34482654],[114.24577075,22.34491262],[114.24670997,22.34663683],[114.24679525,22.34775283],[114.24820684,22.34859046],[114.24811031,22.34925686],[114.24698004,22.34928002],[114.24592096,22.34846689],[114.24540879,22.34960832],[114.24479926,22.34871359],[114.23995423,22.34900032],[114.23953359,22.34834931],[114.23821973,22.3497116],[114.23762339,22.34942628],[114.23808607,22.34904452],[114.23710812,22.34794228],[114.23441716,22.34717041],[114.23465139,22.34798398],[114.23405757,22.3498257],[114.23429207,22.35077254],[114.23248389,22.35136516],[114.23517354,22.35236701],[114.23474434,22.35443967],[114.23465472,22.35835077],[114.23488007,22.35864333],[114.23395583,22.36005545],[114.23463861,22.36003],[114.23550909,22.35912953],[114.23644997,22.35961251],[114.23711824,22.35944675],[114.23867739,22.36003375],[114.23912872,22.35983035],[114.23905217,22.35934478],[114.24029856,22.35871392],[114.24088633,22.35887715],[114.24162859,22.35833376],[114.24304054,22.35859886],[114.24324004,22.35793101],[114.24355166,22.35785762],[114.24398918,22.35905485],[114.24570055,22.35925959],[114.24604561,22.35973903],[114.24590036,22.3604578],[114.24671342,22.36038645],[114.24795782,22.36127932],[114.24810091,22.36184093],[114.24886419,22.36188312],[114.24847312,22.36281257],[114.24943094,22.36670572],[114.24874856,22.36736087],[114.24838461,22.36940375],[114.24705861,22.37025747],[114.24598531,22.37035949],[114.24768733,22.37166367],[114.24867988,22.37147551],[114.24981125,22.37207461],[114.24939638,22.3723995],[114.24983829,22.37338035],[114.25022463,22.37961963],[114.25077014,22.3822891],[114.25225595,22.38376909],[114.25396733,22.38433385],[114.25429202,22.38406223],[114.25569288,22.38401465],[114.25593939,22.38427285],[114.25729752,22.38425852],[114.25676942,22.3903038],[114.25763145,22.39473779],[114.26011015,22.39684645],[114.26354499,22.39615912],[114.26305253,22.39715948],[114.26240552,22.39745154],[114.26342032,22.398047],[114.26505063,22.39721059],[114.26556127,22.39614415],[114.26618831,22.39753679],[114.26689789,22.39750531],[114.26750814,22.39622135],[114.26865899,22.39529609],[114.26837738,22.39451292],[114.27230176,22.39799718],[114.27069561,22.39794919],[114.27064922,22.3989381],[114.26993651,22.39954901],[114.27040384,22.40060964]]]}},{"type":"Feature","properties":{"TPU_NUMBER":"825","SPU_NUMBER":"82","PPU_NUMBER":"8"},"geometry":{"type":"Polygon","coordinates":[[[114.26816645,22.38630082],[114.26800611,22.38662655],[114.26631529,22.38585798],[114.26698203,22.38562886],[114.26699558,22.38500795],[114.26761272,22.38465306],[114.2678102,22.38351384],[114.26563075,22.38234278],[114.26400364,22.38276423],[114.26202632,22.38477695],[114.26205711,22.38566329],[114.26124553,22.38613393],[114.26081556,22.38572533],[114.26045072,22.38637408],[114.26016297,22.38631695],[114.26072195,22.38560332],[114.26000386,22.38519656],[114.25862695,22.38527545],[114.2576258,22.38550588],[114.25698583,22.38644293],[114.25729752,22.38425852],[114.25689041,22.3843705],[114.25607243,22.38285446],[114.25767714,22.38067018],[114.25870375,22.3798353],[114.25908133,22.37986626],[114.25944467,22.3791101],[114.25908323,22.37899835],[114.26051149,22.3774991],[114.26115381,22.37555769],[114.26179148,22.37476501],[114.26449019,22.37695115],[114.26633141,22.37941693],[114.26862652,22.38072369],[114.27073904,22.38144304],[114.27106815,22.38237716],[114.27097866,22.38492831],[114.27000811,22.38458572],[114.26930033,22.38520581],[114.26845478,22.38517133],[114.26816645,22.38630082]]]}},{"type":"Feature","properties":{"TPU_NUMBER":"826","SPU_NUMBER":"82","PPU_NUMBER":"8"},"geometry":{"type":"Polygon","coordinates":[[[114.27397539,22.38125818],[114.27414455,22.38144427],[114.27152518,22.38350209],[114.27091465,22.38359897],[114.27106815,22.38237716],[114.27073904,22.38144304],[114.2681078,22.38042774],[114.26826289,22.37898713],[114.27007576,22.37786878],[114.27180099,22.37738687],[114.27260608,22.37775162],[114.27308908,22.37750659],[114.27246693,22.37791675],[114.27211441,22.37758297],[114.27002405,22.37829987],[114.27078043,22.37919482],[114.27192685,22.37912283],[114.27397539,22.38125818]]]}},{"type":"Feature","properties":{"TPU_NUMBER":"827","SPU_NUMBER":"82","PPU_NUMBER":"8"},"geometry":{"type":"Polygon","coordinates":[[[114.26796621,22.38025218],[114.2661673,22.37928283],[114.26449019,22.37695115],[114.26276854,22.37557611],[114.2643601,22.37606289],[114.26477841,22.37579639],[114.26520068,22.37611421],[114.26706426,22.37502833],[114.26709573,22.37525887],[114.26808015,22.3753808],[114.26921049,22.37408992],[114.26940113,22.3733019],[114.27024387,22.37302654],[114.27064286,22.372546],[114.27290028,22.37243913],[114.27290036,22.37168753],[114.27315816,22.37179377],[114.27507777,22.37535778],[114.27413582,22.37586526],[114.27458301,22.3776852],[114.27425841,22.37799943],[114.27331425,22.37808095],[114.27308908,22.37750659],[114.27260608,22.37775162],[114.2718272,22.37738462],[114.2697636,22.37798577],[114.26829286,22.37892975],[114.26796621,22.38025218]]]}},{"type":"Feature","properties":{"TPU_NUMBER":"828","SPU_NUMBER":"82","PPU_NUMBER":"8"},"geometry":{"type":"Polygon","coordinates":[[[114.27642775,22.38980984],[114.27663987,22.3901852],[114.27626843,22.3902884],[114.27447523,22.3885203],[114.27275836,22.38849604],[114.27104189,22.38547001],[114.27091465,22.38359897],[114.27152518,22.38350209],[114.27472628,22.3809672],[114.27419324,22.38149778],[114.27467647,22.38203338],[114.2758056,22.38113213],[114.27470359,22.3820609],[114.27612466,22.38364135],[114.27709506,22.38360726],[114.27755179,22.38418342],[114.27640875,22.38580871],[114.27595869,22.38756576],[114.27618752,22.3893283],[114.27663127,22.38971066],[114.27642775,22.38980984]]]}},{"type":"Feature","properties":{"TPU_NUMBER":"829","SPU_NUMBER":"82","PPU_NUMBER":"8"},"geometry":{"type":"Polygon","coordinates":[[[114.2568184,22.38437061],[114.25569288,22.38401465],[114.25429202,22.38406223],[114.25396733,22.38433385],[114.25229441,22.38378817],[114.25077014,22.3822891],[114.25022463,22.37961963],[114.24983829,22.37338035],[114.24939638,22.3723995],[114.24981125,22.37207461],[114.24867988,22.37147551],[114.24768733,22.37166367],[114.24598531,22.37035949],[114.24705861,22.37025747],[114.2509601,22.36831046],[114.25185138,22.36742656],[114.2528732,22.36717207],[114.25492475,22.36496013],[114.25579205,22.36454108],[114.255343,22.36146419],[114.25577298,22.36002823],[114.25675337,22.3603246],[114.25674666,22.36155978],[114.25785825,22.36310444],[114.25887087,22.36369124],[114.25970019,22.36522737],[114.26017361,22.3668723],[114.25970792,22.37068555],[114.26055084,22.37351102],[114.26179148,22.37476501],[114.26115381,22.37555769],[114.26051149,22.3774991],[114.25908323,22.37899835],[114.25944467,22.3791101],[114.25908133,22.37986626],[114.25870375,22.3798353],[114.25767714,22.38067018],[114.25607243,22.38285446],[114.2568184,22.38437061]]]}},{"type":"Feature","properties":{"TPU_NUMBER":"831","SPU_NUMBER":"83","PPU_NUMBER":"8"},"geometry":{"type":"MultiPolygon","coordinates":[[[[114.30128676,22.32242823],[114.30114432,22.32263612],[114.30101917,22.32217273],[114.30137173,22.32194874],[114.30132248,22.32232312],[114.30141003,22.32233981],[114.30199557,22.32160962],[114.30211619,22.32196892],[114.30140056,22.32264433],[114.30128676,22.32242823]]],[[[114.30165907,22.32300443],[114.30150488,22.32286756],[114.30181154,22.32280979],[114.30181444,22.32284063],[114.30165907,22.32300443]]],[[[114.29388174,22.33168841],[114.29353784,22.33160387],[114.29384254,22.33104382],[114.29335885,22.33028687],[114.29276348,22.32754551],[114.29355902,22.32654239],[114.29390528,22.32547437],[114.29458672,22.32513935],[114.29464669,22.32415317],[114.29527213,22.32332285],[114.2955139,22.32346486],[114.29647385,22.32256361],[114.29712578,22.32269266],[114.2979639,22.32232976],[114.29815014,22.32272718],[114.29934406,22.32200535],[114.30102847,22.3225588],[114.3014297,22.3231747],[114.30078972,22.32389763],[114.30205736,22.32452735],[114.30225959,22.32492645],[114.302021,22.32557306],[114.30063764,22.32600927],[114.30081242,22.3261928],[114.30039778,22.32635584],[114.30035613,22.32670901],[114.30077427,22.32693144],[114.29984904,22.32713354],[114.29955289,22.32689422],[114.29933914,22.32758669],[114.29862751,22.32785518],[114.29861235,22.32817307],[114.29925964,22.32822539],[114.29925237,22.32845472],[114.29798045,22.32864641],[114.29843901,22.32876369],[114.29826788,22.32905184],[114.29732784,22.32886191],[114.29739056,22.32937201],[114.29681076,22.32943714],[114.29703326,22.32976855],[114.29664542,22.32969779],[114.29674111,22.33005561],[114.2962258,22.32996235],[114.29596111,22.33057852],[114.29518222,22.33117236],[114.29388174,22.33168841]]],[[[114.25498475,22.3469063],[114.2546606,22.34759984],[114.25416639,22.34689924],[114.25164918,22.34731864],[114.25137434,22.3471],[114.25143936,22.34616038],[114.2508757,22.34634528],[114.24949923,22.34585414],[114.2485746,22.34623366],[114.24800526,22.34598979],[114.24780305,22.34546635],[114.24727827,22.34590264],[114.24664099,22.34590331],[114.24577075,22.34491262],[114.24511362,22.34482654],[114.24300889,22.34358854],[114.24070972,22.34431529],[114.24027463,22.34149284],[114.23915972,22.34065569],[114.23873937,22.34091605],[114.23743419,22.34058467],[114.23695943,22.33985845],[114.23533696,22.33957231],[114.23497425,22.33987289],[114.2320113,22.33949792],[114.23123656,22.34048979],[114.23187344,22.34197547],[114.22868167,22.34208395],[114.22799865,22.34248886],[114.22776728,22.3421852],[114.22795101,22.34135097],[114.22868807,22.3408457],[114.22916696,22.33989205],[114.22774702,22.33958335],[114.22782748,22.33896247],[114.22705151,22.33894973],[114.22671375,22.33605611],[114.22591633,22.33544735],[114.22496442,22.33537708],[114.22493573,22.3348917],[114.22432036,22.33433706],[114.22505289,22.33408349],[114.22864184,22.33434693],[114.22884569,22.33388303],[114.22843866,22.33295243],[114.22935739,22.3319187],[114.22921005,22.3304891],[114.22962667,22.33006114],[114.23175922,22.33128608],[114.23365836,22.33098992],[114.24195561,22.32429597],[114.24260927,22.32335479],[114.24289906,22.32166178],[114.24341575,22.32132461],[114.24224578,22.31789967],[114.24280759,22.31713467],[114.24178099,22.31633136],[114.2420469,22.31549424],[114.24335274,22.3151195],[114.24432038,22.31533244],[114.24512455,22.31466547],[114.24470211,22.31551297],[114.24484481,22.31590522],[114.24528284,22.3161194],[114.24595823,22.31579919],[114.24620836,22.31659742],[114.24588755,22.31874902],[114.24407709,22.32093642],[114.24479999,22.32115359],[114.24455283,22.32184905],[114.24500142,22.32245504],[114.2442498,22.32242171],[114.24376511,22.32185643],[114.24334157,22.3222838],[114.24293639,22.32364906],[114.24203246,22.32490185],[114.24218661,22.3263275],[114.24164245,22.32764561],[114.24200605,22.32809643],[114.24437556,22.32790244],[114.24525028,22.32895525],[114.24632985,22.32837176],[114.24698326,22.32844598],[114.24655414,22.32922562],[114.24610459,22.32920607],[114.24562076,22.32980905],[114.24565939,22.33063928],[114.24534908,22.33126027],[114.24478552,22.33135533],[114.244801,22.33198972],[114.24593698,22.33255647],[114.24684944,22.33258035],[114.24861718,22.33353287],[114.24948569,22.33302225],[114.25078517,22.33296636],[114.24966993,22.33481617],[114.25021677,22.3353613],[114.25135743,22.33548202],[114.25197475,22.33823337],[114.25243152,22.33875733],[114.2527598,22.33869804],[114.25706484,22.33661524],[114.25793275,22.33441985],[114.2597573,22.3350068],[114.26004015,22.33454037],[114.25963511,22.33436189],[114.25985151,22.33391037],[114.26030572,22.33408448],[114.26174668,22.33121126],[114.26262665,22.33027954],[114.26227842,22.32996561],[114.26372757,22.32854384],[114.26399423,22.32771983],[114.26358317,22.32747178],[114.26374927,22.32710412],[114.26443824,22.32692957],[114.26518627,22.32723836],[114.26881832,22.32359091],[114.26923298,22.32259938],[114.26895753,22.32244169],[114.26898674,22.32100475],[114.27042404,22.3206442],[114.27104649,22.31976408],[114.27232296,22.31899505],[114.27379506,22.31740563],[114.27457831,22.31723981],[114.27430599,22.31625506],[114.27352037,22.31539057],[114.27456682,22.31377639],[114.27415981,22.3123316],[114.27500379,22.31052242],[114.27550111,22.31063817],[114.276303,22.30971666],[114.27685231,22.31026016],[114.27660231,22.31053709],[114.27800935,22.31125189],[114.27845569,22.31233112],[114.27903302,22.31205177],[114.27921916,22.31230437],[114.28000392,22.31224366],[114.2800374,22.31292911],[114.2806567,22.31294785],[114.28053777,22.31251583],[114.27914899,22.31130078],[114.27831936,22.30899425],[114.27831574,22.30832967],[114.27928275,22.30745506],[114.27913912,22.30468127],[114.28288546,22.30381812],[114.28304753,22.30429104],[114.28506444,22.30413111],[114.28532627,22.30542419],[114.28790156,22.30550735],[114.28809029,22.30528916],[114.28860587,22.30561482],[114.28903921,22.30724161],[114.28965559,22.30688598],[114.29040164,22.30746612],[114.29257359,22.3105424],[114.29156994,22.31164948],[114.29242174,22.31233743],[114.2923955,22.31306335],[114.29000834,22.31417901],[114.28986897,22.31566782],[114.29033615,22.3160033],[114.28974812,22.31709294],[114.29008902,22.31702396],[114.29004648,22.31733284],[114.2893604,22.31858487],[114.28896843,22.31863717],[114.28912912,22.31891317],[114.2884465,22.31929415],[114.28869606,22.31978655],[114.28958259,22.31960961],[114.28964701,22.32060879],[114.28923328,22.32078628],[114.28959188,22.32071784],[114.28964078,22.32102432],[114.28895366,22.32129369],[114.28842357,22.32092435],[114.28852296,22.32013557],[114.28739034,22.31987335],[114.28568811,22.32016135],[114.28517991,22.32063757],[114.28549629,22.32134689],[114.28486985,22.32156382],[114.28340895,22.32114353],[114.28247128,22.32136523],[114.28172887,22.32069899],[114.2785167,22.31953661],[114.27838536,22.31926155],[114.2775307,22.31960599],[114.27761705,22.3201969],[114.27703511,22.32121399],[114.27616065,22.32185224],[114.2722147,22.32240877],[114.2716859,22.32315251],[114.27226824,22.32456794],[114.27168207,22.32634124],[114.27198234,22.32654499],[114.2719462,22.32778725],[114.27236449,22.32921832],[114.27196841,22.32951901],[114.27165224,22.33052152],[114.27087221,22.33087204],[114.27056743,22.33158888],[114.27038877,22.33334108],[114.2708052,22.33388493],[114.26995867,22.33520109],[114.26969406,22.33619685],[114.26993598,22.33710658],[114.26941694,22.33724381],[114.26955758,22.33786491],[114.26706219,22.33824527],[114.26663028,22.33964472],[114.26584992,22.34038896],[114.26597089,22.34175076],[114.26532506,22.34188523],[114.26618073,22.34186845],[114.26620349,22.34254469],[114.2657397,22.34287976],[114.26551836,22.34407085],[114.26581518,22.34475619],[114.2662192,22.34491996],[114.26602629,22.34611516],[114.26446983,22.34567622],[114.26272199,22.34435661],[114.26083015,22.34486409],[114.26018032,22.34411666],[114.25841924,22.34331583],[114.25793202,22.34268146],[114.2571212,22.34269318],[114.25604869,22.34571293],[114.25560413,22.34574766],[114.25498475,22.3469063]]]]}},{"type":"Feature","properties":{"TPU_NUMBER":"832","SPU_NUMBER":"83","PPU_NUMBER":"8"},"geometry":{"type":"MultiPolygon","coordinates":[[[[114.27955635,22.26530081],[114.27911084,22.26489817],[114.27919472,22.26468322],[114.28000304,22.26480184],[114.27998681,22.26522804],[114.27955635,22.26530081]]],[[[114.31834632,22.30041869],[114.31817112,22.30051481],[114.31785397,22.29978851],[114.31828912,22.29963985],[114.31801394,22.29985938],[114.3188022,22.30017673],[114.31834632,22.30041869]]],[[[114.31913006,22.30050494],[114.31919999,22.30068549],[114.31883731,22.30070894],[114.31888653,22.30048415],[114.31913006,22.30050494]]],[[[114.31222251,22.30079315],[114.31250425,22.30097009],[114.31241477,22.30118373],[114.31213673,22.30103455],[114.31222251,22.30079315]]],[[[114.32005472,22.30161757],[114.31943201,22.30142672],[114.31914328,22.30087779],[114.31996149,22.30052237],[114.32126994,22.30053165],[114.32052975,22.30149366],[114.32005472,22.30161757]]],[[[114.31132836,22.3025328],[114.31127268,22.30279158],[114.311163,22.30184505],[114.31136451,22.30196683],[114.31178191,22.30148834],[114.31210265,22.30207963],[114.31132836,22.3025328]]],[[[114.3173298,22.30330034],[114.31729505,22.303814],[114.3172308,22.3039093],[114.31712745,22.30364121],[114.3173298,22.30330034]]],[[[114.31678899,22.30397904],[114.31661502,22.30372658],[114.31686226,22.30340118],[114.31694843,22.30382207],[114.31678899,22.30397904]]],[[[114.31149425,22.30385568],[114.31107784,22.30454641],[114.31069123,22.30439211],[114.31107973,22.30308332],[114.31149663,22.30326927],[114.31149425,22.30385568]]],[[[114.3086755,22.30480805],[114.30856839,22.30464212],[114.30873668,22.3045341],[114.30886078,22.30466321],[114.3086755,22.30480805]]],[[[114.31027313,22.30487938],[114.31006976,22.30485338],[114.31029253,22.30466031],[114.31031107,22.30475187],[114.31027313,22.30487938]]],[[[114.30989414,22.30717749],[114.3097591,22.30708383],[114.31007235,22.30682338],[114.31003685,22.30705195],[114.30989414,22.30717749]]],[[[114.3093214,22.3077033],[114.30919078,22.30765407],[114.30922454,22.30746926],[114.30934691,22.30764841],[114.3093214,22.3077033]]],[[[114.30975232,22.30773077],[114.30958347,22.30766007],[114.3095818,22.30759817],[114.3098134,22.30756018],[114.30975232,22.30773077]]],[[[114.31010191,22.30951665],[114.30996739,22.30946136],[114.31002721,22.30920005],[114.31018621,22.30934362],[114.31010191,22.30951665]]],[[[114.30286524,22.31030842],[114.30270998,22.31055145],[114.3023524,22.30982612],[114.30127351,22.3094128],[114.3002969,22.31001399],[114.29975648,22.30989533],[114.29885,22.31028129],[114.29602181,22.30778928],[114.29490373,22.30727445],[114.29469739,22.30692015],[114.29530295,22.30674894],[114.29576512,22.30608386],[114.29598553,22.30449828],[114.29411773,22.30403362],[114.29336251,22.3042701],[114.29235449,22.30406947],[114.29212609,22.30462227],[114.29295133,22.30697859],[114.29232055,22.30671795],[114.29111639,22.30690041],[114.29040164,22.30746612],[114.28965559,22.30688598],[114.28903921,22.30724161],[114.28864795,22.30567694],[114.28809029,22.30528916],[114.28790156,22.30550735],[114.28532627,22.30542419],[114.28506444,22.30413111],[114.28304753,22.30429104],[114.28288546,22.30381812],[114.27913912,22.30468127],[114.27987806,22.29998071],[114.27966937,22.29879167],[114.28100157,22.29694317],[114.28172624,22.29659159],[114.281348,22.29533474],[114.28176673,22.29449525],[114.28283155,22.2941043],[114.28239294,22.29319285],[114.28158348,22.29261548],[114.2818566,22.29226304],[114.28167286,22.29136869],[114.28074012,22.28967013],[114.28244522,22.2849261],[114.28338993,22.28085632],[114.28016137,22.27785234],[114.27984055,22.27617115],[114.27661092,22.27566181],[114.27633459,22.27509701],[114.27618973,22.27434868],[114.27701828,22.27288746],[114.27732182,22.27163314],[114.27685052,22.26978384],[114.27728198,22.26765743],[114.27836336,22.26620282],[114.27934289,22.26591069],[114.27956388,22.26685136],[114.28061985,22.26808899],[114.28220775,22.26861495],[114.28223182,22.26953535],[114.28146483,22.27098583],[114.28209783,22.27170366],[114.2840899,22.27075772],[114.28717757,22.27076418],[114.28820879,22.27026005],[114.28911931,22.27065003],[114.28922691,22.2703564],[114.28854836,22.26978521],[114.28923219,22.27030565],[114.29025092,22.26961109],[114.29034353,22.26798104],[114.2908418,22.26712705],[114.29514262,22.26568178],[114.29589608,22.2649697],[114.29622627,22.26390239],[114.29738423,22.26250479],[114.29706677,22.26229476],[114.29744054,22.26205907],[114.29721233,22.26146611],[114.29829612,22.2608927],[114.29892076,22.26098741],[114.29898568,22.26057816],[114.29939271,22.26040418],[114.30046373,22.26124705],[114.30037807,22.26210893],[114.3009543,22.2620326],[114.30041099,22.26249109],[114.30068238,22.26362838],[114.30046586,22.26393193],[114.3003125,22.26376271],[114.30022042,22.26445086],[114.29955316,22.26500384],[114.30003527,22.26490096],[114.29970265,22.26537722],[114.30020046,22.26558846],[114.30042075,22.26658454],[114.30064684,22.26670005],[114.30065579,22.26645373],[114.30116243,22.26685929],[114.30147272,22.2665464],[114.3014675,22.26684251],[114.30222992,22.26579634],[114.30290221,22.26586805],[114.30318333,22.26518105],[114.30506785,22.26451824],[114.30526793,22.26475311],[114.3044792,22.26537132],[114.30464628,22.26564111],[114.30497659,22.26538334],[114.3046906,22.26578142],[114.30551251,22.26531769],[114.30577276,22.26537627],[114.30562902,22.26563423],[114.30594617,22.26548158],[114.30654756,22.26590735],[114.30636294,22.26711728],[114.30706406,22.26785976],[114.30683187,22.26866944],[114.30584984,22.26981121],[114.30536957,22.26976112],[114.30476249,22.26868882],[114.30362989,22.26889111],[114.3024291,22.26808923],[114.30131778,22.26908454],[114.30027641,22.26940903],[114.30077073,22.27076154],[114.30147198,22.27147637],[114.30378422,22.26955652],[114.30442257,22.26979377],[114.30179253,22.27203534],[114.30141857,22.27331542],[114.30157387,22.27335077],[114.30165859,22.27350794],[114.30107761,22.27395018],[114.3003317,22.27571423],[114.30031189,22.27900973],[114.30065243,22.27876508],[114.30234712,22.27898103],[114.30313939,22.27933999],[114.30270636,22.27984781],[114.30139112,22.28057192],[114.29951868,22.28026687],[114.29826095,22.27887514],[114.29742313,22.27720982],[114.29584394,22.27639127],[114.29553505,22.27670609],[114.29543375,22.27659518],[114.29583904,22.27632962],[114.29522059,22.27606754],[114.2956026,22.27555273],[114.2952062,22.2748211],[114.29548868,22.27448036],[114.29537828,22.27358824],[114.2951195,22.27296859],[114.2947493,22.27293039],[114.29347167,22.2731963],[114.29277655,22.27367401],[114.29278988,22.27596167],[114.29329812,22.27620519],[114.29381687,22.27716313],[114.29449176,22.27693015],[114.29568153,22.27772477],[114.29573894,22.27836338],[114.29635119,22.2788147],[114.29599946,22.27923278],[114.29482476,22.27913592],[114.29380155,22.27943306],[114.29310247,22.27875098],[114.29198962,22.27927587],[114.28948476,22.27971322],[114.28837183,22.28041079],[114.28825435,22.28105714],[114.28784847,22.281362],[114.28790001,22.28322571],[114.28856734,22.28434282],[114.28999815,22.28468215],[114.29046575,22.28535403],[114.28995349,22.28577146],[114.28870461,22.28584588],[114.2880932,22.28633054],[114.28789748,22.28808638],[114.28812888,22.28865425],[114.29017819,22.29007624],[114.29065674,22.29096928],[114.29164225,22.29131185],[114.29266303,22.29087855],[114.29407327,22.29089336],[114.2945533,22.29000538],[114.29394439,22.2891149],[114.29458143,22.28830238],[114.29715871,22.28778754],[114.29735471,22.28824603],[114.29769286,22.28822196],[114.29877239,22.28735927],[114.3010309,22.28703131],[114.30150059,22.28753985],[114.30202826,22.28737661],[114.30246072,22.28870662],[114.30350859,22.2895254],[114.30379734,22.29042069],[114.30411862,22.29044695],[114.30379109,22.29053137],[114.3052537,22.29115964],[114.30523959,22.29141626],[114.30574504,22.29121275],[114.3060639,22.29143641],[114.30576701,22.29196653],[114.30665753,22.29228186],[114.30755901,22.29215774],[114.30752696,22.29246657],[114.30860244,22.2920992],[114.30898387,22.29257442],[114.30976123,22.29258568],[114.31003204,22.29287389],[114.30994945,22.29356717],[114.31034645,22.29383222],[114.31075904,22.29538333],[114.30996753,22.29604012],[114.31056959,22.29621508],[114.3091675,22.29671454],[114.30917404,22.29700105],[114.30991588,22.29753988],[114.31185886,22.29764652],[114.31160122,22.29802008],[114.31100165,22.29804919],[114.3121312,22.29819127],[114.31183487,22.29980734],[114.31150541,22.30021654],[114.31052167,22.30051018],[114.311082,22.30113744],[114.31033047,22.30277593],[114.30937814,22.30307134],[114.30895206,22.30361974],[114.30876161,22.30340819],[114.30726939,22.3051277],[114.30738333,22.30532846],[114.30668729,22.30578133],[114.30625413,22.30566412],[114.30633498,22.30596452],[114.30592827,22.30593117],[114.30610534,22.30627342],[114.30573613,22.30663841],[114.30521632,22.30663159],[114.3047803,22.3072442],[114.30356671,22.30788352],[114.30382989,22.30832735],[114.30462068,22.30843285],[114.30468948,22.30892252],[114.30417965,22.30958047],[114.30350497,22.30950913],[114.30315176,22.30981488],[114.30333558,22.31051659],[114.30286524,22.31030842]]],[[[114.3183811,22.31269251],[114.31822614,22.31166889],[114.31861394,22.31103212],[114.31906903,22.31101839],[114.31903222,22.31219298],[114.3183811,22.31269251]]]]}},{"type":"Feature","properties":{"TPU_NUMBER":"833","SPU_NUMBER":"83","PPU_NUMBER":"8"},"geometry":{"type":"Polygon","coordinates":[[[114.25560839,22.30829808],[114.25561552,22.30927723],[114.25400475,22.30873597],[114.25230893,22.30761362],[114.25060437,22.30824123],[114.24994409,22.30803603],[114.24927196,22.30733995],[114.24813562,22.30366242],[114.24749924,22.30280025],[114.2460701,22.30176257],[114.24400613,22.30151101],[114.24411195,22.30119809],[114.24357967,22.30054612],[114.24443115,22.29963205],[114.24477136,22.29803426],[114.24512257,22.29794394],[114.24539916,22.29717877],[114.24549543,22.29649047],[114.24484816,22.2959019],[114.24543348,22.29491695],[114.24519097,22.29466304],[114.2442382,22.2947993],[114.24478725,22.29505512],[114.24425991,22.29508233],[114.2426753,22.2941804],[114.24216551,22.29422079],[114.24207591,22.29305027],[114.24155928,22.29282585],[114.24148927,22.29224124],[114.24107361,22.29214218],[114.2415846,22.29022867],[114.24117503,22.28907845],[114.24236079,22.28744057],[114.24198652,22.28692133],[114.24202212,22.28634259],[114.24315072,22.28653052],[114.243666,22.28618766],[114.24496679,22.28770508],[114.24488435,22.28837244],[114.24520139,22.2881202],[114.24555229,22.2883608],[114.24505727,22.28913092],[114.24570177,22.28903618],[114.24688068,22.28984015],[114.24730326,22.29092953],[114.2482971,22.29147032],[114.24819916,22.29203166],[114.24862612,22.29251597],[114.2488824,22.29220154],[114.24873339,22.29253595],[114.24927781,22.29237455],[114.25030947,22.29339897],[114.25051052,22.29317112],[114.25219493,22.29376704],[114.25425985,22.29508235],[114.25528532,22.29630638],[114.25588144,22.29753599],[114.25618089,22.29932244],[114.25618211,22.30017169],[114.25557712,22.30017199],[114.25560839,22.30829808]]]}},{"type":"Feature","properties":{"TPU_NUMBER":"834","SPU_NUMBER":"83","PPU_NUMBER":"8"},"geometry":{"type":"MultiPolygon","coordinates":[[[[114.29053089,22.24122248],[114.29033231,22.24126722],[114.29051156,22.24087503],[114.29089544,22.24082298],[114.29053089,22.24122248]]],[[[114.28065277,22.24287799],[114.28037758,22.24254886],[114.28109218,22.242435],[114.28097413,22.24272804],[114.28065277,22.24287799]]],[[[114.28196093,22.24278553],[114.2820393,22.2430619],[114.28199673,22.24315313],[114.28180813,22.2430819],[114.28196093,22.24278553]]],[[[114.28195927,22.24328074],[114.28191725,22.24343198],[114.28187002,22.24341121],[114.28182475,22.24327138],[114.28195927,22.24328074]]],[[[114.34650485,22.25514345],[114.34596181,22.25533524],[114.34540835,22.25509679],[114.34578508,22.25468651],[114.34539594,22.25455945],[114.34559804,22.25435819],[114.34535128,22.25414822],[114.34746506,22.25351877],[114.34722078,22.25465313],[114.34650485,22.25514345]]],[[[114.35272625,22.25597575],[114.35296582,22.2560662],[114.3529449,22.25636083],[114.35279357,22.25632269],[114.35272625,22.25597575]]],[[[114.35307465,22.25798203],[114.3525765,22.25795319],[114.35317289,22.25737217],[114.35328202,22.25755732],[114.35307465,22.25798203]]],[[[114.29557475,22.258767],[114.29484325,22.25874266],[114.29463486,22.25803931],[114.29393894,22.25765021],[114.29349626,22.25771567],[114.29336122,22.25808416],[114.2931531,22.25786484],[114.29335261,22.25850082],[114.29310133,22.25850163],[114.29310603,22.25785387],[114.29225175,22.25721534],[114.29149616,22.25730758],[114.29021835,22.25582247],[114.28946426,22.2555407],[114.28920982,22.25447812],[114.28872055,22.25485272],[114.28919852,22.25446666],[114.28867927,22.25472534],[114.28907521,22.25435209],[114.28872702,22.25406804],[114.2868083,22.25367694],[114.28583766,22.25479504],[114.28479001,22.25469326],[114.28261081,22.25301198],[114.28202307,22.251625],[114.28121021,22.25120827],[114.28115199,22.2505626],[114.28038417,22.249771],[114.28093812,22.24704045],[114.28080319,22.24614086],[114.2801788,22.24574108],[114.28039429,22.2450199],[114.28196633,22.24405458],[114.28263814,22.2432036],[114.28244717,22.24358518],[114.28419182,22.24273395],[114.28476818,22.2428228],[114.28514757,22.24243167],[114.28535842,22.24269066],[114.28586061,22.24243276],[114.28573636,22.24221497],[114.28619604,22.24252237],[114.28677049,22.24227701],[114.28677046,22.24194026],[114.28775668,22.24176774],[114.28797872,22.24070713],[114.28713296,22.24000096],[114.28662185,22.23876101],[114.28683968,22.23835908],[114.28727374,22.23852586],[114.28751135,22.23802746],[114.28777628,22.23811854],[114.28752246,22.23848355],[114.28796865,22.23816021],[114.28793982,22.23751344],[114.28895988,22.23772628],[114.28914303,22.23874676],[114.28974881,22.23874776],[114.289737,22.24038555],[114.28874951,22.24108515],[114.28914326,22.24152094],[114.28967748,22.24148146],[114.28970426,22.24202713],[114.29023225,22.24155612],[114.29038687,22.24190103],[114.28985305,22.24227812],[114.29025577,22.2428979],[114.29138207,22.24288906],[114.2915445,22.24202695],[114.29186093,22.24232116],[114.2916468,22.24285644],[114.29264535,22.24201136],[114.29294172,22.24273445],[114.29326776,22.24280368],[114.29387565,22.24174465],[114.29525999,22.24167981],[114.29522577,22.24132803],[114.29578699,22.24166952],[114.29604229,22.24227676],[114.2958241,22.24257858],[114.29578711,22.24209575],[114.29552522,22.24204747],[114.29555048,22.24295546],[114.29615224,22.24338495],[114.29612198,22.24414662],[114.29642565,22.24410556],[114.29645755,22.24447057],[114.29665069,22.24430758],[114.29640676,22.24588097],[114.29559934,22.24656607],[114.29604346,22.24714743],[114.29596771,22.24758887],[114.29647788,22.24804435],[114.29696882,22.24770526],[114.29829505,22.2477825],[114.29810971,22.24933136],[114.29845264,22.24942365],[114.2983502,22.25028468],[114.29655295,22.25074843],[114.29617226,22.251355],[114.29660358,22.25158835],[114.29654183,22.25209307],[114.29564134,22.25272443],[114.29597311,22.25276997],[114.29559355,22.25384809],[114.29618121,22.25346379],[114.29641907,22.25363321],[114.29597905,22.25405635],[114.29627129,22.25412193],[114.29614468,22.2545021],[114.29560398,22.25488876],[114.29589126,22.25512373],[114.29630333,22.2546131],[114.29729443,22.25434982],[114.29774992,22.25488512],[114.29733124,22.25584249],[114.29632017,22.25595508],[114.29590672,22.25657588],[114.29535239,22.25657053],[114.29519809,22.25719697],[114.29550661,22.25750989],[114.29510895,22.25776601],[114.29584757,22.25776092],[114.29615949,22.25829727],[114.29616787,22.25867469],[114.29557475,22.258767]]],[[[114.35219126,22.25885604],[114.35218003,22.25907792],[114.35209462,22.25906626],[114.35215994,22.25884871],[114.35219126,22.25885604]]],[[[114.35318046,22.2594662],[114.35320802,22.25973227],[114.35277989,22.25978399],[114.35298616,22.2594641],[114.35318046,22.2594662]]],[[[114.3517161,22.26007776],[114.35113628,22.26053914],[114.35158357,22.25911082],[114.3513039,22.25913185],[114.35136318,22.25793595],[114.35098444,22.2579958],[114.35085662,22.25770426],[114.35121922,22.25711928],[114.34903425,22.25814049],[114.34789431,22.25797202],[114.34824911,22.25750405],[114.34808275,22.25661664],[114.34780625,22.25678477],[114.34788317,22.25612705],[114.3486418,22.25509528],[114.34835697,22.25507066],[114.34824976,22.25413022],[114.34955764,22.25308688],[114.34946073,22.25427087],[114.34988974,22.25428849],[114.34960229,22.25474442],[114.35162079,22.25369826],[114.35241569,22.2537576],[114.35264013,22.25405317],[114.35260494,22.25458569],[114.35156787,22.2561776],[114.35219229,22.25584562],[114.35200264,22.25623208],[114.3526304,22.25607888],[114.35283389,22.25647513],[114.35183357,22.2570293],[114.35265611,22.25715983],[114.35228371,22.25807312],[114.3518465,22.25827401],[114.35220181,22.25848695],[114.35193472,22.25956166],[114.35229185,22.25943202],[114.35229486,22.25972771],[114.35191417,22.26024974],[114.3517161,22.26007776]]],[[[114.35180803,22.26045953],[114.35185373,22.26050255],[114.35170827,22.26076346],[114.35167273,22.26059543],[114.35180803,22.26045953]]],[[[114.35206952,22.26077486],[114.3518394,22.26083386],[114.35238486,22.26058617],[114.35230222,22.26080398],[114.35206952,22.26077486]]],[[[114.35143615,22.26099096],[114.35113518,22.2609991],[114.35112512,22.26067104],[114.35154209,22.26059572],[114.35143615,22.26099096]]],[[[114.35224113,22.26144257],[114.35192339,22.26169081],[114.35170518,22.2613783],[114.35219215,22.26136544],[114.35224113,22.26144257]]],[[[114.35271244,22.26176703],[114.35264152,22.26170318],[114.35275199,22.26164362],[114.35275638,22.26172594],[114.35271244,22.26176703]]],[[[114.34549618,22.26313433],[114.34485765,22.26306775],[114.34480364,22.26272125],[114.3453856,22.2624511],[114.34549618,22.26313433]]],[[[114.27731446,22.26405719],[114.27716058,22.26424805],[114.27509198,22.26369338],[114.27497131,22.26312193],[114.27682148,22.26246612],[114.27765881,22.26331562],[114.27765404,22.26381262],[114.27731446,22.26405719]]],[[[114.36791752,22.26431242],[114.36782828,22.26455996],[114.36755435,22.26475626],[114.36768439,22.26440984],[114.36791752,22.26431242]]],[[[114.37009242,22.26565718],[114.36950305,22.2661763],[114.36914614,22.26593736],[114.36985419,22.26484703],[114.37050815,22.26455503],[114.37059691,22.26510228],[114.37009242,22.26565718]]],[[[114.36986148,22.26622572],[114.36976613,22.26616219],[114.37017542,22.2658931],[114.37011172,22.26606454],[114.36986148,22.26622572]]],[[[114.367085,22.26719876],[114.36664198,22.26718204],[114.36650886,22.2666671],[114.36707345,22.26632819],[114.3673749,22.26678269],[114.367085,22.26719876]]],[[[114.34991172,22.27104004],[114.34892417,22.27100712],[114.34865457,22.27049514],[114.3488923,22.26927138],[114.34700273,22.26796227],[114.3463597,22.26789332],[114.34640873,22.26752197],[114.3460723,22.26739691],[114.34650602,22.26605547],[114.34605251,22.26552018],[114.34641725,22.26526321],[114.34595213,22.26501052],[114.34617455,22.26424874],[114.34563704,22.26388028],[114.3461613,22.26307827],[114.34765153,22.26288359],[114.34760276,22.26343184],[114.3480123,22.26316623],[114.34891473,22.2639748],[114.34925303,22.26499541],[114.34847093,22.26541153],[114.34844652,22.26571777],[114.34925868,22.26607628],[114.34869574,22.26618981],[114.34934609,22.2662891],[114.34927997,22.2668028],[114.34897036,22.26690815],[114.34965691,22.26727861],[114.35026748,22.26719943],[114.35041893,22.26751062],[114.34998711,22.26753084],[114.35000204,22.26781715],[114.35076573,22.26794711],[114.34944997,22.26923861],[114.3508411,22.26918118],[114.35140722,22.26984788],[114.35045404,22.27096593],[114.34991172,22.27104004]]],[[[114.35118626,22.27208636],[114.35115191,22.27199568],[114.35123502,22.27199202],[114.35125681,22.27204255],[114.35118626,22.27208636]]],[[[114.35071443,22.27210958],[114.3502992,22.27205708],[114.35034296,22.2714315],[114.35132487,22.27096234],[114.35129576,22.27150395],[114.35062464,22.27177429],[114.35089586,22.27196603],[114.35071443,22.27210958]]],[[[114.3146735,22.27785087],[114.31366584,22.27753856],[114.31211628,22.27597436],[114.31234065,22.27547345],[114.312483,22.27598995],[114.3126917,22.2753022],[114.31294031,22.27576374],[114.313102,22.27495236],[114.3134099,22.27509982],[114.31362386,22.27444298],[114.31376665,22.27484288],[114.31426713,22.27472874],[114.31440921,22.2739423],[114.31475063,22.2744743],[114.31494427,22.27411098],[114.31541428,22.27426817],[114.31578229,22.27495208],[114.31550054,22.27710794],[114.3146735,22.27785087]]]]}},{"type":"Feature","properties":{"TPU_NUMBER":"835","SPU_NUMBER":"83","PPU_NUMBER":"8"},"geometry":{"type":"Polygon","coordinates":[[[114.24963894,22.32465909],[114.24970877,22.32533879],[114.25017246,22.32584347],[114.24931931,22.32529917],[114.24893971,22.32463788],[114.24763647,22.32540176],[114.24643352,22.32424921],[114.24658977,22.32273848],[114.24695143,22.32246818],[114.2464418,22.32170332],[114.24596747,22.32209061],[114.24542848,22.32188343],[114.24537414,22.32049521],[114.24498232,22.31975767],[114.24574586,22.31899562],[114.24607,22.31813289],[114.24609434,22.31597864],[114.24507111,22.31607659],[114.24469956,22.31553764],[114.24556663,22.31360917],[114.24471625,22.31352163],[114.24447068,22.31290507],[114.24379971,22.31252321],[114.24405577,22.31191706],[114.24354128,22.31141472],[114.24348799,22.31078348],[114.24263191,22.31082066],[114.24231506,22.31037603],[114.24185781,22.31061496],[114.24185513,22.30922883],[114.24105757,22.30910997],[114.240438,22.30859941],[114.2404452,22.30718999],[114.23993924,22.30656548],[114.24012524,22.30626072],[114.23986247,22.30589532],[114.24020237,22.30552721],[114.23993337,22.30526248],[114.24146004,22.30441892],[114.24136201,22.30388678],[114.24220485,22.30326172],[114.24216686,22.30286566],[114.2436334,22.30230832],[114.24400613,22.30151101],[114.2460701,22.30176257],[114.24749924,22.30280025],[114.24813562,22.30366242],[114.24927196,22.30733995],[114.24991038,22.30801551],[114.25060437,22.30824123],[114.25230893,22.30761362],[114.25400475,22.30873597],[114.25561552,22.30927723],[114.25578929,22.31057487],[114.25647115,22.31210537],[114.25894719,22.31491389],[114.25703038,22.31717679],[114.25589312,22.32064287],[114.2520179,22.32277749],[114.25165686,22.32257186],[114.25170123,22.32195946],[114.25099399,22.32222268],[114.25075343,22.32196893],[114.2507881,22.32133357],[114.25041724,22.3208878],[114.24997573,22.3220393],[114.25043929,22.32352914],[114.24963894,22.32465909]]]}},{"type":"Feature","properties":{"TPU_NUMBER":"836","SPU_NUMBER":"83","PPU_NUMBER":"8"},"geometry":{"type":"Polygon","coordinates":[[[114.25759827,22.33538273],[114.25703352,22.33663758],[114.25243152,22.33875733],[114.25193593,22.3381328],[114.25141475,22.33555491],[114.25110197,22.33530126],[114.25021677,22.3353613],[114.24966993,22.33481617],[114.25078517,22.33296636],[114.24948569,22.33302225],[114.24861718,22.33353287],[114.24684944,22.33258035],[114.24593698,22.33255647],[114.244801,22.33198972],[114.24478552,22.33135533],[114.24534908,22.33126027],[114.24565939,22.33063928],[114.24562076,22.32980905],[114.24610459,22.32920607],[114.24655414,22.32922562],[114.24698326,22.32844598],[114.24632985,22.32837176],[114.24523209,22.32895189],[114.24437556,22.32790244],[114.24200605,22.32809643],[114.24163021,22.32742437],[114.24218661,22.3263275],[114.24203246,22.32490185],[114.24293639,22.32364906],[114.24334157,22.3222838],[114.24376511,22.32185643],[114.2442498,22.32242171],[114.24500142,22.32245504],[114.24455283,22.32184905],[114.24479999,22.32115359],[114.24407709,22.32093642],[114.24498232,22.31975767],[114.24537414,22.32049521],[114.24542848,22.32188343],[114.24596747,22.32209061],[114.2464418,22.32170332],[114.24695143,22.32246818],[114.24658977,22.32273848],[114.24643352,22.32424921],[114.24763647,22.32540176],[114.24893971,22.32463788],[114.24931931,22.32529917],[114.25017246,22.32584347],[114.2496198,22.32476391],[114.25043929,22.32352914],[114.24997573,22.3220393],[114.25041724,22.3208878],[114.2507881,22.32133357],[114.25075343,22.32196893],[114.25099399,22.32222268],[114.25170123,22.32195946],[114.25165686,22.32257186],[114.2520179,22.32277749],[114.25589312,22.32064287],[114.25703038,22.31717679],[114.25894719,22.31491389],[114.26162583,22.31769909],[114.2627327,22.31946043],[114.26215122,22.32120326],[114.26047704,22.32302112],[114.26095779,22.3240355],[114.26044097,22.32539504],[114.26191578,22.32590753],[114.26450201,22.3249733],[114.26601686,22.32491072],[114.26698446,22.32412774],[114.26890122,22.32341796],[114.26518627,22.32723836],[114.26443824,22.32692957],[114.26374636,22.32710773],[114.26358317,22.32747178],[114.26399423,22.32771983],[114.26372757,22.32854384],[114.26227842,22.32996561],[114.26262665,22.33027954],[114.26174668,22.33121126],[114.26030572,22.33408448],[114.25985151,22.33391037],[114.25963511,22.33436189],[114.26004015,22.33454037],[114.2597573,22.3350068],[114.25811326,22.33435469],[114.25774473,22.33462137],[114.25759827,22.33538273]]]}},{"type":"Feature","properties":{"TPU_NUMBER":"837","SPU_NUMBER":"83","PPU_NUMBER":"8"},"geometry":{"type":"Polygon","coordinates":[[[114.26226227,22.32571723],[114.26148896,22.32595354],[114.26044097,22.32539504],[114.26095779,22.3240355],[114.26047704,22.32302112],[114.26215122,22.32120326],[114.2627327,22.31946043],[114.26192345,22.31805971],[114.26001489,22.31599154],[114.26335383,22.31373799],[114.26549625,22.31180256],[114.26717608,22.31349479],[114.26744833,22.31323866],[114.26890258,22.31368289],[114.26957502,22.31473451],[114.27107993,22.31586329],[114.27347602,22.3141151],[114.27398289,22.31175792],[114.27444854,22.31125566],[114.27415981,22.3123316],[114.2745726,22.31375447],[114.27352041,22.31539509],[114.27430599,22.31625506],[114.27457831,22.31723981],[114.27379506,22.31740563],[114.27232296,22.31899505],[114.27104649,22.31976408],[114.27042404,22.3206442],[114.26898674,22.32100475],[114.26895753,22.32244169],[114.26923298,22.32259938],[114.26890122,22.32341796],[114.26698446,22.32412774],[114.26601686,22.32491072],[114.26450201,22.3249733],[114.26226227,22.32571723]]]}},{"type":"Feature","properties":{"TPU_NUMBER":"838","SPU_NUMBER":"83","PPU_NUMBER":"8"},"geometry":{"type":"Polygon","coordinates":[[[114.26718805,22.30907428],[114.2650029,22.31232199],[114.26001489,22.31599154],[114.25674158,22.31255035],[114.25578929,22.31057487],[114.25557712,22.30017199],[114.25618211,22.30017169],[114.25618057,22.30088127],[114.25675045,22.30088099],[114.25719389,22.30129514],[114.25937822,22.30130454],[114.25949648,22.30090151],[114.25994422,22.30183549],[114.26034836,22.30167545],[114.2605643,22.30090145],[114.2606542,22.30131083],[114.26331199,22.30158404],[114.26530337,22.30525165],[114.26431962,22.30804463],[114.26439882,22.30863033],[114.2648463,22.30905009],[114.26506513,22.3084872],[114.26581924,22.3080597],[114.26615579,22.30712144],[114.265933,22.30614117],[114.26639367,22.30581929],[114.26696982,22.30641067],[114.26843306,22.30702262],[114.26718805,22.30907428]]]}},{"type":"Feature","properties":{"TPU_NUMBER":"839","SPU_NUMBER":"83","PPU_NUMBER":"8"},"geometry":{"type":"Polygon","coordinates":[[[114.27359672,22.31386483],[114.27107993,22.31586329],[114.26957502,22.31473451],[114.26890258,22.31368289],[114.26744833,22.31323866],[114.26717608,22.31349479],[114.26549625,22.31180256],[114.26843306,22.30702262],[114.26650833,22.30608558],[114.26639367,22.30581929],[114.26690433,22.30569475],[114.26378472,22.29983718],[114.26404863,22.29765246],[114.2651741,22.29649974],[114.26667138,22.2958063],[114.26670411,22.29188576],[114.27102386,22.29188449],[114.27095153,22.28976731],[114.26633297,22.28247747],[114.26749979,22.28176755],[114.2670504,22.2811885],[114.26735961,22.28061927],[114.26706659,22.27987234],[114.26594662,22.27923963],[114.26459991,22.27764025],[114.2648209,22.27609137],[114.26445191,22.27563891],[114.26505943,22.27558234],[114.26490466,22.2752306],[114.26513654,22.27535162],[114.26537485,22.27458465],[114.26577679,22.27440551],[114.26557462,22.27404439],[114.26594603,22.27352719],[114.26620312,22.27375294],[114.26608652,22.27416208],[114.26658019,22.27420696],[114.26626861,22.2744171],[114.26665145,22.27450724],[114.26684132,22.27406886],[114.26921611,22.27495404],[114.27010103,22.2729021],[114.26743556,22.27187488],[114.26841878,22.27033969],[114.26908246,22.27065315],[114.27384646,22.26286707],[114.27508533,22.26378688],[114.27716058,22.26424805],[114.27746975,22.26406771],[114.27778067,22.26452502],[114.27805299,22.26436898],[114.2783435,22.26480426],[114.27809234,22.2649493],[114.27925148,22.26587265],[114.27815488,22.26636889],[114.27728319,22.26765291],[114.27685052,22.26978384],[114.27730612,22.27174547],[114.27618066,22.27439327],[114.27661092,22.27566181],[114.27984055,22.27617115],[114.28016137,22.27785234],[114.28338993,22.28085632],[114.28244522,22.2849261],[114.28074012,22.28967013],[114.28167286,22.29136869],[114.2818566,22.29226304],[114.28158348,22.29261548],[114.28239294,22.29319285],[114.28283155,22.2941043],[114.28176673,22.29449525],[114.281348,22.29533474],[114.28172624,22.29659159],[114.28100157,22.29694317],[114.27966937,22.29879167],[114.27987806,22.29998071],[114.27906546,22.30534114],[114.27928275,22.30745506],[114.27831574,22.30832967],[114.27914899,22.31130078],[114.28068971,22.31287785],[114.28008446,22.31297816],[114.27998989,22.31224003],[114.27921916,22.31230437],[114.27903302,22.31205177],[114.27849777,22.31236169],[114.27800638,22.31124832],[114.27660582,22.31054021],[114.27685065,22.31025592],[114.27626033,22.30971176],[114.27550111,22.31063817],[114.27500379,22.31052242],[114.27472571,22.31135895],[114.2741903,22.31137095],[114.27359672,22.31386483]]]}},{"type":"Feature","properties":{"TPU_NUMBER":"911","SPU_NUMBER":"91","PPU_NUMBER":"9"},"geometry":{"type":"Polygon","coordinates":[[[114.1357624,22.22076573],[114.13381438,22.21635208],[114.12856197,22.21478569],[114.1201255,22.20627759],[114.12234065,22.20507445],[114.12267525,22.20425525],[114.12247652,22.20367946],[114.12167281,22.20351041],[114.12225416,22.20303597],[114.12172642,22.2025043],[114.12209036,22.20201525],[114.12206194,22.20128742],[114.12150681,22.20082113],[114.12146705,22.19774113],[114.12080211,22.19703004],[114.12082084,22.19321629],[114.1204865,22.19250575],[114.12013957,22.1926201],[114.12007372,22.19253721],[114.12044582,22.19195062],[114.1201042,22.19165886],[114.12064166,22.19129492],[114.12033913,22.19069878],[114.11876183,22.19023908],[114.11759889,22.18850306],[114.11553131,22.18817658],[114.1152377,22.18765486],[114.11491774,22.18769152],[114.11456123,22.18679425],[114.11429417,22.18679636],[114.11428085,22.1855678],[114.11391644,22.18558319],[114.11401096,22.18508333],[114.11427191,22.18514506],[114.11382487,22.18402905],[114.11430901,22.18311867],[114.11469643,22.18322276],[114.11519288,22.18179842],[114.11591225,22.18139355],[114.11734594,22.18121461],[114.1182473,22.17999628],[114.11870733,22.18017928],[114.1194921,22.17983991],[114.12134294,22.18001134],[114.12175781,22.17978199],[114.12238461,22.1810399],[114.12316514,22.18132899],[114.12429717,22.1800078],[114.12550158,22.17948818],[114.12523905,22.17864211],[114.12554057,22.17824627],[114.12744253,22.17845798],[114.12828838,22.17925019],[114.12820904,22.18009329],[114.12916487,22.18020806],[114.12927677,22.18085907],[114.13030357,22.18197413],[114.13011089,22.18227893],[114.13075205,22.18236562],[114.1306998,22.18262558],[114.13159308,22.18278552],[114.13197088,22.18336675],[114.13231752,22.18335066],[114.13297065,22.18265459],[114.13413726,22.17970015],[114.13596055,22.17869108],[114.13661611,22.17789174],[114.13725349,22.17773253],[114.13761802,22.17845206],[114.13731416,22.17938039],[114.1376207,22.17943231],[114.13778967,22.17998374],[114.13729388,22.18275344],[114.13583277,22.18505954],[114.13608711,22.18518978],[114.13546146,22.18647893],[114.13411678,22.18705171],[114.13445765,22.1879238],[114.1342384,22.18856302],[114.13451194,22.1890848],[114.13419106,22.18994165],[114.13453952,22.18996366],[114.13451367,22.19092868],[114.13718103,22.18982497],[114.13730414,22.18940328],[114.13821321,22.18927676],[114.13811336,22.18850019],[114.14052718,22.1876006],[114.14083657,22.18704216],[114.14313076,22.18555678],[114.14340974,22.18430659],[114.14440307,22.18349455],[114.14544073,22.18333374],[114.14608287,22.1836249],[114.14778901,22.18300084],[114.14820812,22.18244818],[114.14797826,22.18125166],[114.14917468,22.18119121],[114.14964723,22.18168695],[114.14954315,22.18239663],[114.1488401,22.18259746],[114.14903605,22.1829406],[114.14882798,22.18309207],[114.14926872,22.18321267],[114.14898155,22.18367521],[114.14746277,22.18452534],[114.14759005,22.18490725],[114.14692076,22.1864393],[114.14712898,22.18711143],[114.14618638,22.18827605],[114.14632844,22.18854338],[114.14571596,22.18979887],[114.14535638,22.1901136],[114.14389813,22.19014628],[114.14325494,22.19058864],[114.14315516,22.19112684],[114.14411923,22.19237772],[114.1437769,22.19338626],[114.14155351,22.19557076],[114.14094983,22.19522752],[114.14022116,22.19564295],[114.13978296,22.19663857],[114.14007727,22.19675964],[114.13964749,22.19691551],[114.13963189,22.19786752],[114.14077436,22.19908791],[114.14200498,22.19885038],[114.14203462,22.19854271],[114.14254455,22.19899569],[114.14305636,22.19818389],[114.14417315,22.19862789],[114.14404268,22.19907296],[114.14358647,22.19887917],[114.14316579,22.19919544],[114.14355643,22.19970936],[114.14444327,22.19992051],[114.14466375,22.19938313],[114.14454191,22.19995069],[114.14483939,22.2001284],[114.14546244,22.19971073],[114.14686619,22.20012943],[114.14653752,22.20143626],[114.14692629,22.20156129],[114.14698616,22.20249803],[114.14721811,22.20275514],[114.14798644,22.20271509],[114.14765471,22.20301261],[114.14804119,22.20307934],[114.14790211,22.20351116],[114.14867197,22.20369316],[114.14906792,22.20344785],[114.14945644,22.20392273],[114.14989868,22.20381486],[114.14988519,22.20450863],[114.14926816,22.20524155],[114.14996852,22.20511706],[114.14963364,22.20555698],[114.1498413,22.20575191],[114.15075604,22.20544374],[114.15142762,22.20607082],[114.15126409,22.20624363],[114.15267255,22.20615838],[114.15400925,22.20435423],[114.15575598,22.20362027],[114.15748605,22.20401061],[114.15795145,22.20473764],[114.15763619,22.2053246],[114.1577501,22.20598574],[114.1580241,22.20626846],[114.15858226,22.20617987],[114.15839769,22.20653888],[114.15986983,22.20685946],[114.16024422,22.20748711],[114.15991272,22.20820444],[114.16029788,22.20809299],[114.15999807,22.20843972],[114.16028971,22.20861244],[114.15939991,22.20976704],[114.15846645,22.21031396],[114.15822786,22.21024518],[114.15846595,22.21009178],[114.15554462,22.20971562],[114.15511919,22.2092826],[114.15287069,22.20931955],[114.15224744,22.20992206],[114.15239008,22.21054534],[114.15204824,22.2118823],[114.15033705,22.21201825],[114.14904727,22.21093901],[114.14741564,22.21096292],[114.14705977,22.21030007],[114.14681705,22.21045144],[114.14700315,22.21030718],[114.14661637,22.20922418],[114.14550637,22.20929615],[114.14574512,22.2091579],[114.14567399,22.2085123],[114.14545201,22.20863527],[114.14568586,22.20820654],[114.14486598,22.20781662],[114.14361239,22.2077856],[114.14223851,22.2087498],[114.14046442,22.20886351],[114.13979164,22.20921588],[114.1393835,22.20889934],[114.13564296,22.20862574],[114.13547224,22.20806241],[114.13508188,22.20795838],[114.13485156,22.20829202],[114.13478563,22.20794387],[114.1343034,22.20790722],[114.13347439,22.20717948],[114.13313066,22.20772782],[114.13341612,22.20790318],[114.13339701,22.20792639],[114.13310239,22.20773679],[114.13327079,22.20725141],[114.13154862,22.2061011],[114.13096584,22.20646665],[114.13151991,22.20606733],[114.1312416,22.20560333],[114.13076854,22.20572607],[114.13122588,22.20553785],[114.13064751,22.20445342],[114.13073819,22.20350167],[114.1299909,22.20114352],[114.13000234,22.20190598],[114.12902343,22.20367388],[114.12776438,22.20428987],[114.12710608,22.20522179],[114.12781373,22.20554037],[114.12693635,22.20543822],[114.12656485,22.20601214],[114.12692844,22.20658051],[114.12653971,22.2072588],[114.12705673,22.20813994],[114.12684043,22.20951009],[114.12780287,22.21003669],[114.12814488,22.2098378],[114.12798671,22.2093307],[114.12818256,22.20968274],[114.12929307,22.20964182],[114.12996742,22.21043859],[114.13461329,22.21316808],[114.13527833,22.21439314],[114.13638549,22.215229],[114.13707242,22.21670105],[114.13685815,22.21873894],[114.1357624,22.22076573]]]}},{"type":"Feature","properties":{"TPU_NUMBER":"912","SPU_NUMBER":"91","PPU_NUMBER":"9"},"geometry":{"type":"MultiPolygon","coordinates":[[[[114.13500153,22.22629168],[114.13310832,22.22509001],[114.13340866,22.22298825],[114.13421912,22.22307963],[114.13561689,22.2238885],[114.13607948,22.22361484],[114.13585308,22.22414977],[114.13613737,22.22563247],[114.13500153,22.22629168]]],[[[114.11811894,22.24118598],[114.11745465,22.24071705],[114.11762653,22.24029538],[114.11686525,22.23977024],[114.11745313,22.23927521],[114.11694957,22.23858825],[114.11646589,22.23868169],[114.1160849,22.23826507],[114.11492301,22.23822282],[114.11458836,22.23790602],[114.11350232,22.23798742],[114.11261672,22.23711627],[114.10988847,22.23666378],[114.10995585,22.23626495],[114.10936739,22.23607056],[114.10901404,22.23543093],[114.10840844,22.23528493],[114.10821582,22.2357045],[114.10780447,22.23572091],[114.10749997,22.2352596],[114.10718692,22.23531506],[114.10704393,22.23475715],[114.10580028,22.23413088],[114.10578824,22.2333081],[114.10621576,22.23282836],[114.10710135,22.23225675],[114.10754893,22.23252105],[114.10789404,22.23187609],[114.10985437,22.23145429],[114.11020137,22.23106762],[114.11019162,22.22968772],[114.10975106,22.22962582],[114.10988981,22.22927991],[114.10911599,22.22908265],[114.10886335,22.22815972],[114.10825253,22.22802322],[114.10890082,22.22742321],[114.10917428,22.22749969],[114.10898388,22.22796719],[114.10927729,22.22801637],[114.1095694,22.22699673],[114.10992288,22.22698272],[114.10835249,22.22617755],[114.11001364,22.2269626],[114.11129447,22.22684165],[114.11140448,22.22578703],[114.11069225,22.22586806],[114.11132494,22.22570616],[114.11129686,22.22511137],[114.11036875,22.22524507],[114.11056881,22.22503711],[114.11036584,22.22475881],[114.10869487,22.22500714],[114.10903979,22.22479202],[114.10781686,22.22412628],[114.10749306,22.22427593],[114.10717629,22.22341691],[114.10677791,22.22306376],[114.10614488,22.22310343],[114.10613625,22.2226801],[114.10567558,22.22260587],[114.10573352,22.22211621],[114.10504683,22.22124672],[114.10391421,22.22153109],[114.10364862,22.2219958],[114.1031032,22.22106411],[114.10333483,22.21964901],[114.10298503,22.21942153],[114.1031176,22.21910913],[114.10265171,22.2192694],[114.10242944,22.21871144],[114.10275937,22.21848993],[114.10075316,22.21874056],[114.10177135,22.21283761],[114.10203034,22.21288057],[114.10157367,22.21588544],[114.10284599,22.21632468],[114.10273202,22.21132918],[114.10330995,22.21082666],[114.10805176,22.21094863],[114.10864373,22.21136839],[114.10833639,22.2149882],[114.1079113,22.21523179],[114.10564025,22.21525163],[114.10545208,22.21598795],[114.10946367,22.21601924],[114.10946736,22.21381362],[114.11018584,22.21325191],[114.11210584,22.21335389],[114.11358698,22.21417634],[114.11380299,22.21484798],[114.11352121,22.22008313],[114.11471786,22.22031211],[114.11608023,22.22012898],[114.11746289,22.21956011],[114.11819173,22.21841884],[114.11894299,22.21885752],[114.11927156,22.21878606],[114.11909926,22.2185099],[114.11960626,22.21863039],[114.12042253,22.2169539],[114.12023393,22.21671543],[114.12061219,22.21574842],[114.12029362,22.21566845],[114.12047709,22.21535881],[114.12077278,22.21546236],[114.120717,22.21486167],[114.12129782,22.21432832],[114.12123929,22.21372663],[114.12054853,22.21301693],[114.121333,22.21224035],[114.12189607,22.21090676],[114.12159737,22.21014784],[114.12090881,22.2101331],[114.1208128,22.20986408],[114.12142049,22.20886161],[114.12122347,22.20812345],[114.11963492,22.20743079],[114.11970035,22.20672252],[114.1201255,22.20627759],[114.12856197,22.21478569],[114.13381438,22.21635208],[114.13576202,22.22077235],[114.13459854,22.22127527],[114.1342777,22.2211036],[114.13374185,22.22175347],[114.13304875,22.22135658],[114.13361717,22.22144904],[114.13340142,22.22089529],[114.13235723,22.22073391],[114.13254184,22.22047565],[114.13215923,22.22003998],[114.13189656,22.22012816],[114.13216902,22.21993895],[114.13166616,22.21954945],[114.13197373,22.21889046],[114.1312286,22.21867596],[114.13091159,22.21820781],[114.13069043,22.21851913],[114.13083059,22.21819589],[114.13050839,22.21788654],[114.12987356,22.2177792],[114.12953367,22.21880016],[114.1271479,22.21988181],[114.12688857,22.22043247],[114.12731301,22.22084795],[114.12690188,22.2207257],[114.12683644,22.22116349],[114.12530031,22.2225247],[114.12555459,22.22375792],[114.12639642,22.22365323],[114.12656713,22.22307013],[114.12672397,22.22310883],[114.12674392,22.2236789],[114.12606635,22.2238342],[114.12611741,22.22417528],[114.12554677,22.22468407],[114.12596912,22.22618531],[114.12363348,22.22703486],[114.12312026,22.2274794],[114.12337606,22.22778724],[114.12303628,22.22768464],[114.1217949,22.22893321],[114.12180801,22.2287254],[114.12149509,22.22884793],[114.12046697,22.22962191],[114.12039472,22.23290855],[114.12087909,22.23380642],[114.122168,22.23406199],[114.12223314,22.23490722],[114.12297412,22.2359896],[114.12304542,22.23727018],[114.12233441,22.23847472],[114.12160036,22.23900539],[114.11920437,22.23911311],[114.11885563,22.23947278],[114.11903324,22.23996355],[114.11811894,22.24118598]]]]}},{"type":"Feature","properties":{"TPU_NUMBER":"913","SPU_NUMBER":"91","PPU_NUMBER":"9"},"geometry":{"type":"MultiPolygon","coordinates":[[[[114.25092208,22.16131163],[114.24936996,22.16063758],[114.249104,22.15994056],[114.24975396,22.15980142],[114.25131188,22.16021736],[114.25135188,22.16101415],[114.25092208,22.16131163]]],[[[114.23689356,22.1756015],[114.23632803,22.17530991],[114.23739283,22.17495926],[114.23729708,22.17544106],[114.23689356,22.1756015]]],[[[114.26612431,22.18090424],[114.26417357,22.18018975],[114.26377313,22.17927998],[114.26395818,22.17795198],[114.26322675,22.1776775],[114.26319865,22.1772096],[114.26201362,22.17762225],[114.26155964,22.17733065],[114.26151836,22.17681395],[114.26019525,22.17709395],[114.25908608,22.17680934],[114.25787526,22.17619546],[114.25696671,22.17532977],[114.25662577,22.17450645],[114.25599069,22.17510439],[114.25554754,22.17483402],[114.25557259,22.17421828],[114.25478944,22.17295422],[114.25257196,22.17140592],[114.25209939,22.17054274],[114.2520044,22.16932275],[114.25081901,22.16796704],[114.25086778,22.16741471],[114.25008938,22.16647901],[114.24997142,22.16603635],[114.25044302,22.16521049],[114.25026986,22.16462972],[114.25094135,22.16393612],[114.25224924,22.16487607],[114.25315247,22.16499835],[114.25343797,22.16541332],[114.25436803,22.16469565],[114.25371193,22.16391523],[114.25368528,22.16334729],[114.25321083,22.16339856],[114.25288547,22.16333289],[114.25365912,22.163316],[114.25308692,22.16250641],[114.25274608,22.16244075],[114.25240914,22.16288634],[114.25209689,22.16278191],[114.25211232,22.16158219],[114.25280011,22.16142722],[114.25269964,22.16174228],[114.25307455,22.16185618],[114.25359229,22.16101923],[114.254309,22.1615382],[114.25500774,22.16082087],[114.25528041,22.16108614],[114.25752763,22.16070728],[114.25760693,22.16005458],[114.25839093,22.15971267],[114.25762717,22.15925555],[114.25722201,22.15818929],[114.25696244,22.15838365],[114.2567979,22.15780565],[114.25626377,22.15765678],[114.25566397,22.15667285],[114.25607847,22.15638631],[114.25500189,22.15554463],[114.25518308,22.15527629],[114.25663683,22.15590411],[114.25639213,22.15602035],[114.25731317,22.15599302],[114.25853006,22.15648833],[114.25841158,22.15667627],[114.26086141,22.15820659],[114.26145748,22.1589209],[114.26136133,22.15948456],[114.26000734,22.15990802],[114.26099838,22.16036643],[114.26287991,22.1621701],[114.2647389,22.16472089],[114.26512603,22.16410772],[114.26605523,22.16465573],[114.26634439,22.1644858],[114.2662162,22.16256549],[114.26704503,22.16225209],[114.26746398,22.16258453],[114.26802444,22.16243827],[114.26878191,22.16300601],[114.26930297,22.1620667],[114.26990991,22.16212639],[114.27003882,22.16278943],[114.27098506,22.16219635],[114.27193506,22.16261902],[114.27219253,22.16246509],[114.27202299,22.16229108],[114.27415186,22.16238901],[114.27450179,22.16283399],[114.2743659,22.16362512],[114.27370596,22.16395571],[114.27404954,22.16502368],[114.27378724,22.16590079],[114.27309801,22.16611511],[114.27300822,22.16681927],[114.27255251,22.16710362],[114.27327529,22.16748741],[114.27171367,22.16890422],[114.2717439,22.16924992],[114.27143077,22.16908745],[114.27150298,22.17064812],[114.27223474,22.1713802],[114.27277149,22.1726631],[114.27218128,22.17393445],[114.27161059,22.17402361],[114.27187095,22.17433746],[114.27155392,22.1761117],[114.27108945,22.17640003],[114.27091409,22.17698273],[114.27014107,22.17719392],[114.27014916,22.17747913],[114.26979822,22.1771613],[114.26910141,22.17820063],[114.26862261,22.17819949],[114.26886447,22.1780898],[114.26827104,22.17776132],[114.26797019,22.17883635],[114.26720738,22.1785547],[114.26687239,22.18018065],[114.26612431,22.18090424]]],[[[114.30138521,22.18234975],[114.30120491,22.18213583],[114.30124997,22.1820427],[114.30139715,22.18207283],[114.30138521,22.18234975]]],[[[114.30398974,22.18370196],[114.30322394,22.18303614],[114.30279535,22.18316727],[114.30265013,22.18307261],[114.30289904,22.18295887],[114.30218057,22.18250003],[114.30228461,22.18117129],[114.30302658,22.18095335],[114.30390399,22.18187073],[114.3037663,22.18238276],[114.30402478,22.18209306],[114.30447012,22.18254884],[114.30451532,22.18324498],[114.30398974,22.18370196]]],[[[114.30624853,22.18889195],[114.30522547,22.18812652],[114.30517974,22.1878619],[114.30556315,22.18782531],[114.30510851,22.18710449],[114.30541088,22.18660822],[114.30451182,22.18454758],[114.30490142,22.18467456],[114.30398795,22.18397646],[114.30494027,22.1834303],[114.30549733,22.18519959],[114.30615243,22.18578218],[114.30614514,22.18609688],[114.30575689,22.18617699],[114.30655143,22.18728699],[114.30643959,22.18762674],[114.3060918,22.18737365],[114.30617993,22.18800353],[114.30590792,22.18802719],[114.30631719,22.18849459],[114.30624853,22.18889195]]],[[[114.29054408,22.18994702],[114.28976289,22.18970202],[114.28947516,22.18914401],[114.28993892,22.18778061],[114.29028573,22.18796211],[114.29085114,22.18940832],[114.29060859,22.18924764],[114.29054408,22.18994702]]],[[[114.28729919,22.19010686],[114.2860492,22.18889347],[114.28604877,22.18683211],[114.2855568,22.18662588],[114.28406339,22.18723533],[114.28270079,22.18533476],[114.28355903,22.18464561],[114.2834978,22.18301334],[114.28404545,22.18270989],[114.28387176,22.1822596],[114.28429831,22.18230882],[114.28396707,22.18175801],[114.28408076,22.18135695],[114.28479232,22.18146146],[114.28786877,22.18062564],[114.28845711,22.18086579],[114.28913292,22.18174017],[114.28923103,22.18388035],[114.28886439,22.18479744],[114.28852019,22.18476081],[114.28941747,22.18594378],[114.28955232,22.18694631],[114.28934137,22.18703712],[114.28964742,22.18778251],[114.28949573,22.18847182],[114.28729919,22.19010686]]],[[[114.25368629,22.19019435],[114.25287228,22.18954962],[114.25240898,22.18972199],[114.25031212,22.18923864],[114.25018542,22.18946841],[114.24911133,22.18887173],[114.24875324,22.18906857],[114.24716575,22.18862988],[114.24438434,22.18844107],[114.24368996,22.18807972],[114.24365312,22.18754936],[114.2442327,22.18669629],[114.24402174,22.18400239],[114.2442264,22.18376529],[114.24371952,22.18315871],[114.24356822,22.18229691],[114.24388932,22.18212486],[114.24397191,22.18117184],[114.24500207,22.18098797],[114.24431613,22.17864986],[114.24507492,22.17882366],[114.24563988,22.17942752],[114.24555033,22.18156148],[114.24685671,22.18165903],[114.24870112,22.18071603],[114.25000953,22.18074085],[114.25052143,22.18034834],[114.25052629,22.17922345],[114.25449126,22.1810492],[114.25631636,22.1827382],[114.25685062,22.18551194],[114.25644596,22.18821216],[114.25601496,22.18888207],[114.25581065,22.18873711],[114.25536855,22.18975167],[114.2540676,22.18982671],[114.25368629,22.19019435]]]]}},{"type":"Feature","properties":{"TPU_NUMBER":"920","SPU_NUMBER":"92","PPU_NUMBER":"9"},"geometry":{"type":"Polygon","coordinates":[[[114.0344168,22.22337779],[114.03356504,22.22311578],[114.03176903,22.22176599],[114.03021605,22.22215643],[114.02678411,22.22161393],[114.02543035,22.21924693],[114.02546321,22.21852361],[114.02647577,22.21808643],[114.02631162,22.21640579],[114.02531509,22.21593478],[114.02532002,22.2148024],[114.02398153,22.21352759],[114.02258987,22.21414465],[114.0220822,22.21327732],[114.02295895,22.21276746],[114.02330747,22.21232736],[114.02307871,22.21196258],[114.02356597,22.21188872],[114.02362488,22.21144081],[114.02637286,22.21185422],[114.02810167,22.21042688],[114.02858207,22.20875324],[114.02802006,22.20867939],[114.02806199,22.2084067],[114.02864411,22.20848434],[114.02867975,22.20805405],[114.02824262,22.20793083],[114.0286882,22.20778124],[114.02793908,22.20714007],[114.02745084,22.20572545],[114.02343724,22.2053976],[114.02275023,22.20480973],[114.02121881,22.20145183],[114.02110386,22.20039423],[114.01994449,22.20090482],[114.01992868,22.20119565],[114.0208435,22.20126963],[114.01989262,22.20128213],[114.01963123,22.20166532],[114.01842798,22.20167399],[114.01838205,22.2014034],[114.01716218,22.20101171],[114.01713221,22.20021439],[114.01808517,22.20007463],[114.01788065,22.19997175],[114.01815999,22.19909055],[114.01888902,22.19894273],[114.01877887,22.19856707],[114.01815307,22.19868744],[114.01823548,22.19788107],[114.01927441,22.19733806],[114.02020496,22.19732248],[114.02148291,22.19785074],[114.02186222,22.19757619],[114.02204309,22.19703633],[114.02104695,22.19651188],[114.02157031,22.19574597],[114.0222883,22.19606637],[114.02263659,22.19666737],[114.02291754,22.19649653],[114.02301287,22.19681682],[114.02381772,22.19660796],[114.02418485,22.1969716],[114.02472378,22.19694073],[114.02567403,22.19784784],[114.02543491,22.1984555],[114.02631478,22.19865268],[114.02670195,22.19838673],[114.02647017,22.19903092],[114.026137,22.19905028],[114.02661437,22.19954354],[114.02753055,22.19931705],[114.02853772,22.19956478],[114.02801255,22.20056153],[114.02820788,22.20083015],[114.0283563,22.20088202],[114.02914434,22.2008333],[114.02914834,22.20128832],[114.03015163,22.20287595],[114.02996565,22.20231926],[114.03059935,22.20282678],[114.03076621,22.20234871],[114.03115412,22.20246287],[114.03220395,22.20195641],[114.03244176,22.20227396],[114.03217075,22.20312081],[114.03285327,22.20333915],[114.03316915,22.20309442],[114.0336318,22.20349476],[114.03384049,22.20345204],[114.03409683,22.20223519],[114.0347288,22.20209738],[114.03516931,22.2008369],[114.03568199,22.20024573],[114.03623059,22.20018031],[114.0367336,22.20082601],[114.0363433,22.20123501],[114.03678969,22.20196799],[114.03675718,22.20264124],[114.038445,22.20269851],[114.0391898,22.20312053],[114.03951412,22.20487772],[114.03996933,22.20531508],[114.04085601,22.20531741],[114.04121151,22.20566808],[114.03947636,22.2068841],[114.03944561,22.2081275],[114.0382597,22.20817743],[114.03825263,22.2085406],[114.03769658,22.20863892],[114.03665076,22.20822271],[114.03535193,22.20693778],[114.03368726,22.20742597],[114.03359736,22.20810418],[114.03233581,22.20795321],[114.03008901,22.21016168],[114.02912446,22.2119155],[114.02912094,22.21375444],[114.03060254,22.21559159],[114.03194472,22.21598583],[114.03304114,22.21590528],[114.03323594,22.21633776],[114.03368371,22.21644155],[114.03369872,22.2169752],[114.03587054,22.21716619],[114.03484891,22.21798846],[114.03342904,22.21751101],[114.03286943,22.21788708],[114.03249478,22.21777522],[114.03221133,22.21835871],[114.0324847,22.21916372],[114.03356265,22.21925613],[114.03444644,22.22010529],[114.03504871,22.22017915],[114.03569505,22.22143528],[114.03555548,22.22245737],[114.0344168,22.22337779]]]}},{"type":"Feature","properties":{"TPU_NUMBER":"931","SPU_NUMBER":"93","PPU_NUMBER":"9"},"geometry":{"type":"Polygon","coordinates":[[[113.98485493,22.25932671],[113.98495734,22.25950237],[113.97613278,22.26308465],[113.97044062,22.26610333],[113.96829186,22.26311829],[113.95269431,22.25719019],[113.95166162,22.25314268],[113.94308066,22.24827556],[113.9439472,22.2477745],[113.94448417,22.24700693],[113.94507945,22.24560403],[113.94483665,22.24443421],[113.94566174,22.24439944],[113.94625088,22.24232715],[113.9468248,22.24177413],[113.94721907,22.24074519],[113.94641805,22.24030295],[113.94620368,22.2391413],[113.94508433,22.23813656],[113.94524972,22.23693788],[113.94478527,22.23646457],[113.94607853,22.23562215],[113.94601133,22.23516701],[113.94640447,22.23458101],[113.94629314,22.23373449],[113.94727652,22.2343882],[113.94799876,22.23386166],[113.94819256,22.2331233],[113.9509406,22.23397175],[113.95215962,22.23401058],[113.95201715,22.23417348],[113.95292499,22.23383222],[113.95393876,22.23414469],[113.95522938,22.23406492],[113.95776055,22.23313028],[113.95698067,22.23236855],[113.95729084,22.23167356],[113.9577968,22.23201349],[113.95814574,22.23169537],[113.95891007,22.23257681],[113.96052312,22.23331116],[113.96114132,22.23305884],[113.96174604,22.23332487],[113.9624489,22.2329736],[113.96279042,22.23570342],[113.96383473,22.23581884],[113.96526174,22.23663307],[113.96705831,22.23674842],[113.96855534,22.23765102],[113.97037942,22.23940863],[113.97138193,22.23970262],[113.97179215,22.23943838],[113.9729263,22.24056411],[113.97350685,22.24054296],[113.97350537,22.24085509],[113.97357968,22.24045753],[113.97785928,22.2392121],[113.98158064,22.23722752],[113.98170287,22.23756417],[113.98093089,22.23827094],[113.97938593,22.23902179],[113.98001491,22.23973429],[113.9798802,22.24057785],[113.98015793,22.2405917],[113.98102332,22.23913183],[113.98225809,22.2388962],[113.98250696,22.23855431],[113.98159385,22.23690979],[113.98205863,22.23561954],[113.98235145,22.23575785],[113.97966523,22.23385103],[113.978755,22.23047233],[113.97762473,22.22852833],[113.97865561,22.22796801],[113.97901306,22.22813307],[113.97939721,22.22757278],[113.97980177,22.22764879],[113.98222335,22.22500694],[113.98281718,22.22496834],[113.98422931,22.22256181],[113.98373563,22.22250053],[113.98403855,22.22237549],[113.98369244,22.22154564],[113.98283985,22.22088793],[113.98257241,22.21980098],[113.98183799,22.21867893],[113.98064498,22.21839257],[113.9804852,22.21723859],[113.98110465,22.21682952],[113.98139024,22.2169981],[113.98184547,22.21631842],[113.98316158,22.2162272],[113.98373437,22.21550069],[113.98557815,22.21569022],[113.98607675,22.21548252],[113.98610482,22.21475629],[113.98694443,22.21421238],[113.98708764,22.21220276],[113.98772042,22.21253957],[113.98969961,22.21253194],[113.98985055,22.21329317],[113.99011109,22.21320693],[113.98933046,22.21380522],[113.98997246,22.21457093],[113.99167442,22.21554893],[113.99241227,22.21511307],[113.9936701,22.21518162],[113.99431796,22.21574367],[113.99441588,22.21647192],[113.99517189,22.21671796],[113.99528041,22.21744907],[113.99726441,22.21819565],[113.99950604,22.21811331],[113.99978561,22.21718383],[113.99952162,22.21671775],[113.99998747,22.21716084],[114.00033091,22.21696553],[114.0006397,22.21472632],[114.00293665,22.2152423],[114.00421815,22.21495452],[114.00443959,22.21563158],[114.00390941,22.2157041],[114.00500144,22.21692054],[114.00472926,22.21794413],[114.00492475,22.21840064],[114.00586101,22.21860242],[114.00728463,22.21949538],[114.00925373,22.2191053],[114.00955252,22.21973413],[114.01051019,22.21981253],[114.01059384,22.22079713],[114.01012058,22.22107541],[114.00994864,22.22175629],[114.01079906,22.22223599],[114.0117553,22.22334244],[114.0121368,22.22466172],[114.01227917,22.22420228],[114.0123388,22.22470782],[114.01472908,22.22448481],[114.01643686,22.22549315],[114.01737588,22.22562197],[114.01759657,22.22663187],[114.01839146,22.22764783],[114.01780065,22.22810106],[114.01778759,22.22891251],[114.01929145,22.22991078],[114.0204299,22.22987198],[114.02041245,22.23020413],[114.01962891,22.2311239],[114.01909238,22.23101048],[114.01795842,22.23162714],[114.01669281,22.23144539],[114.0165836,22.23100679],[114.01597948,22.23083926],[114.01521433,22.23137437],[114.01495906,22.23197768],[114.01391227,22.23244176],[114.01251257,22.23201841],[114.01156323,22.23238865],[114.01072324,22.23361388],[114.01069427,22.23414216],[114.01098479,22.23423582],[114.01066739,22.23550746],[114.00855902,22.2345585],[114.00819401,22.23342912],[114.00736969,22.23317872],[114.00638252,22.23346397],[114.00509389,22.23331093],[114.00342761,22.23451648],[114.00375312,22.23546978],[114.00358779,22.23626497],[114.00239163,22.23694616],[114.00213208,22.23752885],[114.00175385,22.23746514],[114.00120795,22.23847954],[114.00064611,22.23851991],[114.00024969,22.23817431],[113.99959499,22.23854983],[113.9993154,22.2392453],[114.00041973,22.23966591],[113.9994608,22.23940458],[113.99897644,22.24082244],[113.99840715,22.24066386],[113.99723555,22.23956661],[113.99614868,22.23981257],[113.99555105,22.24044875],[113.99447042,22.23947894],[113.99348255,22.23946609],[113.99326239,22.24017321],[113.99388261,22.24034632],[113.9942923,22.23969831],[113.99475916,22.23988713],[113.99382613,22.24087785],[113.99347443,22.24212003],[113.99419243,22.24306126],[113.99524681,22.24321729],[113.99622741,22.24397354],[113.99839322,22.24489992],[113.99872279,22.24536282],[113.99985321,22.24546371],[113.99944756,22.24588524],[113.99959656,22.24632005],[114.00048307,22.2470356],[114.00062857,22.24813206],[114.00123059,22.2486914],[114.00187271,22.24895293],[114.00327974,22.24844408],[114.00414656,22.24922885],[114.00437864,22.24894131],[114.00558445,22.24893574],[114.006103,22.24931707],[114.0060341,22.24990656],[114.0086412,22.25093037],[114.00999648,22.25239672],[114.01048768,22.2525227],[114.01070738,22.25203555],[114.01173635,22.25198474],[114.01220969,22.25255582],[114.01212736,22.25291601],[114.01132267,22.25327952],[114.01148637,22.25422572],[114.01106001,22.25470543],[114.00922165,22.25550526],[114.00885153,22.25578353],[114.0089991,22.25595777],[114.0082421,22.25596307],[114.00832442,22.25716334],[114.00749802,22.25762561],[114.00768801,22.25799474],[114.00745818,22.25890889],[114.0067529,22.26008415],[114.00320055,22.26172407],[114.00296626,22.2590209],[114.00011061,22.25897395],[113.9995959,22.25847107],[114.00027128,22.2579994],[114.00032714,22.25757519],[113.99845146,22.25649272],[113.99702603,22.2575882],[113.99597936,22.25908242],[113.99458705,22.25945054],[113.99256339,22.25902916],[113.99173918,22.25777353],[113.98997184,22.25717436],[113.98913828,22.2561281],[113.98763885,22.25608403],[113.98854758,22.25758361],[113.98973382,22.25833734],[113.99018852,22.25975285],[113.98996883,22.26035426],[113.98966977,22.26044987],[113.98830841,22.25914281],[113.98844153,22.25843858],[113.98779443,22.25762845],[113.98746486,22.25831327],[113.98712125,22.25771967],[113.98602008,22.25774321],[113.98579574,22.2581753],[113.98489435,22.25843386],[113.98487681,22.25884925],[113.9840669,22.25914968],[113.98485493,22.25932671]]]}},{"type":"Feature","properties":{"TPU_NUMBER":"932","SPU_NUMBER":"93","PPU_NUMBER":"9"},"geometry":{"type":"Polygon","coordinates":[[[113.9242816,22.24891462],[113.91998787,22.24892082],[113.91962767,22.24796653],[113.91755877,22.24632239],[113.91744198,22.24563046],[113.9179956,22.24436292],[113.91678031,22.2418961],[113.91727611,22.2413867],[113.91752315,22.2382615],[113.90359963,22.22289293],[113.91236083,22.20635736],[113.91266074,22.20665063],[113.91254473,22.2072351],[113.91327472,22.20748169],[113.91427742,22.20887909],[113.9144407,22.21019567],[113.91417872,22.2108304],[113.91581948,22.2115286],[113.91612909,22.21121323],[113.9172944,22.21134107],[113.91748278,22.21088512],[113.91866419,22.21024587],[113.91895699,22.20882205],[113.91939895,22.20934651],[113.9200066,22.20922003],[113.91992629,22.20824487],[113.92035486,22.20757484],[113.92182062,22.20796352],[113.92257959,22.2077367],[113.92311421,22.20712225],[113.92339135,22.20743145],[113.92332327,22.20805996],[113.92388507,22.20842112],[113.92488221,22.20859596],[113.92533062,22.2090148],[113.92675128,22.20917423],[113.92684491,22.20945299],[113.92713398,22.20923877],[113.92731333,22.20967452],[113.92773586,22.20927821],[113.92799378,22.20964174],[113.9300253,22.20970024],[113.93078124,22.2103373],[113.93031466,22.212958],[113.93115608,22.21441725],[113.93118995,22.21565736],[113.93055938,22.21676912],[113.9296451,22.21749936],[113.92897412,22.21760843],[113.92826724,22.21836883],[113.92607895,22.21888057],[113.92506705,22.2178494],[113.9246461,22.21791012],[113.92424005,22.21727107],[113.92382994,22.21742548],[113.92366993,22.21716478],[113.92302477,22.21731086],[113.92236685,22.21702856],[113.921978,22.21751058],[113.92159311,22.21731824],[113.91853448,22.21810389],[113.91728731,22.2185061],[113.91688362,22.21891853],[113.91805862,22.21836532],[113.91794301,22.21862366],[113.91812381,22.2187682],[113.91815943,22.21841398],[113.91912726,22.21805119],[113.91969092,22.21836752],[113.91912364,22.21845021],[113.91880919,22.21908039],[113.9187413,22.22134383],[113.91948765,22.22134491],[113.91980479,22.22171831],[113.91992025,22.22139143],[113.92081241,22.22175765],[113.92146646,22.22157703],[113.92298342,22.2252367],[113.92373673,22.22614381],[113.92484592,22.22655132],[113.92587002,22.22626143],[113.92719274,22.22462528],[113.92794697,22.22460054],[113.92766572,22.22403544],[113.93005917,22.22462793],[113.93080626,22.22513137],[113.93277748,22.22520166],[113.93373071,22.22584332],[113.93428348,22.22576919],[113.93411288,22.22733158],[113.93613515,22.22848134],[113.93750397,22.22891404],[113.93918511,22.22872156],[113.93986035,22.22909155],[113.93999859,22.22882832],[113.94010452,22.22968937],[113.94209223,22.2309153],[113.9452068,22.23233963],[113.94819256,22.2331233],[113.94799876,22.23386166],[113.94727652,22.2343882],[113.94621882,22.23377931],[113.94640447,22.23458101],[113.94601133,22.23516701],[113.94608835,22.23560407],[113.94478527,22.23646457],[113.94524972,22.23693788],[113.94508433,22.23813656],[113.94620368,22.2391413],[113.94641805,22.24030295],[113.94722273,22.24071709],[113.9468631,22.24171087],[113.94625088,22.24232715],[113.94566174,22.24439944],[113.94483665,22.24443421],[113.94506083,22.24569754],[113.94389355,22.24781605],[113.94308066,22.24827556],[113.9363382,22.24561969],[113.93327393,22.2487085],[113.9242816,22.24891462]]]}},{"type":"Feature","properties":{"TPU_NUMBER":"933","SPU_NUMBER":"93","PPU_NUMBER":"9"},"geometry":{"type":"Polygon","coordinates":[[[113.98762501,22.20206432],[113.98706741,22.20209123],[113.98639809,22.20115591],[113.98501267,22.20047276],[113.98478454,22.19948134],[113.98380851,22.19895793],[113.98303927,22.19783713],[113.98239438,22.1956585],[113.98230014,22.19411581],[113.98385527,22.19253231],[113.98466463,22.19264468],[113.98529637,22.1914301],[113.98659862,22.19124128],[113.98689394,22.19168164],[113.9872422,22.19144127],[113.98771822,22.19075457],[113.98749684,22.1905609],[113.9889741,22.18932898],[113.98905147,22.18886858],[113.99018321,22.18835916],[113.99086423,22.1886039],[113.99122815,22.18913914],[113.99200847,22.18929718],[113.99196489,22.18953123],[113.99390091,22.19023125],[113.99458922,22.19187011],[113.9942448,22.19288052],[113.99457029,22.19280568],[113.99497897,22.19388711],[113.99453758,22.19477234],[113.99381252,22.19516824],[113.99293685,22.19495143],[113.99273357,22.1951611],[113.99237393,22.19445277],[113.99137659,22.19496362],[113.99165272,22.19626305],[113.99145231,22.19668723],[113.99249516,22.19719324],[113.99186415,22.19854561],[113.99217985,22.19908181],[113.9907637,22.19981041],[113.99098563,22.20087492],[113.99045459,22.20151706],[113.98975387,22.20153101],[113.98936788,22.2020354],[113.98855222,22.20207695],[113.98811892,22.20174916],[113.98762501,22.20206432]]]}},{"type":"Feature","properties":{"TPU_NUMBER":"934","SPU_NUMBER":"93","PPU_NUMBER":"9"},"geometry":{"type":"MultiPolygon","coordinates":[[[[113.92236973,22.15339551],[113.92252626,22.15349328],[113.9224696,22.15366421],[113.92220053,22.15352153],[113.92236973,22.15339551]]],[[[113.92371418,22.1560068],[113.92251963,22.1558311],[113.92199417,22.15523087],[113.92206754,22.15385493],[113.92277526,22.15384531],[113.92354144,22.15482974],[113.92420583,22.15484824],[113.92388907,22.15561559],[113.92411411,22.15563956],[113.92371418,22.1560068]]],[[[113.91656048,22.16339902],[113.91596121,22.16273544],[113.91627909,22.16187012],[113.91666643,22.16180019],[113.91717547,22.16209958],[113.91728324,22.16278796],[113.91656048,22.16339902]]],[[[113.9113362,22.17013136],[113.9097171,22.16971678],[113.90918666,22.16920782],[113.90909097,22.16794076],[113.907943,22.16770453],[113.90793357,22.16723887],[113.91041015,22.1656383],[113.90974948,22.16540185],[113.90897679,22.16383479],[113.90717127,22.16406106],[113.90672662,22.16256142],[113.90596742,22.1623976],[113.90557971,22.16243366],[113.90444413,22.16362531],[113.90211997,22.16335479],[113.8994834,22.16137622],[113.89910829,22.15984882],[113.89956588,22.15886357],[113.90131214,22.15763496],[113.90237428,22.15742489],[113.90251865,22.15663798],[113.9032734,22.15612844],[113.9046765,22.15666939],[113.90556991,22.15784419],[113.90566298,22.15880703],[113.90606404,22.15908445],[113.90768111,22.15882604],[113.9095055,22.15911969],[113.91098742,22.15862691],[113.91320309,22.16020963],[113.9155192,22.15960164],[113.91560396,22.1602977],[113.91482772,22.1629306],[113.91389981,22.16328277],[113.91342959,22.16276459],[113.91274291,22.16341853],[113.91310447,22.16374668],[113.91330071,22.16652913],[113.91530649,22.16649906],[113.91529739,22.166836],[113.91575101,22.16664031],[113.91636964,22.16699744],[113.91672983,22.16686144],[113.91762048,22.16758813],[113.91728011,22.168283],[113.91579631,22.16901772],[113.91547668,22.16950035],[113.91486335,22.16964734],[113.91379264,22.16918777],[113.9113362,22.17013136]]],[[[113.90170533,22.17359129],[113.90076541,22.17226303],[113.90035684,22.17255536],[113.8994562,22.17246642],[113.89778744,22.17178852],[113.89954223,22.17092909],[113.90080696,22.17214812],[113.90122941,22.17195179],[113.90131436,22.17142992],[113.90186023,22.17131733],[113.90218929,22.1724163],[113.90307784,22.17232635],[113.90246488,22.1728],[113.9024574,22.17321934],[113.90170533,22.17359129]]],[[[113.90691368,22.17384215],[113.90660497,22.17344132],[113.90756712,22.17304552],[113.90769183,22.17358874],[113.90691368,22.17384215]]],[[[113.90506737,22.1748086],[113.904158,22.17469138],[113.90377353,22.17357319],[113.9053436,22.17276062],[113.90597057,22.17371795],[113.90506737,22.1748086]]],[[[113.92582851,22.17599445],[113.9256168,22.1764592],[113.9252604,22.1761384],[113.92547556,22.17579749],[113.92582851,22.17599445]]],[[[113.92463613,22.17722416],[113.92424941,22.17693627],[113.92476457,22.17689925],[113.92458086,22.1766083],[113.92508319,22.17630316],[113.92505048,22.17697138],[113.92463613,22.17722416]]],[[[113.91040619,22.17816764],[113.91010413,22.17840696],[113.91046138,22.1776808],[113.91102829,22.17802233],[113.91040619,22.17816764]]],[[[113.92423293,22.1803933],[113.92374092,22.18034964],[113.92349085,22.17931998],[113.92402104,22.17857781],[113.9243057,22.17866518],[113.92437427,22.17802711],[113.92482636,22.17759359],[113.9255562,22.17747618],[113.92616983,22.17796592],[113.92585259,22.17814894],[113.9262737,22.17885052],[113.92594916,22.17937944],[113.92447951,22.17975533],[113.92455276,22.18012909],[113.92423293,22.1803933]]],[[[113.90704883,22.18781055],[113.90679217,22.1880606],[113.90630284,22.18778069],[113.90622865,22.18546582],[113.90557904,22.18463741],[113.90631909,22.18288695],[113.90592322,22.18246284],[113.90605185,22.18186517],[113.90525282,22.18035084],[113.90529319,22.17933223],[113.90562968,22.17894503],[113.90602603,22.17893214],[113.90580992,22.17944257],[113.90730455,22.1790437],[113.90795236,22.17964319],[113.9086412,22.17963545],[113.90897783,22.18122234],[113.90994591,22.18204686],[113.91126566,22.18214214],[113.91239924,22.18197692],[113.91341735,22.18133457],[113.91344086,22.18009401],[113.91329162,22.17985841],[113.91292945,22.1800582],[113.91320645,22.17980111],[113.91285319,22.17944127],[113.91350884,22.17818323],[113.91514402,22.17964014],[113.91551695,22.17805858],[113.91621656,22.17748898],[113.9172356,22.17787122],[113.91636863,22.17972],[113.91738079,22.18064951],[113.91800342,22.1806733],[113.91932911,22.1797813],[113.91898328,22.17875082],[113.92099749,22.17966354],[113.92074226,22.1800509],[113.91947299,22.1797899],[113.91931677,22.18004184],[113.92023823,22.18095769],[113.92008617,22.18126337],[113.91893406,22.18211238],[113.91748009,22.18201782],[113.91578096,22.18376567],[113.91417665,22.18398386],[113.91355061,22.18301058],[113.91225539,22.18324462],[113.91143369,22.18399031],[113.91035387,22.18604792],[113.90905147,22.18670314],[113.90826381,22.18764592],[113.90704883,22.18781055]]]]}},{"type":"Feature","properties":{"TPU_NUMBER":"941","SPU_NUMBER":"94","PPU_NUMBER":"9"},"geometry":{"type":"Polygon","coordinates":[[[113.90532416,22.22480111],[113.91752315,22.2382615],[113.91727611,22.2413867],[113.91678031,22.2418961],[113.9179956,22.24436292],[113.91737007,22.24602897],[113.91962767,22.24796653],[113.92017938,22.24898578],[113.91269515,22.25858502],[113.91117314,22.26291355],[113.89932405,22.25716958],[113.89614351,22.24831674],[113.89254396,22.24287503],[113.88135633,22.23184442],[113.87246459,22.22948854],[113.86765613,22.22127398],[113.86247254,22.21844078],[113.86501116,22.21344023],[113.86636638,22.20787206],[113.86498044,22.20847022],[113.86460726,22.20947246],[113.86180697,22.2116045],[113.86147415,22.21216489],[113.86104526,22.21150425],[113.86129733,22.21045719],[113.86114261,22.20944716],[113.85948292,22.20920689],[113.86041544,22.20800311],[113.86031188,22.20769022],[113.85977546,22.20768409],[113.85944298,22.20701969],[113.85979918,22.20603097],[113.85970525,22.20521578],[113.85929547,22.20496493],[113.85819507,22.20508979],[113.85808389,22.2043976],[113.8548653,22.20443698],[113.85389239,22.20526756],[113.85280715,22.20512713],[113.85212024,22.20546779],[113.85167081,22.20637898],[113.85229263,22.20799107],[113.85010162,22.20686971],[113.84860424,22.20722848],[113.84759434,22.20831067],[113.84625415,22.20831869],[113.84655911,22.20647143],[113.84541459,22.20552122],[113.84607959,22.20525755],[113.84624297,22.20475966],[113.84764604,22.20521793],[113.8491625,22.20422355],[113.84895159,22.20265621],[113.84845113,22.20166067],[113.8470149,22.20161392],[113.84712155,22.20087991],[113.8467084,22.20061595],[113.84713551,22.1989685],[113.84608257,22.19744035],[113.84490872,22.19682778],[113.84504751,22.1957038],[113.84559357,22.19575691],[113.84616242,22.19537607],[113.84744157,22.19596566],[113.84807212,22.19554441],[113.84758703,22.19660163],[113.84804664,22.1973894],[113.84899857,22.19719405],[113.84962289,22.19754746],[113.85072021,22.19670772],[113.85204897,22.1964605],[113.85260971,22.19676742],[113.85308158,22.19765873],[113.85359129,22.19774123],[113.85404023,22.19708408],[113.85440575,22.19792061],[113.85279186,22.19907898],[113.85315782,22.20099654],[113.85421847,22.20205951],[113.85728836,22.20347396],[113.85886361,22.20363517],[113.8596662,22.20329538],[113.85995512,22.203812],[113.86140648,22.20439825],[113.86310855,22.20427171],[113.86443515,22.20357756],[113.86406239,22.20435572],[113.86408057,22.20500084],[113.86417616,22.20436],[113.86468712,22.20378915],[113.86415605,22.20199266],[113.86469079,22.20193779],[113.86477919,22.20230705],[113.86556711,22.20274806],[113.86758553,22.20261415],[113.86788166,22.20374003],[113.86867743,22.20451277],[113.86846972,22.20547566],[113.86973426,22.20645168],[113.86995396,22.20749083],[113.87141852,22.20894818],[113.87129085,22.20950888],[113.87284085,22.20997683],[113.87276492,22.21039865],[113.87382284,22.21051119],[113.87403689,22.21071637],[113.87370916,22.21079174],[113.87376194,22.21106003],[113.87403969,22.21122706],[113.87471945,22.21146889],[113.87545841,22.21125679],[113.87654547,22.21178343],[113.87782394,22.21118355],[113.87789315,22.21077309],[113.87943946,22.21089785],[113.87969442,22.21158022],[113.87922228,22.21221712],[113.87843179,22.21242371],[113.87809003,22.21440452],[113.87833117,22.21474559],[113.87911298,22.21468314],[113.87951333,22.21530597],[113.88038254,22.21555468],[113.88074906,22.21595375],[113.88078138,22.21665977],[113.88184245,22.21779749],[113.88181187,22.21842133],[113.88304267,22.21906903],[113.88297653,22.21946612],[113.88424976,22.21988514],[113.88545901,22.22084487],[113.88676586,22.22105353],[113.88824698,22.2208534],[113.88886545,22.21988504],[113.88976995,22.21978026],[113.89061115,22.22080142],[113.89138564,22.22061765],[113.89164582,22.22120837],[113.8910028,22.22249366],[113.89254988,22.22325554],[113.89413802,22.22297382],[113.89407099,22.22192118],[113.89552158,22.22201008],[113.89567642,22.22152195],[113.89417221,22.22011998],[113.89424869,22.22004978],[113.8957436,22.22154368],[113.89579139,22.22229671],[113.89821371,22.22218292],[113.89869047,22.22010078],[113.89716402,22.21901372],[113.89690439,22.21830229],[113.89834292,22.21673613],[113.89814978,22.21541252],[113.89859194,22.21517831],[113.898779,22.21444946],[113.89955834,22.21441421],[113.90014217,22.21346261],[113.90066735,22.2138948],[113.90144973,22.21378859],[113.90143905,22.21344002],[113.90205565,22.21318742],[113.90216918,22.21276764],[113.90319414,22.21240427],[113.90336226,22.21192765],[113.90294817,22.21157708],[113.90355677,22.21098387],[113.9047046,22.21145305],[113.90536624,22.21079447],[113.90604714,22.2106424],[113.90682182,22.20971407],[113.90699824,22.20887273],[113.90810862,22.20833934],[113.9087158,22.20738688],[113.90924213,22.20761938],[113.91236083,22.20635736],[113.90359963,22.22289293],[113.90532416,22.22480111]]]}},{"type":"Feature","properties":{"TPU_NUMBER":"942","SPU_NUMBER":"94","PPU_NUMBER":"9"},"geometry":{"type":"MultiPolygon","coordinates":[[[[113.83562409,22.21771923],[113.83527545,22.21767954],[113.83503157,22.2169851],[113.83609167,22.21564992],[113.83602693,22.2152973],[113.83627335,22.2154405],[113.83688701,22.21488787],[113.83733266,22.21515678],[113.83772776,22.21501051],[113.8384001,22.21638909],[113.83844567,22.21719954],[113.83747344,22.21719401],[113.83684996,22.21769879],[113.83562409,22.21771923]]],[[[113.88569585,22.25481727],[113.86647622,22.26149011],[113.86604629,22.26081889],[113.87090525,22.25589925],[113.87148561,22.25479008],[113.87082576,22.25501154],[113.87023573,22.25478635],[113.87042304,22.25404612],[113.86983195,22.25221748],[113.87024061,22.24970106],[113.87198537,22.24856951],[113.87129752,22.24796388],[113.87237762,22.24611841],[113.87083196,22.2454456],[113.87008878,22.24563993],[113.87081479,22.24460212],[113.87048253,22.24347584],[113.86986966,22.24312832],[113.86944111,22.24352582],[113.86969883,22.24472125],[113.8691956,22.24525715],[113.86824966,22.24437612],[113.86653233,22.24448903],[113.86542192,22.24382465],[113.86442609,22.24423054],[113.86272811,22.24377346],[113.86174787,22.24270743],[113.85950857,22.24484022],[113.8587646,22.24509298],[113.857543,22.24481552],[113.85736968,22.24526592],[113.8536924,22.24452992],[113.85140781,22.24335547],[113.85094848,22.24249666],[113.8508981,22.24159739],[113.85125682,22.24031884],[113.85241557,22.23863854],[113.85230792,22.23746398],[113.85270232,22.23546489],[113.85233888,22.23545479],[113.85277301,22.23520668],[113.8525254,22.23320213],[113.85273455,22.23308607],[113.85245135,22.23290621],[113.85194526,22.23290513],[113.85189417,22.23286676],[113.85240804,22.23289528],[113.85189418,22.23245074],[113.85211555,22.2321714],[113.85152092,22.23219002],[113.85162213,22.23173772],[113.85103356,22.23078817],[113.85035364,22.23053482],[113.84908431,22.2306471],[113.84870555,22.22962757],[113.84856226,22.23301915],[113.84596661,22.23540954],[113.84540674,22.2355134],[113.84461394,22.23495228],[113.8428543,22.23520518],[113.84233681,22.2344959],[113.84173585,22.23428036],[113.84140238,22.23320161],[113.8415502,22.23226685],[113.84115808,22.23179601],[113.8405373,22.22892823],[113.83991528,22.22862111],[113.83965418,22.22832653],[113.83981314,22.22801816],[113.83916161,22.22763429],[113.83937625,22.22700107],[113.84011289,22.22672595],[113.8402905,22.22580033],[113.8399121,22.22471217],[113.84014529,22.2237988],[113.83973403,22.22321039],[113.8399691,22.22278124],[113.8397493,22.22042558],[113.84016828,22.21960831],[113.83987683,22.21888416],[113.84041959,22.21811658],[113.84154055,22.21783669],[113.84316899,22.21677881],[113.84401137,22.21543556],[113.84327688,22.21211397],[113.84183557,22.21200745],[113.84162319,22.21036418],[113.84208412,22.20990649],[113.84198557,22.20824301],[113.84330729,22.20691725],[113.84412631,22.20674509],[113.84427683,22.20598093],[113.84489661,22.20555751],[113.84540251,22.20562237],[113.84646374,22.2063036],[113.8461518,22.20802273],[113.84646543,22.20842636],[113.84759434,22.20831067],[113.84860424,22.20722848],[113.85010162,22.20686971],[113.85229263,22.20799107],[113.85167081,22.20637898],[113.85212024,22.20546779],[113.85280715,22.20512713],[113.85389239,22.20526756],[113.8548653,22.20443698],[113.85808389,22.2043976],[113.85819507,22.20508979],[113.85929547,22.20496493],[113.85970525,22.20521578],[113.85979918,22.20603097],[113.85944298,22.20701969],[113.85977546,22.20768409],[113.86031188,22.20769022],[113.86041544,22.20800311],[113.85948292,22.20920689],[113.86114261,22.20944716],[113.86129733,22.21045719],[113.86104526,22.21150425],[113.86145839,22.21216429],[113.86460726,22.20947246],[113.86498044,22.20847022],[113.86636638,22.20787206],[113.86501116,22.21344023],[113.86247254,22.21844078],[113.86765613,22.22127398],[113.87246459,22.22948854],[113.88135633,22.23184442],[113.89254396,22.24287503],[113.89614351,22.24831674],[113.88569585,22.25481727]]]]}},{"type":"Feature","properties":{"TPU_NUMBER":"943","SPU_NUMBER":"94","PPU_NUMBER":"9"},"geometry":{"type":"Polygon","coordinates":[[[113.90403821,22.29372059],[113.90391439,22.29377732],[113.90408799,22.29175917],[113.90281471,22.2908313],[113.90256316,22.29027195],[113.90274814,22.2899509],[113.90177653,22.28951765],[113.90190178,22.28918587],[113.90119118,22.28919181],[113.90150392,22.28925],[113.89986138,22.29007303],[113.89975292,22.29086269],[113.90019894,22.29118978],[113.89974306,22.29103334],[113.89982886,22.29152804],[113.89918049,22.29160741],[113.89810392,22.29086197],[113.89713031,22.29127621],[113.89693105,22.29189983],[113.89626419,22.29140035],[113.89647035,22.28992232],[113.8949924,22.28893603],[113.8941743,22.28769611],[113.89469876,22.28717157],[113.89449766,22.28568005],[113.89380526,22.28476362],[113.89433009,22.28356751],[113.89418674,22.28275507],[113.89380504,22.28292487],[113.89376715,22.28285257],[113.89422378,22.28264297],[113.8940527,22.28225271],[113.89189836,22.28026103],[113.89107685,22.27989939],[113.89070884,22.28004343],[113.88896561,22.27882727],[113.88644612,22.27800458],[113.88552718,22.27487287],[113.88611537,22.27355102],[113.88759021,22.27249036],[113.88799078,22.27167251],[113.88754376,22.27044429],[113.88766477,22.26920488],[113.88722308,22.26896061],[113.8875254,22.26861957],[113.88647717,22.26870296],[113.8857239,22.26944653],[113.88449938,22.26983563],[113.88390186,22.2707073],[113.88430038,22.27193995],[113.88348613,22.27269248],[113.882756,22.27270636],[113.88137407,22.27122049],[113.87986542,22.27030114],[113.87836861,22.27016584],[113.87696589,22.26931771],[113.87453432,22.26857671],[113.87231966,22.26901901],[113.87135543,22.26875251],[113.87023465,22.26791835],[113.86953964,22.26688299],[113.86950259,22.265607],[113.86839835,22.26424812],[113.86781952,22.26293795],[113.86647622,22.26149011],[113.88518983,22.2551572],[113.89614351,22.24831674],[113.89932405,22.25716958],[113.91117314,22.26291355],[113.91052024,22.26794733],[113.91088934,22.26947277],[113.91191811,22.27116325],[113.91555902,22.27490744],[113.916447,22.27648264],[113.91701973,22.27687259],[113.9166179,22.27731205],[113.91679051,22.27760402],[113.91787045,22.27833208],[113.91838499,22.27958344],[113.91950245,22.28066887],[113.92070876,22.28156408],[113.92518118,22.28329283],[113.92622953,22.28431103],[113.92453914,22.28594315],[113.92452131,22.28696504],[113.9248577,22.28760436],[113.92457368,22.28888347],[113.92529005,22.2891444],[113.92527476,22.28917744],[113.92458263,22.28891715],[113.92405626,22.28960109],[113.9242248,22.29004924],[113.92374166,22.29051015],[113.92300157,22.29059616],[113.92186319,22.29138003],[113.91947283,22.29089721],[113.91815342,22.29235147],[113.91787994,22.29218964],[113.91602163,22.29277104],[113.91444078,22.29273169],[113.91334373,22.29196487],[113.91238258,22.29208594],[113.91219786,22.29140587],[113.91147982,22.29110484],[113.91117075,22.29045357],[113.90956669,22.28988476],[113.90864612,22.29055861],[113.90845952,22.29209993],[113.90782457,22.29206547],[113.90718178,22.29258906],[113.90675178,22.29244064],[113.90629459,22.2927195],[113.90585207,22.29236641],[113.90515684,22.29271012],[113.90490819,22.29335255],[113.9041889,22.29293472],[113.90403821,22.29372059]]]}},{"type":"Feature","properties":{"TPU_NUMBER":"944","SPU_NUMBER":"94","PPU_NUMBER":"9"},"geometry":{"type":"MultiPolygon","coordinates":[[[[113.8581106,22.24850659],[113.85851331,22.24895066],[113.85790301,22.25221866],[113.85742865,22.2524937],[113.85709563,22.25205779],[113.8577048,22.24879301],[113.8581106,22.24850659]]],[[[113.86016679,22.26132301],[113.85924683,22.26087246],[113.85816722,22.26079935],[113.85605102,22.25959105],[113.85548784,22.25962191],[113.85435842,22.2579615],[113.85208479,22.25669006],[113.85165554,22.25596284],[113.85200719,22.25486304],[113.85258711,22.25439829],[113.8530719,22.25330217],[113.85287589,22.25237485],[113.85325512,22.25285122],[113.85462788,22.25309978],[113.85515664,22.25281781],[113.85515241,22.25317966],[113.85707889,22.2541863],[113.85705004,22.25443276],[113.85646625,22.25447269],[113.85711772,22.25559611],[113.85918452,22.25450556],[113.86097271,22.25473157],[113.86107541,22.2542495],[113.8614301,22.25426406],[113.86175663,22.25299591],[113.86042446,22.25218823],[113.86134264,22.24717101],[113.86200671,22.24727741],[113.86199114,22.24691678],[113.86135562,22.24677413],[113.86091983,22.24613258],[113.85995246,22.2457096],[113.85872581,22.24528499],[113.85736968,22.24526592],[113.85752879,22.24482141],[113.8587646,22.24509298],[113.85950857,22.24484022],[113.86174787,22.24270743],[113.86272811,22.24377346],[113.86442609,22.24423054],[113.86542192,22.24382465],[113.86653233,22.24448903],[113.86824966,22.24437612],[113.8691956,22.24525715],[113.86969883,22.24472125],[113.86940377,22.24359503],[113.8700556,22.24312867],[113.87085287,22.24418657],[113.87008878,22.24563993],[113.87083196,22.2454456],[113.87237762,22.24611841],[113.87129752,22.24796388],[113.87198537,22.24856951],[113.87024061,22.24970106],[113.86983195,22.25221748],[113.87042304,22.25404612],[113.87023573,22.25478635],[113.87082576,22.25501154],[113.87148561,22.25479008],[113.87138725,22.25503621],[113.87090525,22.25589925],[113.86604629,22.26081889],[113.86497932,22.25899346],[113.86299551,22.25851917],[113.86224085,22.25774777],[113.86258401,22.25890371],[113.86321599,22.25948378],[113.86216918,22.25994103],[113.86252162,22.2608125],[113.86236498,22.26117507],[113.86179955,22.26070972],[113.86016679,22.26132301]]]]}},{"type":"Feature","properties":{"TPU_NUMBER":"950","SPU_NUMBER":"95","PPU_NUMBER":"9"},"geometry":{"type":"MultiPolygon","coordinates":[[[[113.93278244,22.28158253],[113.93273278,22.28172507],[113.93254043,22.2816347],[113.93262886,22.28153245],[113.93278244,22.28158253]]],[[[113.93534968,22.28501871],[113.93433199,22.28407657],[113.9344173,22.28379627],[113.9337825,22.28379161],[113.93300146,22.28282076],[113.9340061,22.27946719],[113.93380719,22.27927463],[113.93336232,22.28014517],[113.93295422,22.27979617],[113.93281872,22.27997597],[113.93300395,22.28084006],[113.93260094,22.2814583],[113.93036262,22.28072449],[113.92983465,22.27992443],[113.92940473,22.27991681],[113.92922107,22.2803895],[113.92891456,22.28010058],[113.92854893,22.28022334],[113.92839024,22.2798305],[113.92779338,22.27998372],[113.92726139,22.28328931],[113.92622953,22.28431103],[113.92518118,22.28329283],[113.92025034,22.28129665],[113.91838499,22.27958344],[113.91787045,22.27833208],[113.91679051,22.27760402],[113.9166179,22.27731205],[113.91701973,22.27687259],[113.916447,22.27648264],[113.91555902,22.27490744],[113.91148728,22.27054769],[113.91060302,22.26858691],[113.91049062,22.26720151],[113.91117314,22.26291355],[113.91269515,22.25858502],[113.92017938,22.24898578],[113.93327393,22.2487085],[113.9363382,22.24561969],[113.94303686,22.24825008],[113.95166162,22.25314268],[113.95269431,22.25719019],[113.96829186,22.26311829],[113.97044062,22.26610333],[113.96929509,22.27425347],[113.95897794,22.28254908],[113.96154011,22.28964586],[113.95810031,22.29430474],[113.96063365,22.29429017],[113.96085353,22.29497253],[113.9625115,22.29504593],[113.96412353,22.29584257],[113.96477473,22.29570367],[113.96671774,22.29627049],[113.9669239,22.29780081],[113.9660753,22.29798377],[113.97069076,22.29889822],[113.97631198,22.3011222],[113.97963117,22.30182526],[113.97975912,22.30273795],[113.97931217,22.30242432],[113.97855838,22.30379129],[113.97808069,22.30383191],[113.97814462,22.30488581],[113.97756102,22.30457468],[113.97626311,22.30473026],[113.97509649,22.30389392],[113.97431831,22.30269523],[113.9719196,22.30130309],[113.96999828,22.30039889],[113.96695597,22.2995599],[113.96616546,22.30180519],[113.96471712,22.30363338],[113.9594982,22.30683089],[113.95848141,22.30689723],[113.95654251,22.30517888],[113.9576752,22.3060681],[113.95841937,22.3052496],[113.95819138,22.3044808],[113.95689145,22.30395846],[113.95535033,22.30407049],[113.94978679,22.29865834],[113.94649936,22.29665281],[113.94392261,22.29427309],[113.94052,22.29386604],[113.94025032,22.29453555],[113.94037261,22.29384791],[113.93652919,22.2904637],[113.9363196,22.28846342],[113.93503027,22.28730592],[113.93460192,22.28627111],[113.93409352,22.28632351],[113.9347385,22.28612979],[113.93449238,22.28591949],[113.93433484,22.28529557],[113.93454221,22.28593766],[113.93488206,22.28595569],[113.93527223,22.28526391],[113.93552514,22.28530393],[113.93559519,22.28522106],[113.93534968,22.28501871]]]]}},{"type":"Feature","properties":{"TPU_NUMBER":"951","SPU_NUMBER":"95","PPU_NUMBER":"9"},"geometry":{"type":"MultiPolygon","coordinates":[[[[113.9358951,22.32068606],[113.93552921,22.32092767],[113.93452259,22.32350839],[113.93352473,22.32384918],[113.893274,22.31087703],[113.89258748,22.30995779],[113.89272625,22.30889815],[113.89342054,22.30827832],[113.89615357,22.30736625],[113.8969377,22.30538668],[113.89679145,22.30482229],[113.8970095,22.30424295],[113.89736266,22.30435937],[113.89817495,22.30196746],[113.89796842,22.3012103],[113.89407194,22.29615518],[113.89418706,22.29470686],[113.89555004,22.29375756],[113.89896644,22.29372416],[113.90275886,22.29473222],[113.9062207,22.29521027],[113.91635917,22.29533692],[113.93256572,22.29038423],[113.93360834,22.29043646],[113.9383979,22.29478927],[113.93763784,22.2961996],[113.93755045,22.29705483],[113.93842707,22.29975067],[113.94028907,22.30175203],[113.94086058,22.30294312],[113.94086872,22.304481],[113.93983451,22.30672932],[113.93960213,22.30828557],[113.93996471,22.30987071],[113.9411408,22.31155899],[113.94249746,22.31243056],[113.94810018,22.31368802],[113.9510696,22.31293222],[113.95428462,22.31123491],[113.95772604,22.31031371],[113.95843425,22.310653],[113.95939413,22.31158528],[113.96157222,22.3184818],[113.96203821,22.32290731],[113.96152349,22.32334741],[113.9608543,22.32313385],[113.96059404,22.32088305],[113.95957668,22.32019385],[113.95120752,22.3224813],[113.95019265,22.32237127],[113.94949441,22.32164133],[113.94728793,22.3150928],[113.94633959,22.3144701],[113.94322862,22.31388524],[113.94234541,22.31419358],[113.94364859,22.31597332],[113.94421438,22.31856943],[113.94497198,22.3184189],[113.94423385,22.31865936],[113.94470759,22.31923164],[113.94455399,22.31941179],[113.94513765,22.31980853],[113.94481294,22.320339],[113.94597334,22.32038986],[113.94605887,22.31963879],[113.94575528,22.31946019],[113.94608698,22.3194283],[113.94610432,22.32042252],[113.94571211,22.32094801],[113.94595553,22.32255309],[113.94680073,22.3224575],[113.94684511,22.32158056],[113.94687347,22.32271382],[113.94570932,22.32290084],[113.94566194,22.32333203],[113.94473521,22.32378965],[113.9436723,22.32255009],[113.93939541,22.32177078],[113.9358951,22.32068606]]],[[[113.97876287,22.32745179],[113.9784465,22.32702184],[113.97911549,22.32647915],[113.97934489,22.32670968],[113.97876287,22.32745179]]],[[[113.96813757,22.33161168],[113.96655658,22.332419],[113.96618661,22.33315789],[113.96631476,22.33387317],[113.9657396,22.33389104],[113.96513624,22.33289576],[113.96490811,22.33049277],[113.9652234,22.32936235],[113.96659498,22.32865049],[113.96714979,22.3288431],[113.96917664,22.33130994],[113.96888799,22.3316324],[113.96813757,22.33161168]]],[[[113.98343585,22.34028],[113.98327581,22.34050347],[113.98231801,22.34033762],[113.98247972,22.34012043],[113.98118987,22.3381552],[113.98028376,22.33515082],[113.98057926,22.33389504],[113.98104401,22.33404379],[113.98276978,22.33662117],[113.98358559,22.33861075],[113.98343585,22.34028]]]]}},{"type":"Feature","properties":{"TPU_NUMBER":"961","SPU_NUMBER":"96","PPU_NUMBER":"9"},"geometry":{"type":"Polygon","coordinates":[[[113.99567467,22.30794533],[113.99370933,22.30814176],[113.99322608,22.30805689],[113.99308499,22.3075866],[113.99235569,22.30775624],[113.99134509,22.30607757],[113.99086425,22.3066029],[113.98888706,22.30621946],[113.98744236,22.30671473],[113.98673109,22.30544192],[113.98518098,22.30484239],[113.98441819,22.30383285],[113.9831654,22.30327025],[113.98295313,22.3022663],[113.9817501,22.30197707],[113.98136947,22.30143621],[113.97965291,22.30182957],[113.97631198,22.3011222],[113.97126759,22.2990644],[113.9660753,22.29798377],[113.9669239,22.29780081],[113.96671774,22.29627049],[113.96477473,22.29570367],[113.96412353,22.29584257],[113.9625115,22.29504593],[113.96085353,22.29497253],[113.96063365,22.29429017],[113.95810031,22.29430474],[113.96154011,22.28964586],[113.95897794,22.28254908],[113.96929509,22.27425347],[113.97044062,22.26610333],[113.97613278,22.26308465],[113.98512589,22.25939195],[113.98585409,22.25974326],[113.98649991,22.26090356],[113.98648984,22.26151716],[113.98687177,22.26182804],[113.98635989,22.26219195],[113.98694414,22.26304938],[113.98674698,22.26365228],[113.98742833,22.26389376],[113.98745349,22.26427617],[113.98657423,22.26429809],[113.98573311,22.26374584],[113.98416992,22.26343148],[113.98260961,22.26421489],[113.98302652,22.26522177],[113.98407947,22.26563462],[113.98463568,22.26645436],[113.98299112,22.267602],[113.98335996,22.26909868],[113.98197831,22.26928621],[113.98199481,22.26974624],[113.98163034,22.26954207],[113.98141429,22.26985902],[113.98271059,22.27061134],[113.98255793,22.27218935],[113.9843844,22.27253799],[113.98575836,22.27327421],[113.98539421,22.27359225],[113.98464894,22.27347014],[113.98498878,22.27408119],[113.98637172,22.27477599],[113.9867124,22.27549388],[113.98731637,22.27553946],[113.98783943,22.27637665],[113.9884163,22.27663042],[113.98842771,22.27585588],[113.98907764,22.27654857],[113.98964791,22.27658484],[113.99071696,22.27734461],[113.99213148,22.27736005],[113.99256957,22.2770947],[113.99270188,22.27618796],[113.99318215,22.27623591],[113.99334435,22.27712253],[113.99435616,22.27843763],[113.99408196,22.27891048],[113.99439706,22.27946926],[113.99435666,22.28053057],[113.99515237,22.28136215],[113.99499098,22.2817856],[113.99541712,22.28293685],[113.99606837,22.28349619],[113.99297496,22.28379403],[113.9915792,22.2844295],[113.99206317,22.28528617],[113.99635411,22.28720024],[113.99542525,22.29146535],[113.99656695,22.29448512],[113.99644029,22.29876325],[113.99722578,22.29937683],[113.99705779,22.30075605],[113.99584494,22.30235594],[113.99615285,22.30387486],[113.99678223,22.30445026],[113.99721302,22.30573824],[113.99567467,22.30794533]]]}},{"type":"Feature","properties":{"TPU_NUMBER":"962","SPU_NUMBER":"96","PPU_NUMBER":"9"},"geometry":{"type":"MultiPolygon","coordinates":[[[[114.0240357,22.26955821],[114.02339185,22.26909826],[114.02335814,22.26873522],[114.02402957,22.26907076],[114.0240357,22.26955821]]],[[[113.99621711,22.2834835],[113.99541712,22.28293685],[113.99499098,22.2817856],[113.99515237,22.28136215],[113.99435666,22.28053057],[113.99439706,22.27946926],[113.99408196,22.27891048],[113.9943599,22.27844955],[113.99334435,22.27712253],[113.99318215,22.27623591],[113.99270188,22.27618796],[113.99256957,22.2770947],[113.99215845,22.27735914],[113.99071696,22.27734461],[113.98964791,22.27658484],[113.98907764,22.27654857],[113.98842771,22.27585588],[113.9884163,22.27663042],[113.98812969,22.27655892],[113.98731637,22.27553946],[113.98667141,22.27546143],[113.98637172,22.27477599],[113.98498878,22.27408119],[113.98464894,22.27347014],[113.98539421,22.27359225],[113.98575836,22.27327421],[113.9843844,22.27253799],[113.98255793,22.27218935],[113.98271059,22.27061134],[113.98141429,22.26985902],[113.98163034,22.26954207],[113.98199481,22.26974624],[113.98197831,22.26928621],[113.98335996,22.26909868],[113.98299112,22.267602],[113.98463568,22.26645436],[113.98407947,22.26563462],[113.98302652,22.26522177],[113.98260961,22.26421489],[113.98416992,22.26343148],[113.98573311,22.26374584],[113.98657423,22.26429809],[113.98728971,22.26440489],[113.98751471,22.26405168],[113.98674698,22.26365228],[113.98694414,22.26304938],[113.98635989,22.26219195],[113.98687177,22.26182804],[113.98648984,22.26151716],[113.98652441,22.26095853],[113.98585409,22.25974326],[113.98408639,22.25909948],[113.98487681,22.25884925],[113.98489435,22.25843386],[113.98579574,22.2581753],[113.98602008,22.25774321],[113.98712125,22.25771967],[113.98746486,22.25831327],[113.98779443,22.25762845],[113.98844153,22.25843858],[113.98830841,22.25914281],[113.98966977,22.26044987],[113.99000348,22.26028319],[113.99018852,22.25975285],[113.98973382,22.25833734],[113.98854758,22.25758361],[113.98763885,22.25608403],[113.98913828,22.2561281],[113.98997184,22.25717436],[113.99173918,22.25777353],[113.99256339,22.25902916],[113.99458705,22.25945054],[113.99597936,22.25908242],[113.99702603,22.2575882],[113.99853853,22.25650417],[114.00032714,22.25757519],[114.00027128,22.2579994],[113.9995959,22.25847107],[114.00011061,22.25897395],[114.00296626,22.2590209],[114.00320055,22.26172407],[114.00471262,22.26091882],[114.00548629,22.26074963],[114.00622817,22.26033728],[114.00628747,22.2604019],[114.00647343,22.26087719],[114.00621315,22.26110046],[114.00360895,22.26232555],[114.00131919,22.26236621],[114.00132963,22.26274477],[114.00242288,22.262877],[114.00197483,22.26488129],[114.00270392,22.26506515],[114.0019152,22.26516537],[114.00195001,22.26581072],[114.00146619,22.26562193],[113.99882104,22.26672239],[113.99581991,22.2655902],[113.99496046,22.26563291],[113.99835128,22.26687437],[113.99834537,22.26779022],[113.99929273,22.27035278],[114.00028235,22.27148251],[114.00110326,22.27204086],[114.00130261,22.27188141],[114.00116508,22.27206959],[114.00180426,22.27245058],[114.00369832,22.27235987],[114.00393772,22.27196052],[114.00369113,22.27162982],[114.00529842,22.27116368],[114.00579798,22.27013548],[114.0070059,22.26954297],[114.00703641,22.26927615],[114.00742198,22.26946956],[114.00910167,22.26885066],[114.00995859,22.26894227],[114.01059133,22.26791737],[114.01026962,22.26693644],[114.01352731,22.26603318],[114.0139715,22.26529982],[114.01804013,22.26551051],[114.01966783,22.26645087],[114.02063164,22.26633017],[114.02101385,22.26583197],[114.02185437,22.26608658],[114.02351374,22.26586313],[114.02350753,22.26631365],[114.02318329,22.26642692],[114.02206584,22.26623711],[114.0218214,22.26651821],[114.02214852,22.26654037],[114.02242544,22.26666118],[114.0224711,22.26672379],[114.02180313,22.2665335],[114.02150842,22.26730293],[114.02157211,22.26802074],[114.02212167,22.2684539],[114.02268676,22.26833221],[114.02250109,22.26851638],[114.02295616,22.26884104],[114.02180243,22.27027495],[114.02222993,22.2708186],[114.02225542,22.2737817],[114.0226616,22.27480664],[114.02171712,22.27543542],[114.02162226,22.27637447],[114.02201773,22.27676132],[114.02201432,22.27755619],[114.02237021,22.27812031],[114.0236734,22.2782323],[114.02400066,22.27875428],[114.02305089,22.27948335],[114.02204291,22.28097256],[114.02162049,22.28079571],[114.02171871,22.2791031],[114.01308655,22.27863353],[114.01131784,22.28009053],[114.01133618,22.28194141],[114.01026332,22.28221002],[114.00922234,22.2817372],[114.00686484,22.2819265],[114.00591071,22.28242278],[114.00511162,22.282031],[114.00478752,22.28279072],[114.00113565,22.28247748],[113.99971489,22.28344838],[113.99621711,22.2834835]]]]}},{"type":"Feature","properties":{"TPU_NUMBER":"963","SPU_NUMBER":"96","PPU_NUMBER":"9"},"geometry":{"type":"MultiPolygon","coordinates":[[[[114.03308182,22.25878882],[114.03152759,22.25789222],[114.02939418,22.25874711],[114.0281306,22.25866271],[114.02794858,22.25831961],[114.02834359,22.25796119],[114.02772087,22.25796351],[114.02770877,22.25784545],[114.0282348,22.25789978],[114.02827041,22.25703951],[114.02772712,22.2565881],[114.02709824,22.25653497],[114.02678505,22.25687161],[114.02646217,22.2565829],[114.02654988,22.25580376],[114.02708735,22.2556342],[114.02716878,22.25492655],[114.02795931,22.25399689],[114.02889935,22.25393317],[114.02908878,22.25430857],[114.02933338,22.25403048],[114.0296823,22.25422329],[114.03058056,22.25391995],[114.03252455,22.25444453],[114.03292321,22.25382065],[114.03259342,22.25375894],[114.03292243,22.25363461],[114.03269658,22.25343934],[114.03385786,22.25299208],[114.03386815,22.25212009],[114.03513998,22.25032612],[114.03502856,22.24934612],[114.03560745,22.24931095],[114.03542885,22.24982094],[114.03585396,22.25019258],[114.03673611,22.25029758],[114.0383648,22.24967671],[114.03891864,22.24907035],[114.03892597,22.24863129],[114.03818088,22.24789358],[114.03872729,22.24687852],[114.03954953,22.24634938],[114.0395769,22.24585046],[114.03993856,22.24577382],[114.04013487,22.24472507],[114.03854163,22.24416172],[114.03841806,22.24370575],[114.03882757,22.2436137],[114.04008374,22.24425427],[114.04051293,22.24305249],[114.04100535,22.24266426],[114.04241597,22.2422417],[114.04339022,22.2411361],[114.04472181,22.24120715],[114.04515778,22.24233414],[114.04622645,22.24356187],[114.04616239,22.24490071],[114.04668866,22.24508191],[114.04730526,22.24616132],[114.04573854,22.24817837],[114.04555534,22.24910494],[114.04397289,22.25041554],[114.04448667,22.25251895],[114.04534269,22.25379887],[114.04525449,22.25477752],[114.04552103,22.25509647],[114.04494687,22.25692034],[114.0438799,22.2571757],[114.04187818,22.25845414],[114.03930305,22.25776741],[114.03762649,22.25836532],[114.03653804,22.25824536],[114.03308182,22.25878882]]],[[[114.05481404,22.26496896],[114.05255868,22.26474539],[114.05151019,22.2640934],[114.0500603,22.26407217],[114.04906529,22.2628997],[114.04711291,22.26182383],[114.0475233,22.26043444],[114.04672315,22.25932179],[114.04710212,22.25837067],[114.04854951,22.25797572],[114.04877588,22.25726001],[114.05055097,22.25713295],[114.0522384,22.25865028],[114.05364313,22.2589315],[114.05447954,22.26001594],[114.05498875,22.26022496],[114.05502364,22.26083472],[114.05545015,22.26132156],[114.05532154,22.26200169],[114.05624254,22.26225383],[114.05648738,22.26281261],[114.05586439,22.26320609],[114.05600869,22.26371863],[114.05552562,22.26377638],[114.05524865,22.2646925],[114.05481404,22.26496896]]]]}},{"type":"Feature","properties":{"TPU_NUMBER":"971","SPU_NUMBER":"97","PPU_NUMBER":"9"},"geometry":{"type":"Polygon","coordinates":[[[114.03052102,22.31450248],[114.02957347,22.31533295],[114.02876064,22.3168188],[114.02876015,22.31792003],[114.02673724,22.31997329],[114.02553896,22.31951237],[114.02464976,22.31853284],[114.0264844,22.31456334],[114.02558484,22.31399849],[114.02612211,22.31336635],[114.02626611,22.31253404],[114.0249077,22.31163374],[114.02301117,22.31216472],[114.02179412,22.3128628],[114.02086458,22.31236245],[114.02014819,22.3131942],[114.01919939,22.31369273],[114.01784014,22.31359152],[114.01723134,22.31415697],[114.01605361,22.31290174],[114.01611081,22.31223318],[114.01534721,22.31208886],[114.015309,22.31166797],[114.01329328,22.31115036],[114.01252663,22.3125783],[114.01136373,22.31335299],[114.00963012,22.31353435],[114.0079461,22.3144603],[114.00685167,22.31420658],[114.00635899,22.31312826],[114.00702166,22.31043118],[114.00674065,22.30861423],[114.0047831,22.30623029],[114.00273248,22.30438711],[114.00145361,22.30382759],[114.00012751,22.30149121],[113.99941374,22.30115657],[114.00019246,22.29962491],[113.9981717,22.29884652],[113.99644029,22.29876325],[113.99656695,22.29448512],[113.99542275,22.29140052],[113.99616103,22.28901586],[113.99635411,22.28720024],[113.99206317,22.28528617],[113.99162908,22.28431537],[113.99432451,22.28364442],[113.99971489,22.28344838],[114.00113565,22.28247748],[114.00478752,22.28279072],[114.00511162,22.282031],[114.00591071,22.28242278],[114.00686484,22.2819265],[114.00922234,22.2817372],[114.01026332,22.28221002],[114.01133618,22.28194141],[114.01131784,22.28009053],[114.01308655,22.27863353],[114.02171871,22.2791031],[114.02166762,22.28090349],[114.02314669,22.28197485],[114.02260427,22.28176259],[114.02236792,22.28227149],[114.02255625,22.28310027],[114.02310868,22.28371752],[114.02302948,22.28444264],[114.02245173,22.2848696],[114.02098952,22.28464949],[114.0194041,22.28615735],[114.01887012,22.28801341],[114.01898618,22.28932465],[114.01984108,22.29067156],[114.02118846,22.2906287],[114.01993774,22.29142436],[114.0194047,22.29135717],[114.01914309,22.29293505],[114.01995577,22.29312924],[114.01938824,22.29325469],[114.02019964,22.29417147],[114.02378636,22.29152265],[114.02724091,22.29093355],[114.02780785,22.29174656],[114.02625336,22.29391503],[114.02623994,22.29462966],[114.02551496,22.29517598],[114.02587212,22.29724362],[114.02538119,22.29786542],[114.02472531,22.29794399],[114.02457794,22.2991326],[114.02378661,22.29889135],[114.02268994,22.29732097],[114.02153523,22.29697089],[114.02095362,22.29754255],[114.02149141,22.29693514],[114.02099881,22.29649439],[114.02041674,22.29706653],[114.02095381,22.29645988],[114.01999094,22.29570074],[114.01923043,22.29619167],[114.01779342,22.29587851],[114.01768898,22.29621459],[114.01825901,22.29629496],[114.01768358,22.29623203],[114.01754458,22.29668114],[114.01816268,22.296844],[114.01794255,22.29702609],[114.01612315,22.29663806],[114.0154059,22.29860794],[114.01568391,22.30033615],[114.01743877,22.30030463],[114.019981,22.3013169],[114.02073435,22.30127856],[114.02028647,22.30179021],[114.01989097,22.30155202],[114.01925881,22.30187698],[114.01917621,22.30232206],[114.01994658,22.30280872],[114.01804131,22.30291844],[114.01590602,22.30381054],[114.01558514,22.30615851],[114.01593831,22.30634415],[114.01640403,22.3058379],[114.01750673,22.30624543],[114.01749057,22.30651127],[114.01689111,22.30647974],[114.01687478,22.30675016],[114.01743786,22.30699526],[114.01723237,22.30984738],[114.01813331,22.31058055],[114.02008626,22.31020966],[114.02161211,22.31049758],[114.02299988,22.31006408],[114.02532566,22.30996924],[114.02665942,22.31064214],[114.02867058,22.31269552],[114.0296414,22.31297876],[114.03206183,22.31159783],[114.03236326,22.3108254],[114.03352879,22.31234151],[114.03337295,22.31441055],[114.03282561,22.31436774],[114.03245221,22.31507027],[114.03052102,22.31450248]]]}},{"type":"Feature","properties":{"TPU_NUMBER":"972","SPU_NUMBER":"97","PPU_NUMBER":"9"},"geometry":{"type":"Polygon","coordinates":[[[113.99721485,22.31993547],[113.99611989,22.31872178],[113.99698519,22.31814581],[113.99719774,22.31732572],[113.99521422,22.31476924],[113.99229573,22.31236144],[113.99100749,22.3116891],[113.98644297,22.31114115],[113.97962406,22.30718966],[113.97779381,22.30463579],[113.97814462,22.30488581],[113.97805211,22.30387814],[113.97855838,22.30379129],[113.97931217,22.30242432],[113.97975912,22.30273795],[113.97966341,22.30171245],[113.98136947,22.30143621],[113.9817501,22.30197707],[113.98280708,22.30216728],[113.9831654,22.30327025],[113.98441819,22.30383285],[113.98518098,22.30484239],[113.98671594,22.30542931],[113.98740492,22.30670003],[113.98888706,22.30621946],[113.99086425,22.3066029],[113.99134509,22.30607757],[113.99235569,22.30775624],[113.99308499,22.3075866],[113.9932995,22.3080949],[113.99516028,22.30817109],[113.99585399,22.30778278],[113.99638319,22.30659051],[113.99720873,22.30580294],[113.99678223,22.30445026],[113.99615285,22.30387486],[113.99584494,22.30235594],[113.9971075,22.30062141],[113.99722578,22.29937683],[113.99644029,22.29876325],[113.9981717,22.29884652],[114.00019246,22.29962491],[113.99941374,22.30115657],[114.00012751,22.30149121],[114.00145361,22.30382759],[114.00273248,22.30438711],[114.0047831,22.30623029],[114.00682052,22.3087568],[114.00701405,22.31050819],[114.0063596,22.31302042],[114.00660939,22.31393645],[114.00166075,22.31404069],[114.0007897,22.31596253],[114.0012777,22.31795682],[113.99846451,22.31989899],[113.99721485,22.31993547]]]}},{"type":"Feature","properties":{"TPU_NUMBER":"973","SPU_NUMBER":"97","PPU_NUMBER":"9"},"geometry":{"type":"MultiPolygon","coordinates":[[[[114.07898904,22.28687981],[114.07606771,22.28600595],[114.07459233,22.2849638],[114.07389859,22.28411068],[114.0743588,22.28267418],[114.0748246,22.28254235],[114.07453143,22.28213986],[114.07670732,22.28251139],[114.07662838,22.28222656],[114.07691131,22.28210547],[114.07704387,22.28239984],[114.07722737,22.28196069],[114.0774154,22.28243658],[114.07838613,22.28210804],[114.07954791,22.28240856],[114.07982294,22.28338091],[114.07894297,22.28408045],[114.07886254,22.28479299],[114.0797314,22.28527415],[114.07942048,22.28570315],[114.0798754,22.28625239],[114.07969115,22.28681615],[114.07898904,22.28687981]]],[[[114.05859032,22.28963685],[114.05805443,22.28914219],[114.05717882,22.28932881],[114.05695138,22.28907927],[114.05722215,22.28908297],[114.05702069,22.28880094],[114.05803345,22.28863712],[114.05812701,22.28833456],[114.05757686,22.28788606],[114.05793127,22.28805113],[114.05874519,22.28768628],[114.06030662,22.2885622],[114.06066693,22.28847147],[114.05981697,22.28940319],[114.05859032,22.28963685]]],[[[114.05051063,22.32710748],[114.04092981,22.33054513],[114.03781729,22.33113979],[114.03585727,22.33094606],[114.03216034,22.32826129],[114.0314524,22.32719472],[114.03046601,22.32674648],[114.03006265,22.32579539],[114.03003973,22.32399359],[114.02907386,22.3222926],[114.02756135,22.32137903],[114.02411147,22.32052011],[114.02248972,22.31933527],[114.01993722,22.31664145],[114.01804767,22.31649276],[114.0148493,22.3182123],[114.0136872,22.3183241],[114.0125506,22.31785132],[114.00788085,22.31447125],[114.00963012,22.31353435],[114.01087806,22.31354388],[114.0116252,22.31320623],[114.01252663,22.3125783],[114.01329328,22.31115036],[114.015309,22.31166797],[114.01534721,22.31208886],[114.01611081,22.31223318],[114.01605361,22.31290174],[114.01723134,22.31415697],[114.01784014,22.31359152],[114.01919939,22.31369273],[114.02014819,22.3131942],[114.02086458,22.31236245],[114.02179412,22.3128628],[114.02301117,22.31216472],[114.0249077,22.31163374],[114.02626611,22.31253404],[114.02612211,22.31336635],[114.02558484,22.31399849],[114.0264844,22.31456334],[114.02464976,22.31853284],[114.02553896,22.31951237],[114.02680502,22.31996254],[114.02876015,22.31792003],[114.02876064,22.3168188],[114.03016297,22.31480184],[114.03095034,22.31446958],[114.03245221,22.31507027],[114.03282561,22.31436774],[114.03337295,22.31441055],[114.03352879,22.31234151],[114.03236326,22.3108254],[114.03422668,22.30807193],[114.0369891,22.30646655],[114.03935294,22.30589266],[114.04166519,22.30601734],[114.04561313,22.30729469],[114.04523664,22.30709524],[114.04523827,22.30635329],[114.04546673,22.30690252],[114.04592758,22.30690381],[114.04619421,22.30577553],[114.04620513,22.3070998],[114.04577949,22.30729685],[114.04780791,22.30715571],[114.05535855,22.31088038],[114.05546804,22.31259689],[114.05511362,22.31508171],[114.05339194,22.31921664],[114.05297629,22.31954823],[114.05407722,22.3215928],[114.05500085,22.32134608],[114.05553558,22.32029292],[114.05600174,22.32025747],[114.05628933,22.32057286],[114.05608024,22.32072003],[114.05637508,22.32076191],[114.05591432,22.32176796],[114.05543577,22.32191978],[114.05518343,22.32249445],[114.05443493,22.3226485],[114.05393338,22.32363137],[114.05419394,22.3246808],[114.0549904,22.32500932],[114.05463037,22.32532953],[114.0548898,22.32552972],[114.05051063,22.32710748]]]]}},{"type":"Feature","properties":{"TPU_NUMBER":"974","SPU_NUMBER":"97","PPU_NUMBER":"9"},"geometry":{"type":"MultiPolygon","coordinates":[[[[114.02234478,22.33634495],[114.02209264,22.33607166],[114.02254622,22.33518972],[114.02336467,22.33481126],[114.02377815,22.33331354],[114.0244534,22.33321576],[114.02409775,22.3337651],[114.02425687,22.33469279],[114.02376667,22.33515795],[114.02384284,22.33571122],[114.02234478,22.33634495]]],[[[114.04585489,22.34746464],[114.0454971,22.3475127],[114.04441493,22.34666963],[114.0445842,22.34601347],[114.04416249,22.34522376],[114.04468095,22.3433928],[114.04363875,22.34291177],[114.04341731,22.34355846],[114.04338891,22.34292136],[114.04302815,22.34342251],[114.04328581,22.34278926],[114.04206151,22.34235859],[114.04171488,22.34093384],[114.04006171,22.3412348],[114.04000911,22.34060109],[114.03933376,22.34051671],[114.03956044,22.34019282],[114.03917161,22.33970776],[114.03889007,22.3399042],[114.03836513,22.33887851],[114.03319475,22.33602035],[114.03153359,22.33659248],[114.03045223,22.33626696],[114.02739835,22.33286451],[114.02761957,22.33204158],[114.02728531,22.3307192],[114.02369201,22.32699373],[114.02132426,22.32590559],[114.02066933,22.32589593],[114.02083943,22.32611964],[114.02056715,22.32658835],[114.02180562,22.32751033],[114.02224223,22.32848956],[114.02283594,22.32886344],[114.02244,22.32932854],[114.02278682,22.32978327],[114.02294033,22.33116609],[114.02398056,22.33162099],[114.02408147,22.33199499],[114.02439096,22.33181335],[114.02408471,22.33201691],[114.02434486,22.33232796],[114.0238897,22.33273899],[114.02311854,22.33208653],[114.02247409,22.33236792],[114.02190442,22.33200074],[114.02093736,22.33214308],[114.0200032,22.33363988],[114.01862235,22.33208159],[114.01852796,22.3312314],[114.01792123,22.33022484],[114.01705511,22.3294128],[114.01588948,22.32900253],[114.01408511,22.32903978],[114.01120898,22.32797268],[114.01103856,22.327633],[114.01148638,22.32668889],[114.01113762,22.32669865],[114.01166086,22.32586903],[114.01144391,22.32544956],[114.00843618,22.32490312],[114.00795281,22.32396857],[114.00334299,22.32205665],[114.00300882,22.32151382],[114.00188533,22.32095942],[114.00039601,22.32065692],[113.9996079,22.32094551],[113.99892163,22.32064271],[113.99846451,22.31989899],[113.99861267,22.31966338],[114.0012777,22.31795682],[114.0007897,22.31596253],[114.00166075,22.31404069],[114.00660939,22.31393645],[114.00788085,22.31447125],[114.0125506,22.31785132],[114.0136872,22.3183241],[114.0148493,22.3182123],[114.01804767,22.31649276],[114.01993722,22.31664145],[114.02248972,22.31933527],[114.02411147,22.32052011],[114.02756135,22.32137903],[114.02907386,22.3222926],[114.03003973,22.32399359],[114.03006265,22.32579539],[114.03046601,22.32674648],[114.0314524,22.32719472],[114.03216034,22.32826129],[114.03585727,22.33094606],[114.03781729,22.33113979],[114.04092981,22.33054513],[114.05477645,22.32578307],[114.0549327,22.32698334],[114.05535542,22.32710597],[114.05531041,22.32759463],[114.05577245,22.32782625],[114.05554073,22.32798796],[114.05568461,22.32840511],[114.0566665,22.32892756],[114.05647414,22.32921095],[114.05730568,22.3294482],[114.05672104,22.33049095],[114.05572713,22.33016213],[114.05531425,22.33055461],[114.05520312,22.33093931],[114.05563001,22.33135732],[114.05529755,22.3317783],[114.05566077,22.33254872],[114.05547656,22.33270371],[114.0560012,22.33314392],[114.05493839,22.33366911],[114.05481368,22.33422492],[114.05511017,22.33411665],[114.05485145,22.33422665],[114.05528667,22.3345585],[114.05587097,22.33426717],[114.05603672,22.3349119],[114.05734064,22.33523395],[114.05759244,22.33558947],[114.05801403,22.33534167],[114.05821884,22.33566083],[114.05755024,22.33566348],[114.05725224,22.3362073],[114.05737873,22.33741314],[114.05625949,22.33835364],[114.05558552,22.33992803],[114.05580908,22.34061772],[114.05371874,22.34223499],[114.0542305,22.34266142],[114.0538945,22.34343188],[114.05313852,22.34360692],[114.052808,22.3433488],[114.05171002,22.34389479],[114.05147633,22.34424539],[114.05187954,22.34487414],[114.05109737,22.34512066],[114.04983026,22.34618321],[114.04775776,22.34639094],[114.04619269,22.34701416],[114.04585489,22.34746464]]]]}},{"type":"Feature","properties":{"TPU_NUMBER":"975","SPU_NUMBER":"97","PPU_NUMBER":"9"},"geometry":{"type":"MultiPolygon","coordinates":[[[[114.06238657,22.34132209],[114.0621258,22.34117194],[114.06239496,22.34100672],[114.06210041,22.34112709],[114.06143619,22.34067555],[114.06181491,22.34050897],[114.0617803,22.34016141],[114.06216472,22.34016098],[114.06209798,22.33930559],[114.06352008,22.33919057],[114.06387018,22.34001726],[114.06308332,22.34017009],[114.06238657,22.34132209]]],[[[114.06773461,22.34852895],[114.06828134,22.34878919],[114.06840844,22.34935119],[114.06813216,22.34990969],[114.06739592,22.35034035],[114.06692544,22.34941722],[114.06719307,22.34872705],[114.06773461,22.34852895]]],[[[114.06474089,22.3559199],[114.06451361,22.35571792],[114.06442033,22.35591218],[114.06376659,22.35575212],[114.06381928,22.35552174],[114.06218688,22.35464407],[114.060958,22.35500021],[114.06057418,22.35566616],[114.06006201,22.35589261],[114.05999201,22.3556679],[114.0569626,22.35553266],[114.05648701,22.35534567],[114.05621795,22.35474309],[114.05621151,22.35397997],[114.05683476,22.35382902],[114.05719413,22.35341652],[114.0571291,22.35296875],[114.05766631,22.35269415],[114.05688654,22.35120457],[114.05728478,22.35107302],[114.05634005,22.35003709],[114.05526044,22.3499616],[114.05399461,22.34865985],[114.05545558,22.34823347],[114.05539322,22.34781083],[114.05551455,22.34826888],[114.05593728,22.34814147],[114.05569144,22.3483482],[114.05597039,22.34854124],[114.05685738,22.34813272],[114.05718513,22.34747232],[114.05655052,22.34701024],[114.05685661,22.34660529],[114.05655361,22.34623926],[114.05688827,22.34581734],[114.05685043,22.34494642],[114.05841725,22.34422835],[114.05929459,22.34290105],[114.05916207,22.34266385],[114.06058212,22.3427487],[114.06092743,22.3423924],[114.06070834,22.34291255],[114.06091938,22.34328657],[114.06270084,22.34361726],[114.06322729,22.34420182],[114.06445807,22.34424258],[114.06471948,22.34447099],[114.06427726,22.34490677],[114.06622788,22.34561796],[114.06600532,22.34642992],[114.06508498,22.34634371],[114.06448756,22.34882859],[114.06419597,22.3490281],[114.06231358,22.34862097],[114.06252356,22.34884564],[114.06192396,22.348936],[114.06174565,22.34941314],[114.06187825,22.3514341],[114.06299219,22.35188465],[114.06326751,22.35237897],[114.06401969,22.35234607],[114.06500122,22.35294836],[114.06489966,22.35320792],[114.06347644,22.35280694],[114.06326021,22.35310535],[114.06353602,22.35392796],[114.06458686,22.35429588],[114.06468893,22.35474909],[114.0652331,22.35511404],[114.06474089,22.3559199]]]]}},{"type":"Feature","properties":{"TPU_NUMBER":"976","SPU_NUMBER":"97","PPU_NUMBER":"9"},"geometry":{"type":"MultiPolygon","coordinates":[[[[114.04878238,22.28376145],[114.04843192,22.28353285],[114.04857049,22.28330422],[114.04912517,22.2835876],[114.04878238,22.28376145]]],[[[114.03341973,22.29005842],[114.03299016,22.29042089],[114.03304223,22.29000948],[114.03213407,22.28965571],[114.03173823,22.28906631],[114.03256657,22.28870644],[114.03347555,22.28896704],[114.03368057,22.28850599],[114.03374339,22.28968499],[114.0342663,22.29027985],[114.03341973,22.29005842]]],[[[114.04349047,22.29217121],[114.04285773,22.29183033],[114.04224362,22.29215308],[114.0419334,22.29173504],[114.04107719,22.29178101],[114.0393341,22.2908184],[114.03765398,22.29091674],[114.03668841,22.29019307],[114.03631489,22.29040291],[114.03519692,22.28928811],[114.03693346,22.28439429],[114.03763305,22.28484294],[114.03813849,22.28434235],[114.03775125,22.28409666],[114.03818792,22.28428478],[114.0383063,22.28396321],[114.03738064,22.28248],[114.0377394,22.28137776],[114.03835922,22.28088741],[114.03947509,22.28089939],[114.04096155,22.28015302],[114.04096963,22.27983086],[114.04257152,22.28032864],[114.04409247,22.28011488],[114.0446289,22.28034738],[114.04492736,22.28095989],[114.04573977,22.28100139],[114.04748699,22.28394045],[114.04711669,22.28465775],[114.04593909,22.28486429],[114.04587515,22.28534636],[114.0462227,22.28565482],[114.04592966,22.28685467],[114.04416021,22.28704914],[114.04287937,22.28661253],[114.04215483,22.28579008],[114.04219802,22.28482846],[114.04169376,22.28466354],[114.04061489,22.28498463],[114.03974647,22.28614747],[114.03966068,22.28677245],[114.04041116,22.28784393],[114.0412295,22.28770954],[114.04159139,22.28826146],[114.04187714,22.28818963],[114.04199945,22.28883744],[114.04462572,22.28978186],[114.04496094,22.29068386],[114.04586058,22.29097278],[114.04450992,22.29115964],[114.04439164,22.29143223],[114.04476826,22.29166296],[114.04456064,22.29189179],[114.04392501,22.29182265],[114.04349047,22.29217121]]]]}}]}